pc_time_s,teensy_time_us,ax,ay,az,gx,gy,gz,load_raw
0.014462947845458984,1136110659,3.152,-9.094,1.492,0.000,0.000,0.000,-223388
0.014593839645385742,1136118092,3.191,-9.098,1.492,0.000,0.000,0.000,-222684
0.014684915542602539,1136122312,3.191,-9.098,1.492,0.000,0.000,0.000,-222586
0.014784097671508789,1136125533,3.191,-9.098,1.492,0.000,0.000,0.000,-222651
0.01487112045288086,1136130966,3.191,-9.098,1.492,0.000,0.000,0.000,-222189
0.014964103698730469,1136135186,3.191,-9.098,1.492,0.000,0.000,0.000,-222439
0.015050172805786133,1136142620,3.152,-9.094,1.492,0.000,0.000,0.000,-222911
0.01514291763305664,1136145840,3.152,-9.094,1.492,0.000,0.000,0.000,-222652
0.015228033065795898,1136151272,3.191,-9.098,1.492,0.000,0.000,0.000,-222787
0.015311956405639648,1136158706,3.227,-9.094,1.527,0.000,0.000,0.000,-221920
0.015404939651489258,1136161927,3.227,-9.094,1.527,0.000,0.000,0.000,-222257
0.01548910140991211,1136165147,3.227,-9.094,1.527,0.000,0.000,0.000,-223034
0.015583038330078125,1136171565,3.191,-9.098,1.527,0.000,0.000,0.000,-222692
0.015666961669921875,1136178998,3.191,-9.098,1.492,0.000,0.000,0.000,-223905
0.015759944915771484,1136182219,3.191,-9.098,1.492,0.000,0.000,0.000,-222153
0.015843868255615234,1136185440,3.191,-9.098,1.492,0.000,0.000,0.000,-222667
0.015927791595458984,1136190874,3.191,-9.098,1.492,0.000,0.000,0.000,-223109
0.016021013259887695,1136195094,3.191,-9.098,1.492,0.000,0.000,0.000,-222718
0.016108036041259766,1136201528,3.191,-9.098,1.492,0.000,0.000,0.000,-222850
0.016204118728637695,1136206960,3.152,-9.094,1.492,0.000,0.000,0.000,-222589
0.016288042068481445,1136210180,3.152,-9.094,1.492,0.000,0.000,0.000,-223087
0.01637887954711914,1136218613,3.152,-9.059,1.492,0.000,0.000,0.000,-222037
0.0164639949798584,1136220834,3.152,-9.059,1.492,0.000,0.000,0.000,-221904
0.01654791831970215,1136226268,3.191,-9.098,1.453,0.000,0.000,0.000,-223163
0.016640186309814453,1136230489,3.191,-9.098,1.453,0.000,0.000,0.000,-222249
0.016724109649658203,1136236921,3.191,-9.098,1.492,0.000,0.000,0.000,-222952
0.016815900802612305,1136240141,3.191,-9.098,1.492,0.000,0.000,0.000,-222516
0.016899824142456055,1136246574,3.152,-9.094,1.492,0.000,0.000,0.000,-222277
0.01699209213256836,1136250794,3.152,-9.094,1.492,0.000,0.000,0.000,-222486
0.017076969146728516,1136255014,3.191,-9.137,1.492,0.000,0.000,0.000,-222808
0.017164230346679688,1136261446,3.191,-9.137,1.492,0.000,0.000,0.000,-222636
0.017256975173950195,1136267880,3.191,-9.098,1.527,0.000,0.000,0.000,-222295
0.017341136932373047,1136271101,3.152,-9.094,1.492,0.000,0.000,0.000,-222824
0.01745009422302246,1136277533,3.152,-9.094,1.492,0.000,0.000,0.000,-222898
0.017536163330078125,1136280753,3.152,-9.094,1.492,0.000,0.000,0.000,-222460
0.01762700080871582,1136288187,3.191,-9.098,1.492,0.000,0.000,0.000,-222468
0.017713069915771484,1136291407,3.191,-9.098,1.492,0.000,0.000,0.000,-222463
0.01779794692993164,1136295628,3.191,-9.098,1.492,0.000,0.000,0.000,-223002
0.017889976501464844,1136303060,3.191,-9.098,1.527,0.000,0.000,0.000,-222106
0.017974138259887695,1136306280,3.191,-9.098,1.527,0.000,0.000,0.000,-222467
0.01806807518005371,1136313712,3.191,-9.137,1.492,0.000,0.000,0.000,-223683
0.01815199851989746,1136316933,3.191,-9.137,1.492,0.000,0.000,0.000,-222402
0.01824808120727539,1136320154,3.191,-9.137,1.492,0.000,0.000,0.000,-222056
0.018341064453125,1136326588,3.191,-9.137,1.527,0.000,0.000,0.000,-222354
0.01842498779296875,1136330809,3.191,-9.137,1.527,0.000,0.000,0.000,-223195
0.01851820945739746,1136335029,3.191,-9.137,1.527,0.000,0.000,0.000,-222337
0.01860213279724121,1136340463,3.191,-9.137,1.527,0.000,0.000,0.000,-222522
0.01869511604309082,1136347897,3.191,-9.137,1.492,0.000,0.000,0.000,-222914
0.01877903938293457,1136351117,3.191,-9.137,1.492,0.000,0.000,0.000,-222372
0.01886296272277832,1136357550,3.191,-9.137,1.492,0.000,0.000,0.000,-222317
0.018952131271362305,1136361771,3.191,-9.137,1.492,0.000,0.000,0.000,-222054
0.019039154052734375,1136368203,3.191,-9.137,1.527,0.000,0.000,0.000,-222786
0.019134044647216797,1136372423,3.191,-9.137,1.527,0.000,0.000,0.000,-222658
0.019217967987060547,1136375643,3.191,-9.137,1.527,0.000,0.000,0.000,-222463
0.01930999755859375,1136383075,3.152,-9.094,1.492,0.000,0.000,0.000,-222488
0.0193939208984375,1136386295,3.152,-9.094,1.492,0.000,0.000,0.000,-222344
0.019479036331176758,1136392728,3.152,-9.094,1.492,0.000,0.000,0.000,-222686
0.019574880599975586,1136395948,3.152,-9.094,1.492,0.000,0.000,0.000,-222738
0.019660234451293945,1136400168,3.191,-9.137,1.492,0.000,0.000,0.000,-222406
0.0197598934173584,1136406600,3.191,-9.137,1.492,0.000,0.000,0.000,-221986
0.019845008850097656,1136414032,3.191,-9.098,1.453,0.000,0.000,0.000,-223059
0.019932985305786133,1136417252,3.191,-9.098,1.453,0.000,0.000,0.000,-222894
0.02001810073852539,1136420473,3.191,-9.098,1.453,0.000,0.000,0.000,-222670
0.020102977752685547,1136425906,3.191,-9.098,1.492,0.000,0.000,0.000,-222409
0.020190000534057617,1136430126,3.191,-9.098,1.492,0.000,0.000,0.000,-222862
0.020275115966796875,1136436559,3.152,-9.094,1.453,0.000,0.000,0.000,-222483
0.02036309242248535,1136440780,3.152,-9.094,1.453,0.000,0.000,0.000,-222146
0.0204470157623291,1136446213,3.227,-9.059,1.527,0.000,0.000,0.000,-222580
0.02053689956665039,1136450433,3.227,-9.059,1.527,0.000,0.000,0.000,-221570
0.02062082290649414,1136457866,3.191,-9.098,1.492,0.000,0.000,0.000,-222785
0.020705223083496094,1136461086,3.191,-9.098,1.492,0.000,0.000,0.000,-222093
0.020801067352294922,1136466519,3.191,-9.137,1.492,0.000,0.000,0.000,-222774
0.02088618278503418,1136470739,3.191,-9.137,1.492,0.000,0.000,0.000,-222503
0.020977020263671875,1136477171,3.191,-9.137,1.453,0.000,0.000,0.000,-222096
0.02105879783630371,1136480391,3.191,-9.137,1.453,0.000,0.000,0.000,-222619
0.021151065826416016,1136485823,3.191,-9.098,1.453,0.000,0.000,0.000,-223261
0.02123713493347168,1136490044,3.191,-9.098,1.453,0.000,0.000,0.000,-222024
0.021318912506103516,1136496477,3.191,-9.055,1.492,0.000,0.000,0.000,-223346
0.021409988403320312,1136501910,3.191,-9.098,1.492,0.000,0.000,0.000,-221865
0.02149200439453125,1136505131,3.191,-9.098,1.492,0.000,0.000,0.000,-222648
0.021582841873168945,1136512565,3.191,-9.055,1.527,0.000,0.000,0.000,-222709
0.02167201042175293,1136516785,3.191,-9.055,1.527,0.000,0.000,0.000,-222345
0.021759033203125,1136520006,3.191,-9.055,1.527,0.000,0.000,0.000,-222746
0.021845102310180664,1136526438,3.152,-9.094,1.527,0.000,0.000,0.000,-222662
0.021928071975708008,1136533870,3.152,-9.059,1.492,0.000,0.000,0.000,-221930
0.02201700210571289,1136537090,3.152,-9.059,1.492,0.000,0.000,0.000,-222840
0.022099018096923828,1136540311,3.152,-9.059,1.492,0.000,0.000,0.000,-221298
0.022188901901245117,1136546743,3.152,-9.094,1.492,0.000,0.000,0.000,-222217
0.022271156311035156,1136550964,3.152,-9.094,1.492,0.000,0.000,0.000,-223568
0.022359848022460938,1136555184,3.152,-9.094,1.492,0.000,0.000,0.000,-222466
0.02244400978088379,1136560617,3.191,-9.098,1.492,0.000,0.000,0.000,-222991
0.022526025772094727,1136568050,3.191,-9.098,1.527,0.000,0.000,0.000,-222255
0.022616863250732422,1136571270,3.191,-9.098,1.527,0.000,0.000,0.000,-221799
0.02269911766052246,1136577702,3.191,-9.098,1.492,0.000,0.000,0.000,-222872
0.022789955139160156,1136581923,3.191,-9.098,1.492,0.000,0.000,0.000,-223263
0.022871971130371094,1136585144,3.191,-9.098,1.492,0.000,0.000,0.000,-221871
0.022964000701904297,1136591577,3.191,-9.098,1.492,0.000,0.000,0.000,-223308
0.023052215576171875,1136597009,3.191,-9.098,1.492,0.000,0.000,0.000,-222736
0.02313399314880371,1136600229,3.191,-9.098,1.492,0.000,0.000,0.000,-222930
0.023224830627441406,1136606661,3.191,-9.137,1.527,0.000,0.000,0.000,-222325
0.02330803871154785,1136613094,3.191,-9.098,1.527,0.000,0.000,0.000,-223187
0.02339792251586914,1136615314,3.191,-9.098,1.527,0.000,0.000,0.000,-223533
0.023480892181396484,1136623747,3.191,-9.098,1.453,0.000,0.000,0.000,-222462
0.023567914962768555,1136626968,3.191,-9.098,1.453,0.000,0.000,0.000,-222942
0.02370595932006836,1136630188,3.191,-9.098,1.453,0.000,0.000,0.000,-222369
0.023849964141845703,1136636621,3.191,-9.137,1.453,0.000,0.000,0.000,-223036
0.02394700050354004,1136642053,3.191,-9.137,1.492,0.000,0.000,0.000,-222593
0.024033069610595703,1136645273,3.191,-9.137,1.492,0.000,0.000,0.000,-222928
0.024120807647705078,1136651707,3.191,-9.055,1.492,0.000,0.000,0.000,-223092
0.024205923080444336,1136659139,3.191,-9.098,1.492,0.000,0.000,0.000,-222650
0.024289846420288086,1136662359,3.191,-9.098,1.492,0.000,0.000,0.000,-222635
0.024379968643188477,1136665580,3.191,-9.098,1.492,0.000,0.000,0.000,-222064
0.024463891983032227,1136671013,3.152,-9.094,1.492,0.000,0.000,0.000,-221997
0.024550914764404297,1136678446,3.191,-9.098,1.492,0.000,0.000,0.000,-222768
0.02463507652282715,1136681666,3.191,-9.098,1.492,0.000,0.000,0.000,-222554
0.024726152420043945,1136687099,3.152,-9.094,1.492,0.000,0.000,0.000,-222544
0.024810075759887695,1136691319,3.152,-9.094,1.492,0.000,0.000,0.000,-222616
0.02489614486694336,1136698751,3.227,-9.133,1.492,0.000,0.000,0.000,-223137
0.02497696876525879,1136701971,3.227,-9.133,1.492,0.000,0.000,0.000,-222243
0.025057077407836914,1136705191,3.227,-9.133,1.492,0.000,0.000,0.000,-222716
0.025146007537841797,1136711624,3.227,-9.094,1.527,0.000,0.000,0.000,-223126
0.025226116180419922,1136719057,3.191,-9.098,1.492,0.000,0.000,0.000,-222410
0.025314807891845703,1136721277,3.191,-9.098,1.492,0.000,0.000,0.000,-222657
0.025394916534423828,1136725497,3.191,-9.098,1.453,0.000,0.000,0.000,-222211
0.025484800338745117,1136731930,3.191,-9.098,1.453,0.000,0.000,0.000,-222806
0.02557086944580078,1136735150,3.191,-9.098,1.453,0.000,0.000,0.000,-222335
0.025650978088378906,1136740583,3.152,-9.059,1.453,0.000,0.000,0.000,-222980
0.025740861892700195,1136748015,3.191,-9.137,1.527,0.000,0.000,0.000,-222203
0.02582097053527832,1136751235,3.191,-9.137,1.527,0.000,0.000,0.000,-223133
0.025903940200805664,1136755455,3.191,-9.137,1.527,0.000,0.000,0.000,-222698
0.0259859561920166,1136761888,3.152,-9.059,1.527,0.000,0.000,0.000,-222385
0.0260770320892334,1136766108,3.152,-9.059,1.527,0.000,0.000,0.000,-222058
0.026166200637817383,1136772541,3.152,-9.094,1.527,0.000,0.000,0.000,-222548
0.026246070861816406,1136776761,3.152,-9.094,1.527,0.000,0.000,0.000,-222947
0.026329994201660156,1136780982,3.191,-9.098,1.453,0.000,0.000,0.000,-222471
0.02641010284423828,1136787416,3.191,-9.098,1.453,0.000,0.000,0.000,-222122
0.026498794555664062,1136790636,3.191,-9.098,1.453,0.000,0.000,0.000,-223111
0.02657914161682129,1136797069,3.191,-9.098,1.492,0.000,0.000,0.000,-222975
0.02666187286376953,1136801289,3.191,-9.098,1.492,0.000,0.000,0.000,-223189
0.02675008773803711,1136806723,3.191,-9.055,1.527,0.000,0.000,0.000,-221762
0.026833057403564453,1136810944,3.191,-9.055,1.527,0.000,0.000,0.000,-222370
0.02691793441772461,1136815165,3.191,-9.055,1.527,0.000,0.000,0.000,-222699
0.02699875831604004,1136822597,3.191,-9.098,1.453,0.000,0.000,0.000,-222862
0.0270841121673584,1136826817,3.191,-9.098,1.453,0.000,0.000,0.000,-221876
0.027166128158569336,1136830037,3.191,-9.098,1.453,0.000,0.000,0.000,-222465
0.027247905731201172,1136835469,3.152,-9.059,1.453,0.000,0.000,0.000,-222831
0.027340173721313477,1136842903,3.191,-9.098,1.492,0.000,0.000,0.000,-223136
0.02742314338684082,1136846124,3.191,-9.098,1.492,0.000,0.000,0.000,-222661
0.02751016616821289,1136851556,3.191,-9.098,1.492,0.000,0.000,0.000,-223006
0.027590036392211914,1136855776,3.191,-9.098,1.492,0.000,0.000,0.000,-222685
0.027677059173583984,1136863208,3.191,-9.098,1.492,0.000,0.000,0.000,-222576
0.027766942977905273,1136866414,3.191,-9.098,1.492,0.000,0.000,0.000,-222576
0.027851104736328125,1136870634,3.191,-9.098,1.492,0.000,0.000,0.000,-221967
0.027933120727539062,1136876067,3.191,-9.098,1.492,0.000,0.000,0.000,-222782
0.028013944625854492,1136880287,3.191,-9.098,1.492,0.000,0.000,0.000,-223061
0.028097867965698242,1136886705,3.191,-9.098,1.492,0.000,0.000,0.000,-221980
0.028177976608276367,1136894138,3.191,-9.098,1.492,0.000,0.000,0.000,-222635
0.028261899948120117,1136897359,3.191,-9.098,1.492,0.000,0.000,0.000,-222525
0.028342008590698242,1136900579,3.191,-9.098,1.492,0.000,0.000,0.000,-221839
0.028423070907592773,1136907011,3.191,-9.098,1.492,0.000,0.000,0.000,-222450
0.028512001037597656,1136910231,3.191,-9.098,1.492,0.000,0.000,0.000,-222514
0.02859187126159668,1136916664,3.191,-9.098,1.492,0.000,0.000,0.000,-222513
0.028676986694335938,1136920884,3.191,-9.098,1.492,0.000,0.000,0.000,-223372
0.02875804901123047,1136926318,3.191,-9.098,1.492,0.000,0.000,0.000,-222454
0.028841018676757812,1136930538,3.191,-9.098,1.492,0.000,0.000,0.000,-222286
0.02891993522644043,1136936971,3.191,-9.055,1.492,0.000,0.000,0.000,-223126
0.02900218963623047,1136941191,3.191,-9.055,1.492,0.000,0.000,0.000,-222866
0.02908492088317871,1136946625,3.191,-9.098,1.492,0.000,0.000,0.000,-222393
0.02916407585144043,1136950845,3.191,-9.098,1.492,0.000,0.000,0.000,-223546
0.029249191284179688,1136957278,3.191,-9.098,1.492,0.000,0.000,0.000,-222374
0.029333114624023438,1136960498,3.191,-9.098,1.492,0.000,0.000,0.000,-222592
0.029420852661132812,1136966932,3.191,-9.098,1.492,0.000,0.000,0.000,-222614
0.029499053955078125,1136970152,3.191,-9.098,1.492,0.000,0.000,0.000,-222636
0.02957916259765625,1136976586,3.191,-9.098,1.492,0.000,0.000,0.000,-222799
0.029662132263183594,1136982018,3.152,-9.094,1.453,0.000,0.000,0.000,-221961
0.02974081039428711,1136986239,3.152,-9.094,1.453,0.000,0.000,0.000,-221539
0.029832124710083008,1136992672,3.191,-9.098,1.527,0.000,0.000,0.000,-222372
0.029911041259765625,1136996892,3.191,-9.098,1.527,0.000,0.000,0.000,-222844
0.029997825622558594,1137001112,3.191,-9.137,1.527,0.000,0.000,0.000,-222516
0.03008103370666504,1137007545,3.191,-9.137,1.527,0.000,0.000,0.000,-222306
0.030169010162353516,1137010765,3.191,-9.137,1.527,0.000,0.000,0.000,-222222
0.030252933502197266,1137017198,3.191,-9.137,1.453,0.000,0.000,0.000,-221983
0.030334949493408203,1137020418,3.191,-9.137,1.453,0.000,0.000,0.000,-222994
0.03042316436767578,1137026850,3.191,-9.098,1.492,0.000,0.000,0.000,-221666
0.0305020809173584,1137031071,3.191,-9.098,1.492,0.000,0.000,0.000,-223529
0.03058791160583496,1137035292,3.191,-9.098,1.492,0.000,0.000,0.000,-222715
0.03066706657409668,1137040724,3.191,-9.137,1.492,0.000,0.000,0.000,-222770
0.030745983123779297,1137046157,3.191,-9.098,1.492,0.000,0.000,0.000,-222565
0.030833005905151367,1137051590,3.191,-9.098,1.527,0.000,0.000,0.000,-222391
0.030912160873413086,1137055810,3.191,-9.098,1.527,0.000,0.000,0.000,-222521
0.030999183654785156,1137060030,3.152,-9.133,1.453,0.000,0.000,0.000,-222748
0.031076908111572266,1137066463,3.152,-9.133,1.453,0.000,0.000,0.000,-221940
0.03116297721862793,1137071896,3.152,-9.094,1.492,0.000,0.000,0.000,-221443
0.03124094009399414,1137075116,3.152,-9.094,1.492,0.000,0.000,0.000,-223110
0.03131985664367676,1137082533,3.152,-9.094,1.492,0.000,0.000,0.000,-223494
0.0314021110534668,1137085753,3.152,-9.094,1.492,0.000,0.000,0.000,-222819
0.031481027603149414,1137091186,3.191,-9.137,1.527,0.000,0.000,0.000,-222196
0.03156304359436035,1137095407,3.191,-9.137,1.527,0.000,0.000,0.000,-223005
0.03164196014404297,1137102824,3.191,-9.098,1.527,0.000,0.000,0.000,-223072
0.031722068786621094,1137106044,3.191,-9.098,1.527,0.000,0.000,0.000,-222482
0.03180289268493652,1137111477,3.152,-9.094,1.453,0.000,0.000,0.000,-222899
0.03188204765319824,1137115697,3.152,-9.094,1.453,0.000,0.000,0.000,-222439
0.03196406364440918,1137122130,3.191,-9.098,1.453,0.000,0.000,0.000,-222203
0.0320429801940918,1137125350,3.191,-9.098,1.453,0.000,0.000,0.000,-222615
0.032124996185302734,1137131783,3.152,-9.094,1.492,0.000,0.000,0.000,-222589
0.03220415115356445,1137136003,3.152,-9.094,1.492,0.000,0.000,0.000,-222868
0.03228402137756348,1137140223,3.191,-9.098,1.527,0.000,0.000,0.000,-222825
0.032364845275878906,1137146656,3.191,-9.098,1.527,0.000,0.000,0.000,-223005
0.032444000244140625,1137153090,3.191,-9.098,1.527,0.000,0.000,0.000,-222262
0.03252696990966797,1137157310,3.191,-9.098,1.527,0.000,0.000,0.000,-222737
0.03260612487792969,1137160530,3.191,-9.098,1.527,0.000,0.000,0.000,-223077
0.032701969146728516,1137166962,3.152,-9.059,1.453,0.000,0.000,0.000,-222428
0.03278398513793945,1137171183,3.152,-9.059,1.453,0.000,0.000,0.000,-222455
0.03286314010620117,1137177615,3.191,-9.098,1.492,0.000,0.000,0.000,-222999
0.032943010330200195,1137180836,3.191,-9.098,1.492,0.000,0.000,0.000,-222570
0.03302311897277832,1137186268,3.191,-9.098,1.527,0.000,0.000,0.000,-223374
0.033106088638305664,1137190488,3.191,-9.098,1.527,0.000,0.000,0.000,-222262
0.033184051513671875,1137195921,3.191,-9.098,1.492,0.000,0.000,0.000,-223446
0.033264875411987305,1137200141,3.191,-9.098,1.492,0.000,0.000,0.000,-221887
0.03334307670593262,1137206574,3.191,-9.098,1.492,0.000,0.000,0.000,-222571
0.08011984825134277,1137213006,3.152,-9.094,1.492,0.000,0.000,0.000,-223100
0.1149148941040039,1137217226,3.152,-9.094,1.492,0.000,0.000,0.000,-223043
0.14910602569580078,1137220447,3.152,-9.094,1.492,0.000,0.000,0.000,-222581
0.18072891235351562,1137226879,3.191,-9.098,1.527,0.000,0.000,0.000,-222523
0.1808338165283203,1137230099,3.227,-9.094,1.527,0.000,0.000,0.000,-222736
0.18091201782226562,1137237531,3.227,-9.094,1.527,0.000,0.000,0.000,-222782
0.18100690841674805,1137240751,3.227,-9.094,1.527,0.000,0.000,0.000,-222802
0.18109917640686035,1137247183,3.191,-9.137,1.527,0.000,0.000,0.000,-222635
0.18119001388549805,1137251403,3.191,-9.137,1.527,0.000,0.000,0.000,-222689
0.18126702308654785,1137255623,3.191,-9.137,1.527,0.000,0.000,0.000,-222631
0.18134403228759766,1137261055,3.152,-9.094,1.492,0.000,0.000,0.000,-222411
0.18142294883728027,1137265275,3.227,-9.094,1.453,0.000,0.000,0.000,-222548
0.1815040111541748,1137270707,3.227,-9.094,1.453,0.000,0.000,0.000,-223015
0.1815800666809082,1137278141,3.191,-9.098,1.492,0.000,0.000,0.000,-222269
0.18165111541748047,1137282361,3.191,-9.098,1.492,0.000,0.000,0.000,-223048
0.18175292015075684,1137285581,3.191,-9.137,1.492,0.000,0.000,0.000,-222158
0.18182682991027832,1137292014,3.191,-9.137,1.492,0.000,0.000,0.000,-222455
0.1819019317626953,1137295235,3.191,-9.137,1.492,0.000,0.000,0.000,-222393
0.1819911003112793,1137301667,3.191,-9.098,1.492,0.000,0.000,0.000,-222550
0.182081937789917,1137307099,3.152,-9.094,1.453,0.000,0.000,0.000,-222291
0.18218207359313965,1137310319,3.152,-9.094,1.453,0.000,0.000,0.000,-222066
0.18226003646850586,1137315752,3.191,-9.137,1.453,0.000,0.000,0.000,-222876
0.18233895301818848,1137323169,3.191,-9.098,1.492,0.000,0.000,0.000,-223285
0.18240809440612793,1137326389,3.191,-9.098,1.492,0.000,0.000,0.000,-222551
0.1824779510498047,1137331822,3.191,-9.098,1.492,0.000,0.000,0.000,-223089
0.2105109691619873,1137335042,3.191,-9.098,1.492,0.000,0.000,0.000,-222076
0.21065998077392578,1137342474,3.191,-9.098,1.492,0.000,0.000,0.000,-221701
0.21079683303833008,1137345694,3.191,-9.098,1.492,0.000,0.000,0.000,-222821
0.2109231948852539,1137351126,3.191,-9.098,1.453,0.000,0.000,0.000,-223195
0.2110438346862793,1137355346,3.191,-9.098,1.453,0.000,0.000,0.000,-222718
0.21117591857910156,1137362780,3.152,-9.094,1.492,0.000,0.000,0.000,-223115
0.21129608154296875,1137366001,3.152,-9.094,1.492,0.000,0.000,0.000,-222741
0.21142196655273438,1137371433,3.191,-9.098,1.492,0.000,0.000,0.000,-222424
0.21154117584228516,1137375653,3.191,-9.098,1.492,0.000,0.000,0.000,-222588
0.2116689682006836,1137385086,3.191,-9.098,1.527,0.000,0.000,0.000,-222932
0.21179604530334473,1137388306,3.191,-9.098,1.527,0.000,0.000,0.000,-222552
0.21191787719726562,1137391527,3.191,-9.098,1.527,0.000,0.000,0.000,-223477
0.21204495429992676,1137395748,3.191,-9.098,1.492,0.000,0.000,0.000,-223006
0.21216607093811035,1137402180,3.191,-9.098,1.492,0.000,0.000,0.000,-222655
0.21229195594787598,1137405401,3.191,-9.098,1.453,0.000,0.000,0.000,-223630
0.21241188049316406,1137410833,3.191,-9.098,1.492,0.000,0.000,0.000,-222482
0.2125380039215088,1137415054,3.191,-9.098,1.492,0.000,0.000,0.000,-223075
0.21265912055969238,1137421487,3.191,-9.098,1.527,0.000,0.000,0.000,-222126
0.21278905868530273,1137425707,3.152,-9.137,1.566,0.000,0.000,0.000,-223079
0.21291399002075195,1137432141,3.152,-9.137,1.566,0.000,0.000,0.000,-222368
0.21303415298461914,1137436362,3.152,-9.137,1.566,0.000,0.000,0.000,-222713
0.21316099166870117,1137440582,3.152,-9.137,1.566,0.000,0.000,0.000,-222300
0.21328186988830566,1137446015,3.191,-9.098,1.453,0.000,0.000,0.000,-222999
0.21340394020080566,1137452449,3.191,-9.098,1.453,0.000,0.000,0.000,-221955
0.21352410316467285,1137456670,3.191,-9.098,1.453,0.000,0.000,0.000,-221907
0.21364307403564453,1137463103,3.191,-9.137,1.527,0.000,0.000,0.000,-223139
0.21376800537109375,1137467323,3.191,-9.137,1.527,0.000,0.000,0.000,-223359
0.21388697624206543,1137470543,3.152,-9.094,1.527,0.000,0.000,0.000,-222796
0.21401095390319824,1137476975,3.152,-9.094,1.527,0.000,0.000,0.000,-223021
0.21412897109985352,1137481196,3.152,-9.094,1.492,0.000,0.000,0.000,-222928
0.21425223350524902,1137487629,3.152,-9.094,1.492,0.000,0.000,0.000,-223073
0.21437287330627441,1137490850,3.152,-9.094,1.492,0.000,0.000,0.000,-223115
0.2144930362701416,1137495070,3.152,-9.094,1.492,0.000,0.000,0.000,-222501
0.21463608741760254,1137501504,3.191,-9.055,1.492,0.000,0.000,0.000,-223573
0.2147688865661621,1137506936,3.191,-9.098,1.453,0.000,0.000,0.000,-222654
0.21489286422729492,1137511157,3.191,-9.098,1.453,0.000,0.000,0.000,-223354
0.2150118350982666,1137515377,3.191,-9.098,1.453,0.000,0.000,0.000,-222175
0.2151350975036621,1137520809,3.152,-9.094,1.492,0.000,0.000,0.000,-222464
0.2152540683746338,1137526242,3.191,-9.098,1.492,0.000,0.000,0.000,-222997
0.2153770923614502,1137530462,3.152,-9.094,1.527,0.000,0.000,0.000,-222450
0.2155001163482666,1137535895,3.152,-9.094,1.527,0.000,0.000,0.000,-222284
0.21561884880065918,1137540115,3.191,-9.098,1.492,0.000,0.000,0.000,-222441
0.2157421112060547,1137546547,3.191,-9.098,1.492,0.000,0.000,0.000,-222824
0.215864896774292,1137551980,3.227,-9.094,1.492,0.000,0.000,0.000,-222110
0.24426817893981934,1137556200,3.227,-9.094,1.492,0.000,0.000,0.000,-222641
0.24441790580749512,1137560421,3.191,-9.098,1.527,0.000,0.000,0.000,-222510
0.24454092979431152,1137566854,3.191,-9.098,1.527,0.000,0.000,0.000,-221642
0.24467897415161133,1137570074,3.191,-9.098,1.527,0.000,0.000,0.000,-222421
0.24480009078979492,1137575506,3.227,-9.094,1.527,0.000,0.000,0.000,-222594
0.24493098258972168,1137582923,3.227,-9.094,1.492,0.000,0.000,0.000,-222742
0.2450571060180664,1137586143,3.227,-9.094,1.492,0.000,0.000,0.000,-223006
0.24518513679504395,1137591576,3.191,-9.098,1.492,0.000,0.000,0.000,-223089
0.24531102180480957,1137599008,3.191,-9.098,1.453,0.000,0.000,0.000,-222592
0.24543190002441406,1137602228,3.191,-9.098,1.453,0.000,0.000,0.000,-222844
0.24556398391723633,1137605451,3.191,-9.098,1.453,0.000,0.000,0.000,-223111
0.24568510055541992,1137611883,3.191,-9.098,1.453,0.000,0.000,0.000,-223019
0.24581599235534668,1137615104,3.191,-9.098,1.453,0.000,0.000,0.000,-222375
0.24593901634216309,1137622536,3.152,-9.094,1.492,0.000,0.000,0.000,-222676
0.2460618019104004,1137625757,3.152,-9.094,1.492,0.000,0.000,0.000,-222827
0.24619197845458984,1137633191,3.191,-9.098,1.527,0.000,0.000,0.000,-222464
0.24631500244140625,1137637411,3.191,-9.098,1.527,0.000,0.000,0.000,-222401
0.246445894241333,1137641632,3.191,-9.098,1.527,0.000,0.000,0.000,-222109
0.24657607078552246,1137647064,3.152,-9.059,1.453,0.000,0.000,0.000,-222035
0.24671077728271484,1137651284,3.152,-9.059,1.453,0.000,0.000,0.000,-222517
0.24683308601379395,1137655504,3.191,-9.098,1.453,0.000,0.000,0.000,-222383
0.24695611000061035,1137660937,3.191,-9.098,1.453,0.000,0.000,0.000,-222599
0.24708104133605957,1137666370,3.152,-9.094,1.453,0.000,0.000,0.000,-223498
0.24720382690429688,1137670591,3.191,-9.055,1.527,0.000,0.000,0.000,-222169
0.247330904006958,1137678023,3.191,-9.055,1.527,0.000,0.000,0.000,-222681
0.2474520206451416,1137681243,3.191,-9.055,1.527,0.000,0.000,0.000,-222508
0.24756908416748047,1137685463,3.191,-9.098,1.492,0.000,0.000,0.000,-222768
0.2476818561553955,1137691896,3.191,-9.098,1.492,0.000,0.000,0.000,-221865
0.24779510498046875,1137696116,3.191,-9.098,1.492,0.000,0.000,0.000,-222784
0.2479259967803955,1137700336,3.191,-9.098,1.492,0.000,0.000,0.000,-223026
0.24805092811584473,1137706768,3.191,-9.098,1.414,0.000,0.000,0.000,-223064
0.2481670379638672,1137712201,3.191,-9.098,1.492,0.000,0.000,0.000,-222181
0.24827814102172852,1137716421,3.191,-9.098,1.492,0.000,0.000,0.000,-222449
0.24839305877685547,1137722855,3.227,-9.094,1.527,0.000,0.000,0.000,-222495
0.2485029697418213,1137727075,3.227,-9.094,1.527,0.000,0.000,0.000,-222306
0.24861407279968262,1137730296,3.152,-9.094,1.492,0.000,0.000,0.000,-222149
0.24872779846191406,1137736728,3.152,-9.094,1.492,0.000,0.000,0.000,-223016
0.2488389015197754,1137740948,3.191,-9.098,1.453,0.000,0.000,0.000,-222888
0.24895405769348145,1137747380,3.191,-9.098,1.453,0.000,0.000,0.000,-222356
0.24906396865844727,1137750601,3.191,-9.098,1.453,0.000,0.000,0.000,-222818
0.24918007850646973,1137756034,3.191,-9.098,1.492,0.000,0.000,0.000,-221938
0.24928998947143555,1137760254,3.191,-9.055,1.492,0.000,0.000,0.000,-223000
0.2795069217681885,1137766687,3.191,-9.055,1.492,0.000,0.000,0.000,-222416
0.279649019241333,1137770908,3.152,-9.094,1.492,0.000,0.000,0.000,-222732
0.27977609634399414,1137776341,3.152,-9.094,1.492,0.000,0.000,0.000,-222714
0.2799031734466553,1137780561,3.191,-9.055,1.453,0.000,0.000,0.000,-221801
0.2800290584564209,1137786995,3.191,-9.055,1.453,0.000,0.000,0.000,-222716
0.28015589714050293,1137790216,3.191,-9.055,1.453,0.000,0.000,0.000,-222780
0.2802751064300537,1137795649,3.152,-9.094,1.453,0.000,0.000,0.000,-222449
0.2803940773010254,1137803082,3.152,-9.094,1.492,0.000,0.000,0.000,-222328
0.28052306175231934,1137806302,3.152,-9.094,1.492,0.000,0.000,0.000,-222620
0.2806429862976074,1137810523,3.191,-9.098,1.527,0.000,0.000,0.000,-222578
0.28076815605163574,1137815955,3.191,-9.098,1.527,0.000,0.000,0.000,-222721
0.2808878421783447,1137820175,3.152,-9.094,1.527,0.000,0.000,0.000,-222376
0.2810080051422119,1137825607,3.152,-9.094,1.527,0.000,0.000,0.000,-222369
0.2811851501464844,1137831039,3.191,-9.137,1.527,0.000,0.000,0.000,-222012
0.2813079357147217,1137835259,3.191,-9.137,1.527,0.000,0.000,0.000,-222323
0.28144383430480957,1137842691,3.152,-9.094,1.453,0.000,0.000,0.000,-221988
0.28157711029052734,1137845912,3.152,-9.094,1.453,0.000,0.000,0.000,-222780
0.2817039489746094,1137852345,3.191,-9.098,1.492,0.000,0.000,0.000,-222521
0.28182411193847656,1137855565,3.191,-9.098,1.492,0.000,0.000,0.000,-223059
0.28194499015808105,1137862998,3.227,-9.094,1.492,0.000,0.000,0.000,-222908
0.2820718288421631,1137866218,3.227,-9.094,1.492,0.000,0.000,0.000,-222135
0.2821929454803467,1137872652,3.152,-9.094,1.527,0.000,0.000,0.000,-223030
0.2823178768157959,1137876872,3.152,-9.094,1.527,0.000,0.000,0.000,-222816
0.2824380397796631,1137882092,3.152,-9.094,1.527,0.000,0.000,0.000,-222113
0.2825648784637451,1137885312,3.191,-9.098,1.453,0.000,0.000,0.000,-222719
0.2826859951019287,1137891745,3.191,-9.137,1.453,0.000,0.000,0.000,-222931
0.31536388397216797,1137895965,3.191,-9.137,1.453,0.000,0.000,0.000,-222719
0.31551504135131836,1137900185,3.191,-9.137,1.453,0.000,0.000,0.000,-223062
0.3156399726867676,1137906617,3.152,-9.094,1.492,0.000,0.000,0.000,-222181
0.3157680034637451,1137913049,3.191,-9.055,1.527,0.000,0.000,0.000,-221648
0.3158888816833496,1137917269,3.191,-9.055,1.527,0.000,0.000,0.000,-221966
0.31601500511169434,1137921489,3.227,-9.094,1.527,0.000,0.000,0.000,-222099
0.3161449432373047,1137927922,3.227,-9.094,1.527,0.000,0.000,0.000,-222647
0.34860801696777344,1137932143,3.191,-9.098,1.527,0.000,0.000,0.000,-222320
0.3487708568572998,1137935363,3.191,-9.098,1.527,0.000,0.000,0.000,-222848
0.348909854888916,1137942795,3.191,-9.055,1.453,0.000,0.000,0.000,-222730
0.34905099868774414,1137946016,3.191,-9.055,1.453,0.000,0.000,0.000,-222764
0.34918689727783203,1137952448,3.191,-9.055,1.453,0.000,0.000,0.000,-222696
0.34932494163513184,1137956669,3.191,-9.055,1.453,0.000,0.000,0.000,-222460
0.34946322441101074,1137963102,3.191,-9.098,1.492,0.000,0.000,0.000,-222391
0.34959912300109863,1137966322,3.152,-9.094,1.527,0.000,0.000,0.000,-222450
0.3834190368652344,1137972755,3.152,-9.094,1.527,0.000,0.000,0.000,-222503
0.4160580635070801,1137976975,3.152,-9.094,1.527,0.000,0.000,0.000,-222547
0.4162278175354004,1137981196,3.191,-9.098,1.492,0.000,0.000,0.000,-223287
0.4163811206817627,1137987628,3.191,-9.098,1.492,0.000,0.000,0.000,-222796
0.4165341854095459,1137990848,3.191,-9.098,1.492,0.000,0.000,0.000,-223039
0.41669416427612305,1137996280,3.191,-9.098,1.492,0.000,0.000,0.000,-222605
0.41687679290771484,1138000500,3.227,-9.094,1.527,0.000,0.000,0.000,-222669
0.4492800235748291,1138006933,3.227,-9.094,1.527,0.000,0.000,0.000,-222983
0.44945502281188965,1138010153,3.227,-9.094,1.527,0.000,0.000,0.000,-222554
0.4496150016784668,1138016586,3.191,-9.098,1.527,0.000,0.000,0.000,-222274
0.44976806640625,1138020806,3.152,-9.059,1.492,0.000,0.000,0.000,-222173
0.4499201774597168,1138027239,3.152,-9.059,1.492,0.000,0.000,0.000,-221481
0.4500761032104492,1138030460,3.152,-9.059,1.492,0.000,0.000,0.000,-222852
0.4502291679382324,1138035892,3.152,-9.133,1.492,0.000,0.000,0.000,-222601
0.48334503173828125,1138040113,3.191,-9.055,1.453,0.000,0.000,0.000,-223179
0.4835391044616699,1138046546,3.191,-9.055,1.453,0.000,0.000,0.000,-223230
0.48374104499816895,1138051979,3.152,-9.094,1.492,0.000,0.000,0.000,-223090
0.5185010433197021,1138055199,3.152,-9.094,1.492,0.000,0.000,0.000,-223282
0.5508289337158203,1138062632,3.152,-9.094,1.527,0.000,0.000,0.000,-222942
0.5510470867156982,1138065852,3.152,-9.094,1.527,0.000,0.000,0.000,-222755
0.551224946975708,1138072285,3.191,-9.098,1.492,0.000,0.000,0.000,-222480
0.5514111518859863,1138075505,3.191,-9.098,1.492,0.000,0.000,0.000,-222896
0.5515890121459961,1138082938,3.191,-9.098,1.492,0.000,0.000,0.000,-222774
0.5517771244049072,1138086158,3.191,-9.098,1.492,0.000,0.000,0.000,-222040
0.5519571304321289,1138092590,3.152,-9.094,1.453,0.000,0.000,0.000,-222976
0.5900681018829346,1138095810,3.152,-9.094,1.453,0.000,0.000,0.000,-222100
0.6196911334991455,1138100032,3.191,-9.098,1.492,0.000,0.000,0.000,-222851
0.6198699474334717,1138106465,3.191,-9.098,1.527,0.000,0.000,0.000,-222509
0.6200249195098877,1138112898,3.191,-9.098,1.527,0.000,0.000,0.000,-222604
0.6201648712158203,1138117118,3.191,-9.098,1.527,0.000,0.000,0.000,-222694
0.6203038692474365,1138121339,3.191,-9.098,1.527,0.000,0.000,0.000,-222428
0.6204659938812256,1138126772,3.191,-9.098,1.492,0.000,0.000,0.000,-222605
0.6206009387969971,1138130992,3.191,-9.137,1.527,0.000,0.000,0.000,-222112
0.620750904083252,1138135213,3.191,-9.137,1.527,0.000,0.000,0.000,-222721
0.6208899021148682,1138142645,3.191,-9.137,1.527,0.000,0.000,0.000,-222569
0.6210319995880127,1138146865,3.191,-9.098,1.492,0.000,0.000,0.000,-222293
0.6211700439453125,1138150085,3.191,-9.098,1.492,0.000,0.000,0.000,-222299
0.6213068962097168,1138156518,3.191,-9.098,1.492,0.000,0.000,0.000,-222124
0.6214501857757568,1138160739,3.191,-9.098,1.492,0.000,0.000,0.000,-222292
0.6215870380401611,1138167172,3.191,-9.098,1.527,0.000,0.000,0.000,-222567
0.6217281818389893,1138170392,3.191,-9.094,1.566,0.000,0.000,0.000,-222517
0.6218650341033936,1138176825,3.191,-9.094,1.566,0.000,0.000,0.000,-222645
0.622006893157959,1138180045,3.191,-9.094,1.566,0.000,0.000,0.000,-222751
0.622143030166626,1138187477,3.152,-9.094,1.492,0.000,0.000,0.000,-222007
0.6222789287567139,1138191697,3.191,-9.098,1.492,0.000,0.000,0.000,-222086
0.6224191188812256,1138198130,3.191,-9.098,1.492,0.000,0.000,0.000,-222200
0.6225550174713135,1138202351,3.191,-9.098,1.492,0.000,0.000,0.000,-222330
0.6226959228515625,1138205571,3.191,-9.098,1.492,0.000,0.000,0.000,-222538
0.6228330135345459,1138212003,3.191,-9.098,1.492,0.000,0.000,0.000,-222849
0.622974157333374,1138216223,3.191,-9.098,1.492,0.000,0.000,0.000,-221981
0.6231110095977783,1138222656,3.191,-9.098,1.492,0.000,0.000,0.000,-221846
0.6232521533966064,1138225877,3.191,-9.098,1.453,0.000,0.000,0.000,-222812
0.6233937740325928,1138231309,3.191,-9.098,1.453,0.000,0.000,0.000,-222736
0.6235311031341553,1138237741,3.191,-9.098,1.453,0.000,0.000,0.000,-222279
0.6472690105438232,1138242961,3.152,-9.094,1.492,0.000,0.000,0.000,-222367
0.6474399566650391,1138246181,3.152,-9.094,1.492,0.000,0.000,0.000,-222994
0.6475830078125,1138252613,3.152,-9.094,1.492,0.000,0.000,0.000,-222737
0.6477189064025879,1138255833,3.152,-9.094,1.492,0.000,0.000,0.000,-221923
0.6478569507598877,1138260053,3.191,-9.098,1.527,0.000,0.000,0.000,-222966
0.6479928493499756,1138266486,3.191,-9.098,1.527,0.000,0.000,0.000,-222121
0.6481280326843262,1138270706,3.191,-9.098,1.492,0.000,0.000,0.000,-222401
0.648266077041626,1138276139,3.191,-9.098,1.492,0.000,0.000,0.000,-223099
0.6484010219573975,1138280359,3.191,-9.098,1.492,0.000,0.000,0.000,-221848
0.6485419273376465,1138286791,3.191,-9.098,1.492,0.000,0.000,0.000,-221726
0.6486790180206299,1138290011,3.191,-9.098,1.492,0.000,0.000,0.000,-221917
0.6488189697265625,1138295443,3.191,-9.098,1.492,0.000,0.000,0.000,-223171
0.648953914642334,1138302876,3.227,-9.094,1.492,0.000,0.000,0.000,-222769
0.6490898132324219,1138307096,3.191,-9.098,1.527,0.000,0.000,0.000,-222059
0.6492300033569336,1138310316,3.191,-9.098,1.527,0.000,0.000,0.000,-223304
0.6493639945983887,1138316748,3.191,-9.098,1.527,0.000,0.000,0.000,-222809
0.6495041847229004,1138322181,3.152,-9.094,1.453,0.000,0.000,0.000,-222241
0.6496388912200928,1138325402,3.152,-9.094,1.453,0.000,0.000,0.000,-222908
0.6497809886932373,1138331835,3.191,-9.098,1.492,0.000,0.000,0.000,-222413
0.6499159336090088,1138335055,3.191,-9.098,1.492,0.000,0.000,0.000,-222750
0.6500499248504639,1138341487,3.191,-9.098,1.492,0.000,0.000,0.000,-222851
0.6501908302307129,1138345708,3.191,-9.098,1.492,0.000,0.000,0.000,-222042
0.6503241062164307,1138351141,3.191,-9.137,1.527,0.000,0.000,0.000,-222755
0.6504590511322021,1138355362,3.191,-9.098,1.492,0.000,0.000,0.000,-222749
0.6505801677703857,1138360794,3.191,-9.098,1.492,0.000,0.000,0.000,-223461
0.650705099105835,1138367227,3.191,-9.098,1.492,0.000,0.000,0.000,-222151
0.6508259773254395,1138370447,3.152,-9.094,1.492,0.000,0.000,0.000,-222803
0.6509480476379395,1138377879,3.152,-9.094,1.492,0.000,0.000,0.000,-222525
0.6510739326477051,1138382100,3.152,-9.094,1.492,0.000,0.000,0.000,-222810
0.6511938571929932,1138385320,3.152,-9.094,1.492,0.000,0.000,0.000,-222221
0.6513259410858154,1138391752,3.152,-9.094,1.492,0.000,0.000,0.000,-222902
0.6514480113983154,1138395973,3.152,-9.094,1.492,0.000,0.000,0.000,-223075
0.6515741348266602,1138402406,3.152,-9.133,1.492,0.000,0.000,0.000,-222613
0.6516950130462646,1138406626,3.191,-9.098,1.453,0.000,0.000,0.000,-222476
0.6518170833587646,1138413060,3.191,-9.098,1.453,0.000,0.000,0.000,-222829
0.6519439220428467,1138416280,3.191,-9.098,1.453,0.000,0.000,0.000,-223160
0.6520631313323975,1138420500,3.191,-9.098,1.453,0.000,0.000,0.000,-222316
0.652195930480957,1138427933,3.152,-9.059,1.492,0.000,0.000,0.000,-222413
0.6523170471191406,1138431153,3.152,-9.059,1.492,0.000,0.000,0.000,-222611
0.6524450778961182,1138437585,3.152,-9.059,1.492,0.000,0.000,0.000,-222188
0.6525678634643555,1138441805,3.191,-9.098,1.527,0.000,0.000,0.000,-222346
0.6526889801025391,1138445026,3.191,-9.098,1.527,0.000,0.000,0.000,-222919
0.6528160572052002,1138451458,3.191,-9.098,1.527,0.000,0.000,0.000,-222453
0.6529390811920166,1138455678,3.152,-9.094,1.492,0.000,0.000,0.000,-222987
0.6530671119689941,1138462111,3.152,-9.094,1.492,0.000,0.000,0.000,-222795
0.6531879901885986,1138465331,3.191,-9.098,1.527,0.000,0.000,0.000,-222667
0.6533138751983643,1138471763,3.191,-9.098,1.527,0.000,0.000,0.000,-223357
0.6534349918365479,1138475983,3.191,-9.098,1.527,0.000,0.000,0.000,-222830
0.6535561084747314,1138480204,3.152,-9.094,1.492,0.000,0.000,0.000,-222529
0.6536810398101807,1138486636,3.152,-9.094,1.492,0.000,0.000,0.000,-222560
0.6538031101226807,1138490856,3.191,-9.098,1.492,0.000,0.000,0.000,-223084
0.6539289951324463,1138497289,3.191,-9.098,1.492,0.000,0.000,0.000,-222151
0.6540498733520508,1138501509,3.191,-9.098,1.492,0.000,0.000,0.000,-223445
0.6541759967803955,1138507941,3.191,-9.098,1.492,0.000,0.000,0.000,-222217
0.6542978286743164,1138511147,3.191,-9.137,1.527,0.000,0.000,0.000,-222217
0.6544239521026611,1138515367,3.191,-9.137,1.527,0.000,0.000,0.000,-222695
0.6545510292053223,1138521800,3.191,-9.137,1.527,0.000,0.000,0.000,-223034
0.6546719074249268,1138526020,3.191,-9.137,1.527,0.000,0.000,0.000,-222477
0.654796838760376,1138532453,3.152,-9.094,1.453,0.000,0.000,0.000,-222638
0.6549210548400879,1138536673,3.191,-9.098,1.492,0.000,0.000,0.000,-222200
0.655048131942749,1138543106,3.191,-9.098,1.492,0.000,0.000,0.000,-222452
0.6551718711853027,1138546326,3.191,-9.098,1.492,0.000,0.000,0.000,-222981
0.6552951335906982,1138552760,3.152,-9.094,1.492,0.000,0.000,0.000,-222613
0.655432939529419,1138555980,3.152,-9.094,1.492,0.000,0.000,0.000,-222796
0.6555559635162354,1138560200,3.227,-9.133,1.527,0.000,0.000,0.000,-222849
0.6556828022003174,1138565633,3.227,-9.133,1.527,0.000,0.000,0.000,-222211
0.6558060646057129,1138572065,3.191,-9.098,1.527,0.000,0.000,0.000,-222566
0.6559319496154785,1138575286,3.191,-9.098,1.527,0.000,0.000,0.000,-222174
0.6560549736022949,1138581720,3.191,-9.098,1.414,0.000,0.000,0.000,-222297
0.656182050704956,1138585940,3.191,-9.098,1.414,0.000,0.000,0.000,-222437
0.656303882598877,1138591372,3.191,-9.098,1.453,0.000,0.000,0.000,-222351
0.6564140319824219,1138596804,3.152,-9.133,1.527,0.000,0.000,0.000,-222817
0.6565299034118652,1138601024,3.152,-9.133,1.527,0.000,0.000,0.000,-221776
0.6566390991210938,1138607457,3.227,-9.094,1.492,0.000,0.000,0.000,-222476
0.6567530632019043,1138610678,3.191,-9.098,1.492,0.000,0.000,0.000,-222688
0.6568641662597656,1138618112,3.191,-9.098,1.492,0.000,0.000,0.000,-222385
0.6569738388061523,1138622332,3.191,-9.098,1.492,0.000,0.000,0.000,-223164
0.6748261451721191,1138625553,3.191,-9.098,1.492,0.000,0.000,0.000,-222614
0.674976110458374,1138631986,3.191,-9.098,1.492,0.000,0.000,0.000,-221911
0.675102949142456,1138636206,3.191,-9.098,1.492,0.000,0.000,0.000,-222892
0.6752290725708008,1138642639,3.191,-9.098,1.492,0.000,0.000,0.000,-222763
0.6753549575805664,1138645859,3.152,-9.133,1.527,0.000,0.000,0.000,-222866
0.6754820346832275,1138653291,3.152,-9.133,1.527,0.000,0.000,0.000,-222646
0.6756110191345215,1138656511,3.152,-9.133,1.527,0.000,0.000,0.000,-222260
0.6757440567016602,1138660731,3.191,-9.098,1.453,0.000,0.000,0.000,-222509
0.6758790016174316,1138668164,3.191,-9.098,1.453,0.000,0.000,0.000,-222481
0.6760039329528809,1138671384,3.191,-9.098,1.453,0.000,0.000,0.000,-222729
0.6761171817779541,1138676817,3.152,-9.094,1.453,0.000,0.000,0.000,-222525
0.6762280464172363,1138681037,3.191,-9.098,1.527,0.000,0.000,0.000,-222673
0.6763391494750977,1138687469,3.191,-9.098,1.527,0.000,0.000,0.000,-222925
0.6764497756958008,1138690691,3.191,-9.098,1.527,0.000,0.000,0.000,-222690
0.6765608787536621,1138697124,3.191,-9.098,1.527,0.000,0.000,0.000,-222579
0.676671028137207,1138701344,3.191,-9.055,1.527,0.000,0.000,0.000,-222712
0.6797330379486084,1138707776,3.191,-9.055,1.527,0.000,0.000,0.000,-222436
0.686161994934082,1138710997,3.191,-9.055,1.527,0.000,0.000,0.000,-222735
0.6893138885498047,1138717430,3.152,-9.094,1.453,0.000,0.000,0.000,-222100
0.6957709789276123,1138720650,3.191,-9.098,1.453,0.000,0.000,0.000,-222795
0.7107710838317871,1138727083,3.191,-9.098,1.453,0.000,0.000,0.000,-222659
0.7109200954437256,1138730303,3.191,-9.098,1.453,0.000,0.000,0.000,-222724
0.7110419273376465,1138736735,3.152,-9.133,1.492,0.000,0.000,0.000,-222907
0.7150890827178955,1138740955,3.191,-9.137,1.492,0.000,0.000,0.000,-222691
0.7193150520324707,1138747388,3.191,-9.137,1.492,0.000,0.000,0.000,-222344
0.7257599830627441,1138750609,3.191,-9.137,1.492,0.000,0.000,0.000,-222682
0.7289440631866455,1138757043,3.152,-9.094,1.492,0.000,0.000,0.000,-222433
0.7354991436004639,1138762263,3.113,-9.094,1.453,0.000,0.000,0.000,-222487
0.7858190536499023,1138765483,3.113,-9.094,1.453,0.000,0.000,0.000,-221915
0.8167262077331543,1138771916,3.191,-9.098,1.492,0.000,0.000,0.000,-222336
0.816918134689331,1138775136,3.191,-9.098,1.492,0.000,0.000,0.000,-222541
0.8171060085296631,1138781569,3.191,-9.098,1.492,0.000,0.000,0.000,-221969
0.8172979354858398,1138785789,3.191,-9.137,1.527,0.000,0.000,0.000,-223340
0.8174738883972168,1138792207,3.191,-9.137,1.527,0.000,0.000,0.000,-222396
0.8176448345184326,1138795427,3.191,-9.137,1.527,0.000,0.000,0.000,-222706
0.8178000450134277,1138801861,3.191,-9.098,1.492,0.000,0.000,0.000,-222574
0.8179590702056885,1138806081,3.191,-9.098,1.492,0.000,0.000,0.000,-223134
0.8181099891662598,1138811513,3.152,-9.094,1.453,0.000,0.000,0.000,-222994
0.8182611465454102,1138816947,3.191,-9.098,1.492,0.000,0.000,0.000,-222582
0.8184120655059814,1138821167,3.191,-9.098,1.492,0.000,0.000,0.000,-222661
0.8185629844665527,1138827600,3.191,-9.098,1.492,0.000,0.000,0.000,-223436
0.818713903427124,1138830820,3.191,-9.098,1.527,0.000,0.000,0.000,-221441
0.8188691139221191,1138838253,3.191,-9.098,1.527,0.000,0.000,0.000,-222583
0.8190290927886963,1138842473,3.191,-9.098,1.453,0.000,0.000,0.000,-222248
0.8208580017089844,1138845694,3.191,-9.098,1.453,0.000,0.000,0.000,-222554
0.8501029014587402,1138852126,3.191,-9.098,1.453,0.000,0.000,0.000,-222066
0.8502840995788574,1138856346,3.191,-9.098,1.453,0.000,0.000,0.000,-223000
0.8504400253295898,1138861780,3.152,-9.094,1.492,0.000,0.000,0.000,-222270
0.8505938053131104,1138866002,3.152,-9.094,1.453,0.000,0.000,0.000,-222368
0.8507468700408936,1138872436,3.152,-9.094,1.453,0.000,0.000,0.000,-222794
0.8509011268615723,1138876657,3.152,-9.094,1.453,0.000,0.000,0.000,-221739
0.8550522327423096,1138882090,3.152,-9.094,1.492,0.000,0.000,0.000,-222480
0.888516902923584,1138885311,3.191,-9.098,1.527,0.000,0.000,0.000,-222380
0.9233920574188232,1138890744,3.191,-9.055,1.492,0.000,0.000,0.000,-221957
0.9481191635131836,1138897176,3.191,-9.055,1.492,0.000,0.000,0.000,-223048
0.9482920169830322,1138901396,3.191,-9.098,1.414,0.000,0.000,0.000,-222131
0.9484460353851318,1138907828,3.191,-9.098,1.414,0.000,0.000,0.000,-222751
0.9485988616943359,1138912048,3.191,-9.098,1.414,0.000,0.000,0.000,-222772
0.9487528800964355,1138916268,3.152,-9.094,1.527,0.000,0.000,0.000,-222587
0.9489040374755859,1138921700,3.152,-9.094,1.527,0.000,0.000,0.000,-223391
0.9490561485290527,1138928133,3.191,-9.098,1.527,0.000,0.000,0.000,-222799
0.9492089748382568,1138931353,3.191,-9.098,1.527,0.000,0.000,0.000,-222128
0.9493610858917236,1138936786,3.191,-9.098,1.527,0.000,0.000,0.000,-223070
0.9495129585266113,1138941007,3.191,-9.137,1.492,0.000,0.000,0.000,-222631
0.9496669769287109,1138947440,3.191,-9.137,1.492,0.000,0.000,0.000,-222127
0.9498260021209717,1138950660,3.191,-9.137,1.492,0.000,0.000,0.000,-222277
0.9499800205230713,1138957092,3.191,-9.137,1.492,0.000,0.000,0.000,-222643
0.9501321315765381,1138961312,3.191,-9.098,1.453,0.000,0.000,0.000,-222790
0.9502849578857422,1138966745,3.191,-9.098,1.453,0.000,0.000,0.000,-222539
0.9504420757293701,1138972178,3.191,-9.098,1.453,0.000,0.000,0.000,-222072
0.9505958557128906,1138976399,3.191,-9.098,1.453,0.000,0.000,0.000,-223013
0.9547851085662842,1138980619,3.152,-9.094,1.527,0.000,0.000,0.000,-222431
0.9589509963989258,1138987054,3.152,-9.094,1.527,0.000,0.000,0.000,-222328
0.9807560443878174,1138991274,3.191,-9.098,1.492,0.000,0.000,0.000,-222367
0.9809350967407227,1138996707,3.191,-9.098,1.492,0.000,0.000,0.000,-223043
0.9810881614685059,1139000927,3.191,-9.098,1.453,0.000,0.000,0.000,-223167
0.981238842010498,1139007360,3.191,-9.098,1.453,0.000,0.000,0.000,-222468
0.9858131408691406,1139010580,3.191,-9.098,1.453,0.000,0.000,0.000,-222913
0.9889919757843018,1139018013,3.191,-9.098,1.453,0.000,0.000,0.000,-222691
0.9964499473571777,1139022233,3.191,-9.098,1.453,0.000,0.000,0.000,-222710
1.015336036682129,1139025454,3.191,-9.098,1.453,0.000,0.000,0.000,-222825
1.015531063079834,1139031888,3.191,-9.098,1.453,0.000,0.000,0.000,-222414
1.015704870223999,1139036108,3.191,-9.098,1.527,0.000,0.000,0.000,-222721
1.0158579349517822,1139042542,3.191,-9.098,1.527,0.000,0.000,0.000,-222120
1.0208888053894043,1139045762,3.152,-9.094,1.527,0.000,0.000,0.000,-222865
1.0240979194641113,1139052194,3.191,-9.098,1.492,0.000,0.000,0.000,-222470
1.0306048393249512,1139055414,3.191,-9.098,1.492,0.000,0.000,0.000,-222194
1.049544095993042,1139061847,3.191,-9.098,1.492,0.000,0.000,0.000,-222764
1.0497198104858398,1139066067,3.152,-9.059,1.453,0.000,0.000,0.000,-222565
1.049872875213623,1139071500,3.152,-9.094,1.492,0.000,0.000,0.000,-223309
1.0500249862670898,1139075720,3.152,-9.094,1.492,0.000,0.000,0.000,-222471
1.055185079574585,1139082152,3.152,-9.094,1.492,0.000,0.000,0.000,-222099
1.0605158805847168,1139086372,3.191,-9.094,1.566,0.000,0.000,0.000,-223287
1.0647120475769043,1139092805,3.191,-9.094,1.566,0.000,0.000,0.000,-222841
1.1044178009033203,1139097026,3.191,-9.094,1.566,0.000,0.000,0.000,-222254
1.1485679149627686,1139100246,3.191,-9.098,1.492,0.000,0.000,0.000,-222557
1.1833460330963135,1139106678,3.191,-9.098,1.453,0.000,0.000,0.000,-222475
1.2140891551971436,1139113111,3.191,-9.098,1.453,0.000,0.000,0.000,-222871
1.2142329216003418,1139116332,3.191,-9.098,1.453,0.000,0.000,0.000,-223124
1.2143640518188477,1139123765,3.191,-9.098,1.453,0.000,0.000,0.000,-222331
1.2144851684570312,1139126985,3.191,-9.094,1.566,0.000,0.000,0.000,-222401
1.214615821838379,1139130206,3.191,-9.094,1.566,0.000,0.000,0.000,-222793
1.214735984802246,1139136639,3.191,-9.094,1.566,0.000,0.000,0.000,-222896
1.2148590087890625,1139143071,3.191,-9.137,1.492,0.000,0.000,0.000,-222404
1.2149851322174072,1139146291,3.152,-9.094,1.492,0.000,0.000,0.000,-222557
1.2151057720184326,1139151724,3.152,-9.094,1.492,0.000,0.000,0.000,-222908
1.215238094329834,1139157157,3.191,-9.098,1.492,0.000,0.000,0.000,-222494
1.2153701782226562,1139161378,3.191,-9.098,1.453,0.000,0.000,0.000,-223292
1.21549391746521,1139167812,3.191,-9.098,1.453,0.000,0.000,0.000,-221852
1.21561598777771,1139172033,3.191,-9.098,1.453,0.000,0.000,0.000,-222864
1.21573805809021,1139175253,3.191,-9.098,1.527,0.000,0.000,0.000,-222507
1.2158589363098145,1139181685,3.191,-9.098,1.492,0.000,0.000,0.000,-222626
1.215980052947998,1139188118,3.191,-9.098,1.492,0.000,0.000,0.000,-222458
1.2161009311676025,1139191339,3.227,-9.094,1.492,0.000,0.000,0.000,-222873
1.216238021850586,1139195559,3.227,-9.094,1.492,0.000,0.000,0.000,-223021
1.216357946395874,1139201992,3.191,-9.055,1.414,0.000,0.000,0.000,-222607
1.2164790630340576,1139205213,3.191,-9.055,1.414,0.000,0.000,0.000,-222479
1.216599941253662,1139211646,3.191,-9.098,1.492,0.000,0.000,0.000,-222551
1.2167198657989502,1139215866,3.191,-9.098,1.492,0.000,0.000,0.000,-223185
1.249729871749878,1139222299,3.191,-9.098,1.492,0.000,0.000,0.000,-223039
1.2498908042907715,1139226520,3.191,-9.098,1.492,0.000,0.000,0.000,-222923
1.2500271797180176,1139232954,3.152,-9.059,1.492,0.000,0.000,0.000,-222692
1.250162124633789,1139237174,3.191,-9.098,1.492,0.000,0.000,0.000,-222534
1.2835321426391602,1139240394,3.191,-9.098,1.492,0.000,0.000,0.000,-222320
1.3183670043945312,1139246828,3.191,-9.098,1.492,0.000,0.000,0.000,-222095
1.3494770526885986,1139250048,3.152,-9.059,1.453,0.000,0.000,0.000,-221409
1.3496530055999756,1139256481,3.152,-9.059,1.453,0.000,0.000,0.000,-221697
1.3498010635375977,1139260702,3.191,-9.098,1.492,0.000,0.000,0.000,-222093
1.3499360084533691,1139267135,3.191,-9.098,1.492,0.000,0.000,0.000,-222652
1.3501110076904297,1139270355,3.191,-9.098,1.527,0.000,0.000,0.000,-222083
1.3502440452575684,1139277787,3.191,-9.098,1.527,0.000,0.000,0.000,-222775
1.3503849506378174,1139282008,3.191,-9.098,1.527,0.000,0.000,0.000,-222848
1.3505208492279053,1139287440,3.191,-9.098,1.492,0.000,0.000,0.000,-222722
1.3506550788879395,1139290660,3.191,-9.098,1.453,0.000,0.000,0.000,-222579
1.3507988452911377,1139298092,3.191,-9.098,1.453,0.000,0.000,0.000,-222491
1.3509330749511719,1139301312,3.191,-9.098,1.453,0.000,0.000,0.000,-222653
1.3510680198669434,1139308744,3.191,-9.098,1.453,0.000,0.000,0.000,-222697
1.3512029647827148,1139311964,3.191,-9.098,1.492,0.000,0.000,0.000,-223102
1.3513381481170654,1139315185,3.191,-9.098,1.492,0.000,0.000,0.000,-222204
1.3514719009399414,1139322617,3.191,-9.098,1.527,0.000,0.000,0.000,-222671
1.3516077995300293,1139325837,3.191,-9.098,1.527,0.000,0.000,0.000,-221910
1.3517670631408691,1139332269,3.191,-9.098,1.527,0.000,0.000,0.000,-221696
1.385612964630127,1139336490,3.191,-9.098,1.527,0.000,0.000,0.000,-222174
1.4180891513824463,1139341922,3.191,-9.098,1.453,0.000,0.000,0.000,-222280
1.4182591438293457,1139346143,3.152,-9.094,1.453,0.000,0.000,0.000,-222719
1.418412208557129,1139352576,3.152,-9.094,1.453,0.000,0.000,0.000,-221945
1.418576955795288,1139356797,3.152,-9.094,1.453,0.000,0.000,0.000,-222777
1.4187281131744385,1139362230,3.191,-9.098,1.492,0.000,0.000,0.000,-222558
1.4188799858093262,1139365451,3.152,-9.094,1.492,0.000,0.000,0.000,-222731
1.4190349578857422,1139371884,3.152,-9.094,1.527,0.000,0.000,0.000,-222514
1.452279806137085,1139377316,3.152,-9.094,1.527,0.000,0.000,0.000,-223323
1.4524528980255127,1139381536,3.191,-9.098,1.492,0.000,0.000,0.000,-222999
1.4872310161590576,1139387954,3.191,-9.098,1.492,0.000,0.000,0.000,-223254
1.5256447792053223,1139391175,3.191,-9.098,1.492,0.000,0.000,0.000,-222899
1.5568299293518066,1139396608,3.191,-9.098,1.492,0.000,0.000,0.000,-222792
1.5570461750030518,1139400829,3.152,-9.094,1.492,0.000,0.000,0.000,-223028
1.5572230815887451,1139408246,3.152,-9.094,1.492,0.000,0.000,0.000,-222392
1.557426929473877,1139411466,3.152,-9.094,1.492,0.000,0.000,0.000,-222888
1.557610034942627,1139416899,3.152,-9.094,1.492,0.000,0.000,0.000,-223118
1.557785987854004,1139421120,3.227,-9.094,1.492,0.000,0.000,0.000,-222533
1.5579750537872314,1139427537,3.227,-9.094,1.492,0.000,0.000,0.000,-222406
1.558150053024292,1139431758,3.227,-9.094,1.492,0.000,0.000,0.000,-222606
1.5583388805389404,1139437191,3.227,-9.094,1.527,0.000,0.000,0.000,-223060
1.5585150718688965,1139441411,3.191,-9.098,1.453,0.000,0.000,0.000,-222233
1.558689832687378,1139446845,3.191,-9.098,1.453,0.000,0.000,0.000,-222358
1.5588769912719727,1139453279,3.191,-9.098,1.453,0.000,0.000,0.000,-221969
1.559053897857666,1139456499,3.191,-9.098,1.453,0.000,0.000,0.000,-222945
1.5926330089569092,1139460719,3.152,-9.094,1.492,0.000,0.000,0.000,-222901
1.6238789558410645,1139467152,3.152,-9.094,1.492,0.000,0.000,0.000,-222455
1.6240689754486084,1139470373,3.152,-9.094,1.527,0.000,0.000,0.000,-223316
1.624222993850708,1139476805,3.152,-9.094,1.527,0.000,0.000,0.000,-222433
1.6243789196014404,1139481025,3.191,-9.098,1.492,0.000,0.000,0.000,-222531
1.6245458126068115,1139487458,3.191,-9.055,1.453,0.000,0.000,0.000,-222372
1.6247010231018066,1139490678,3.191,-9.055,1.453,0.000,0.000,0.000,-222139
1.6248679161071777,1139497110,3.191,-9.055,1.453,0.000,0.000,0.000,-223252
1.6250240802764893,1139500330,3.152,-9.094,1.492,0.000,0.000,0.000,-222929
1.6251890659332275,1139506764,3.152,-9.094,1.492,0.000,0.000,0.000,-222418
1.6253421306610107,1139513198,3.191,-9.098,1.492,0.000,0.000,0.000,-223712
1.6254990100860596,1139517418,3.191,-9.098,1.492,0.000,0.000,0.000,-222329
1.6256659030914307,1139521638,3.191,-9.098,1.492,0.000,0.000,0.000,-222782
1.6258220672607422,1139528072,3.191,-9.098,1.527,0.000,0.000,0.000,-223232
1.6259829998016357,1139531293,3.152,-9.094,1.492,0.000,0.000,0.000,-222852
1.6574969291687012,1139538725,3.152,-9.094,1.492,0.000,0.000,0.000,-222711
1.657670021057129,1139542946,3.191,-9.098,1.492,0.000,0.000,0.000,-223280
1.6578309535980225,1139546166,3.191,-9.098,1.492,0.000,0.000,0.000,-222495
1.6579809188842773,1139552599,3.191,-9.098,1.492,0.000,0.000,0.000,-222616
1.6581451892852783,1139556819,3.191,-9.098,1.492,0.000,0.000,0.000,-222257
1.6582989692687988,1139562252,3.191,-9.098,1.492,0.000,0.000,0.000,-222423
1.6584630012512207,1139566472,3.191,-9.098,1.492,0.000,0.000,0.000,-222152
1.6586198806762695,1139572905,3.191,-9.098,1.492,0.000,0.000,0.000,-222578
1.6587741374969482,1139577126,3.191,-9.098,1.492,0.000,0.000,0.000,-222330
1.658940076828003,1139580346,3.227,-9.094,1.527,0.000,0.000,0.000,-223856
1.6591010093688965,1139586778,3.191,-9.098,1.492,0.000,0.000,0.000,-222665
1.65926194190979,1139593210,3.191,-9.098,1.492,0.000,0.000,0.000,-221920
1.6594152450561523,1139597431,3.191,-9.098,1.492,0.000,0.000,0.000,-222533
1.6906859874725342,1139601651,3.191,-9.098,1.527,0.000,0.000,0.000,-221850
1.6908700466156006,1139608083,3.191,-9.098,1.527,0.000,0.000,0.000,-222446
1.6910369396209717,1139612303,3.191,-9.098,1.492,0.000,0.000,0.000,-222999
1.6912038326263428,1139617737,3.191,-9.098,1.492,0.000,0.000,0.000,-223171
1.691359043121338,1139621957,3.191,-9.098,1.527,0.000,0.000,0.000,-222436
1.6915240287780762,1139625177,3.191,-9.098,1.527,0.000,0.000,0.000,-222103
1.692600965499878,1139631609,3.191,-9.098,1.527,0.000,0.000,0.000,-223584
1.6929738521575928,1139637042,3.152,-9.094,1.492,0.000,0.000,0.000,-222225
1.7127161026000977,1139641263,3.152,-9.094,1.492,0.000,0.000,0.000,-222143
1.7128360271453857,1139647697,3.152,-9.094,1.492,0.000,0.000,0.000,-222531
1.7130799293518066,1139650917,3.152,-9.094,1.492,0.000,0.000,0.000,-222833
1.7133479118347168,1139657349,3.191,-9.137,1.492,0.000,0.000,0.000,-222462
1.7136120796203613,1139661570,3.191,-9.098,1.492,0.000,0.000,0.000,-222365
1.7137291431427002,1139667002,3.191,-9.098,1.492,0.000,0.000,0.000,-222805
1.7138152122497559,1139672434,3.227,-9.133,1.492,0.000,0.000,0.000,-222967
1.7139270305633545,1139676655,3.227,-9.133,1.492,0.000,0.000,0.000,-222457
1.71412992477417,1139680875,3.191,-9.137,1.492,0.000,0.000,0.000,-223237
1.7142620086669922,1139688292,3.191,-9.137,1.492,0.000,0.000,0.000,-222715
1.7143487930297852,1139691512,3.191,-9.055,1.492,0.000,0.000,0.000,-223047
1.7144339084625244,1139698944,3.191,-9.055,1.492,0.000,0.000,0.000,-222263
1.7145190238952637,1139702165,3.191,-9.055,1.492,0.000,0.000,0.000,-222081
1.7146048545837402,1139706385,3.191,-9.098,1.492,0.000,0.000,0.000,-222069
1.7146871089935303,1139712818,3.191,-9.098,1.492,0.000,0.000,0.000,-223649
1.714773178100586,1139716038,3.191,-9.098,1.492,0.000,0.000,0.000,-223129
1.7148702144622803,1139722472,3.191,-9.098,1.527,0.000,0.000,0.000,-222880
1.7149529457092285,1139726693,3.191,-9.098,1.527,0.000,0.000,0.000,-222488
1.7150359153747559,1139732125,3.191,-9.098,1.527,0.000,0.000,0.000,-222730
1.7151200771331787,1139736345,3.152,-9.133,1.492,0.000,0.000,0.000,-223401
1.715202808380127,1139741778,3.152,-9.133,1.492,0.000,0.000,0.000,-222073
1.7200610637664795,1139747210,3.152,-9.094,1.492,0.000,0.000,0.000,-222801
1.7255151271820068,1139751431,3.227,-9.094,1.492,0.000,0.000,0.000,-222632
1.729740858078003,1139758863,3.227,-9.094,1.492,0.000,0.000,0.000,-222946
1.7880380153656006,1139763084,3.191,-9.098,1.492,0.000,0.000,0.000,-222371
1.8163869380950928,1139766304,3.191,-9.098,1.492,0.000,0.000,0.000,-221881
1.816519021987915,1139772737,3.191,-9.098,1.492,0.000,0.000,0.000,-222202
1.8166418075561523,1139776958,3.191,-9.098,1.492,0.000,0.000,0.000,-221503
1.8167681694030762,1139782392,3.191,-9.098,1.527,0.000,0.000,0.000,-222549
1.816890001296997,1139786613,3.191,-9.098,1.492,0.000,0.000,0.000,-222888
1.8170111179351807,1139793046,3.191,-9.098,1.492,0.000,0.000,0.000,-222570
1.8171322345733643,1139797266,3.191,-9.098,1.492,0.000,0.000,0.000,-222776
1.8172528743743896,1139802699,3.191,-9.098,1.453,0.000,0.000,0.000,-222702
1.817389965057373,1139806920,3.191,-9.098,1.492,0.000,0.000,0.000,-222592
1.8175110816955566,1139812353,3.191,-9.098,1.492,0.000,0.000,0.000,-222628
1.817633867263794,1139816573,3.227,-9.094,1.527,0.000,0.000,0.000,-222867
1.8177549839019775,1139823005,3.227,-9.094,1.527,0.000,0.000,0.000,-222823
1.8178751468658447,1139826225,3.191,-9.098,1.527,0.000,0.000,0.000,-222030
1.817997932434082,1139832659,3.191,-9.098,1.527,0.000,0.000,0.000,-222460
1.818120002746582,1139836879,3.191,-9.098,1.527,0.000,0.000,0.000,-222618
1.8182427883148193,1139841099,3.191,-9.098,1.492,0.000,0.000,0.000,-223305
1.819472074508667,1139848531,3.191,-9.098,1.492,0.000,0.000,0.000,-221547
1.8269109725952148,1139851751,3.191,-9.098,1.492,0.000,0.000,0.000,-222363
1.8488430976867676,1139857184,3.191,-9.098,1.527,0.000,0.000,0.000,-222327
1.8490049839019775,1139861404,3.152,-9.133,1.492,0.000,0.000,0.000,-222822
1.8491401672363281,1139867836,3.152,-9.133,1.492,0.000,0.000,0.000,-222371
1.849273920059204,1139872056,3.152,-9.133,1.492,0.000,0.000,0.000,-222337
1.8504860401153564,1139877490,3.152,-9.094,1.492,0.000,0.000,0.000,-222909
1.8558869361877441,1139881711,3.152,-9.094,1.492,0.000,0.000,0.000,-222761
1.8600919246673584,1139887145,3.152,-9.094,1.492,0.000,0.000,0.000,-222659
1.8655669689178467,1139892577,3.152,-9.094,1.453,0.000,0.000,0.000,-221762
1.8819139003753662,1139896798,3.152,-9.094,1.453,0.000,0.000,0.000,-222367
1.8820750713348389,1139901020,3.191,-9.098,1.492,0.000,0.000,0.000,-222981
1.8822119235992432,1139907452,3.191,-9.098,1.492,0.000,0.000,0.000,-223362
1.885822057723999,1139911885,3.191,-9.098,1.527,0.000,0.000,0.000,-222237
1.8903110027313232,1139915106,3.191,-9.098,1.527,0.000,0.000,0.000,-222810
1.8935461044311523,1139921539,3.191,-9.098,1.492,0.000,0.000,0.000,-222334
1.8999500274658203,1139927971,3.191,-9.098,1.492,0.000,0.000,0.000,-222216
1.918097972869873,1139931192,3.191,-9.098,1.527,0.000,0.000,0.000,-222328
1.9182510375976562,1139936412,3.191,-9.098,1.527,0.000,0.000,0.000,-223053
1.9183881282806396,1139943846,3.191,-9.098,1.527,0.000,0.000,0.000,-222688
1.9222538471221924,1139947066,3.191,-9.098,1.527,0.000,0.000,0.000,-222121
1.9254980087280273,1139950286,3.191,-9.098,1.527,0.000,0.000,0.000,-222327
1.928717851638794,1139956718,3.152,-9.094,1.492,0.000,0.000,0.000,-222858
1.9351871013641357,1139960938,3.191,-9.098,1.492,0.000,0.000,0.000,-222498
1.949674129486084,1139966371,3.191,-9.098,1.492,0.000,0.000,0.000,-222756
1.9498310089111328,1139972805,3.191,-9.098,1.492,0.000,0.000,0.000,-222388
1.9512369632720947,1139977026,3.152,-9.094,1.492,0.000,0.000,0.000,-222567
1.9553959369659424,1139982458,3.152,-9.094,1.492,0.000,0.000,0.000,-222504
1.9609110355377197,1139985679,3.191,-9.055,1.527,0.000,0.000,0.000,-222766
1.9641261100769043,1139992112,3.191,-9.098,1.492,0.000,0.000,0.000,-222473
1.9705660343170166,1139996332,3.191,-9.098,1.492,0.000,0.000,0.000,-222267
1.984792947769165,1140002764,3.191,-9.098,1.492,0.000,0.000,0.000,-222168
1.9849610328674316,1140006985,3.191,-9.098,1.527,0.000,0.000,0.000,-223063
1.9853458404541016,1140013418,3.191,-9.098,1.527,0.000,0.000,0.000,-222663
1.9918489456176758,1140017638,3.191,-9.098,1.527,0.000,0.000,0.000,-223475
1.996062994003296,1140020858,3.191,-9.098,1.527,0.000,0.000,0.000,-223430
1.9992961883544922,1140027291,3.191,-9.098,1.492,0.000,0.000,0.000,-222371
2.0057759284973145,1140030511,3.191,-9.098,1.492,0.000,0.000,0.000,-223026
2.017303943634033,1140036943,3.191,-9.098,1.492,0.000,0.000,0.000,-221824
2.0174920558929443,1140040164,3.191,-9.098,1.453,0.000,0.000,0.000,-222459
2.018548011779785,1140047597,3.191,-9.098,1.527,0.000,0.000,0.000,-222623
2.025979995727539,1140050817,3.191,-9.098,1.527,0.000,0.000,0.000,-222778
2.029201030731201,1140058249,3.191,-9.098,1.527,0.000,0.000,0.000,-222422
2.0367519855499268,1140062470,3.191,-9.055,1.492,0.000,0.000,0.000,-222286
2.0408120155334473,1140065690,3.191,-9.055,1.492,0.000,0.000,0.000,-221954
2.0846941471099854,1140072122,3.191,-9.055,1.492,0.000,0.000,0.000,-222082
2.1209850311279297,1140075343,3.152,-9.094,1.527,0.000,0.000,0.000,-222646
2.15236496925354,1140082776,3.152,-9.094,1.453,0.000,0.000,0.000,-222598
2.152535915374756,1140085996,3.152,-9.094,1.453,0.000,0.000,0.000,-222885
2.152688980102539,1140092429,3.152,-9.094,1.453,0.000,0.000,0.000,-222176
2.1528499126434326,1140096649,3.191,-9.098,1.527,0.000,0.000,0.000,-222667
2.153001070022583,1140104081,3.191,-9.098,1.492,0.000,0.000,0.000,-222397
2.153151035308838,1140107301,3.191,-9.098,1.492,0.000,0.000,0.000,-222013
2.1533048152923584,1140112735,3.191,-9.098,1.492,0.000,0.000,0.000,-222485
2.1534581184387207,1140116956,3.191,-9.098,1.492,0.000,0.000,0.000,-222662
2.153609037399292,1140121177,3.191,-9.055,1.527,0.000,0.000,0.000,-222052
2.1537601947784424,1140128610,3.191,-9.055,1.527,0.000,0.000,0.000,-222375
2.1539108753204346,1140131830,3.191,-9.098,1.492,0.000,0.000,0.000,-222128
2.154062032699585,1140135050,3.191,-9.098,1.492,0.000,0.000,0.000,-222958
2.1542160511016846,1140141484,3.152,-9.094,1.492,0.000,0.000,0.000,-222482
2.1543681621551514,1140146916,3.152,-9.094,1.492,0.000,0.000,0.000,-222055
2.1848621368408203,1140153348,3.191,-9.137,1.527,0.000,0.000,0.000,-222078
2.1850409507751465,1140156568,3.191,-9.137,1.527,0.000,0.000,0.000,-222229
2.185195207595825,1140162987,3.191,-9.098,1.492,0.000,0.000,0.000,-222662
2.185346841812134,1140166207,3.191,-9.098,1.492,0.000,0.000,0.000,-221948
2.1854989528656006,1140172640,3.191,-9.098,1.492,0.000,0.000,0.000,-221733
2.185650110244751,1140176860,3.152,-9.094,1.527,0.000,0.000,0.000,-222668
2.1858019828796387,1140183278,3.152,-9.094,1.527,0.000,0.000,0.000,-222826
2.185953140258789,1140186498,3.152,-9.094,1.527,0.000,0.000,0.000,-223030
2.1861038208007812,1140192931,3.191,-9.098,1.492,0.000,0.000,0.000,-223285
2.186264991760254,1140197151,3.191,-9.098,1.492,0.000,0.000,0.000,-222798
2.1864101886749268,1140202585,3.191,-9.098,1.492,0.000,0.000,0.000,-222419
2.186547040939331,1140208017,3.191,-9.098,1.492,0.000,0.000,0.000,-222564
2.1866819858551025,1140212237,3.152,-9.094,1.527,0.000,0.000,0.000,-222459
2.1905879974365234,1140218669,3.152,-9.094,1.527,0.000,0.000,0.000,-222864
2.218909978866577,1140221889,3.152,-9.094,1.527,0.000,0.000,0.000,-221850
2.2190921306610107,1140225109,3.191,-9.137,1.453,0.000,0.000,0.000,-222828
2.2192530632019043,1140231542,3.191,-9.098,1.453,0.000,0.000,0.000,-222179
2.2194089889526367,1140238975,3.191,-9.098,1.453,0.000,0.000,0.000,-222014
2.2195658683776855,1140243195,3.191,-9.098,1.527,0.000,0.000,0.000,-222610
2.2215840816497803,1140246417,3.191,-9.098,1.527,0.000,0.000,0.000,-222172
2.2247560024261475,1140252850,3.191,-9.098,1.527,0.000,0.000,0.000,-222093
2.250978946685791,1140257071,3.191,-9.098,1.527,0.000,0.000,0.000,-222039
2.2511579990386963,1140262503,3.191,-9.094,1.566,0.000,0.000,0.000,-222219
2.251323938369751,1140266723,3.152,-9.094,1.492,0.000,0.000,0.000,-223158
2.2514798641204834,1140273158,3.152,-9.094,1.492,0.000,0.000,0.000,-222176
2.25163197517395,1140277379,3.152,-9.094,1.492,0.000,0.000,0.000,-223355
2.2557709217071533,1140282812,3.152,-9.094,1.453,0.000,0.000,0.000,-222719
2.261245012283325,1140286032,3.152,-9.094,1.527,0.000,0.000,0.000,-221686
2.2848238945007324,1140291465,3.191,-9.133,1.566,0.000,0.000,0.000,-222065
2.285022020339966,1140297897,3.191,-9.133,1.566,0.000,0.000,0.000,-222440
2.2851998805999756,1140302117,3.191,-9.098,1.527,0.000,0.000,0.000,-222040
2.2853760719299316,1140305337,3.191,-9.098,1.527,0.000,0.000,0.000,-223289
2.2855520248413086,1140311771,3.191,-9.098,1.527,0.000,0.000,0.000,-221916
2.290166139602661,1140318204,3.191,-9.098,1.492,0.000,0.000,0.000,-222888
2.296658992767334,1140322425,3.152,-9.094,1.453,0.000,0.000,0.000,-222527
2.3211569786071777,1140325645,3.152,-9.094,1.453,0.000,0.000,0.000,-222611
2.321331024169922,1140332077,3.152,-9.094,1.453,0.000,0.000,0.000,-222160
2.3214848041534424,1140337509,3.191,-9.098,1.492,0.000,0.000,0.000,-222840
2.3216400146484375,1140341730,3.191,-9.098,1.527,0.000,0.000,0.000,-222561
2.3217930793762207,1140348162,3.191,-9.098,1.527,0.000,0.000,0.000,-222568
2.3265490531921387,1140352383,3.191,-9.098,1.492,0.000,0.000,0.000,-221754
2.3308591842651367,1140357801,3.191,-9.098,1.492,0.000,0.000,0.000,-223292
2.351501941680908,1140362021,3.191,-9.098,1.492,0.000,0.000,0.000,-222330
2.3516759872436523,1140367453,3.191,-9.098,1.492,0.000,0.000,0.000,-222499
2.35184383392334,1140373885,3.191,-9.137,1.453,0.000,0.000,0.000,-222115
2.352236032485962,1140377105,3.191,-9.137,1.453,0.000,0.000,0.000,-222507
2.3555212020874023,1140381326,3.227,-9.059,1.527,0.000,0.000,0.000,-222854
2.359724998474121,1140387760,3.227,-9.059,1.527,0.000,0.000,0.000,-222452
2.366198778152466,1140390980,3.191,-9.137,1.492,0.000,0.000,0.000,-222746
2.386584997177124,1140397412,3.191,-9.137,1.492,0.000,0.000,0.000,-223085
2.3867859840393066,1140401633,3.191,-9.098,1.527,0.000,0.000,0.000,-222169
2.3869788646698,1140408065,3.191,-9.098,1.492,0.000,0.000,0.000,-223329
2.3871560096740723,1140411285,3.191,-9.098,1.492,0.000,0.000,0.000,-222401
2.3897061347961426,1140417717,3.191,-9.098,1.492,0.000,0.000,0.000,-221963
2.396233081817627,1140420938,3.191,-9.098,1.492,0.000,0.000,0.000,-222709
2.399425983428955,1140427371,3.191,-9.098,1.492,0.000,0.000,0.000,-222342
2.4058499336242676,1140430591,3.191,-9.098,1.492,0.000,0.000,0.000,-223137
2.418743848800659,1140438025,3.191,-9.098,1.492,0.000,0.000,0.000,-222127
2.4189469814300537,1140443246,3.191,-9.098,1.492,0.000,0.000,0.000,-222261
2.4216790199279785,1140446466,3.152,-9.094,1.492,0.000,0.000,0.000,-222648
2.4249141216278076,1140452899,3.191,-9.098,1.492,0.000,0.000,0.000,-222512
2.431349039077759,1140457119,3.191,-9.098,1.492,0.000,0.000,0.000,-222683
2.43558406829834,1140460339,3.191,-9.098,1.492,0.000,0.000,0.000,-222393
2.4388198852539062,1140467771,3.152,-9.094,1.492,0.000,0.000,0.000,-222309
2.4462850093841553,1140471991,3.152,-9.094,1.492,0.000,0.000,0.000,-222073
2.4923558235168457,1140478425,3.152,-9.094,1.492,0.000,0.000,0.000,-222869
2.523858070373535,1140481645,3.152,-9.094,1.492,0.000,0.000,0.000,-222636
2.524049997329712,1140488078,3.191,-9.098,1.453,0.000,0.000,0.000,-221962
2.524225950241089,1140491298,3.152,-9.094,1.527,0.000,0.000,0.000,-222644
2.524401903152466,1140498730,3.152,-9.094,1.527,0.000,0.000,0.000,-222549
2.5245778560638428,1140502951,3.152,-9.094,1.527,0.000,0.000,0.000,-221714
2.524754047393799,1140506171,3.152,-9.094,1.527,0.000,0.000,0.000,-222707
2.524930953979492,1140512603,3.152,-9.094,1.527,0.000,0.000,0.000,-222529
2.5251059532165527,1140515824,3.191,-9.098,1.492,0.000,0.000,0.000,-222583
2.5252838134765625,1140522256,3.152,-9.094,1.492,0.000,0.000,0.000,-222502
2.525461196899414,1140525477,3.152,-9.094,1.492,0.000,0.000,0.000,-222611
2.5256359577178955,1140532910,3.191,-9.098,1.527,0.000,0.000,0.000,-222775
2.525810956954956,1140535130,3.191,-9.098,1.527,0.000,0.000,0.000,-221967
2.5511581897735596,1140542562,3.152,-9.094,1.492,0.000,0.000,0.000,-222399
2.5513298511505127,1140545783,3.152,-9.094,1.492,0.000,0.000,0.000,-222432
2.551481008529663,1140552217,3.152,-9.094,1.492,0.000,0.000,0.000,-222517
2.5516350269317627,1140557649,3.152,-9.094,1.492,0.000,0.000,0.000,-221939
2.551784038543701,1140561870,3.152,-9.094,1.453,0.000,0.000,0.000,-223146
2.5519378185272217,1140565090,3.152,-9.094,1.453,0.000,0.000,0.000,-223058
2.5520877838134766,1140572522,3.152,-9.094,1.492,0.000,0.000,0.000,-222685
2.552238941192627,1140578955,3.152,-9.094,1.492,0.000,0.000,0.000,-222555
2.5573689937591553,1140584175,3.191,-9.137,1.527,0.000,0.000,0.000,-222445
2.5625340938568115,1140587395,3.191,-9.137,1.527,0.000,0.000,0.000,-222582
2.5850589275360107,1140592828,3.191,-9.137,1.527,0.000,0.000,0.000,-222235
2.5852370262145996,1140597049,3.191,-9.098,1.492,0.000,0.000,0.000,-222711
2.5853919982910156,1140603482,3.191,-9.098,1.492,0.000,0.000,0.000,-223345
2.5855419635772705,1140607703,3.191,-9.098,1.492,0.000,0.000,0.000,-223081
2.586059093475342,1140614135,3.191,-9.137,1.453,0.000,0.000,0.000,-222606
2.592571973800659,1140618355,3.152,-9.133,1.453,0.000,0.000,0.000,-222677
2.5967938899993896,1140621576,3.152,-9.133,1.453,0.000,0.000,0.000,-222309
2.617677927017212,1140628009,3.152,-9.133,1.453,0.000,0.000,0.000,-222142
2.6178529262542725,1140631229,3.191,-9.098,1.492,0.000,0.000,0.000,-222933
2.618007183074951,1140637661,3.191,-9.098,1.492,0.000,0.000,0.000,-222156
2.6181578636169434,1140641881,3.191,-9.098,1.453,0.000,0.000,0.000,-222629
2.62030291557312,1140648314,3.191,-9.098,1.492,0.000,0.000,0.000,-222970
2.626746892929077,1140651534,3.191,-9.098,1.492,0.000,0.000,0.000,-221986
2.629912853240967,1140658967,3.191,-9.098,1.492,0.000,0.000,0.000,-222778
2.637437105178833,1140663188,3.191,-9.098,1.492,0.000,0.000,0.000,-222405
2.6513848304748535,1140666408,3.191,-9.098,1.492,0.000,0.000,0.000,-223145
2.6515631675720215,1140671841,3.191,-9.098,1.492,0.000,0.000,0.000,-223142
2.6517200469970703,1140675061,3.191,-9.098,1.492,0.000,0.000,0.000,-223439
2.653470993041992,1140682493,3.191,-9.098,1.492,0.000,0.000,0.000,-222411
2.6609230041503906,1140686714,3.191,-9.098,1.527,0.000,0.000,0.000,-222837
2.6651649475097656,1140695147,3.191,-9.098,1.492,0.000,0.000,0.000,-223020
2.6736249923706055,1140697367,3.191,-9.098,1.492,0.000,0.000,0.000,-221931
2.6854522228240967,1140700587,3.191,-9.098,1.492,0.000,0.000,0.000,-222483
2.6856448650360107,1140708020,3.191,-9.137,1.453,0.000,0.000,0.000,-222185
2.686476945877075,1140711241,3.191,-9.137,1.453,0.000,0.000,0.000,-222663
2.689656972885132,1140718675,3.191,-9.137,1.453,0.000,0.000,0.000,-222458
2.6971449851989746,1140721895,3.152,-9.094,1.492,0.000,0.000,0.000,-222127
2.700345039367676,1140725100,3.152,-9.094,1.492,0.000,0.000,0.000,-222127
2.7035939693450928,1140731533,3.191,-9.098,1.492,0.000,0.000,0.000,-222399
2.71000599861145,1140737966,3.191,-9.098,1.492,0.000,0.000,0.000,-222746
2.7600979804992676,1140741186,3.191,-9.098,1.492,0.000,0.000,0.000,-222782
2.7954230308532715,1140747619,3.191,-9.098,1.492,0.000,0.000,0.000,-222904
2.824751853942871,1140753051,3.191,-9.098,1.492,0.000,0.000,0.000,-222796
2.824949026107788,1140755272,3.191,-9.098,1.492,0.000,0.000,0.000,-222003
2.8251280784606934,1140762705,3.152,-9.094,1.492,0.000,0.000,0.000,-222521
2.825322151184082,1140765925,3.152,-9.094,1.492,0.000,0.000,0.000,-222653
2.82549786567688,1140772358,3.152,-9.094,1.492,0.000,0.000,0.000,-222311
2.8256731033325195,1140778792,3.152,-9.059,1.527,0.000,0.000,0.000,-222761
2.8258509635925293,1140783012,3.191,-9.098,1.527,0.000,0.000,0.000,-222233
2.8260271549224854,1140786232,3.191,-9.098,1.527,0.000,0.000,0.000,-222019
2.826201915740967,1140792664,3.152,-9.094,1.492,0.000,0.000,0.000,-222603
2.8263771533966064,1140796885,3.152,-9.094,1.492,0.000,0.000,0.000,-222543
2.826569080352783,1140800106,3.152,-9.094,1.492,0.000,0.000,0.000,-222639
2.8267531394958496,1140806538,3.191,-9.098,1.527,0.000,0.000,0.000,-222637
2.8269309997558594,1140812971,3.191,-9.098,1.527,0.000,0.000,0.000,-222386
2.8271100521087646,1140817192,3.152,-9.094,1.453,0.000,0.000,0.000,-222437
2.8272860050201416,1140822627,3.152,-9.094,1.492,0.000,0.000,0.000,-222766
2.8274641036987305,1140828060,3.152,-9.094,1.492,0.000,0.000,0.000,-222216
2.8276398181915283,1140830280,3.191,-9.137,1.492,0.000,0.000,0.000,-222042
2.8278160095214844,1140837713,3.191,-9.137,1.492,0.000,0.000,0.000,-222950
2.827993869781494,1140841933,3.152,-9.094,1.492,0.000,0.000,0.000,-222705
2.828179121017456,1140848366,3.152,-9.094,1.492,0.000,0.000,0.000,-222322
2.8283588886260986,1140851587,3.152,-9.094,1.492,0.000,0.000,0.000,-222237
2.8299779891967773,1140858020,3.152,-9.094,1.492,0.000,0.000,0.000,-223132
2.850656032562256,1140862240,3.152,-9.094,1.492,0.000,0.000,0.000,-222427
2.8508260250091553,1140868674,3.191,-9.098,1.492,0.000,0.000,0.000,-222145
2.850982904434204,1140871894,3.191,-9.098,1.492,0.000,0.000,0.000,-222199
2.851137161254883,1140875115,3.191,-9.098,1.492,0.000,0.000,0.000,-222461
2.853550910949707,1140883547,3.191,-9.098,1.492,0.000,0.000,0.000,-222562
2.8619840145111084,1140886767,3.191,-9.098,1.492,0.000,0.000,0.000,-223132
2.865194082260132,1140893200,3.191,-9.098,1.492,0.000,0.000,0.000,-222777
2.8842289447784424,1140897420,3.191,-9.098,1.492,0.000,0.000,0.000,-222786
2.884398937225342,1140903853,3.191,-9.098,1.492,0.000,0.000,0.000,-222250
2.8845510482788086,1140907074,3.191,-9.098,1.492,0.000,0.000,0.000,-223346
2.885464906692505,1140910294,3.191,-9.098,1.492,0.000,0.000,0.000,-222965
2.8886940479278564,1140917726,3.191,-9.098,1.453,0.000,0.000,0.000,-222212
2.8961758613586426,1140920946,3.191,-9.098,1.453,0.000,0.000,0.000,-222973
2.899367094039917,1140928379,3.191,-9.098,1.527,0.000,0.000,0.000,-222293
2.920097827911377,1140931599,3.191,-9.098,1.527,0.000,0.000,0.000,-222426
2.9202687740325928,1140938032,3.191,-9.098,1.527,0.000,0.000,0.000,-223135
2.920423984527588,1140942238,3.191,-9.098,1.492,0.000,0.000,0.000,-223135
2.9205799102783203,1140948670,3.191,-9.098,1.492,0.000,0.000,0.000,-222197
2.9270942211151123,1140951890,3.191,-9.098,1.492,0.000,0.000,0.000,-222032
2.93034291267395,1140956111,3.191,-9.098,1.492,0.000,0.000,0.000,-222943
2.9345638751983643,1140960331,3.191,-9.098,1.492,0.000,0.000,0.000,-222893
2.9526901245117188,1140967763,3.152,-9.094,1.453,0.000,0.000,0.000,-223547
2.9528579711914062,1140970984,3.152,-9.094,1.453,0.000,0.000,0.000,-222216
2.9530141353607178,1140978417,3.152,-9.094,1.453,0.000,0.000,0.000,-222520
2.9568700790405273,1140981638,3.191,-9.098,1.527,0.000,0.000,0.000,-221806
2.9601187705993652,1140988071,3.191,-9.098,1.492,0.000,0.000,0.000,-222634
2.966567039489746,1140990291,3.191,-9.098,1.492,0.000,0.000,0.000,-223157
2.9688239097595215,1140997724,3.191,-9.098,1.453,0.000,0.000,0.000,-223100
2.986708164215088,1141003156,3.191,-9.098,1.453,0.000,0.000,0.000,-222833
2.9869019985198975,1141007376,3.152,-9.094,1.453,0.000,0.000,0.000,-222822
2.987078905105591,1141013809,3.152,-9.094,1.453,0.000,0.000,0.000,-222764
2.992244005203247,1141017029,3.152,-9.094,1.453,0.000,0.000,0.000,-223600
2.9954168796539307,1141023462,3.191,-9.098,1.492,0.000,0.000,0.000,-222949
3.0020289421081543,1141027683,3.191,-9.094,1.566,0.000,0.000,0.000,-222611
3.0061888694763184,1141033116,3.191,-9.094,1.566,0.000,0.000,0.000,-223031
3.022753953933716,1141037337,3.152,-9.094,1.492,0.000,0.000,0.000,-223119
3.0229740142822266,1141040558,3.152,-9.094,1.492,0.000,0.000,0.000,-222376
3.023159980773926,1141047990,3.152,-9.094,1.492,0.000,0.000,0.000,-222374
3.0264580249786377,1141050210,3.191,-9.098,1.453,0.000,0.000,0.000,-222953
3.0286171436309814,1141055430,3.191,-9.098,1.453,0.000,0.000,0.000,-222674
3.033874988555908,1141063862,3.191,-9.098,1.453,0.000,0.000,0.000,-222706
3.042304039001465,1141067083,3.152,-9.094,1.492,0.000,0.000,0.000,-222113
3.0551891326904297,1141076515,3.152,-9.094,1.492,0.000,0.000,0.000,-222546
3.055363893508911,1141078738,3.152,-9.094,1.492,0.000,0.000,0.000,-222786
3.057136058807373,1141081958,3.191,-9.098,1.492,0.000,0.000,0.000,-222853
3.0603249073028564,1141085178,3.191,-9.098,1.492,0.000,0.000,0.000,-222442
3.063538074493408,1141091611,3.227,-9.133,1.492,0.000,0.000,0.000,-222097
3.070068120956421,1141098044,3.227,-9.133,1.492,0.000,0.000,0.000,-223408
3.0764529705047607,1141102264,3.191,-9.098,1.492,0.000,0.000,0.000,-223147
3.0906598567962646,1141108696,3.191,-9.137,1.492,0.000,0.000,0.000,-222530
3.0908329486846924,1141111916,3.191,-9.137,1.492,0.000,0.000,0.000,-223213
3.0909841060638428,1141115136,3.191,-9.137,1.492,0.000,0.000,0.000,-222592
3.093488931655884,1141123570,3.191,-9.137,1.492,0.000,0.000,0.000,-222535
3.101914882659912,1141126790,3.191,-9.098,1.527,0.000,0.000,0.000,-222812
3.1051511764526367,1141133222,3.191,-9.098,1.527,0.000,0.000,0.000,-222308
3.1115379333496094,1141136443,3.191,-9.098,1.527,0.000,0.000,0.000,-222900
3.1406328678131104,1141142876,3.191,-9.098,1.527,0.000,0.000,0.000,-222301
3.1407580375671387,1141145096,3.152,-9.133,1.492,0.000,0.000,0.000,-223287
3.1408541202545166,1141152529,3.152,-9.094,1.527,0.000,0.000,0.000,-223017
3.140949010848999,1141158962,3.152,-9.094,1.527,0.000,0.000,0.000,-222671
3.1410441398620605,1141162182,3.152,-9.094,1.527,0.000,0.000,0.000,-223110
3.1411399841308594,1141165402,3.191,-9.055,1.527,0.000,0.000,0.000,-222846
3.14377498626709,1141172834,3.227,-9.094,1.492,0.000,0.000,0.000,-221948
3.1512551307678223,1141175055,3.227,-9.094,1.492,0.000,0.000,0.000,-222733
3.1834259033203125,1141183487,3.191,-9.098,1.492,0.000,0.000,0.000,-222762
3.183548927307129,1141186707,3.191,-9.098,1.492,0.000,0.000,0.000,-222355
3.183659076690674,1141193140,3.191,-9.098,1.492,0.000,0.000,0.000,-223519
3.1837689876556396,1141196361,3.152,-9.094,1.492,0.000,0.000,0.000,-222364
3.183877944946289,1141202796,3.191,-9.098,1.492,0.000,0.000,0.000,-222843
3.183988094329834,1141207016,3.191,-9.098,1.492,0.000,0.000,0.000,-222425
3.185408115386963,1141210236,3.191,-9.098,1.492,0.000,0.000,0.000,-222132
3.2163100242614746,1141217670,3.191,-9.098,1.527,0.000,0.000,0.000,-222273
3.216447114944458,1141224103,3.191,-9.098,1.527,0.000,0.000,0.000,-223007
3.2165679931640625,1141227323,3.191,-9.098,1.527,0.000,0.000,0.000,-222092
3.2166879177093506,1141233756,3.191,-9.098,1.527,0.000,0.000,0.000,-222954
3.216809034347534,1141237976,3.191,-9.098,1.527,0.000,0.000,0.000,-222932
3.2169299125671387,1141242196,3.191,-9.098,1.492,0.000,0.000,0.000,-222212
3.2205989360809326,1141245416,3.191,-9.098,1.492,0.000,0.000,0.000,-222328
3.2454450130462646,1141252850,3.191,-9.098,1.527,0.000,0.000,0.000,-223006
3.2456018924713135,1141255070,3.191,-9.098,1.527,0.000,0.000,0.000,-221829
3.2457261085510254,1141262503,3.152,-9.094,1.492,0.000,0.000,0.000,-222061
3.245849847793579,1141265723,3.152,-9.094,1.492,0.000,0.000,0.000,-222451
3.2459700107574463,1141272156,3.152,-9.094,1.492,0.000,0.000,0.000,-222013
3.250572919845581,1141277589,3.191,-9.098,1.527,0.000,0.000,0.000,-222009
3.2560222148895264,1141281809,3.191,-9.098,1.492,0.000,0.000,0.000,-222903
3.2825980186462402,1141285029,3.191,-9.098,1.492,0.000,0.000,0.000,-222535
3.2827510833740234,1141290462,3.191,-9.098,1.492,0.000,0.000,0.000,-223171
3.2828869819641113,1141297894,3.191,-9.098,1.492,0.000,0.000,0.000,-222364
3.283008098602295,1141302115,3.191,-9.055,1.492,0.000,0.000,0.000,-223136
3.283133029937744,1141307547,3.191,-9.055,1.492,0.000,0.000,0.000,-223205
3.2859349250793457,1141313980,3.191,-9.098,1.492,0.000,0.000,0.000,-222711
3.2924749851226807,1141317200,3.191,-9.098,1.492,0.000,0.000,0.000,-222557
3.3174049854278564,1141320420,3.152,-9.133,1.453,0.000,0.000,0.000,-222738
3.317564010620117,1141327854,3.152,-9.133,1.453,0.000,0.000,0.000,-222384
3.31770396232605,1141330074,3.191,-9.098,1.492,0.000,0.000,0.000,-222028
3.3178389072418213,1141337506,3.191,-9.098,1.492,0.000,0.000,0.000,-222697
3.317974090576172,1141340726,3.191,-9.055,1.492,0.000,0.000,0.000,-222442
3.3191440105438232,1141347160,3.191,-9.055,1.492,0.000,0.000,0.000,-222187
3.3255910873413086,1141353593,3.191,-9.098,1.453,0.000,0.000,0.000,-222598
3.3320159912109375,1141357813,3.152,-9.094,1.492,0.000,0.000,0.000,-222643
3.3492729663848877,1141360033,3.152,-9.094,1.492,0.000,0.000,0.000,-222683
3.349426031112671,1141367465,3.191,-9.098,1.527,0.000,0.000,0.000,-222732
3.349562883377075,1141370685,3.191,-9.098,1.527,0.000,0.000,0.000,-222367
3.3496999740600586,1141378118,3.191,-9.098,1.492,0.000,0.000,0.000,-222967
3.3565409183502197,1141381338,3.191,-9.098,1.492,0.000,0.000,0.000,-222941
3.3598151206970215,1141388771,3.191,-9.098,1.492,0.000,0.000,0.000,-223102
3.367159843444824,1141391991,3.191,-9.098,1.492,0.000,0.000,0.000,-222658
3.3864400386810303,1141395211,3.191,-9.098,1.492,0.000,0.000,0.000,-222857
3.386613130569458,1141402643,3.152,-9.059,1.492,0.000,0.000,0.000,-222336
3.386765956878662,1141409076,3.152,-9.059,1.492,0.000,0.000,0.000,-222487
3.3874549865722656,1141412296,3.152,-9.094,1.527,0.000,0.000,0.000,-222607
3.3907370567321777,1141418729,3.152,-9.094,1.527,0.000,0.000,0.000,-222705
3.3971989154815674,1141422949,3.191,-9.098,1.492,0.000,0.000,0.000,-223086
3.4014620780944824,1141426169,3.191,-9.098,1.492,0.000,0.000,0.000,-222736
3.4185659885406494,1141432601,3.152,-9.059,1.527,0.000,0.000,0.000,-222683
3.418735980987549,1141439033,3.152,-9.059,1.527,0.000,0.000,0.000,-222514
3.4188880920410156,1141443253,3.152,-9.059,1.492,0.000,0.000,0.000,-222460
3.42169189453125,1141446473,3.152,-9.059,1.492,0.000,0.000,0.000,-222637
3.424891948699951,1141453905,3.152,-9.059,1.492,0.000,0.000,0.000,-222954
3.432394027709961,1141458126,3.152,-9.059,1.492,0.000,0.000,0.000,-222959
3.4366800785064697,1141461346,3.191,-9.098,1.492,0.000,0.000,0.000,-222823
3.453045129776001,1141467778,3.191,-9.098,1.492,0.000,0.000,0.000,-222229
3.4532129764556885,1141474210,3.191,-9.098,1.492,0.000,0.000,0.000,-222438
3.4533650875091553,1141477431,3.191,-9.098,1.492,0.000,0.000,0.000,-222950
3.4558639526367188,1141483863,3.191,-9.098,1.492,0.000,0.000,0.000,-221737
3.4623560905456543,1141488083,3.191,-9.098,1.492,0.000,0.000,0.000,-222621
3.466581106185913,1141490303,3.191,-9.098,1.492,0.000,0.000,0.000,-222590
3.4688079357147217,1141497735,3.152,-9.133,1.527,0.000,0.000,0.000,-222948
3.4762461185455322,1141503167,3.191,-9.098,1.492,0.000,0.000,0.000,-222807
3.4907329082489014,1141505387,3.191,-9.098,1.492,0.000,0.000,0.000,-222460
3.490959882736206,1141512820,3.191,-9.055,1.492,0.000,0.000,0.000,-221940
3.491211175918579,1141516040,3.191,-9.055,1.492,0.000,0.000,0.000,-222750
3.494508981704712,1141522472,3.191,-9.098,1.527,0.000,0.000,0.000,-223191
3.500978946685791,1141527905,3.191,-9.098,1.527,0.000,0.000,0.000,-222367
3.5064468383789062,1141530125,3.227,-9.094,1.527,0.000,0.000,0.000,-223311
3.508612871170044,1141537557,3.227,-9.094,1.527,0.000,0.000,0.000,-222792
3.516010046005249,1141540778,3.191,-9.098,1.492,0.000,0.000,0.000,-221789
3.5519540309906006,1141547211,3.191,-9.098,1.492,0.000,0.000,0.000,-222082
3.5904269218444824,1141553644,3.191,-9.098,1.492,0.000,0.000,0.000,-222520
3.621397018432617,1141557865,3.191,-9.098,1.453,0.000,0.000,0.000,-223172
3.6215980052948,1141560085,3.191,-9.098,1.453,0.000,0.000,0.000,-223057
3.621777057647705,1141565517,3.191,-9.098,1.492,0.000,0.000,0.000,-222809
3.6219699382781982,1141572950,3.227,-9.059,1.527,0.000,0.000,0.000,-222379
3.6221468448638916,1141576171,3.227,-9.059,1.527,0.000,0.000,0.000,-222440
3.6223251819610596,1141580392,3.227,-9.059,1.527,0.000,0.000,0.000,-223076
3.622502088546753,1141587824,3.152,-9.094,1.453,0.000,0.000,0.000,-222727
3.6226792335510254,1141590044,3.152,-9.094,1.453,0.000,0.000,0.000,-221755
3.6228580474853516,1141597476,3.152,-9.094,1.453,0.000,0.000,0.000,-221971
3.6230380535125732,1141600696,3.152,-9.094,1.453,0.000,0.000,0.000,-222633
3.6232149600982666,1141608128,3.227,-9.094,1.527,0.000,0.000,0.000,-222473
3.6233937740325928,1141610348,3.227,-9.094,1.527,0.000,0.000,0.000,-222719
3.6235721111297607,1141618780,3.152,-9.094,1.527,0.000,0.000,0.000,-222535
3.623764991760254,1141621000,3.152,-9.094,1.527,0.000,0.000,0.000,-222261
3.6578361988067627,1141625221,3.152,-9.094,1.527,0.000,0.000,0.000,-223224
3.691011905670166,1141631655,3.152,-9.094,1.453,0.000,0.000,0.000,-222850
3.691196918487549,1141638089,3.152,-9.094,1.453,0.000,0.000,0.000,-222756
3.726231098175049,1141641310,3.191,-9.098,1.453,0.000,0.000,0.000,-223121
3.7537789344787598,1141645531,3.191,-9.098,1.453,0.000,0.000,0.000,-222193
3.7539479732513428,1141651965,3.191,-9.098,1.492,0.000,0.000,0.000,-221759
3.754110097885132,1141655185,3.191,-9.098,1.492,0.000,0.000,0.000,-223075
3.7542638778686523,1141660604,3.191,-9.098,1.492,0.000,0.000,0.000,-222544
3.754422187805176,1141668036,3.191,-9.098,1.492,0.000,0.000,0.000,-222472
3.7545759677886963,1141670256,3.191,-9.098,1.492,0.000,0.000,0.000,-223094
3.754732847213745,1141678690,3.191,-9.098,1.492,0.000,0.000,0.000,-223300
3.754889965057373,1141682910,3.152,-9.094,1.492,0.000,0.000,0.000,-223505
3.7550411224365234,1141686130,3.152,-9.094,1.492,0.000,0.000,0.000,-222369
3.7552011013031006,1141693563,3.191,-9.055,1.492,0.000,0.000,0.000,-223197
3.7553517818450928,1141695784,3.191,-9.055,1.492,0.000,0.000,0.000,-222922
3.7555038928985596,1141703216,3.191,-9.137,1.492,0.000,0.000,0.000,-223131
3.7556540966033936,1141706436,3.191,-9.137,1.492,0.000,0.000,0.000,-221715
3.7558059692382812,1141713870,3.191,-9.137,1.492,0.000,0.000,0.000,-222330
3.755958080291748,1141717090,3.191,-9.098,1.492,0.000,0.000,0.000,-222899
3.756108045578003,1141723507,3.152,-9.094,1.453,0.000,0.000,0.000,-222403
3.756272077560425,1141726727,3.152,-9.094,1.453,0.000,0.000,0.000,-223352
3.7564139366149902,1141733161,3.191,-9.098,1.453,0.000,0.000,0.000,-222334
3.7565488815307617,1141737381,3.191,-9.098,1.453,0.000,0.000,0.000,-222036
3.7566890716552734,1141740601,3.191,-9.098,1.453,0.000,0.000,0.000,-222881
3.7568230628967285,1141748033,3.191,-9.098,1.492,0.000,0.000,0.000,-222878
3.7569570541381836,1141750254,3.191,-9.098,1.492,0.000,0.000,0.000,-222792
3.757091999053955,1141757688,3.191,-9.098,1.492,0.000,0.000,0.000,-223212
3.7572429180145264,1141760908,3.191,-9.098,1.527,0.000,0.000,0.000,-222494
3.757377862930298,1141768340,3.191,-9.098,1.527,0.000,0.000,0.000,-222269
3.757513999938965,1141770560,3.152,-9.094,1.527,0.000,0.000,0.000,-222911
3.75764799118042,1141778994,3.152,-9.094,1.492,0.000,0.000,0.000,-222761
3.757782220840454,1141782215,3.152,-9.094,1.492,0.000,0.000,0.000,-222858
3.7606849670410156,1141785435,3.152,-9.094,1.492,0.000,0.000,0.000,-222734
3.7824740409851074,1141791869,3.227,-9.094,1.527,0.000,0.000,0.000,-222320
3.7826449871063232,1141795089,3.227,-9.094,1.527,0.000,0.000,0.000,-221951
3.7827939987182617,1141801522,3.191,-9.137,1.527,0.000,0.000,0.000,-222603
3.782927989959717,1141808954,3.191,-9.098,1.527,0.000,0.000,0.000,-222482
3.7874178886413574,1141812174,3.191,-9.098,1.527,0.000,0.000,0.000,-222232
3.790627956390381,1141815394,3.191,-9.098,1.527,0.000,0.000,0.000,-222328
3.7938430309295654,1141823827,3.191,-9.098,1.527,0.000,0.000,0.000,-223034
3.802349805831909,1141827047,3.191,-9.098,1.492,0.000,0.000,0.000,-222436
3.8177330493927,1141830267,3.191,-9.098,1.492,0.000,0.000,0.000,-223352
3.817898988723755,1141837699,3.191,-9.098,1.492,0.000,0.000,0.000,-222428
3.8180508613586426,1141840919,3.191,-9.098,1.492,0.000,0.000,0.000,-222549
3.8193600177764893,1141848352,3.152,-9.059,1.527,0.000,0.000,0.000,-221575
3.826759099960327,1141850572,3.152,-9.059,1.527,0.000,0.000,0.000,-222997
3.8290469646453857,1141859004,3.152,-9.059,1.527,0.000,0.000,0.000,-222556
3.8375210762023926,1141862224,3.152,-9.133,1.492,0.000,0.000,0.000,-222970
3.8505618572235107,1141868656,3.191,-9.098,1.453,0.000,0.000,0.000,-222253
3.8507239818573,1141871877,3.191,-9.098,1.453,0.000,0.000,0.000,-222750
3.850878953933716,1141875098,3.191,-9.098,1.453,0.000,0.000,0.000,-222356
3.8535051345825195,1141881532,3.191,-9.098,1.453,0.000,0.000,0.000,-223226
3.8599770069122314,1141885752,3.191,-9.098,1.453,0.000,0.000,0.000,-222629
3.864180088043213,1141892184,3.191,-9.098,1.492,0.000,0.000,0.000,-222318
3.870666980743408,1141895405,3.191,-9.098,1.492,0.000,0.000,0.000,-222679
3.8738808631896973,1141901839,3.191,-9.098,1.527,0.000,0.000,0.000,-223002
3.930647134780884,1141905059,3.191,-9.098,1.527,0.000,0.000,0.000,-222671
3.9563090801239014,1141910491,3.227,-9.094,1.453,0.000,0.000,0.000,-223349
3.9565160274505615,1141915924,3.191,-9.098,1.527,0.000,0.000,0.000,-222193
3.9566988945007324,1141923358,3.152,-9.094,1.453,0.000,0.000,0.000,-223540
3.956876039505005,1141926578,3.152,-9.094,1.453,0.000,0.000,0.000,-221774
3.9570541381835938,1141933011,3.152,-9.094,1.453,0.000,0.000,0.000,-223191
3.957231044769287,1141935231,3.152,-9.094,1.453,0.000,0.000,0.000,-222196
3.9574038982391357,1141942664,3.191,-9.137,1.527,0.000,0.000,0.000,-222738
3.9575581550598145,1141945884,3.191,-9.137,1.527,0.000,0.000,0.000,-222237
3.9577088356018066,1141953317,3.191,-9.137,1.527,0.000,0.000,0.000,-222313
3.9578630924224854,1141955537,3.191,-9.137,1.527,0.000,0.000,0.000,-222678
3.9580161571502686,1141962969,3.191,-9.137,1.492,0.000,0.000,0.000,-223376
3.9581689834594727,1141966189,3.191,-9.137,1.492,0.000,0.000,0.000,-222178
3.9583370685577393,1141973621,3.191,-9.137,1.492,0.000,0.000,0.000,-223707
3.958503007888794,1141976842,3.191,-9.098,1.492,0.000,0.000,0.000,-222920
3.9586570262908936,1141980062,3.191,-9.098,1.492,0.000,0.000,0.000,-223042
3.9588098526000977,1141987496,3.152,-9.094,1.453,0.000,0.000,0.000,-222110
3.966019868850708,1141990716,3.152,-9.094,1.453,0.000,0.000,0.000,-223199
3.9923641681671143,1141998148,3.191,-9.098,1.527,0.000,0.000,0.000,-222363
3.9925668239593506,1142001369,3.191,-9.098,1.527,0.000,0.000,0.000,-222756
3.9927451610565186,1142008802,3.191,-9.098,1.527,0.000,0.000,0.000,-222413
3.9929192066192627,1142012023,3.191,-9.098,1.492,0.000,0.000,0.000,-222052
3.993093967437744,1142015243,3.191,-9.098,1.492,0.000,0.000,0.000,-222838
3.9936819076538086,1142022676,3.152,-9.094,1.453,0.000,0.000,0.000,-223035
4.00120997428894,1142028108,3.152,-9.094,1.453,0.000,0.000,0.000,-222667
4.023098945617676,1142030328,3.191,-9.098,1.414,0.000,0.000,0.000,-222514
4.023293972015381,1142037762,3.191,-9.098,1.414,0.000,0.000,0.000,-222632
4.023470878601074,1142040983,3.191,-9.098,1.492,0.000,0.000,0.000,-222477
4.023623943328857,1142048415,3.191,-9.098,1.492,0.000,0.000,0.000,-222491
4.026849985122681,1142051635,3.191,-9.098,1.527,0.000,0.000,0.000,-223709
4.030070781707764,1142059068,3.191,-9.098,1.527,0.000,0.000,0.000,-222414
4.03761100769043,1142063289,3.191,-9.098,1.527,0.000,0.000,0.000,-223013
4.055710077285767,1142065509,3.191,-9.098,1.453,0.000,0.000,0.000,-222609
4.055895090103149,1142072942,3.152,-9.059,1.453,0.000,0.000,0.000,-221401
4.05604887008667,1142076163,3.152,-9.059,1.453,0.000,0.000,0.000,-222100
4.056205987930298,1142080383,3.152,-9.059,1.453,0.000,0.000,0.000,-222402
4.0588061809539795,1142087816,3.191,-9.098,1.492,0.000,0.000,0.000,-222550
4.066294193267822,1142091036,3.191,-9.098,1.492,0.000,0.000,0.000,-222786
4.06941819190979,1142098469,3.191,-9.098,1.492,0.000,0.000,0.000,-222595
4.076963901519775,1142100690,3.191,-9.098,1.527,0.000,0.000,0.000,-221845
4.120133876800537,1142108123,3.191,-9.098,1.492,0.000,0.000,0.000,-222223
4.153462886810303,1142110343,3.191,-9.098,1.492,0.000,0.000,0.000,-222746
4.153636932373047,1142118776,3.191,-9.098,1.492,0.000,0.000,0.000,-222634
4.188678979873657,1142120996,3.152,-9.094,1.453,0.000,0.000,0.000,-222459
4.224646091461182,1142127429,3.191,-9.098,1.492,0.000,0.000,0.000,-222918
4.258817195892334,1142133862,3.191,-9.098,1.492,0.000,0.000,0.000,-222172
4.2914040088653564,1142136082,3.191,-9.098,1.492,0.000,0.000,0.000,-222701
4.291608810424805,1142143516,3.191,-9.055,1.527,0.000,0.000,0.000,-222628
4.2918009757995605,1142146736,3.191,-9.055,1.527,0.000,0.000,0.000,-222483
4.291981935501099,1142153168,3.191,-9.055,1.527,0.000,0.000,0.000,-222888
4.2921669483184814,1142155388,3.227,-9.133,1.492,0.000,0.000,0.000,-222587
4.326406002044678,1142163821,3.191,-9.098,1.492,0.000,0.000,0.000,-223021
4.357608079910278,1142167041,3.191,-9.098,1.492,0.000,0.000,0.000,-223125
4.357793807983398,1142170261,3.191,-9.098,1.492,0.000,0.000,0.000,-222022
4.3579490184783936,1142175693,3.152,-9.094,1.453,0.000,0.000,0.000,-222172
4.358113765716553,1142183125,3.152,-9.094,1.492,0.000,0.000,0.000,-222671
4.358269929885864,1142186345,3.152,-9.094,1.492,0.000,0.000,0.000,-222287
4.358423948287964,1142192778,3.152,-9.094,1.492,0.000,0.000,0.000,-222302
4.358593225479126,1142198211,3.191,-9.098,1.527,0.000,0.000,0.000,-222713
4.3587610721588135,1142202431,3.191,-9.137,1.492,0.000,0.000,0.000,-222449
4.358925819396973,1142205652,3.191,-9.137,1.492,0.000,0.000,0.000,-222947
4.3590779304504395,1142211086,3.191,-9.098,1.492,0.000,0.000,0.000,-222468
4.359244108200073,1142215306,3.191,-9.098,1.492,0.000,0.000,0.000,-222616
4.359400987625122,1142222739,3.191,-9.098,1.492,0.000,0.000,0.000,-222771
4.359553098678589,1142226959,3.191,-9.098,1.492,0.000,0.000,0.000,-222534
4.3597190380096436,1142230180,3.191,-9.098,1.492,0.000,0.000,0.000,-222482
4.359872102737427,1142236612,3.152,-9.133,1.527,0.000,0.000,0.000,-222764
4.391438007354736,1142240832,3.152,-9.133,1.527,0.000,0.000,0.000,-222639
4.391641855239868,1142248265,3.191,-9.098,1.492,0.000,0.000,0.000,-222852
4.391823053359985,1142250485,3.191,-9.098,1.492,0.000,0.000,0.000,-222136
4.391978025436401,1142257918,3.191,-9.098,1.492,0.000,0.000,0.000,-222872
4.392132997512817,1142261139,3.152,-9.094,1.453,0.000,0.000,0.000,-222488
4.392299175262451,1142268571,3.152,-9.094,1.453,0.000,0.000,0.000,-222125
4.392452001571655,1142271791,3.152,-9.133,1.492,0.000,0.000,0.000,-223133
4.392616033554077,1142276011,3.152,-9.133,1.492,0.000,0.000,0.000,-223204
4.39276909828186,1142280231,3.152,-9.133,1.492,0.000,0.000,0.000,-222189
4.392929792404175,1142287650,3.152,-9.094,1.492,0.000,0.000,0.000,-222565
4.393087148666382,1142290870,3.152,-9.094,1.492,0.000,0.000,0.000,-222625
4.393239974975586,1142298303,3.152,-9.133,1.492,0.000,0.000,0.000,-222576
4.42324686050415,1142301523,3.152,-9.133,1.492,0.000,0.000,0.000,-222773
4.423411130905151,1142305745,3.191,-9.098,1.453,0.000,0.000,0.000,-223343
4.423576831817627,1142312178,3.191,-9.098,1.453,0.000,0.000,0.000,-222576
4.423727989196777,1142315398,3.191,-9.098,1.453,0.000,0.000,0.000,-222818
4.423880100250244,1142322831,3.191,-9.098,1.453,0.000,0.000,0.000,-222773
4.42405891418457,1142325051,3.191,-9.137,1.492,0.000,0.000,0.000,-222876
4.424213171005249,1142332483,3.191,-9.098,1.527,0.000,0.000,0.000,-222807
4.424376010894775,1142335703,3.191,-9.098,1.527,0.000,0.000,0.000,-222677
4.42452597618103,1142344135,3.152,-9.094,1.527,0.000,0.000,0.000,-222498
4.424689054489136,1142347355,3.152,-9.094,1.527,0.000,0.000,0.000,-221935
4.424839973449707,1142350560,3.152,-9.094,1.527,0.000,0.000,0.000,-221935
4.424993991851807,1142356993,3.152,-9.094,1.453,0.000,0.000,0.000,-222146
4.425158977508545,1142360214,3.152,-9.094,1.453,0.000,0.000,0.000,-223049
4.425313949584961,1142367646,3.191,-9.098,1.453,0.000,0.000,0.000,-222933
4.425481081008911,1142370852,3.191,-9.098,1.453,0.000,0.000,0.000,-222933
4.425634860992432,1142378285,3.152,-9.094,1.492,0.000,0.000,0.000,-222452
4.425786972045898,1142380506,3.152,-9.094,1.492,0.000,0.000,0.000,-222975
4.425938129425049,1142387938,3.191,-9.137,1.527,0.000,0.000,0.000,-222761
4.42608904838562,1142390158,3.191,-9.137,1.527,0.000,0.000,0.000,-222255
4.426241159439087,1142398591,3.191,-9.137,1.527,0.000,0.000,0.000,-222692
4.426391839981079,1142401811,3.152,-9.094,1.492,0.000,0.000,0.000,-223237
4.426541805267334,1142405031,3.152,-9.094,1.492,0.000,0.000,0.000,-222672
4.426693916320801,1142410463,3.152,-9.094,1.453,0.000,0.000,0.000,-222512
4.457163095474243,1142415896,3.152,-9.094,1.492,0.000,0.000,0.000,-222193
4.457356929779053,1142423328,3.152,-9.133,1.527,0.000,0.000,0.000,-222359
4.457510948181152,1142426549,3.152,-9.133,1.527,0.000,0.000,0.000,-222939
4.457666873931885,1142432982,3.152,-9.133,1.527,0.000,0.000,0.000,-222716
4.4578211307525635,1142435203,3.191,-9.098,1.492,0.000,0.000,0.000,-221883
4.457974195480347,1142443636,3.191,-9.055,1.492,0.000,0.000,0.000,-222042
4.458124876022339,1142445857,3.191,-9.055,1.492,0.000,0.000,0.000,-222056
4.458284854888916,1142451289,3.191,-9.098,1.492,0.000,0.000,0.000,-222610
4.458436012268066,1142455509,3.191,-9.098,1.492,0.000,0.000,0.000,-222961
4.458585977554321,1142462943,3.191,-9.055,1.492,0.000,0.000,0.000,-223223
4.4587390422821045,1142465163,3.191,-9.055,1.492,0.000,0.000,0.000,-222685
4.458891153335571,1142470596,3.191,-9.098,1.527,0.000,0.000,0.000,-222269
4.459041118621826,1142475817,3.191,-9.098,1.527,0.000,0.000,0.000,-222648
4.459194898605347,1142480037,3.191,-9.098,1.527,0.000,0.000,0.000,-222237
4.4593470096588135,1142485469,3.191,-9.098,1.492,0.000,0.000,0.000,-222247
4.463940858840942,1142492901,3.191,-9.137,1.527,0.000,0.000,0.000,-222777
4.487004995346069,1142496121,3.191,-9.137,1.527,0.000,0.000,0.000,-222746
4.4871790409088135,1142500341,3.191,-9.137,1.527,0.000,0.000,0.000,-222392
4.487344980239868,1142508774,3.191,-9.098,1.492,0.000,0.000,0.000,-222415
4.487498044967651,1142510994,3.191,-9.098,1.492,0.000,0.000,0.000,-222210
4.489444017410278,1142515215,3.191,-9.098,1.492,0.000,0.000,0.000,-222869
4.4936909675598145,1142521648,3.152,-9.094,1.492,0.000,0.000,0.000,-222513
4.5000998973846436,1142529083,3.191,-9.098,1.492,0.000,0.000,0.000,-222450
4.5184431076049805,1142532303,3.191,-9.098,1.492,0.000,0.000,0.000,-222901
4.518615245819092,1142535523,3.191,-9.098,1.492,0.000,0.000,0.000,-223302
4.518769025802612,1142543955,3.191,-9.098,1.492,0.000,0.000,0.000,-222467
4.52242112159729,1142546175,3.191,-9.137,1.527,0.000,0.000,0.000,-222815
4.524609804153442,1142552607,3.152,-9.094,1.492,0.000,0.000,0.000,-222791
4.531137228012085,1142555827,3.152,-9.094,1.492,0.000,0.000,0.000,-222277
4.534333944320679,1142560047,3.152,-9.094,1.492,0.000,0.000,0.000,-223081
4.550884008407593,1142567480,3.191,-9.098,1.453,0.000,0.000,0.000,-222974
4.551050186157227,1142570700,3.191,-9.098,1.453,0.000,0.000,0.000,-222788
4.5512049198150635,1142578132,3.191,-9.098,1.492,0.000,0.000,0.000,-222486
4.5565290451049805,1142581352,3.191,-9.098,1.492,0.000,0.000,0.000,-221812
4.559745788574219,1142585572,3.191,-9.098,1.492,0.000,0.000,0.000,-222585
4.564073085784912,1142592005,3.191,-9.098,1.492,0.000,0.000,0.000,-222754
4.570529222488403,1142595225,3.191,-9.098,1.492,0.000,0.000,0.000,-222767
4.586540937423706,1142602659,3.152,-9.094,1.453,0.000,0.000,0.000,-222168
4.586755990982056,1142605879,3.152,-9.094,1.453,0.000,0.000,0.000,-222639
4.5869340896606445,1142611313,3.191,-9.098,1.453,0.000,0.000,0.000,-222290
4.589784860610962,1142618746,3.191,-9.098,1.527,0.000,0.000,0.000,-222741
4.597292184829712,1142620967,3.191,-9.098,1.527,0.000,0.000,0.000,-223032
4.599496126174927,1142625187,3.191,-9.098,1.527,0.000,0.000,0.000,-221782
4.603687047958374,1142631621,3.191,-9.098,1.492,0.000,0.000,0.000,-222417
4.610089063644409,1142639053,3.191,-9.098,1.492,0.000,0.000,0.000,-222886
4.661736965179443,1142642273,3.191,-9.098,1.492,0.000,0.000,0.000,-222654
4.6914849281311035,1142645493,3.191,-9.098,1.492,0.000,0.000,0.000,-222242
4.691689968109131,1142652927,3.191,-9.137,1.492,0.000,0.000,0.000,-222215
4.691869020462036,1142656147,3.191,-9.137,1.492,0.000,0.000,0.000,-221976
4.692046880722046,1142663580,3.152,-9.094,1.453,0.000,0.000,0.000,-221727
4.692225217819214,1142665800,3.152,-9.094,1.453,0.000,0.000,0.000,-222278
4.692406177520752,1142671233,3.191,-9.098,1.492,0.000,0.000,0.000,-222422
4.692584037780762,1142678665,3.191,-9.098,1.492,0.000,0.000,0.000,-222200
4.692760944366455,1142681885,3.191,-9.098,1.492,0.000,0.000,0.000,-222367
4.6929402351379395,1142685106,3.191,-9.098,1.492,0.000,0.000,0.000,-222072
4.693120002746582,1142691538,3.152,-9.094,1.492,0.000,0.000,0.000,-222136
4.693296909332275,1142698971,3.152,-9.059,1.492,0.000,0.000,0.000,-222159
4.693475008010864,1142701191,3.152,-9.059,1.492,0.000,0.000,0.000,-222296
4.693652153015137,1142706624,3.191,-9.098,1.492,0.000,0.000,0.000,-222278
4.693833112716675,1142714056,3.191,-9.098,1.492,0.000,0.000,0.000,-222254
4.694020986557007,1142717276,3.191,-9.098,1.492,0.000,0.000,0.000,-222714
4.695688009262085,1142721497,3.191,-9.098,1.492,0.000,0.000,0.000,-222612
4.72576117515564,1142728929,3.191,-9.098,1.492,0.000,0.000,0.000,-222121
4.7259299755096436,1142731150,3.191,-9.055,1.492,0.000,0.000,0.000,-221852
4.726085901260376,1142736370,3.191,-9.055,1.492,0.000,0.000,0.000,-222132
4.72623610496521,1142743803,3.191,-9.055,1.492,0.000,0.000,0.000,-222124
4.726389169692993,1142746023,3.191,-9.055,1.492,0.000,0.000,0.000,-223025
4.726546049118042,1142750243,3.191,-9.055,1.492,0.000,0.000,0.000,-222560
4.72861909866333,1142756675,3.191,-9.098,1.492,0.000,0.000,0.000,-222276
4.735115051269531,1142760895,3.191,-9.098,1.492,0.000,0.000,0.000,-222902
4.750810861587524,1142765116,3.191,-9.098,1.453,0.000,0.000,0.000,-223005
4.750993013381958,1142771549,3.191,-9.098,1.453,0.000,0.000,0.000,-222390
4.751149892807007,1142775769,3.191,-9.098,1.527,0.000,0.000,0.000,-223544
4.754175186157227,1142782202,3.191,-9.098,1.527,0.000,0.000,0.000,-222003
4.760683059692383,1142785423,3.191,-9.098,1.527,0.000,0.000,0.000,-222105
4.763848066329956,1142792856,3.191,-9.137,1.492,0.000,0.000,0.000,-222284
4.7713401317596436,1142796076,3.191,-9.137,1.492,0.000,0.000,0.000,-222627
4.784118175506592,1142800296,3.191,-9.137,1.492,0.000,0.000,0.000,-222798
4.784288167953491,1142807728,3.191,-9.137,1.453,0.000,0.000,0.000,-222577
4.786149978637695,1142810948,3.191,-9.137,1.453,0.000,0.000,0.000,-222212
4.789371013641357,1142817381,3.191,-9.098,1.492,0.000,0.000,0.000,-222164
4.795799970626831,1142823813,3.191,-9.098,1.492,0.000,0.000,0.000,-222913
4.802321910858154,1142827034,3.191,-9.098,1.492,0.000,0.000,0.000,-222997
4.8055419921875,1142830255,3.191,-9.098,1.492,0.000,0.000,0.000,-223378
4.816740036010742,1142835687,3.191,-9.098,1.492,0.000,0.000,0.000,-222240
4.816910982131958,1142844121,3.191,-9.098,1.492,0.000,0.000,0.000,-223766
4.822628974914551,1142847341,3.191,-9.098,1.492,0.000,0.000,0.000,-222181
4.82590389251709,1142850562,3.191,-9.098,1.492,0.000,0.000,0.000,-222515
4.829002141952515,1142855996,3.152,-9.094,1.492,0.000,0.000,0.000,-222124
4.834425926208496,1142863430,3.191,-9.098,1.527,0.000,0.000,0.000,-222759
4.841953992843628,1142866650,3.191,-9.098,1.527,0.000,0.000,0.000,-222444
4.893522024154663,1142874084,3.191,-9.098,1.527,0.000,0.000,0.000,-222805
4.928924083709717,1142876304,3.191,-9.098,1.527,0.000,0.000,0.000,-222345
4.956947088241577,1142883737,3.191,-9.098,1.527,0.000,0.000,0.000,-222015
4.957143783569336,1142886957,3.191,-9.098,1.527,0.000,0.000,0.000,-222756
4.9573259353637695,1142890177,3.191,-9.098,1.527,0.000,0.000,0.000,-221892
4.957516193389893,1142895609,3.191,-9.098,1.492,0.000,0.000,0.000,-222780
4.957693099975586,1142904042,3.152,-9.094,1.453,0.000,0.000,0.000,-222443
4.9578680992126465,1142906262,3.152,-9.094,1.453,0.000,0.000,0.000,-222801
4.958045959472656,1142911694,3.191,-9.098,1.492,0.000,0.000,0.000,-222765
4.958221912384033,1142919127,3.191,-9.098,1.492,0.000,0.000,0.000,-222471
4.958400011062622,1142923347,3.191,-9.098,1.492,0.000,0.000,0.000,-222719
4.958575963973999,1142925567,3.191,-9.098,1.492,0.000,0.000,0.000,-222888
4.958752155303955,1142931001,3.191,-9.098,1.492,0.000,0.000,0.000,-221867
4.958930015563965,1142935221,3.191,-9.098,1.492,0.000,0.000,0.000,-223370
4.959105968475342,1142941653,3.191,-9.098,1.492,0.000,0.000,0.000,-221862
4.959284067153931,1142949086,3.191,-9.098,1.492,0.000,0.000,0.000,-222731
4.959543943405151,1142951307,3.191,-9.137,1.492,0.000,0.000,0.000,-221908
4.9597249031066895,1142957740,3.191,-9.137,1.492,0.000,0.000,0.000,-222830
4.959906816482544,1142964173,3.191,-9.137,1.527,0.000,0.000,0.000,-222316
4.960085153579712,1142966393,3.191,-9.137,1.527,0.000,0.000,0.000,-222120
4.960239887237549,1142973826,3.191,-9.137,1.527,0.000,0.000,0.000,-222043
4.960395097732544,1142977046,3.191,-9.137,1.527,0.000,0.000,0.000,-223017
4.960555076599121,1142981266,3.191,-9.137,1.527,0.000,0.000,0.000,-222131
4.960713148117065,1142985486,3.191,-9.137,1.527,0.000,0.000,0.000,-222939
4.963904142379761,1142992919,3.152,-9.094,1.453,0.000,0.000,0.000,-222966
4.98516321182251,1142996140,3.152,-9.094,1.453,0.000,0.000,0.000,-222769
4.985339879989624,1143002572,3.191,-9.098,1.453,0.000,0.000,0.000,-223021
4.985496997833252,1143009005,3.191,-9.137,1.492,0.000,0.000,0.000,-222530
4.987484931945801,1143011225,3.191,-9.137,1.492,0.000,0.000,0.000,-222923
4.9896399974823,1143015446,3.227,-9.094,1.527,0.000,0.000,0.000,-222264
4.993851900100708,1143021879,3.227,-9.094,1.527,0.000,0.000,0.000,-222124
5.000377893447876,1143026099,3.191,-9.098,1.527,0.000,0.000,0.000,-222465
5.016113996505737,1143032532,3.191,-9.098,1.527,0.000,0.000,0.000,-223562
5.016297101974487,1143035752,3.191,-9.098,1.527,0.000,0.000,0.000,-221714
5.016451835632324,1143043185,3.152,-9.094,1.453,0.000,0.000,0.000,-222557
5.021632194519043,1143046405,3.152,-9.094,1.453,0.000,0.000,0.000,-223157
5.024843215942383,1143052838,3.191,-9.098,1.527,0.000,0.000,0.000,-222181
5.031340837478638,1143056058,3.191,-9.098,1.527,0.000,0.000,0.000,-222639
5.034518003463745,1143061492,3.191,-9.098,1.492,0.000,0.000,0.000,-222530
5.048069953918457,1143065712,3.191,-9.098,1.492,0.000,0.000,0.000,-222726
5.048240900039673,1143073144,3.191,-9.098,1.492,0.000,0.000,0.000,-223179
5.051602125167847,1143076364,3.191,-9.098,1.492,0.000,0.000,0.000,-222053
5.054682016372681,1143083797,3.191,-9.098,1.492,0.000,0.000,0.000,-222231
5.0623509883880615,1143087017,3.191,-9.098,1.492,0.000,0.000,0.000,-222967
5.0653839111328125,1143090238,3.191,-9.098,1.492,0.000,0.000,0.000,-222536
5.068705797195435,1143096670,3.191,-9.137,1.492,0.000,0.000,0.000,-222822
5.123437881469727,1143104104,3.152,-9.094,1.492,0.000,0.000,0.000,-222672
5.15715217590332,1143107324,3.152,-9.094,1.492,0.000,0.000,0.000,-223221
5.193183183670044,1143110545,3.152,-9.094,1.492,0.000,0.000,0.000,-222176
5.218806028366089,1143115977,3.152,-9.094,1.527,0.000,0.000,0.000,-222299
5.218997001647949,1143123409,3.191,-9.098,1.492,0.000,0.000,0.000,-222213
5.219180107116699,1143126630,3.191,-9.098,1.492,0.000,0.000,0.000,-223554
5.219331979751587,1143133062,3.191,-9.098,1.527,0.000,0.000,0.000,-222314
5.2194929122924805,1143135282,3.191,-9.098,1.527,0.000,0.000,0.000,-222265
5.219644069671631,1143143715,3.152,-9.133,1.453,0.000,0.000,0.000,-223133
5.21980094909668,1143145935,3.152,-9.133,1.453,0.000,0.000,0.000,-222760
5.219954967498779,1143151369,3.227,-9.094,1.453,0.000,0.000,0.000,-222847
5.220126152038574,1143155589,3.227,-9.094,1.453,0.000,0.000,0.000,-222092
5.220288038253784,1143162022,3.191,-9.172,1.492,0.000,0.000,0.000,-223351
5.220439910888672,1143165242,3.191,-9.172,1.492,0.000,0.000,0.000,-222392
5.220590829849243,1143170675,3.191,-9.137,1.492,0.000,0.000,0.000,-223118
5.2207419872283936,1143179109,3.191,-9.098,1.492,0.000,0.000,0.000,-223341
5.220891952514648,1143181329,3.191,-9.098,1.492,0.000,0.000,0.000,-222069
5.221041917800903,1143186761,3.191,-9.098,1.453,0.000,0.000,0.000,-222426
5.221196889877319,1143194194,3.152,-9.094,1.492,0.000,0.000,0.000,-221365
5.221349000930786,1143197414,3.152,-9.094,1.492,0.000,0.000,0.000,-222323
5.221501111984253,1143201634,3.152,-9.094,1.492,0.000,0.000,0.000,-223446
5.221651077270508,1143209066,3.152,-9.094,1.492,0.000,0.000,0.000,-222837
5.221801996231079,1143211286,3.191,-9.098,1.527,0.000,0.000,0.000,-223196
5.221961975097656,1143218718,3.191,-9.098,1.492,0.000,0.000,0.000,-222840
5.22211217880249,1143220939,3.191,-9.098,1.492,0.000,0.000,0.000,-222242
5.222273111343384,1143226371,3.152,-9.094,1.492,0.000,0.000,0.000,-223020
5.2224280834198,1143230591,3.152,-9.094,1.492,0.000,0.000,0.000,-222099
5.2225799560546875,1143239024,3.113,-9.094,1.492,0.000,0.000,0.000,-222505
5.222731113433838,1143243245,3.191,-9.137,1.492,0.000,0.000,0.000,-222665
5.22288179397583,1143245465,3.191,-9.137,1.492,0.000,0.000,0.000,-221904
5.223849058151245,1143252897,3.191,-9.098,1.492,0.000,0.000,0.000,-222117
5.231389045715332,1143256117,3.191,-9.098,1.492,0.000,0.000,0.000,-222111
5.248737096786499,1143262550,3.152,-9.094,1.492,0.000,0.000,0.000,-223061
5.248918056488037,1143265770,3.152,-9.094,1.492,0.000,0.000,0.000,-222759
5.249072074890137,1143273202,3.152,-9.094,1.492,0.000,0.000,0.000,-222333
5.251631021499634,1143276423,3.152,-9.094,1.492,0.000,0.000,0.000,-222114
5.254849195480347,1143283857,3.191,-9.098,1.527,0.000,0.000,0.000,-222715
5.262359857559204,1143287077,3.191,-9.098,1.527,0.000,0.000,0.000,-222731
5.265573978424072,1143291297,3.191,-9.098,1.527,0.000,0.000,0.000,-222875
5.285459041595459,1143296731,3.191,-9.098,1.492,0.000,0.000,0.000,-222500
5.285643100738525,1143304164,3.191,-9.098,1.453,0.000,0.000,0.000,-222516
5.2857959270477295,1143307369,3.191,-9.098,1.453,0.000,0.000,0.000,-222516
5.285948038101196,1143310589,3.191,-9.098,1.453,0.000,0.000,0.000,-222544
5.2890379428863525,1143317022,3.152,-9.094,1.492,0.000,0.000,0.000,-222237
5.2955310344696045,1143320242,3.152,-9.094,1.492,0.000,0.000,0.000,-223613
5.2987589836120605,1143327660,3.191,-9.098,1.527,0.000,0.000,0.000,-222016
5.306194067001343,1143330880,3.191,-9.098,1.527,0.000,0.000,0.000,-222356
5.321413040161133,1143336313,3.152,-9.094,1.492,0.000,0.000,0.000,-222900
5.321583032608032,1143343746,3.191,-9.098,1.492,0.000,0.000,0.000,-222209
5.322128057479858,1143346966,3.191,-9.098,1.492,0.000,0.000,0.000,-222342
5.325366020202637,1143350187,3.191,-9.098,1.492,0.000,0.000,0.000,-221957
5.328642845153809,1143356620,3.191,-9.098,1.492,0.000,0.000,0.000,-222825
5.335169792175293,1143364052,3.191,-9.055,1.492,0.000,0.000,0.000,-222777
5.342556953430176,1143366272,3.191,-9.055,1.492,0.000,0.000,0.000,-222630
5.356553077697754,1143371704,3.191,-9.098,1.492,0.000,0.000,0.000,-222837
5.356727838516235,1143379136,3.191,-9.098,1.492,0.000,0.000,0.000,-223283
5.357609033584595,1143382356,3.191,-9.098,1.492,0.000,0.000,0.000,-223077
5.360860109329224,1143385576,3.191,-9.098,1.492,0.000,0.000,0.000,-222923
5.36404013633728,1143391008,3.152,-9.133,1.492,0.000,0.000,0.000,-222500
5.369544982910156,1143395228,3.152,-9.133,1.492,0.000,0.000,0.000,-222233
5.373740196228027,1143401661,3.152,-9.059,1.453,0.000,0.000,0.000,-223304
5.380151987075806,1143407094,3.152,-9.094,1.453,0.000,0.000,0.000,-222925
5.39372706413269,1143410314,3.152,-9.094,1.453,0.000,0.000,0.000,-222715
5.393921136856079,1143416748,3.191,-9.098,1.527,0.000,0.000,0.000,-222344
5.395232200622559,1143420968,3.191,-9.098,1.527,0.000,0.000,0.000,-223159
5.399445056915283,1143425188,3.191,-9.098,1.527,0.000,0.000,0.000,-222726
5.403738021850586,1143431620,3.191,-9.098,1.527,0.000,0.000,0.000,-222370
5.410124778747559,1143435841,3.191,-9.098,1.527,0.000,0.000,0.000,-222152
5.41435980796814,1143442273,3.191,-9.098,1.492,0.000,0.000,0.000,-222527
5.459802865982056,1143445494,3.191,-9.098,1.492,0.000,0.000,0.000,-222720
5.49185585975647,1143452927,3.152,-9.094,1.527,0.000,0.000,0.000,-222705
5.492054224014282,1143456147,3.152,-9.094,1.527,0.000,0.000,0.000,-222004
5.4922308921813965,1143460367,3.152,-9.094,1.527,0.000,0.000,0.000,-223079
5.492406845092773,1143466799,3.227,-9.094,1.527,0.000,0.000,0.000,-222434
5.492582082748413,1143471019,3.227,-9.094,1.527,0.000,0.000,0.000,-221842
5.49275803565979,1143476452,3.191,-9.137,1.492,0.000,0.000,0.000,-222394
5.492938041687012,1143480672,3.191,-9.137,1.492,0.000,0.000,0.000,-222875
5.4931159019470215,1143489104,3.152,-9.094,1.453,0.000,0.000,0.000,-222043
5.4932920932769775,1143491325,3.152,-9.094,1.453,0.000,0.000,0.000,-222867
5.5259480476379395,1143495545,3.191,-9.098,1.453,0.000,0.000,0.000,-222554
5.5261430740356445,1143501978,3.191,-9.098,1.453,0.000,0.000,0.000,-223489
5.526319980621338,1143506198,3.191,-9.137,1.527,0.000,0.000,0.000,-222354
5.526496171951294,1143512631,3.191,-9.137,1.527,0.000,0.000,0.000,-222556
5.526671886444092,1143515851,3.191,-9.137,1.527,0.000,0.000,0.000,-222967
5.556609869003296,1143520072,3.191,-9.137,1.527,0.000,0.000,0.000,-222239
5.556803941726685,1143526504,3.191,-9.137,1.414,0.000,0.000,0.000,-222472
5.55695915222168,1143531937,3.191,-9.055,1.453,0.000,0.000,0.000,-222455
5.557110071182251,1143535158,3.191,-9.055,1.453,0.000,0.000,0.000,-222092
5.557293891906738,1143541590,3.152,-9.094,1.453,0.000,0.000,0.000,-222613
5.557446002960205,1143545810,3.227,-9.094,1.527,0.000,0.000,0.000,-222424
5.557596921920776,1143552242,3.227,-9.094,1.527,0.000,0.000,0.000,-223273
5.557750225067139,1143555463,3.227,-9.094,1.527,0.000,0.000,0.000,-223008
5.557886123657227,1143562896,3.152,-9.094,1.527,0.000,0.000,0.000,-222442
5.5580220222473145,1143566101,3.152,-9.094,1.527,0.000,0.000,0.000,-222442
5.5581560134887695,1143571533,3.152,-9.094,1.453,0.000,0.000,0.000,-222157
5.558289051055908,1143575753,3.191,-9.055,1.453,0.000,0.000,0.000,-222636
5.5584259033203125,1143584186,3.191,-9.098,1.453,0.000,0.000,0.000,-222379
5.5626220703125,1143586391,3.191,-9.098,1.453,0.000,0.000,0.000,-222379
5.5900890827178955,1143591823,3.152,-9.094,1.492,0.000,0.000,0.000,-223026
5.590273857116699,1143595043,3.152,-9.094,1.492,0.000,0.000,0.000,-222842
5.590430974960327,1143602476,3.191,-9.133,1.566,0.000,0.000,0.000,-222230
5.590582847595215,1143605696,3.191,-9.133,1.566,0.000,0.000,0.000,-222591
5.590734004974365,1143612130,3.191,-9.098,1.492,0.000,0.000,0.000,-222263
5.590895891189575,1143616350,3.191,-9.098,1.492,0.000,0.000,0.000,-222455
5.594778060913086,1143620571,3.191,-9.098,1.492,0.000,0.000,0.000,-222783
5.598956108093262,1143627003,3.191,-9.098,1.492,0.000,0.000,0.000,-222279
5.620069980621338,1143630224,3.191,-9.098,1.492,0.000,0.000,0.000,-222822
5.620239973068237,1143636657,3.191,-9.098,1.492,0.000,0.000,0.000,-222731
5.620392084121704,1143644091,3.191,-9.098,1.492,0.000,0.000,0.000,-223701
5.6225481033325195,1143646311,3.191,-9.098,1.492,0.000,0.000,0.000,-221970
5.6247718334198,1143650532,3.152,-9.094,1.492,0.000,0.000,0.000,-222604
5.6289660930633545,1143656964,3.152,-9.094,1.492,0.000,0.000,0.000,-222959
5.635458946228027,1143660185,3.152,-9.094,1.492,0.000,0.000,0.000,-222263
5.651500225067139,1143666618,3.152,-9.094,1.492,0.000,0.000,0.000,-222477
5.65166711807251,1143670838,3.191,-9.055,1.492,0.000,0.000,0.000,-223299
5.6518189907073975,1143677271,3.191,-9.055,1.492,0.000,0.000,0.000,-222374
5.655729055404663,1143680492,3.191,-9.055,1.492,0.000,0.000,0.000,-222363
5.658962965011597,1143686925,3.191,-9.098,1.527,0.000,0.000,0.000,-222530
5.665426969528198,1143691146,3.191,-9.098,1.527,0.000,0.000,0.000,-222154
5.66967511177063,1143697578,3.191,-9.098,1.527,0.000,0.000,0.000,-222246
5.690710067749023,1143701799,3.191,-9.098,1.527,0.000,0.000,0.000,-222184
5.690934181213379,1143705019,3.191,-9.098,1.527,0.000,0.000,0.000,-222935
5.691111087799072,1143711452,3.191,-9.098,1.492,0.000,0.000,0.000,-222697
5.691287040710449,1143715672,3.191,-9.098,1.492,0.000,0.000,0.000,-222429
5.694143056869507,1143722105,3.191,-9.098,1.492,0.000,0.000,0.000,-222924
5.700624942779541,1143726325,3.191,-9.098,1.453,0.000,0.000,0.000,-222471
5.70486307144165,1143732758,3.191,-9.098,1.453,0.000,0.000,0.000,-221947
5.72639799118042,1143735978,3.191,-9.098,1.453,0.000,0.000,0.000,-222825
5.726598024368286,1143740199,3.191,-9.098,1.453,0.000,0.000,0.000,-222598
5.72677206993103,1143747632,3.191,-9.098,1.492,0.000,0.000,0.000,-222756
5.726922988891602,1143750853,3.191,-9.098,1.492,0.000,0.000,0.000,-222060
5.729327917098999,1143756286,3.191,-9.098,1.527,0.000,0.000,0.000,-222347
5.734832048416138,1143760506,3.191,-9.098,1.527,0.000,0.000,0.000,-222743
5.739052057266235,1143767939,3.227,-9.059,1.492,0.000,0.000,0.000,-223068
5.756479978561401,1143771160,3.227,-9.059,1.492,0.000,0.000,0.000,-222616
5.756673812866211,1143776592,3.191,-9.055,1.453,0.000,0.000,0.000,-222690
5.756850004196167,1143784024,3.191,-9.098,1.492,0.000,0.000,0.000,-222803
5.762516975402832,1143787244,3.191,-9.098,1.492,0.000,0.000,0.000,-222027
5.765774965286255,1143790464,3.191,-9.098,1.492,0.000,0.000,0.000,-222619
5.7690041065216064,1143796897,3.152,-9.094,1.492,0.000,0.000,0.000,-222295
5.7754600048065186,1143800118,3.152,-9.094,1.492,0.000,0.000,0.000,-222814
5.793335914611816,1143807551,3.152,-9.094,1.527,0.000,0.000,0.000,-222960
5.7935309410095215,1143810772,3.152,-9.094,1.527,0.000,0.000,0.000,-222162
5.793713092803955,1143816206,3.191,-9.098,1.453,0.000,0.000,0.000,-222469
5.794680833816528,1143820426,3.191,-9.098,1.453,0.000,0.000,0.000,-222175
5.798923015594482,1143826859,3.191,-9.098,1.453,0.000,0.000,0.000,-223009
5.80546498298645,1143830080,3.191,-9.098,1.453,0.000,0.000,0.000,-222973
5.808627128601074,1143835512,3.191,-9.098,1.492,0.000,0.000,0.000,-222382
5.8140740394592285,1143843945,3.191,-9.098,1.527,0.000,0.000,0.000,-222107
5.8604559898376465,1143846165,3.191,-9.098,1.527,0.000,0.000,0.000,-223352
5.893604040145874,1143851598,3.191,-9.098,1.492,0.000,0.000,0.000,-222675
5.893802165985107,1143855819,3.191,-9.098,1.492,0.000,0.000,0.000,-222885
5.928421974182129,1143862251,3.191,-9.098,1.453,0.000,0.000,0.000,-222638
5.957663059234619,1143865471,3.191,-9.098,1.453,0.000,0.000,0.000,-222571
5.957857847213745,1143871903,3.152,-9.094,1.453,0.000,0.000,0.000,-222416
5.958024978637695,1143876124,3.152,-9.094,1.453,0.000,0.000,0.000,-223522
5.958177089691162,1143882557,3.191,-9.137,1.527,0.000,0.000,0.000,-222870
5.958338975906372,1143885777,3.191,-9.137,1.527,0.000,0.000,0.000,-222178
5.958489894866943,1143893210,3.191,-9.098,1.453,0.000,0.000,0.000,-222107
5.958646774291992,1143896430,3.191,-9.098,1.453,0.000,0.000,0.000,-223142
5.958801031112671,1143900652,3.191,-9.098,1.453,0.000,0.000,0.000,-222746
5.958951950073242,1143907085,3.152,-9.094,1.492,0.000,0.000,0.000,-222367
5.959104061126709,1143910305,3.191,-9.137,1.492,0.000,0.000,0.000,-223018
5.959259033203125,1143916737,3.191,-9.137,1.492,0.000,0.000,0.000,-222811
5.959409952163696,1143923170,3.191,-9.098,1.492,0.000,0.000,0.000,-222606
5.959568977355957,1143925390,3.191,-9.098,1.492,0.000,0.000,0.000,-222374
5.959705829620361,1143931822,3.191,-9.098,1.492,0.000,0.000,0.000,-223151
5.959842920303345,1143935043,3.152,-9.094,1.492,0.000,0.000,0.000,-222843
5.959979057312012,1143942476,3.152,-9.094,1.492,0.000,0.000,0.000,-223208
5.960113048553467,1143946696,3.191,-9.098,1.492,0.000,0.000,0.000,-222664
5.960247993469238,1143953128,3.191,-9.098,1.492,0.000,0.000,0.000,-223615
5.960384130477905,1143956348,3.191,-9.098,1.492,0.000,0.000,0.000,-222013
5.960519075393677,1143960568,3.191,-9.098,1.492,0.000,0.000,0.000,-222617
5.960652828216553,1143966000,3.152,-9.094,1.527,0.000,0.000,0.000,-223044
5.960801124572754,1143970221,3.152,-9.094,1.527,0.000,0.000,0.000,-222603
5.960935115814209,1143975653,3.191,-9.137,1.453,0.000,0.000,0.000,-222133
5.961068868637085,1143984086,3.227,-9.059,1.492,0.000,0.000,0.000,-222885
5.962541818618774,1143987306,3.227,-9.059,1.492,0.000,0.000,0.000,-221580
5.992992162704468,1143991527,3.191,-9.098,1.527,0.000,0.000,0.000,-221940
5.993173122406006,1143999959,3.191,-9.098,1.527,0.000,0.000,0.000,-222708
5.9933249950408936,1144004180,3.152,-9.094,1.492,0.000,0.000,0.000,-222875
5.993485927581787,1144007400,3.152,-9.094,1.492,0.000,0.000,0.000,-222597
5.993645906448364,1144011620,3.152,-9.094,1.492,0.000,0.000,0.000,-222083
5.993804216384888,1144017053,3.152,-9.094,1.492,0.000,0.000,0.000,-222695
5.995491981506348,1144020274,3.152,-9.094,1.492,0.000,0.000,0.000,-222367
5.998787879943848,1144027706,3.191,-9.098,1.453,0.000,0.000,0.000,-223457
6.019783020019531,1144030926,3.191,-9.098,1.453,0.000,0.000,0.000,-222161
6.019952058792114,1144036359,3.191,-9.098,1.527,0.000,0.000,0.000,-222564
6.020103931427002,1144043791,3.191,-9.137,1.527,0.000,0.000,0.000,-223407
6.022273063659668,1144047011,3.191,-9.137,1.527,0.000,0.000,0.000,-222308
6.025462865829468,1144050231,3.191,-9.137,1.527,0.000,0.000,0.000,-222594
6.028701066970825,1144055665,3.152,-9.094,1.492,0.000,0.000,0.000,-222277
6.0341269969940186,1144064098,3.152,-9.094,1.453,0.000,0.000,0.000,-222420
6.083916902542114,1144067319,3.152,-9.094,1.453,0.000,0.000,0.000,-223495
6.120858907699585,1144070539,3.152,-9.094,1.453,0.000,0.000,0.000,-222368
6.153292179107666,1144075972,3.191,-9.098,1.453,0.000,0.000,0.000,-222909
6.153495788574219,1144080192,3.191,-9.098,1.453,0.000,0.000,0.000,-221618
6.1536641120910645,1144086609,3.191,-9.137,1.527,0.000,0.000,0.000,-222756
6.1538331508636475,1144090829,3.191,-9.137,1.527,0.000,0.000,0.000,-222567
6.153984069824219,1144097261,3.191,-9.098,1.453,0.000,0.000,0.000,-222698
6.1541359424591064,1144101481,3.191,-9.098,1.453,0.000,0.000,0.000,-223127
6.154285907745361,1144105702,3.191,-9.098,1.453,0.000,0.000,0.000,-222396
6.193114995956421,1144110134,3.191,-9.098,1.492,0.000,0.000,0.000,-222315
6.224602937698364,1144117567,3.152,-9.094,1.453,0.000,0.000,0.000,-222537
6.224803924560547,1144121787,3.152,-9.094,1.453,0.000,0.000,0.000,-222530
6.225003004074097,1144125007,3.152,-9.094,1.453,0.000,0.000,0.000,-222711
6.225182056427002,1144131424,3.152,-9.094,1.492,0.000,0.000,0.000,-222839
6.225367784500122,1144137857,3.191,-9.098,1.492,0.000,0.000,0.000,-222376
6.225543022155762,1144142077,3.191,-9.098,1.492,0.000,0.000,0.000,-222276
6.225733041763306,1144145297,3.191,-9.098,1.492,0.000,0.000,0.000,-222448
6.225910186767578,1144152730,3.152,-9.094,1.527,0.000,0.000,0.000,-222406
6.226085901260376,1144156950,3.152,-9.094,1.527,0.000,0.000,0.000,-222420
6.226289987564087,1144160171,3.152,-9.094,1.527,0.000,0.000,0.000,-223516
6.226465225219727,1144166604,3.152,-9.094,1.492,0.000,0.000,0.000,-222777
6.257689952850342,1144172022,3.191,-9.098,1.492,0.000,0.000,0.000,-222540
6.257890939712524,1144176242,3.152,-9.094,1.453,0.000,0.000,0.000,-222541
6.2580718994140625,1144182676,3.152,-9.094,1.453,0.000,0.000,0.000,-222199
6.258265018463135,1144186897,3.191,-9.137,1.527,0.000,0.000,0.000,-222356
6.258450984954834,1144190102,3.191,-9.137,1.527,0.000,0.000,0.000,-222356
6.258638858795166,1144196534,3.191,-9.137,1.527,0.000,0.000,0.000,-222386
6.258814096450806,1144200754,3.191,-9.137,1.527,0.000,0.000,0.000,-222023
6.258995056152344,1144207187,3.152,-9.133,1.492,0.000,0.000,0.000,-222991
6.2591729164123535,1144210392,3.152,-9.094,1.453,0.000,0.000,0.000,-222991
6.259348154067993,1144215825,3.152,-9.094,1.453,0.000,0.000,0.000,-222093
6.259521961212158,1144220045,3.191,-9.137,1.492,0.000,0.000,0.000,-223121
6.259696960449219,1144226477,3.191,-9.137,1.492,0.000,0.000,0.000,-222437
6.25986385345459,1144231909,3.152,-9.094,1.492,0.000,0.000,0.000,-222703
6.291786193847656,1144235130,3.152,-9.094,1.492,0.000,0.000,0.000,-222839
6.2919840812683105,1144240563,3.152,-9.133,1.492,0.000,0.000,0.000,-222335
6.2921600341796875,1144247995,3.191,-9.098,1.453,0.000,0.000,0.000,-222368
6.292336940765381,1144251216,3.191,-9.098,1.453,0.000,0.000,0.000,-221867
6.292545795440674,1144255436,3.191,-9.098,1.453,0.000,0.000,0.000,-223080
6.292722940444946,1144260872,3.152,-9.094,1.453,0.000,0.000,0.000,-222824
6.292898893356323,1144265092,3.191,-9.098,1.492,0.000,0.000,0.000,-222452
6.293073892593384,1144270525,3.191,-9.098,1.492,0.000,0.000,0.000,-222647
6.293249130249023,1144275957,3.191,-9.137,1.492,0.000,0.000,0.000,-222514
6.325299978256226,1144280178,3.191,-9.137,1.492,0.000,0.000,0.000,-222748
6.325472116470337,1144287610,3.191,-9.098,1.492,0.000,0.000,0.000,-222350
6.325624942779541,1144290830,3.191,-9.098,1.492,0.000,0.000,0.000,-222672
6.325777053833008,1144295050,3.191,-9.098,1.492,0.000,0.000,0.000,-222011
6.325937032699585,1144300483,3.191,-9.098,1.492,0.000,0.000,0.000,-222699
6.326090097427368,1144306915,3.191,-9.098,1.492,0.000,0.000,0.000,-222165
6.3262410163879395,1144310135,3.191,-9.098,1.492,0.000,0.000,0.000,-222409
6.326392889022827,1144316568,3.152,-9.094,1.492,0.000,0.000,0.000,-222089
6.3265540599823,1144323002,3.191,-9.098,1.492,0.000,0.000,0.000,-222262
6.326708078384399,1144326223,3.191,-9.098,1.492,0.000,0.000,0.000,-222424
6.352971076965332,1144331655,3.191,-9.137,1.492,0.000,0.000,0.000,-221926
6.353144884109497,1144335875,3.191,-9.137,1.492,0.000,0.000,0.000,-221716
6.353296995162964,1144340095,3.152,-9.094,1.453,0.000,0.000,0.000,-222429
6.353447914123535,1144345513,3.152,-9.094,1.453,0.000,0.000,0.000,-223048
6.353598117828369,1144350946,3.152,-9.094,1.492,0.000,0.000,0.000,-222534
6.353761196136475,1144355166,3.191,-9.098,1.527,0.000,0.000,0.000,-222811
6.353910207748413,1144362600,3.191,-9.098,1.527,0.000,0.000,0.000,-223561
6.354061841964722,1144365820,3.191,-9.098,1.527,0.000,0.000,0.000,-222400
6.3542160987854,1144370041,3.191,-9.137,1.527,0.000,0.000,0.000,-223003
6.354370832443237,1144375473,3.191,-9.094,1.566,0.000,0.000,0.000,-222948
6.354526042938232,1144382906,3.191,-9.094,1.566,0.000,0.000,0.000,-222847
6.361387014389038,1144386126,3.191,-9.094,1.566,0.000,0.000,0.000,-222874
6.384505033493042,1144390346,3.152,-9.094,1.492,0.000,0.000,0.000,-222185
6.384669065475464,1144396778,3.152,-9.094,1.492,0.000,0.000,0.000,-223130
6.384822130203247,1144400998,3.152,-9.094,1.492,0.000,0.000,0.000,-222576
6.384972095489502,1144405204,3.152,-9.094,1.492,0.000,0.000,0.000,-222576
6.385123014450073,1144410636,3.152,-9.094,1.453,0.000,0.000,0.000,-223323
6.389084100723267,1144417068,3.191,-9.098,1.492,0.000,0.000,0.000,-222776
6.395535945892334,1144421289,3.191,-9.098,1.492,0.000,0.000,0.000,-222576
6.41795015335083,1144426509,3.191,-9.137,1.527,0.000,0.000,0.000,-222901
6.418146848678589,1144431942,3.191,-9.137,1.527,0.000,0.000,0.000,-222282
6.418323040008545,1144436163,3.191,-9.098,1.492,0.000,0.000,0.000,-222615
6.418497800827026,1144442596,3.191,-9.098,1.492,0.000,0.000,0.000,-222687
6.421046018600464,1144446816,3.191,-9.098,1.453,0.000,0.000,0.000,-223051
6.4252870082855225,1144450037,3.191,-9.098,1.453,0.000,0.000,0.000,-222302
6.428539991378784,1144456471,3.191,-9.098,1.453,0.000,0.000,0.000,-222926
6.434990882873535,1144460692,3.191,-9.098,1.453,0.000,0.000,0.000,-223141
6.451962947845459,1144467126,3.191,-9.137,1.492,0.000,0.000,0.000,-222268
6.452160120010376,1144471346,3.227,-9.094,1.492,0.000,0.000,0.000,-222579
6.452342987060547,1144477778,3.227,-9.094,1.492,0.000,0.000,0.000,-222389
6.456270933151245,1144480998,3.227,-9.094,1.492,0.000,0.000,0.000,-222840
6.459500074386597,1144485219,3.152,-9.094,1.492,0.000,0.000,0.000,-222402
6.463728904724121,1144491651,3.152,-9.094,1.492,0.000,0.000,0.000,-222349
6.470211982727051,1144497083,3.191,-9.098,1.492,0.000,0.000,0.000,-222475
6.484918117523193,1144500303,3.191,-9.098,1.492,0.000,0.000,0.000,-223137
6.485110759735107,1144508738,3.191,-9.137,1.527,0.000,0.000,0.000,-222446
6.487194061279297,1144511958,3.191,-9.137,1.527,0.000,0.000,0.000,-222491
6.4904279708862305,1144515178,3.152,-9.133,1.492,0.000,0.000,0.000,-221792
6.493700981140137,1144522612,3.152,-9.133,1.492,0.000,0.000,0.000,-222618
6.50114107131958,1144526833,3.152,-9.133,1.492,0.000,0.000,0.000,-222371
6.505390882492065,1144530053,3.152,-9.133,1.492,0.000,0.000,0.000,-222590
6.520634889602661,1144536486,3.191,-9.098,1.492,0.000,0.000,0.000,-222238
6.520841121673584,1144542919,3.191,-9.098,1.492,0.000,0.000,0.000,-222568
6.521370887756348,1144546140,3.191,-9.098,1.492,0.000,0.000,0.000,-223444
6.524618148803711,1144550361,3.191,-9.098,1.492,0.000,0.000,0.000,-222508
6.528801918029785,1144556794,3.191,-9.098,1.527,0.000,0.000,0.000,-222405
6.535372972488403,1144561014,3.152,-9.094,1.492,0.000,0.000,0.000,-223048
6.539566993713379,1144567446,3.152,-9.094,1.492,0.000,0.000,0.000,-223124
6.597269058227539,1144570666,3.152,-9.094,1.492,0.000,0.000,0.000,-223496
6.6243510246276855,1144577098,3.191,-9.137,1.492,0.000,0.000,0.000,-222601
6.624556064605713,1144580318,3.191,-9.137,1.492,0.000,0.000,0.000,-223033
6.624752044677734,1144586751,3.191,-9.098,1.492,0.000,0.000,0.000,-222924
6.6249308586120605,1144590971,3.191,-9.098,1.527,0.000,0.000,0.000,-221979
6.6251091957092285,1144597403,3.191,-9.098,1.527,0.000,0.000,0.000,-222058
6.625285863876343,1144601624,3.191,-9.098,1.527,0.000,0.000,0.000,-222347
6.625463962554932,1144605845,3.191,-9.098,1.527,0.000,0.000,0.000,-222956
6.625643014907837,1144612278,3.191,-9.098,1.453,0.000,0.000,0.000,-222672
6.62581992149353,1144615499,3.191,-9.098,1.492,0.000,0.000,0.000,-222893
6.6259989738464355,1144622932,3.191,-9.098,1.492,0.000,0.000,0.000,-222722
6.626175165176392,1144626152,3.191,-9.098,1.492,0.000,0.000,0.000,-222700
6.626353979110718,1144630372,3.191,-9.098,1.527,0.000,0.000,0.000,-223529
6.626530885696411,1144636805,3.191,-9.098,1.527,0.000,0.000,0.000,-222274
6.626713037490845,1144641025,3.191,-9.098,1.527,0.000,0.000,0.000,-222623
6.62689208984375,1144646458,3.152,-9.094,1.492,0.000,0.000,0.000,-223306
6.62706995010376,1144650678,3.152,-9.094,1.492,0.000,0.000,0.000,-222861
6.629158020019531,1144656111,3.191,-9.098,1.453,0.000,0.000,0.000,-222481
6.634606838226318,1144660331,3.191,-9.098,1.453,0.000,0.000,0.000,-222371
6.6570470333099365,1144667763,3.191,-9.098,1.492,0.000,0.000,0.000,-222196
6.6572630405426025,1144670984,3.191,-9.098,1.492,0.000,0.000,0.000,-222224
6.657442808151245,1144677416,3.191,-9.098,1.492,0.000,0.000,0.000,-223164
6.657619953155518,1144680636,3.191,-9.098,1.492,0.000,0.000,0.000,-223181
6.659137964248657,1144687069,3.191,-9.055,1.492,0.000,0.000,0.000,-222601
6.66560697555542,1144690289,3.191,-9.098,1.492,0.000,0.000,0.000,-221839
6.668771982192993,1144695722,3.191,-9.098,1.492,0.000,0.000,0.000,-222298
6.685957908630371,1144701154,3.191,-9.098,1.492,0.000,0.000,0.000,-223175
6.68613600730896,1144705374,3.191,-9.137,1.414,0.000,0.000,0.000,-222099
6.686290979385376,1144711791,3.191,-9.137,1.414,0.000,0.000,0.000,-222467
6.690264940261841,1144715011,3.191,-9.137,1.414,0.000,0.000,0.000,-222468
6.693493127822876,1144721443,3.191,-9.137,1.492,0.000,0.000,0.000,-222357
6.6999828815460205,1144725663,3.191,-9.098,1.527,0.000,0.000,0.000,-223352
6.704218864440918,1144732095,3.191,-9.098,1.527,0.000,0.000,0.000,-222059
6.719523906707764,1144735315,3.191,-9.098,1.527,0.000,0.000,0.000,-222550
6.71970796585083,1144742748,3.191,-9.098,1.527,0.000,0.000,0.000,-222946
6.7212300300598145,1144746968,3.191,-9.098,1.527,0.000,0.000,0.000,-222307
6.725441217422485,1144750189,3.152,-9.094,1.414,0.000,0.000,0.000,-222288
6.7286858558654785,1144757622,3.152,-9.094,1.414,0.000,0.000,0.000,-223118
6.736131906509399,1144760842,3.152,-9.094,1.414,0.000,0.000,0.000,-222520
6.73935604095459,1144765062,3.191,-9.098,1.492,0.000,0.000,0.000,-222680
6.750288009643555,1144770495,3.191,-9.098,1.492,0.000,0.000,0.000,-222158
6.750459909439087,1144776928,3.191,-9.098,1.527,0.000,0.000,0.000,-222632
6.7553870677948,1144780149,3.191,-9.098,1.527,0.000,0.000,0.000,-222671
6.758636951446533,1144786583,3.191,-9.098,1.492,0.000,0.000,0.000,-222620
6.7651190757751465,1144790804,3.191,-9.098,1.492,0.000,0.000,0.000,-222268
6.769343137741089,1144797236,3.191,-9.098,1.414,0.000,0.000,0.000,-222482
6.7757568359375,1144801456,3.191,-9.098,1.492,0.000,0.000,0.000,-223114
6.826184034347534,1144807888,3.191,-9.098,1.492,0.000,0.000,0.000,-223347
6.8576459884643555,1144811108,3.191,-9.098,1.492,0.000,0.000,0.000,-222818
6.857851982116699,1144817541,3.191,-9.098,1.527,0.000,0.000,0.000,-222985
6.858029842376709,1144821761,3.191,-9.098,1.527,0.000,0.000,0.000,-223284
6.858206033706665,1144825981,3.191,-9.098,1.527,0.000,0.000,0.000,-222711
6.8583807945251465,1144830413,3.191,-9.098,1.453,0.000,0.000,0.000,-223005
6.858556032180786,1144836847,3.191,-9.098,1.492,0.000,0.000,0.000,-222448
6.8587329387664795,1144840067,3.191,-9.098,1.492,0.000,0.000,0.000,-222185
6.85890793800354,1144846499,3.191,-9.098,1.453,0.000,0.000,0.000,-222537
6.859084129333496,1144850719,3.191,-9.098,1.492,0.000,0.000,0.000,-222037
6.859260082244873,1144857151,3.191,-9.098,1.492,0.000,0.000,0.000,-222914
6.8594489097595215,1144861371,3.191,-9.098,1.492,0.000,0.000,0.000,-222884
6.8596251010894775,1144865594,3.191,-9.098,1.492,0.000,0.000,0.000,-222557
6.891505002975464,1144871027,3.191,-9.098,1.527,0.000,0.000,0.000,-222437
6.8917200565338135,1144877460,3.191,-9.098,1.492,0.000,0.000,0.000,-222005
6.891897916793823,1144881681,3.191,-9.098,1.492,0.000,0.000,0.000,-222834
6.892074108123779,1144885901,3.191,-9.098,1.453,0.000,0.000,0.000,-222729
6.892250061035156,1144892333,3.191,-9.098,1.453,0.000,0.000,0.000,-222143
6.892446041107178,1144896553,3.191,-9.098,1.492,0.000,0.000,0.000,-222663
6.8926239013671875,1144902986,3.191,-9.098,1.492,0.000,0.000,0.000,-222566
6.8928070068359375,1144907207,3.191,-9.098,1.492,0.000,0.000,0.000,-222368
6.892986059188843,1144910427,3.191,-9.098,1.492,0.000,0.000,0.000,-222324
6.926289081573486,1144916860,3.191,-9.098,1.492,0.000,0.000,0.000,-222136
6.926461935043335,1144921081,3.191,-9.098,1.492,0.000,0.000,0.000,-223071
6.952424049377441,1144927513,3.152,-9.094,1.492,0.000,0.000,0.000,-222196
6.952595949172974,1144930733,3.191,-9.055,1.453,0.000,0.000,0.000,-222807
6.952754974365234,1144936165,3.191,-9.055,1.453,0.000,0.000,0.000,-222543
6.952913045883179,1144940385,3.191,-9.098,1.492,0.000,0.000,0.000,-222937
6.953073978424072,1144946818,3.191,-9.098,1.492,0.000,0.000,0.000,-222441
6.9532270431518555,1144951038,3.191,-9.137,1.527,0.000,0.000,0.000,-222736
6.953378915786743,1144957471,3.191,-9.137,1.527,0.000,0.000,0.000,-222353
6.9535298347473145,1144961691,3.191,-9.098,1.527,0.000,0.000,0.000,-222840
6.953680992126465,1144968123,3.191,-9.098,1.527,0.000,0.000,0.000,-222707
6.953833103179932,1144971343,3.191,-9.098,1.527,0.000,0.000,0.000,-222669
6.9539830684661865,1144975563,3.152,-9.059,1.527,0.000,0.000,0.000,-222093
6.954136848449707,1144980997,3.152,-9.059,1.527,0.000,0.000,0.000,-222887
6.959479808807373,1144985218,3.152,-9.094,1.527,0.000,0.000,0.000,-222734
6.963638782501221,1144991650,3.152,-9.094,1.527,0.000,0.000,0.000,-222509
6.978116035461426,1144997083,3.152,-9.094,1.453,0.000,0.000,0.000,-222467
6.978305101394653,1145000303,3.152,-9.094,1.453,0.000,0.000,0.000,-222869
6.978724002838135,1145007735,3.227,-9.133,1.492,0.000,0.000,0.000,-223137
6.986257076263428,1145010940,3.227,-9.133,1.492,0.000,0.000,0.000,-223137
6.989458084106445,1145018372,3.191,-9.055,1.492,0.000,0.000,0.000,-222353
6.996840953826904,1145022592,3.191,-9.055,1.492,0.000,0.000,0.000,-223378
7.001070022583008,1145026812,3.191,-9.055,1.492,0.000,0.000,0.000,-223014
7.015520095825195,1145030035,3.191,-9.055,1.492,0.000,0.000,0.000,-222393
7.01569390296936,1145036468,3.152,-9.094,1.453,0.000,0.000,0.000,-222111
7.0158469676971436,1145040688,3.191,-9.098,1.453,0.000,0.000,0.000,-222511
7.019078969955444,1145046121,3.191,-9.098,1.453,0.000,0.000,0.000,-222681
7.024528980255127,1145050553,3.191,-9.137,1.453,0.000,0.000,0.000,-223113
7.028954982757568,1145056986,3.191,-9.098,1.492,0.000,0.000,0.000,-222722
7.03541898727417,1145060206,3.191,-9.098,1.492,0.000,0.000,0.000,-222713
7.075837135314941,1145066639,3.191,-9.098,1.527,0.000,0.000,0.000,-222452
7.119524002075195,1145070860,3.191,-9.098,1.492,0.000,0.000,0.000,-222387
7.149709939956665,1145077294,3.191,-9.098,1.492,0.000,0.000,0.000,-222538
7.149914979934692,1145081515,3.191,-9.098,1.492,0.000,0.000,0.000,-221889
7.150094032287598,1145085736,3.191,-9.098,1.492,0.000,0.000,0.000,-222870
7.150287866592407,1145092168,3.191,-9.098,1.492,0.000,0.000,0.000,-222260
7.15046501159668,1145095388,3.152,-9.094,1.527,0.000,0.000,0.000,-222714
7.150640964508057,1145101821,3.152,-9.094,1.527,0.000,0.000,0.000,-222246
7.150817155838013,1145105041,3.152,-9.094,1.527,0.000,0.000,0.000,-222945
7.1509928703308105,1145112474,3.152,-9.094,1.492,0.000,0.000,0.000,-222720
7.151165962219238,1145115695,3.227,-9.133,1.492,0.000,0.000,0.000,-222843
7.1513190269470215,1145122127,3.227,-9.133,1.492,0.000,0.000,0.000,-222833
7.151469945907593,1145126347,3.191,-9.098,1.527,0.000,0.000,0.000,-223571
7.151620864868164,1145132780,3.191,-9.098,1.527,0.000,0.000,0.000,-222655
7.1517720222473145,1145136000,3.191,-9.098,1.527,0.000,0.000,0.000,-222830
7.151922941207886,1145142432,3.191,-9.098,1.453,0.000,0.000,0.000,-222357
7.1520750522613525,1145146652,3.191,-9.098,1.492,0.000,0.000,0.000,-222986
7.15222692489624,1145153085,3.191,-9.098,1.492,0.000,0.000,0.000,-222186
7.152379035949707,1145156305,3.191,-9.098,1.492,0.000,0.000,0.000,-221926
7.152529954910278,1145160525,3.191,-9.098,1.492,0.000,0.000,0.000,-222756
7.152682065963745,1145166957,3.152,-9.094,1.492,0.000,0.000,0.000,-222222
7.1528332233428955,1145170177,3.191,-9.098,1.527,0.000,0.000,0.000,-222634
7.152983903884888,1145176610,3.191,-9.098,1.527,0.000,0.000,0.000,-223601
7.1866559982299805,1145180830,3.191,-9.098,1.527,0.000,0.000,0.000,-221738
7.224240064620972,1145185050,3.191,-9.098,1.453,0.000,0.000,0.000,-222473
7.257617950439453,1145191483,3.191,-9.098,1.453,0.000,0.000,0.000,-223078
7.291934013366699,1145195703,3.227,-9.094,1.453,0.000,0.000,0.000,-222595
7.327451944351196,1145201136,3.227,-9.094,1.453,0.000,0.000,0.000,-223048
7.35679292678833,1145205357,3.191,-9.137,1.527,0.000,0.000,0.000,-222427
7.3569769859313965,1145211790,3.191,-9.137,1.527,0.000,0.000,0.000,-223096
7.357171058654785,1145215011,3.191,-9.137,1.527,0.000,0.000,0.000,-223066
7.357326030731201,1145220444,3.227,-9.094,1.527,0.000,0.000,0.000,-222703
7.357486009597778,1145227876,3.191,-9.098,1.492,0.000,0.000,0.000,-222667
7.35764479637146,1145231097,3.191,-9.098,1.492,0.000,0.000,0.000,-223653
7.357799053192139,1145236530,3.152,-9.059,1.492,0.000,0.000,0.000,-223067
7.357970952987671,1145240751,3.152,-9.059,1.492,0.000,0.000,0.000,-223222
7.358126878738403,1145247183,3.191,-9.098,1.453,0.000,0.000,0.000,-222376
7.358293056488037,1145251403,3.191,-9.098,1.453,0.000,0.000,0.000,-222382
7.358446836471558,1145257836,3.227,-9.098,1.566,0.000,0.000,0.000,-223146
7.35860013961792,1145262056,3.227,-9.098,1.566,0.000,0.000,0.000,-222249
7.3587610721588135,1145265277,3.191,-9.098,1.527,0.000,0.000,0.000,-222612
7.358916997909546,1145270497,3.191,-9.098,1.527,0.000,0.000,0.000,-221806
7.359080076217651,1145276930,3.191,-9.137,1.492,0.000,0.000,0.000,-222696
7.359233140945435,1145280150,3.191,-9.137,1.492,0.000,0.000,0.000,-222308
7.359396934509277,1145286583,3.191,-9.137,1.414,0.000,0.000,0.000,-222077
7.359549045562744,1145290804,3.191,-9.137,1.414,0.000,0.000,0.000,-222875
7.359716892242432,1145297237,3.152,-9.133,1.492,0.000,0.000,0.000,-222484
7.359884023666382,1145301457,3.152,-9.133,1.492,0.000,0.000,0.000,-223192
7.360036849975586,1145305677,3.152,-9.133,1.492,0.000,0.000,0.000,-222981
7.360188961029053,1145312110,3.191,-9.094,1.566,0.000,0.000,0.000,-222158
7.360342025756836,1145315330,3.152,-9.094,1.527,0.000,0.000,0.000,-222597
7.36049485206604,1145322762,3.152,-9.094,1.527,0.000,0.000,0.000,-222826
7.360647916793823,1145326983,3.191,-9.098,1.453,0.000,0.000,0.000,-222527
7.3608129024505615,1145330203,3.191,-9.098,1.453,0.000,0.000,0.000,-222223
7.393049001693726,1145336635,3.191,-9.098,1.453,0.000,0.000,0.000,-222658
7.393229961395264,1145340855,3.191,-9.098,1.453,0.000,0.000,0.000,-221918
7.393383026123047,1145346288,3.191,-9.098,1.527,0.000,0.000,0.000,-222366
7.393540859222412,1145350509,3.152,-9.133,1.492,0.000,0.000,0.000,-222636
7.393719911575317,1145356942,3.152,-9.133,1.492,0.000,0.000,0.000,-222356
7.3938751220703125,1145361162,3.152,-9.133,1.492,0.000,0.000,0.000,-222879
7.3940269947052,1145367596,3.191,-9.098,1.527,0.000,0.000,0.000,-222967
7.394184112548828,1145370816,3.191,-9.098,1.492,0.000,0.000,0.000,-221859
7.421593904495239,1145377248,3.191,-9.098,1.492,0.000,0.000,0.000,-222038
7.421759128570557,1145381468,3.191,-9.098,1.492,0.000,0.000,0.000,-222841
7.421911954879761,1145385688,3.191,-9.098,1.453,0.000,0.000,0.000,-222411
7.42206597328186,1145392121,3.191,-9.098,1.453,0.000,0.000,0.000,-222760
7.422218084335327,1145396341,3.191,-9.137,1.527,0.000,0.000,0.000,-223334
7.422369956970215,1145401775,3.191,-9.137,1.527,0.000,0.000,0.000,-222709
7.422520875930786,1145405995,3.191,-9.098,1.527,0.000,0.000,0.000,-222500
7.4226720333099365,1145412429,3.191,-9.098,1.527,0.000,0.000,0.000,-223231
7.422822952270508,1145415649,3.191,-9.098,1.527,0.000,0.000,0.000,-222228
7.422974109649658,1145421082,3.191,-9.098,1.492,0.000,0.000,0.000,-222211
7.4231250286102295,1145425303,3.191,-9.137,1.453,0.000,0.000,0.000,-221992
7.42328405380249,1145431737,3.191,-9.137,1.453,0.000,0.000,0.000,-222432
7.423436164855957,1145435957,3.191,-9.098,1.492,0.000,0.000,0.000,-223046
7.423586845397949,1145441389,3.191,-9.098,1.492,0.000,0.000,0.000,-223158
7.423745155334473,1145445609,3.191,-9.098,1.527,0.000,0.000,0.000,-221896
7.424030065536499,1145452043,3.191,-9.098,1.527,0.000,0.000,0.000,-222249
7.430604934692383,1145455263,3.191,-9.098,1.527,0.000,0.000,0.000,-223776
7.450498819351196,1145460696,3.191,-9.098,1.527,0.000,0.000,0.000,-223678
7.450671911239624,1145468129,3.191,-9.098,1.492,0.000,0.000,0.000,-222212
7.450826168060303,1145471350,3.191,-9.098,1.492,0.000,0.000,0.000,-222635
7.450967073440552,1145476783,3.191,-9.137,1.453,0.000,0.000,0.000,-222582
7.455304145812988,1145480004,3.191,-9.137,1.453,0.000,0.000,0.000,-222925
7.458533048629761,1145486437,3.191,-9.098,1.453,0.000,0.000,0.000,-222469
7.465023040771484,1145490658,3.191,-9.098,1.453,0.000,0.000,0.000,-222585
7.486064910888672,1145497092,3.191,-9.137,1.527,0.000,0.000,0.000,-222939
7.4862329959869385,1145500313,3.191,-9.137,1.527,0.000,0.000,0.000,-222135
7.486384868621826,1145506746,3.227,-9.133,1.492,0.000,0.000,0.000,-222873
7.486536979675293,1145512178,3.152,-9.094,1.527,0.000,0.000,0.000,-222581
7.490664958953857,1145517399,3.152,-9.094,1.527,0.000,0.000,0.000,-222513
7.495923042297363,1145520620,3.152,-9.094,1.527,0.000,0.000,0.000,-222096
7.499157190322876,1145527053,3.152,-9.094,1.453,0.000,0.000,0.000,-223030
7.521490097045898,1145531273,3.152,-9.094,1.453,0.000,0.000,0.000,-222165
7.521672964096069,1145537706,3.152,-9.094,1.453,0.000,0.000,0.000,-222282
7.521827936172485,1145541927,3.152,-9.094,1.453,0.000,0.000,0.000,-222723
7.521980047225952,1145546147,3.191,-9.098,1.527,0.000,0.000,0.000,-223211
7.524633884429932,1145552579,3.191,-9.098,1.527,0.000,0.000,0.000,-222816
7.531158208847046,1145555799,3.191,-9.137,1.492,0.000,0.000,0.000,-222997
7.534366130828857,1145562233,3.191,-9.137,1.492,0.000,0.000,0.000,-222652
7.562157869338989,1145565453,3.191,-9.137,1.492,0.000,0.000,0.000,-222021
7.562349796295166,1145572885,3.152,-9.094,1.492,0.000,0.000,0.000,-222573
7.562525987625122,1145576106,3.152,-9.094,1.492,0.000,0.000,0.000,-222814
7.562702894210815,1145583539,3.152,-9.094,1.492,0.000,0.000,0.000,-223059
7.562896966934204,1145587759,3.152,-9.094,1.492,0.000,0.000,0.000,-223056
7.566264867782593,1145590980,3.152,-9.094,1.492,0.000,0.000,0.000,-221663
7.5694968700408936,1145597412,3.152,-9.094,1.492,0.000,0.000,0.000,-223573
7.590578079223633,1145601633,3.152,-9.094,1.492,0.000,0.000,0.000,-222155
7.5907721519470215,1145608066,3.191,-9.137,1.492,0.000,0.000,0.000,-222698
7.590947866439819,1145611286,3.191,-9.137,1.492,0.000,0.000,0.000,-222592
7.591124057769775,1145617718,3.191,-9.137,1.492,0.000,0.000,0.000,-222612
7.596236944198608,1145620938,3.191,-9.137,1.492,0.000,0.000,0.000,-223250
7.599427938461304,1145626370,3.191,-9.098,1.453,0.000,0.000,0.000,-222583
7.604899883270264,1145630590,3.152,-9.133,1.492,0.000,0.000,0.000,-221957
7.624364852905273,1145636024,3.152,-9.133,1.492,0.000,0.000,0.000,-222089
7.624556064605713,1145642458,3.191,-9.098,1.527,0.000,0.000,0.000,-223062
7.624732971191406,1145646679,3.191,-9.137,1.492,0.000,0.000,0.000,-222296
7.625194072723389,1145653111,3.191,-9.137,1.492,0.000,0.000,0.000,-222466
7.63162088394165,1145656331,3.191,-9.098,1.527,0.000,0.000,0.000,-222686
7.634830951690674,1145660551,3.191,-9.098,1.527,0.000,0.000,0.000,-222917
7.639088869094849,1145667983,3.191,-9.098,1.527,0.000,0.000,0.000,-222798
7.659482955932617,1145671203,3.227,-9.094,1.453,0.000,0.000,0.000,-222605
7.659672975540161,1145676636,3.227,-9.094,1.453,0.000,0.000,0.000,-222544
7.659852981567383,1145680857,3.227,-9.094,1.453,0.000,0.000,0.000,-223031
7.660033226013184,1145685078,3.191,-9.098,1.527,0.000,0.000,0.000,-222702
7.66358208656311,1145691511,3.191,-9.098,1.527,0.000,0.000,0.000,-222482
7.670060157775879,1145696943,3.191,-9.137,1.527,0.000,0.000,0.000,-222181
7.675482988357544,1145701163,3.191,-9.137,1.527,0.000,0.000,0.000,-222910
7.691021919250488,1145705384,3.152,-9.094,1.453,0.000,0.000,0.000,-222348
7.691190958023071,1145710816,3.152,-9.094,1.453,0.000,0.000,0.000,-222182
7.691342830657959,1145717249,3.191,-9.098,1.453,0.000,0.000,0.000,-222666
7.695703983306885,1145720469,3.191,-9.098,1.453,0.000,0.000,0.000,-222516
7.699006080627441,1145726902,3.191,-9.098,1.492,0.000,0.000,0.000,-222247
7.705466985702515,1145731123,3.191,-9.098,1.492,0.000,0.000,0.000,-222432
7.709667921066284,1145736555,3.191,-9.098,1.492,0.000,0.000,0.000,-222969
7.7259931564331055,1145741987,3.191,-9.137,1.492,0.000,0.000,0.000,-222232
7.726157903671265,1145745208,3.152,-9.094,1.492,0.000,0.000,0.000,-222792
7.726309061050415,1145751626,3.191,-9.098,1.453,0.000,0.000,0.000,-222528
7.730140924453735,1145758059,3.191,-9.098,1.453,0.000,0.000,0.000,-222171
7.7365500926971436,1145762279,3.191,-9.098,1.453,0.000,0.000,0.000,-222210
7.74092698097229,1145766499,3.191,-9.098,1.453,0.000,0.000,0.000,-222285
7.745100975036621,1145772931,3.191,-9.098,1.492,0.000,0.000,0.000,-222705
7.791990041732788,1145776152,3.191,-9.137,1.527,0.000,0.000,0.000,-222608
7.8306450843811035,1145781373,3.191,-9.137,1.527,0.000,0.000,0.000,-222360
7.857925891876221,1145785593,3.191,-9.137,1.527,0.000,0.000,0.000,-222108
7.8581390380859375,1145792025,3.227,-9.094,1.492,0.000,0.000,0.000,-222773
7.858316898345947,1145795245,3.191,-9.098,1.492,0.000,0.000,0.000,-222425
7.858508825302124,1145802679,3.191,-9.098,1.492,0.000,0.000,0.000,-222641
7.858684062957764,1145806900,3.191,-9.137,1.492,0.000,0.000,0.000,-223646
7.858878135681152,1145810120,3.191,-9.137,1.492,0.000,0.000,0.000,-222475
7.85905385017395,1145817553,3.191,-9.137,1.492,0.000,0.000,0.000,-222358
7.859233856201172,1145821773,3.152,-9.094,1.492,0.000,0.000,0.000,-222042
7.8594090938568115,1145828205,3.152,-9.094,1.492,0.000,0.000,0.000,-222823
7.859583139419556,1145831426,3.152,-9.094,1.492,0.000,0.000,0.000,-222568
7.8597588539123535,1145836858,3.152,-9.094,1.492,0.000,0.000,0.000,-222461
7.85993504524231,1145840079,3.152,-9.094,1.492,0.000,0.000,0.000,-222443
7.8601109981536865,1145847512,3.191,-9.098,1.492,0.000,0.000,0.000,-222654
7.860285997390747,1145850732,3.191,-9.098,1.492,0.000,0.000,0.000,-222477
7.860460996627808,1145857149,3.191,-9.098,1.492,0.000,0.000,0.000,-221481
7.860636949539185,1145861369,3.191,-9.098,1.492,0.000,0.000,0.000,-222136
7.860830068588257,1145867801,3.191,-9.098,1.492,0.000,0.000,0.000,-223178
7.860989093780518,1145871021,3.191,-9.098,1.453,0.000,0.000,0.000,-221595
7.861147880554199,1145877453,3.191,-9.098,1.453,0.000,0.000,0.000,-222371
7.861299991607666,1145880674,3.191,-9.098,1.453,0.000,0.000,0.000,-222858
7.861452102661133,1145887106,3.191,-9.098,1.492,0.000,0.000,0.000,-222319
7.86559796333313,1145891327,3.191,-9.098,1.527,0.000,0.000,0.000,-222905
7.891308784484863,1145896759,3.191,-9.098,1.527,0.000,0.000,0.000,-222725
7.891481876373291,1145900980,3.191,-9.098,1.492,0.000,0.000,0.000,-223286
7.891688108444214,1145906413,3.191,-9.098,1.414,0.000,0.000,0.000,-221750
7.891856908798218,1145912847,3.191,-9.098,1.414,0.000,0.000,0.000,-222438
7.892008066177368,1145916067,3.191,-9.098,1.492,0.000,0.000,0.000,-222943
7.894590139389038,1145922500,3.191,-9.098,1.492,0.000,0.000,0.000,-222855
7.90104603767395,1145926721,3.191,-9.098,1.492,0.000,0.000,0.000,-222352
7.924803972244263,1145933155,3.191,-9.098,1.492,0.000,0.000,0.000,-222884
7.924971103668213,1145936376,3.191,-9.098,1.527,0.000,0.000,0.000,-222856
7.925121068954468,1145940597,3.191,-9.098,1.527,0.000,0.000,0.000,-222042
7.9252870082855225,1145947030,3.191,-9.098,1.527,0.000,0.000,0.000,-222677
7.925442934036255,1145951250,3.191,-9.098,1.527,0.000,0.000,0.000,-221937
7.929771184921265,1145957683,3.191,-9.098,1.492,0.000,0.000,0.000,-222861
7.9361560344696045,1145961903,3.152,-9.094,1.453,0.000,0.000,0.000,-223008
7.952302932739258,1145965123,3.152,-9.094,1.453,0.000,0.000,0.000,-223028
7.952475070953369,1145971557,3.191,-9.098,1.527,0.000,0.000,0.000,-222493
7.952628135681152,1145977989,3.191,-9.098,1.492,0.000,0.000,0.000,-222510
7.956408977508545,1145982209,3.191,-9.098,1.492,0.000,0.000,0.000,-223073
7.96071195602417,1145986429,3.191,-9.098,1.492,0.000,0.000,0.000,-223125
7.964935064315796,1145992862,3.191,-9.098,1.527,0.000,0.000,0.000,-222563
7.971376895904541,1145996082,3.152,-9.094,1.527,0.000,0.000,0.000,-223006
7.985040903091431,1146003515,3.152,-9.094,1.527,0.000,0.000,0.000,-222840
7.985205173492432,1146006735,3.152,-9.094,1.527,0.000,0.000,0.000,-222687
7.98535680770874,1146010955,3.191,-9.098,1.492,0.000,0.000,0.000,-222349
7.989452123641968,1146016387,3.152,-9.133,1.527,0.000,0.000,0.000,-222772
7.994874000549316,1146020607,3.152,-9.133,1.527,0.000,0.000,0.000,-222392
7.999105215072632,1146027040,3.152,-9.133,1.527,0.000,0.000,0.000,-222891
8.005576133728027,1146031261,3.191,-9.098,1.527,0.000,0.000,0.000,-222602
8.017596960067749,1146038693,3.191,-9.098,1.527,0.000,0.000,0.000,-222095
8.017796039581299,1146042913,3.191,-9.098,1.527,0.000,0.000,0.000,-222679
8.021399021148682,1146046134,3.191,-9.098,1.492,0.000,0.000,0.000,-222453
8.02457880973816,1146052567,3.152,-9.059,1.453,0.000,0.000,0.000,-222319
8.031069040298462,1146055787,3.152,-9.059,1.453,0.000,0.000,0.000,-222205
8.03433895111084,1146062219,3.152,-9.059,1.453,0.000,0.000,0.000,-222699
8.04079294204712,1146066439,3.152,-9.094,1.492,0.000,0.000,0.000,-222898
8.089826822280884,1146072872,3.152,-9.094,1.492,0.000,0.000,0.000,-222769
8.120221138000488,1146077092,3.191,-9.137,1.527,0.000,0.000,0.000,-223471
8.12035322189331,1146082524,3.191,-9.137,1.527,0.000,0.000,0.000,-222704
8.120463848114014,1146086744,3.191,-9.055,1.492,0.000,0.000,0.000,-222980
8.12057614326477,1146093177,3.191,-9.055,1.492,0.000,0.000,0.000,-222515
8.120685815811157,1146096398,3.191,-9.055,1.492,0.000,0.000,0.000,-222465
8.120796918869019,1146102830,3.191,-9.098,1.492,0.000,0.000,0.000,-222259
8.120907068252563,1146107050,3.191,-9.098,1.453,0.000,0.000,0.000,-223052
8.12101697921753,1146110270,3.191,-9.098,1.453,0.000,0.000,0.000,-222206
8.12112808227539,1146116705,3.191,-9.098,1.453,0.000,0.000,0.000,-222918
8.121240854263306,1146120925,3.152,-9.094,1.527,0.000,0.000,0.000,-222549
8.12135100364685,1146128358,3.152,-9.094,1.492,0.000,0.000,0.000,-222685
8.121462106704712,1146131579,3.152,-9.094,1.492,0.000,0.000,0.000,-223072
8.1215660572052,1146137012,3.152,-9.094,1.492,0.000,0.000,0.000,-222750
8.121670007705688,1146141232,3.152,-9.094,1.492,0.000,0.000,0.000,-222824
8.121772050857544,1146145453,3.152,-9.133,1.492,0.000,0.000,0.000,-222935
8.123797178268433,1146152887,3.152,-9.133,1.492,0.000,0.000,0.000,-222306
8.142545938491821,1146156107,3.191,-9.098,1.453,0.000,0.000,0.000,-222741
8.142672061920166,1146163540,3.191,-9.098,1.453,0.000,0.000,0.000,-222692
8.14276909828186,1146167760,3.191,-9.098,1.453,0.000,0.000,0.000,-221981
8.146185159683228,1146170981,3.152,-9.094,1.492,0.000,0.000,0.000,-222327
8.149420022964478,1146177415,3.152,-9.094,1.492,0.000,0.000,0.000,-222381
8.155799150466919,1146181636,3.227,-9.133,1.492,0.000,0.000,0.000,-221782
8.16009783744812,1146187068,3.227,-9.133,1.492,0.000,0.000,0.000,-222305
8.180704116821289,1146190288,3.191,-9.094,1.566,0.000,0.000,0.000,-223565
8.180832147598267,1146196720,3.191,-9.137,1.527,0.000,0.000,0.000,-223158
8.180943012237549,1146200940,3.191,-9.137,1.527,0.000,0.000,0.000,-222050
8.181055068969727,1146207372,3.191,-9.137,1.527,0.000,0.000,0.000,-221772
8.185758113861084,1146211592,3.191,-9.137,1.527,0.000,0.000,0.000,-222566
8.19003701210022,1146217025,3.227,-9.094,1.492,0.000,0.000,0.000,-222308
8.195497989654541,1146221246,3.191,-9.098,1.492,0.000,0.000,0.000,-222932
8.216828107833862,1146226679,3.191,-9.098,1.492,0.000,0.000,0.000,-222273
8.216979026794434,1146233112,3.191,-9.098,1.527,0.000,0.000,0.000,-222285
8.21711802482605,1146236332,3.191,-9.098,1.527,0.000,0.000,0.000,-222403
8.217240810394287,1146243764,3.191,-9.098,1.527,0.000,0.000,0.000,-223031
8.22222900390625,1146246985,3.191,-9.098,1.527,0.000,0.000,0.000,-222335
8.225422859191895,1146251206,3.191,-9.098,1.492,0.000,0.000,0.000,-221979
8.22970700263977,1146256639,3.191,-9.098,1.414,0.000,0.000,0.000,-223135
8.250508069992065,1146263071,3.191,-9.098,1.414,0.000,0.000,0.000,-222470
8.250640869140625,1146267291,3.191,-9.098,1.453,0.000,0.000,0.000,-222674
8.250763177871704,1146270512,3.191,-9.098,1.453,0.000,0.000,0.000,-222517
8.250885009765625,1146277946,3.191,-9.098,1.453,0.000,0.000,0.000,-223337
8.256332874298096,1146282167,3.191,-9.098,1.527,0.000,0.000,0.000,-222492
8.260662078857422,1146288600,3.191,-9.098,1.527,0.000,0.000,0.000,-222581
8.267145156860352,1146291820,3.152,-9.094,1.492,0.000,0.000,0.000,-222227
8.282441139221191,1146297252,3.152,-9.094,1.492,0.000,0.000,0.000,-222297
8.28259801864624,1146301472,3.152,-9.094,1.453,0.000,0.000,0.000,-222129
8.28273606300354,1146307906,3.152,-9.094,1.453,0.000,0.000,0.000,-221635
8.286396026611328,1146311126,3.152,-9.094,1.492,0.000,0.000,0.000,-222052
8.289592981338501,1146317559,3.152,-9.094,1.492,0.000,0.000,0.000,-222898
8.296072006225586,1146320779,3.152,-9.094,1.492,0.000,0.000,0.000,-222008
8.29927682876587,1146328211,3.191,-9.137,1.527,0.000,0.000,0.000,-222829
8.306753158569336,1146331431,3.191,-9.098,1.527,0.000,0.000,0.000,-222687
8.317914009094238,1146336864,3.191,-9.098,1.527,0.000,0.000,0.000,-222349
8.318063974380493,1146342297,3.191,-9.098,1.527,0.000,0.000,0.000,-223767
8.320816040039062,1146346517,3.191,-9.137,1.453,0.000,0.000,0.000,-222771
8.325011968612671,1146352949,3.191,-9.137,1.453,0.000,0.000,0.000,-222278
8.331512928009033,1146356171,3.191,-9.137,1.453,0.000,0.000,0.000,-222347
8.334630012512207,1146362604,3.191,-9.098,1.527,0.000,0.000,0.000,-222228
8.341112852096558,1146366825,3.191,-9.098,1.527,0.000,0.000,0.000,-221993
8.390432119369507,1146370045,3.191,-9.098,1.527,0.000,0.000,0.000,-222809
8.420204877853394,1146376479,3.191,-9.098,1.527,0.000,0.000,0.000,-221999
8.420399904251099,1146380700,3.191,-9.098,1.527,0.000,0.000,0.000,-222912
8.420577764511108,1146388133,3.191,-9.098,1.527,0.000,0.000,0.000,-222449
8.420753002166748,1146391354,3.191,-9.098,1.527,0.000,0.000,0.000,-222907
8.420928001403809,1146397786,3.191,-9.098,1.492,0.000,0.000,0.000,-222384
8.421106100082397,1146401006,3.191,-9.098,1.492,0.000,0.000,0.000,-222222
8.42128586769104,1146407438,3.191,-9.137,1.492,0.000,0.000,0.000,-222765
8.42146110534668,1146411658,3.191,-9.137,1.492,0.000,0.000,0.000,-222814
8.42163896560669,1146418090,3.152,-9.094,1.492,0.000,0.000,0.000,-222749
8.421813011169434,1146422311,3.191,-9.098,1.527,0.000,0.000,0.000,-222983
8.421988010406494,1146425532,3.191,-9.098,1.527,0.000,0.000,0.000,-222527
8.422163963317871,1146431965,3.191,-9.098,1.527,0.000,0.000,0.000,-222129
8.422339916229248,1146435185,3.152,-9.133,1.527,0.000,0.000,0.000,-222709
8.422518014907837,1146441617,3.152,-9.133,1.527,0.000,0.000,0.000,-222463
8.422693014144897,1146445837,3.152,-9.094,1.453,0.000,0.000,0.000,-222138
8.424357891082764,1146452271,3.191,-9.137,1.492,0.000,0.000,0.000,-222543
8.452354907989502,1146455492,3.191,-9.137,1.492,0.000,0.000,0.000,-222612
8.452549934387207,1146462925,3.191,-9.137,1.492,0.000,0.000,0.000,-222367
8.452727794647217,1146467145,3.191,-9.137,1.492,0.000,0.000,0.000,-222819
8.452911853790283,1146470365,3.191,-9.098,1.527,0.000,0.000,0.000,-222713
8.453097105026245,1146476797,3.152,-9.094,1.527,0.000,0.000,0.000,-222364
8.455268859863281,1146481017,3.152,-9.094,1.527,0.000,0.000,0.000,-222190
8.459492921829224,1146487450,3.152,-9.094,1.527,0.000,0.000,0.000,-223258
8.485106945037842,1146491670,3.191,-9.098,1.453,0.000,0.000,0.000,-223009
8.485282897949219,1146498103,3.191,-9.098,1.453,0.000,0.000,0.000,-222906
8.485438108444214,1146502323,3.191,-9.098,1.453,0.000,0.000,0.000,-223072
8.485591173171997,1146505544,3.191,-9.098,1.492,0.000,0.000,0.000,-222562
8.485743999481201,1146511977,3.191,-9.098,1.527,0.000,0.000,0.000,-223193
8.49042010307312,1146515197,3.191,-9.098,1.527,0.000,0.000,0.000,-222305
8.493698835372925,1146521629,3.191,-9.098,1.527,0.000,0.000,0.000,-222855
8.522234916687012,1146529062,3.191,-9.098,1.527,0.000,0.000,0.000,-222917
8.522417068481445,1146532282,3.191,-9.098,1.492,0.000,0.000,0.000,-222630
8.522568941116333,1146535502,3.191,-9.098,1.492,0.000,0.000,0.000,-222932
8.5227210521698,1146542936,3.191,-9.098,1.492,0.000,0.000,0.000,-222154
8.522872924804688,1146547157,3.191,-9.098,1.453,0.000,0.000,0.000,-222189
8.525618076324463,1146551377,3.191,-9.098,1.453,0.000,0.000,0.000,-222063
8.529825925827026,1146557811,3.191,-9.098,1.453,0.000,0.000,0.000,-221933
8.553706169128418,1146562031,3.191,-9.098,1.453,0.000,0.000,0.000,-222261
8.553868055343628,1146565251,3.191,-9.098,1.492,0.000,0.000,0.000,-221882
8.554028987884521,1146571684,3.191,-9.098,1.492,0.000,0.000,0.000,-222691
8.55418086051941,1146577118,3.191,-9.098,1.492,0.000,0.000,0.000,-222170
8.555634021759033,1146582551,3.191,-9.098,1.527,0.000,0.000,0.000,-222424
8.561069965362549,1146586774,3.191,-9.055,1.453,0.000,0.000,0.000,-222271
8.565320014953613,1146592207,3.191,-9.055,1.453,0.000,0.000,0.000,-222404
8.586412191390991,1146597641,3.191,-9.098,1.453,0.000,0.000,0.000,-222563
8.58658218383789,1146601861,3.191,-9.098,1.453,0.000,0.000,0.000,-223106
8.5867338180542,1146606081,3.191,-9.098,1.527,0.000,0.000,0.000,-221781
8.586885929107666,1146612514,3.191,-9.098,1.527,0.000,0.000,0.000,-222012
8.591027021408081,1146615735,3.191,-9.098,1.527,0.000,0.000,0.000,-222361
8.594227075576782,1146622167,3.191,-9.098,1.527,0.000,0.000,0.000,-222363
8.600713014602661,1146626387,3.191,-9.098,1.527,0.000,0.000,0.000,-222442
8.620324850082397,1146632821,3.191,-9.098,1.527,0.000,0.000,0.000,-222827
8.62049388885498,1146636041,3.191,-9.098,1.492,0.000,0.000,0.000,-222292
8.62064814567566,1146642473,3.191,-9.098,1.492,0.000,0.000,0.000,-222562
8.620924949645996,1146646693,3.152,-9.094,1.492,0.000,0.000,0.000,-222996
8.625193119049072,1146652126,3.152,-9.094,1.492,0.000,0.000,0.000,-222384
8.63068699836731,1146655346,3.152,-9.094,1.527,0.000,0.000,0.000,-222139
8.633890867233276,1146661780,3.152,-9.094,1.527,0.000,0.000,0.000,-222649
8.640334844589233,1146666000,3.227,-9.133,1.453,0.000,0.000,0.000,-222340
8.658069133758545,1146672432,3.191,-9.055,1.527,0.000,0.000,0.000,-221881
8.658273935317993,1146675652,3.191,-9.055,1.527,0.000,0.000,0.000,-223698
8.65845513343811,1146683071,3.191,-9.055,1.527,0.000,0.000,0.000,-221970
8.661590099334717,1146687291,3.191,-9.055,1.527,0.000,0.000,0.000,-222221
8.665876150131226,1146692725,3.191,-9.137,1.492,0.000,0.000,0.000,-222573
8.671296119689941,1146695945,3.191,-9.137,1.492,0.000,0.000,0.000,-222322
8.674482107162476,1146703363,3.191,-9.137,1.492,0.000,0.000,0.000,-222610
8.691710948944092,1146706583,3.191,-9.137,1.492,0.000,0.000,0.000,-222105
8.691908836364746,1146714015,3.152,-9.094,1.453,0.000,0.000,0.000,-222893
8.692492961883545,1146717236,3.191,-9.055,1.492,0.000,0.000,0.000,-222224
8.69572901725769,1146720457,3.191,-9.055,1.492,0.000,0.000,0.000,-222416
8.698993921279907,1146727890,3.191,-9.137,1.492,0.000,0.000,0.000,-222351
8.706452131271362,1146731110,3.191,-9.137,1.492,0.000,0.000,0.000,-222535
8.709661960601807,1146737543,3.191,-9.137,1.492,0.000,0.000,0.000,-222289
8.726578950881958,1146741763,3.191,-9.137,1.492,0.000,0.000,0.000,-222499
8.726768970489502,1146747195,3.191,-9.137,1.453,0.000,0.000,0.000,-223335
8.726950883865356,1146751415,3.227,-9.094,1.527,0.000,0.000,0.000,-222650
8.729910850524902,1146757849,3.227,-9.094,1.527,0.000,0.000,0.000,-222337
8.736412048339844,1146762069,3.227,-9.094,1.527,0.000,0.000,0.000,-222005
8.740605115890503,1146767501,3.152,-9.094,1.527,0.000,0.000,0.000,-222047
8.746077060699463,1146770721,3.191,-9.098,1.527,0.000,0.000,0.000,-222474
8.793889999389648,1146777154,3.152,-9.094,1.527,0.000,0.000,0.000,-222430
8.824962854385376,1146782589,3.152,-9.094,1.527,0.000,0.000,0.000,-221580
8.825160026550293,1146786809,3.191,-9.098,1.453,0.000,0.000,0.000,-222882
8.825336933135986,1146791030,3.191,-9.098,1.453,0.000,0.000,0.000,-222559
8.825513124465942,1146797462,3.191,-9.098,1.453,0.000,0.000,0.000,-221772
8.825690984725952,1146801683,3.191,-9.098,1.453,0.000,0.000,0.000,-222459
8.825868129730225,1146807115,3.191,-9.098,1.492,0.000,0.000,0.000,-223136
8.826045036315918,1146812548,3.227,-9.094,1.527,0.000,0.000,0.000,-222739
8.82622504234314,1146816768,3.227,-9.094,1.527,0.000,0.000,0.000,-223082
8.826406955718994,1146822201,3.191,-9.137,1.527,0.000,0.000,0.000,-222490
8.826586961746216,1146826421,3.191,-9.098,1.492,0.000,0.000,0.000,-222917
8.826764822006226,1146832854,3.191,-9.098,1.492,0.000,0.000,0.000,-222825
8.826957941055298,1146836075,3.191,-9.098,1.492,0.000,0.000,0.000,-221996
8.82713794708252,1146841509,3.152,-9.094,1.453,0.000,0.000,0.000,-222371
8.82731819152832,1146845729,3.191,-9.098,1.492,0.000,0.000,0.000,-223180
8.856797933578491,1146852161,3.191,-9.098,1.492,0.000,0.000,0.000,-223092
8.857003211975098,1146858593,3.191,-9.098,1.492,0.000,0.000,0.000,-222633
8.857197999954224,1146861814,3.191,-9.098,1.492,0.000,0.000,0.000,-222696
8.857375144958496,1146866034,3.191,-9.133,1.566,0.000,0.000,0.000,-222641
8.857550859451294,1146872466,3.191,-9.133,1.566,0.000,0.000,0.000,-222427
8.85772705078125,1146875686,3.152,-9.094,1.453,0.000,0.000,0.000,-222959
8.857903957366943,1146882104,3.152,-9.094,1.453,0.000,0.000,0.000,-223134
8.86061716079712,1146886324,3.152,-9.094,1.453,0.000,0.000,0.000,-223484
8.864864110946655,1146891757,3.152,-9.094,1.453,0.000,0.000,0.000,-222279
8.890852928161621,1146898174,3.191,-9.098,1.492,0.000,0.000,0.000,-222111
8.891032934188843,1146901394,3.191,-9.098,1.492,0.000,0.000,0.000,-222197
8.891186952590942,1146907827,3.191,-9.098,1.527,0.000,0.000,0.000,-222499
8.891340017318726,1146912048,3.191,-9.098,1.527,0.000,0.000,0.000,-222209
8.89149284362793,1146915269,3.191,-9.055,1.527,0.000,0.000,0.000,-222929
8.89375901222229,1146922701,3.191,-9.055,1.527,0.000,0.000,0.000,-222176
8.90120005607605,1146926922,3.191,-9.055,1.527,0.000,0.000,0.000,-222469
8.92578911781311,1146933356,3.191,-9.098,1.492,0.000,0.000,0.000,-222612
8.925956964492798,1146936577,3.152,-9.094,1.453,0.000,0.000,0.000,-223030
8.926110982894897,1146944009,3.152,-9.094,1.453,0.000,0.000,0.000,-222272
8.926262140274048,1146948230,3.191,-9.098,1.527,0.000,0.000,0.000,-222367
8.926669836044312,1146951450,3.191,-9.098,1.527,0.000,0.000,0.000,-222622
8.929955959320068,1146957883,3.191,-9.098,1.527,0.000,0.000,0.000,-222577
8.936407089233398,1146962089,3.191,-9.098,1.527,0.000,0.000,0.000,-222577
8.952706813812256,1146967521,3.191,-9.137,1.527,0.000,0.000,0.000,-221443
8.952869892120361,1146971741,3.191,-9.098,1.453,0.000,0.000,0.000,-222056
8.953006029129028,1146978175,3.191,-9.098,1.453,0.000,0.000,0.000,-222543
8.956655979156494,1146982395,3.191,-9.098,1.453,0.000,0.000,0.000,-222637
8.960905075073242,1146987828,3.191,-9.098,1.453,0.000,0.000,0.000,-222434
8.96634817123413,1146991049,3.191,-9.098,1.492,0.000,0.000,0.000,-221934
8.969526767730713,1146996481,3.152,-9.094,1.527,0.000,0.000,0.000,-223069
8.975021839141846,1147002914,3.152,-9.094,1.527,0.000,0.000,0.000,-222105
9.022103071212769,1147007134,3.227,-9.094,1.527,0.000,0.000,0.000,-222413
9.055039167404175,1147010354,3.227,-9.094,1.527,0.000,0.000,0.000,-222344
9.055263996124268,1147016788,3.227,-9.094,1.527,0.000,0.000,0.000,-222061
9.055468797683716,1147023220,3.191,-9.137,1.492,0.000,0.000,0.000,-222525
9.088520050048828,1147027440,3.152,-9.094,1.453,0.000,0.000,0.000,-223299
9.0886390209198,1147030661,3.152,-9.094,1.453,0.000,0.000,0.000,-222620
9.0887131690979,1147038093,3.152,-9.094,1.453,0.000,0.000,0.000,-222799
9.08878493309021,1147042313,3.152,-9.094,1.453,0.000,0.000,0.000,-222491
9.088855981826782,1147047746,3.191,-9.098,1.527,0.000,0.000,0.000,-222287
9.11729907989502,1147050966,3.191,-9.137,1.527,0.000,0.000,0.000,-222170
9.117486000061035,1147057398,3.191,-9.137,1.527,0.000,0.000,0.000,-223339
9.117642164230347,1147061618,3.191,-9.098,1.492,0.000,0.000,0.000,-222217
9.117805004119873,1147067051,3.191,-9.098,1.492,0.000,0.000,0.000,-223220
9.11795687675476,1147073483,3.191,-9.098,1.492,0.000,0.000,0.000,-222149
9.118108034133911,1147076704,3.152,-9.094,1.492,0.000,0.000,0.000,-222367
9.118260145187378,1147083138,3.152,-9.094,1.492,0.000,0.000,0.000,-222029
9.118413925170898,1147086358,3.227,-9.094,1.492,0.000,0.000,0.000,-223489
9.118566036224365,1147092790,3.227,-9.094,1.492,0.000,0.000,0.000,-222526
9.118716955184937,1147097010,3.152,-9.094,1.527,0.000,0.000,0.000,-222569
9.118869066238403,1147102443,3.152,-9.094,1.527,0.000,0.000,0.000,-222760
9.119019031524658,1147106664,3.152,-9.094,1.527,0.000,0.000,0.000,-222665
9.11916995048523,1147113097,3.191,-9.137,1.492,0.000,0.000,0.000,-222392
9.1193208694458,1147116317,3.191,-9.137,1.492,0.000,0.000,0.000,-222136
9.119472980499268,1147123750,3.191,-9.137,1.492,0.000,0.000,0.000,-222476
9.119625091552734,1147127970,3.191,-9.137,1.492,0.000,0.000,0.000,-222075
9.119765043258667,1147131190,3.191,-9.137,1.453,0.000,0.000,0.000,-222852
9.119899034500122,1147137623,3.191,-9.137,1.453,0.000,0.000,0.000,-223092
9.120044946670532,1147141843,3.152,-9.094,1.492,0.000,0.000,0.000,-222673
9.120225191116333,1147147276,3.152,-9.094,1.492,0.000,0.000,0.000,-222590
9.125670909881592,1147153709,3.227,-9.094,1.527,0.000,0.000,0.000,-222432
9.145353078842163,1147156930,3.191,-9.098,1.527,0.000,0.000,0.000,-222537
9.145524978637695,1147160150,3.191,-9.098,1.527,0.000,0.000,0.000,-223031
9.145676851272583,1147167586,3.191,-9.098,1.527,0.000,0.000,0.000,-222290
9.146017074584961,1147171807,3.113,-9.094,1.492,0.000,0.000,0.000,-222063
9.150269031524658,1147177240,3.152,-9.094,1.453,0.000,0.000,0.000,-222173
9.15571904182434,1147181460,3.152,-9.094,1.453,0.000,0.000,0.000,-222512
9.159982919692993,1147187894,3.152,-9.094,1.453,0.000,0.000,0.000,-222265
9.184682130813599,1147192115,3.191,-9.098,1.527,0.000,0.000,0.000,-222130
9.184855937957764,1147198548,3.191,-9.098,1.527,0.000,0.000,0.000,-222678
9.185009002685547,1147202768,3.191,-9.098,1.527,0.000,0.000,0.000,-221796
9.185161113739014,1147205988,3.191,-9.137,1.492,0.000,0.000,0.000,-222148
9.185313940048218,1147212421,3.191,-9.055,1.527,0.000,0.000,0.000,-222242
9.19089388847351,1147215642,3.191,-9.055,1.527,0.000,0.000,0.000,-222586
9.194177150726318,1147223076,3.191,-9.055,1.527,0.000,0.000,0.000,-222669
9.216836929321289,1147227296,3.191,-9.137,1.492,0.000,0.000,0.000,-223131
9.21700406074524,1147230516,3.191,-9.137,1.492,0.000,0.000,0.000,-223187
9.217156887054443,1147237949,3.152,-9.094,1.492,0.000,0.000,0.000,-222417
9.217309951782227,1147240169,3.152,-9.094,1.492,0.000,0.000,0.000,-223147
9.21865200996399,1147247601,3.191,-9.098,1.527,0.000,0.000,0.000,-222882
9.22613000869751,1147250821,3.191,-9.098,1.527,0.000,0.000,0.000,-222799
9.229355096817017,1147257254,3.191,-9.098,1.527,0.000,0.000,0.000,-222767
9.25288200378418,1147260474,3.227,-9.133,1.492,0.000,0.000,0.000,-222245
9.253087043762207,1147267906,3.191,-9.098,1.453,0.000,0.000,0.000,-222772
9.253266096115112,1147271126,3.191,-9.098,1.453,0.000,0.000,0.000,-222265
9.253441095352173,1147277559,3.191,-9.098,1.453,0.000,0.000,0.000,-223122
9.256097793579102,1147281779,3.191,-9.098,1.492,0.000,0.000,0.000,-222675
9.260360956192017,1147285000,3.191,-9.098,1.492,0.000,0.000,0.000,-222955
9.26352596282959,1147291434,3.191,-9.137,1.492,0.000,0.000,0.000,-222495
9.28748607635498,1147297868,3.191,-9.137,1.492,0.000,0.000,0.000,-222300
9.28768014907837,1147302089,3.191,-9.098,1.527,0.000,0.000,0.000,-222657
9.287855863571167,1147308521,3.191,-9.098,1.492,0.000,0.000,0.000,-222717
9.288035869598389,1147311741,3.191,-9.098,1.492,0.000,0.000,0.000,-222119
9.29023289680481,1147318174,3.152,-9.094,1.492,0.000,0.000,0.000,-222160
9.296723127365112,1147321394,3.152,-9.094,1.492,0.000,0.000,0.000,-222553
9.299966096878052,1147327827,3.152,-9.094,1.492,0.000,0.000,0.000,-223015
9.326798915863037,1147332048,3.152,-9.094,1.492,0.000,0.000,0.000,-222945
9.326995134353638,1147338481,3.191,-9.098,1.492,0.000,0.000,0.000,-222297
9.327188968658447,1147341701,3.191,-9.098,1.492,0.000,0.000,0.000,-222596
9.327378034591675,1147348134,3.191,-9.137,1.527,0.000,0.000,0.000,-222837
9.327554941177368,1147351354,3.191,-9.137,1.527,0.000,0.000,0.000,-222915
9.329871892929077,1147357786,3.191,-9.137,1.527,0.000,0.000,0.000,-222405
9.336380958557129,1147362006,3.191,-9.055,1.492,0.000,0.000,0.000,-222565
9.354038000106812,1147367439,3.191,-9.055,1.492,0.000,0.000,0.000,-223686
9.354213953018188,1147372872,3.152,-9.059,1.453,0.000,0.000,0.000,-222089
9.354366064071655,1147377077,3.191,-9.098,1.527,0.000,0.000,0.000,-222089
9.355588912963867,1147380297,3.191,-9.098,1.527,0.000,0.000,0.000,-223114
9.358816146850586,1147387731,3.191,-9.098,1.527,0.000,0.000,0.000,-222301
9.36630892753601,1147391952,3.191,-9.098,1.527,0.000,0.000,0.000,-222728
9.370529890060425,1147395172,3.191,-9.098,1.527,0.000,0.000,0.000,-222778
9.386085987091064,1147402605,3.191,-9.098,1.527,0.000,0.000,0.000,-221870
9.386302947998047,1147408038,3.191,-9.098,1.492,0.000,0.000,0.000,-222178
9.386475086212158,1147412258,3.191,-9.098,1.492,0.000,0.000,0.000,-222403
9.390800952911377,1147418690,3.191,-9.098,1.492,0.000,0.000,0.000,-222556
9.397257089614868,1147421910,3.191,-9.098,1.492,0.000,0.000,0.000,-222692
9.40047287940979,1147425131,3.191,-9.098,1.492,0.000,0.000,0.000,-222643
9.403684854507446,1147432563,3.191,-9.098,1.527,0.000,0.000,0.000,-222658
9.41114616394043,1147435783,3.191,-9.098,1.527,0.000,0.000,0.000,-222878
9.460508108139038,1147443216,3.191,-9.098,1.527,0.000,0.000,0.000,-222538
9.49355411529541,1147446437,3.191,-9.137,1.527,0.000,0.000,0.000,-223036
9.493741989135742,1147452870,3.191,-9.098,1.492,0.000,0.000,0.000,-222539
9.49391794204712,1147456090,3.191,-9.098,1.492,0.000,0.000,0.000,-222884
9.525824069976807,1147462523,3.191,-9.098,1.492,0.000,0.000,0.000,-222469
9.526013135910034,1147467957,3.191,-9.098,1.453,0.000,0.000,0.000,-222224
9.52619194984436,1147472179,3.152,-9.094,1.492,0.000,0.000,0.000,-221935
9.526381969451904,1147477612,3.152,-9.094,1.492,0.000,0.000,0.000,-222427
9.52656102180481,1147480833,3.227,-9.094,1.492,0.000,0.000,0.000,-222911
9.526739120483398,1147488265,3.191,-9.098,1.492,0.000,0.000,0.000,-222561
9.526914834976196,1147491486,3.191,-9.098,1.492,0.000,0.000,0.000,-222718
9.527109861373901,1147497920,3.191,-9.098,1.492,0.000,0.000,0.000,-222778
9.527288913726807,1147502140,3.191,-9.137,1.527,0.000,0.000,0.000,-222808
9.55758023262024,1147508572,3.191,-9.137,1.527,0.000,0.000,0.000,-223070
9.557769060134888,1147511793,3.191,-9.098,1.453,0.000,0.000,0.000,-222873
9.557921886444092,1147518225,3.191,-9.098,1.453,0.000,0.000,0.000,-222824
9.558074951171875,1147522445,3.152,-9.094,1.492,0.000,0.000,0.000,-222432
9.558226108551025,1147528877,3.191,-9.098,1.453,0.000,0.000,0.000,-222457
9.558377981185913,1147532098,3.191,-9.098,1.453,0.000,0.000,0.000,-222960
9.558528184890747,1147537530,3.191,-9.098,1.492,0.000,0.000,0.000,-222759
9.558679103851318,1147541751,3.191,-9.098,1.492,0.000,0.000,0.000,-222549
9.558834075927734,1147547183,3.152,-9.094,1.527,0.000,0.000,0.000,-223040
9.558990001678467,1147551404,3.152,-9.094,1.527,0.000,0.000,0.000,-223428
9.559165000915527,1147557837,3.152,-9.094,1.527,0.000,0.000,0.000,-223056
9.559317111968994,1147562058,3.191,-9.098,1.527,0.000,0.000,0.000,-223288
9.559468984603882,1147568491,3.191,-9.098,1.527,0.000,0.000,0.000,-222243
9.559622049331665,1147571711,3.191,-9.098,1.527,0.000,0.000,0.000,-222658
9.559772968292236,1147578143,3.191,-9.098,1.492,0.000,0.000,0.000,-222527
9.559924125671387,1147582364,3.227,-9.094,1.492,0.000,0.000,0.000,-222600
9.560837030410767,1147588798,3.227,-9.094,1.492,0.000,0.000,0.000,-223047
9.594093799591064,1147592018,3.227,-9.094,1.492,0.000,0.000,0.000,-222380
9.594271183013916,1147598450,3.191,-9.098,1.492,0.000,0.000,0.000,-223451
9.624644041061401,1147601671,3.191,-9.098,1.492,0.000,0.000,0.000,-223067
9.62482500076294,1147608104,3.227,-9.133,1.492,0.000,0.000,0.000,-223460
9.624976873397827,1147612325,3.227,-9.133,1.492,0.000,0.000,0.000,-222752
9.625128984451294,1147615545,3.191,-9.137,1.453,0.000,0.000,0.000,-222406
9.625278949737549,1147622979,3.191,-9.137,1.453,0.000,0.000,0.000,-223391
9.6254301071167,1147627199,3.191,-9.137,1.453,0.000,0.000,0.000,-223174
9.625580787658691,1147633631,3.191,-9.098,1.492,0.000,0.000,0.000,-222630
9.625731945037842,1147636852,3.191,-9.098,1.527,0.000,0.000,0.000,-223138
9.625882863998413,1147640072,3.191,-9.098,1.527,0.000,0.000,0.000,-222332
9.626034021377563,1147648505,3.191,-9.098,1.492,0.000,0.000,0.000,-223039
9.626984119415283,1147651725,3.191,-9.098,1.492,0.000,0.000,0.000,-223109
9.630213022232056,1147658157,3.191,-9.098,1.492,0.000,0.000,0.000,-222723
9.658454179763794,1147662377,3.191,-9.098,1.492,0.000,0.000,0.000,-222755
9.658638954162598,1147667811,3.152,-9.094,1.492,0.000,0.000,0.000,-222274
9.65879511833191,1147672031,3.191,-9.098,1.527,0.000,0.000,0.000,-222927
9.65894889831543,1147678463,3.191,-9.098,1.527,0.000,0.000,0.000,-222318
9.659101963043213,1147682683,3.191,-9.098,1.527,0.000,0.000,0.000,-222408
9.661188840866089,1147689116,3.191,-9.098,1.527,0.000,0.000,0.000,-222144
9.667655944824219,1147692337,3.191,-9.098,1.492,0.000,0.000,0.000,-223141
9.691524982452393,1147698769,3.191,-9.098,1.492,0.000,0.000,0.000,-222827
9.691694021224976,1147701989,3.191,-9.098,1.492,0.000,0.000,0.000,-222301
9.691848039627075,1147705210,3.191,-9.098,1.492,0.000,0.000,0.000,-222718
9.692000150680542,1147712643,3.191,-9.098,1.453,0.000,0.000,0.000,-222936
9.692164897918701,1147718076,3.191,-9.098,1.453,0.000,0.000,0.000,-222715
9.696583986282349,1147721296,3.191,-9.098,1.453,0.000,0.000,0.000,-223096
9.699799060821533,1147729729,3.191,-9.055,1.527,0.000,0.000,0.000,-223018
9.70832109451294,1147732949,3.191,-9.055,1.527,0.000,0.000,0.000,-223019
9.72618293762207,1147736170,3.191,-9.055,1.527,0.000,0.000,0.000,-222652
9.726369857788086,1147742602,3.191,-9.055,1.527,0.000,0.000,0.000,-222773
9.72652816772461,1147746822,3.191,-9.098,1.453,0.000,0.000,0.000,-222917
9.726682901382446,1147750043,3.191,-9.098,1.453,0.000,0.000,0.000,-222773
9.728493928909302,1147757476,3.191,-9.098,1.453,0.000,0.000,0.000,-223050
9.736058950424194,1147762908,3.191,-9.098,1.453,0.000,0.000,0.000,-223135
9.741477012634277,1147767128,3.152,-9.094,1.453,0.000,0.000,0.000,-222628
9.745678901672363,1147772561,3.152,-9.094,1.453,0.000,0.000,0.000,-222605
9.794800043106079,1147777994,3.191,-9.098,1.527,0.000,0.000,0.000,-222160
9.824486017227173,1147782215,3.191,-9.098,1.527,0.000,0.000,0.000,-223307
9.824688911437988,1147785435,3.191,-9.098,1.527,0.000,0.000,0.000,-222393
9.824867010116577,1147792867,3.191,-9.098,1.527,0.000,0.000,0.000,-222907
9.82504415512085,1147795087,3.191,-9.098,1.492,0.000,0.000,0.000,-222658
9.825219869613647,1147802519,3.152,-9.094,1.453,0.000,0.000,0.000,-222986
9.825396060943604,1147808953,3.152,-9.094,1.453,0.000,0.000,0.000,-222854
9.825572967529297,1147812174,3.152,-9.094,1.453,0.000,0.000,0.000,-223291
9.825751781463623,1147818606,3.191,-9.098,1.492,0.000,0.000,0.000,-223798
9.825933933258057,1147821827,3.191,-9.098,1.492,0.000,0.000,0.000,-222968
9.826113939285278,1147825047,3.191,-9.137,1.527,0.000,0.000,0.000,-223741
9.826292037963867,1147832480,3.191,-9.137,1.527,0.000,0.000,0.000,-223095
9.826467990875244,1147838898,3.191,-9.098,1.492,0.000,0.000,0.000,-222414
9.82664704322815,1147842119,3.191,-9.098,1.492,0.000,0.000,0.000,-223241
9.826826095581055,1147845339,3.191,-9.098,1.527,0.000,0.000,0.000,-223194
9.827006101608276,1147852772,3.191,-9.098,1.492,0.000,0.000,0.000,-222775
9.831326007843018,1147855992,3.191,-9.098,1.492,0.000,0.000,0.000,-223023
9.856542110443115,1147863426,3.191,-9.098,1.492,0.000,0.000,0.000,-222632
9.856758832931519,1147867647,3.191,-9.098,1.492,0.000,0.000,0.000,-223050
9.856937170028687,1147874079,3.152,-9.094,1.527,0.000,0.000,0.000,-222783
9.857136011123657,1147877300,3.152,-9.094,1.492,0.000,0.000,0.000,-222683
9.857313871383667,1147883733,3.152,-9.094,1.492,0.000,0.000,0.000,-222606
9.86227011680603,1147886955,3.152,-9.094,1.492,0.000,0.000,0.000,-222238
9.865495920181274,1147890176,3.152,-9.094,1.527,0.000,0.000,0.000,-223014
9.891341924667358,1147897593,3.152,-9.094,1.492,0.000,0.000,0.000,-222535
9.89153504371643,1147904025,3.152,-9.094,1.492,0.000,0.000,0.000,-222906
9.89168906211853,1147908245,3.152,-9.094,1.492,0.000,0.000,0.000,-222289
9.891839981079102,1147911465,3.152,-9.094,1.492,0.000,0.000,0.000,-223095
9.89199185371399,1147917882,3.152,-9.094,1.492,0.000,0.000,0.000,-223352
9.896368980407715,1147921102,3.191,-9.098,1.492,0.000,0.000,0.000,-222200
9.899625062942505,1147927535,3.191,-9.098,1.527,0.000,0.000,0.000,-222560
9.925328016281128,1147930756,3.191,-9.098,1.527,0.000,0.000,0.000,-222929
9.925494909286499,1147937189,3.191,-9.055,1.527,0.000,0.000,0.000,-222046
9.92565107345581,1147943621,3.191,-9.055,1.527,0.000,0.000,0.000,-222404
9.925808906555176,1147947841,3.191,-9.098,1.492,0.000,0.000,0.000,-223201
9.926262855529785,1147951061,3.191,-9.098,1.492,0.000,0.000,0.000,-222661
9.929526805877686,1147957493,3.191,-9.098,1.492,0.000,0.000,0.000,-222533
9.93596601486206,1147962925,3.191,-9.098,1.492,0.000,0.000,0.000,-222931
9.951949834823608,1147967145,3.191,-9.098,1.492,0.000,0.000,0.000,-222268
9.952118873596191,1147970366,3.191,-9.098,1.492,0.000,0.000,0.000,-222409
9.952272891998291,1147977799,3.152,-9.133,1.492,0.000,0.000,0.000,-222716
9.956233978271484,1147980019,3.152,-9.133,1.492,0.000,0.000,0.000,-223101
9.958518981933594,1147987452,3.152,-9.059,1.492,0.000,0.000,0.000,-222389
9.965962171554565,1147992885,3.152,-9.059,1.492,0.000,0.000,0.000,-222318
9.971420049667358,1147995105,3.191,-9.098,1.492,0.000,0.000,0.000,-222176
9.98490309715271,1148002537,3.191,-9.098,1.492,0.000,0.000,0.000,-223326
9.985084056854248,1148006757,3.152,-9.094,1.492,0.000,0.000,0.000,-222867
9.985238075256348,1148013189,3.152,-9.094,1.492,0.000,0.000,0.000,-222888
9.991728067398071,1148015409,3.191,-9.098,1.492,0.000,0.000,0.000,-222386
9.993957042694092,1148022841,3.191,-9.098,1.492,0.000,0.000,0.000,-222856
