sample_start,frames,pc_time_s_callback,input_buffer_adc_time,current_time
0,512,0.011055459,46280.35215550789,46280.3670045
512,512,0.027501167,46280.36376546589,46280.378554875
1024,512,0.034045417,46280.37537546589,46280.390130125
1536,512,0.045690917,46280.38698542489,46280.401758041
2048,512,0.062309584,46280.398595424886,46280.413364041
2560,512,0.068879625,46280.41020538289,46280.42496275
3072,512,0.08058725,46280.42181538289,46280.436628708005
3584,512,0.097126334,46280.43342534089,46280.448197833
4096,512,0.10371,46280.44503534089,46280.459793500006
4608,512,0.12033875,46280.45664529989,46280.471422208
5120,512,0.131934709,46280.46825525789,46280.483020708
5632,512,0.138558084,46280.47986525789,46280.494631416004
6144,512,0.15516975,46280.49147521589,46280.506245041004
6656,512,0.166786375,46280.50308521589,46280.51787375
7168,512,0.173397084,46280.51469517489,46280.529470916
7680,512,0.190020584,46280.52630517489,46280.541083916
8192,512,0.200137459,46280.53791513289,46280.55270425
8704,512,0.208260167,46280.54952513289,46280.564319291
9216,512,0.22487,46280.56113509089,46280.575929916005
9728,512,0.23349425,46280.57274509089,46280.587518208005
10240,512,0.243140834,46280.58435504989,46280.599179291006
10752,512,0.259686792,46280.59596500789,46280.610747083
11264,512,0.266830292,46280.60757500789,46280.622290166
11776,512,0.277927459,46280.619184965886,46280.633974291006
12288,512,0.294475459,46280.63079496589,46280.645547750006
12800,512,0.30104825,46280.64240492489,46280.657143250006
13312,512,0.312754584,46280.65401492489,46280.668804333
13824,512,0.329292917,46280.66562488289,46280.680373166004
14336,512,0.335898417,46280.67723488289,46280.69198275
14848,512,0.347586667,46280.688844840886,46280.703638041006
15360,512,0.364141042,46280.70045484089,46280.71521725001
15872,512,0.370788959,46280.71206479989,46280.726852791006
16384,512,0.382360209,46280.723674757886,46280.738425833006
16896,512,0.399020334,46280.73528475789,46280.750085291
17408,512,0.405641209,46280.74689471589,46280.7617025
17920,512,0.422241084,46280.75850471589,46280.773296041
18432,512,0.433487584,46280.77011467489,46280.784879708
18944,512,0.440428459,46280.78172467489,46280.796506916005
19456,512,0.457037417,46280.79333463289,46280.808103875
19968,512,0.466836125,46280.80494463289,46280.819670208
20480,512,0.475244084,46280.816554590885,46280.831317166005
20992,512,0.491924,46280.82816459089,46280.84297258301
21504,512,0.500176125,46280.83976600789,46280.854542291
22016,512,0.510149334,46280.85137579989,46280.866193875
22528,512,0.526686792,46280.86298563289,46280.877751583
23040,512,0.533504334,46280.87459542489,46280.889345833006
23552,512,0.544894167,46280.88620525789,46280.900967291
24064,512,0.561575167,46280.89781504989,46280.912630166
24576,512,0.568028834,46280.90942484089,46280.924148958
25088,512,0.579740084,46280.92103467489,46280.935807333
25600,512,0.596361375,46280.93264446589,46280.947424833
26112,512,0.602913292,46280.94425425789,46280.958999791
26624,512,0.61467975,46280.95586409089,46280.97069395801
27136,512,0.631194709,46280.96747388289,46280.982255041
27648,512,0.6378025,46280.97908367489,46280.993863416006
28160,512,0.654387542,46280.99069350789,46281.005461125
28672,512,0.665966042,46281.00230329989,46281.017052541
29184,512,0.672639042,46281.01391309089,46281.028697291
29696,512,0.689253042,46281.02552292489,46281.040324333
30208,512,0.700200709,46281.03713271589,46281.051858666004
30720,512,0.707462542,46281.04874250789,46281.063524916004
31232,512,0.724073042,46281.060352340886,46281.075149083
31744,512,0.73352725,46281.07196213289,46281.086754791
32256,512,0.742304584,46281.08357663289,46281.098357791
32768,512,0.758859167,46281.09518654989,46281.109940958006
33280,512,0.766842542,46281.10679642489,46281.121510375
33792,512,0.777125834,46281.11840634089,46281.133185958
34304,512,0.793737292,46281.13001621589,46281.144796666005
34816,512,0.800210542,46281.14162613289,46281.156336416
35328,512,0.811968542,46281.15323604989,46281.168024916005
35840,512,0.828546334,46281.16484592489,46281.179619791
36352,512,0.835172709,46281.17645584089,46281.191231083
36864,512,0.846870084,46281.18806575789,46281.202896500006
37376,512,0.863395125,46281.19967563289,46281.214464916
37888,512,0.8700145,46281.211285549885,46281.226067333
38400,512,0.881583875,46281.222895424886,46281.237654333
38912,512,0.898179,46281.234505340886,46281.249260333
39424,512,0.90484075,46281.24611525789,46281.260899125
39936,512,0.9214145,46281.25772513289,46281.272493333
40448,512,0.933004209,46281.26933504989,46281.284091541005
40960,512,0.939691,46281.28094496589,46281.295743458
41472,512,0.9562915,46281.29255484089,46281.307365458
41984,512,0.966800459,46281.30416475789,46281.318958416006
42496,512,0.974519042,46281.31577463289,46281.330574458
43008,512,0.991093,46281.32738454989,46281.3421685
43520,512,1.000189,46281.33899584089,46281.353754958
44032,512,1.009313667,46281.350605757885,46281.36538075
44544,512,1.025931834,46281.36221567489,46281.376994958
45056,512,1.033510584,46281.37382559089,46281.388575625
45568,512,1.044246792,46281.38543554989,46281.400271541
46080,512,1.060769584,46281.39704546589,46281.411849666
46592,512,1.067258584,46281.40865538289,46281.423382666006
47104,512,1.079060417,46281.42026529989,46281.43508525
47616,512,1.09554175,46281.43187521589,46281.446631625004
48128,512,1.102151375,46281.44348513289,46281.458222125
48640,512,1.113867709,46281.45509509089,46281.469913
49152,512,1.130377292,46281.466705007886,46281.481469125
49664,512,1.1370635,46281.47831492489,46281.493107375005
50176,512,1.14873225,46281.48992484089,46281.504746291
50688,512,1.165219125,46281.50153475789,46281.516307583006
51200,512,1.171883,46281.513144674886,46281.527938041
51712,512,1.188446084,46281.524754590886,46281.539528541005
52224,512,1.200099584,46281.53636454989,46281.551178166
52736,512,1.206781042,46281.54797446589,46281.562809958006
53248,512,1.21835725,46281.559584382885,46281.57439925
53760,512,1.233508334,46281.57119429989,46281.58595025
54272,512,1.241608084,46281.58280421589,46281.597648333
54784,512,1.258105542,46281.59441092489,46281.609188208
55296,512,1.266843459,46281.60602075789,46281.620748958005
55808,512,1.276361834,46281.617630632885,46281.632418416004
56320,512,1.292966417,46281.629240507886,46281.644038791004
56832,512,1.300187417,46281.640850382886,46281.65561208301
57344,512,1.311257917,46281.65246025789,46281.66728783301
57856,512,1.327751042,46281.66407013289,46281.678838708
58368,512,1.334358084,46281.67568000789,46281.69042725
58880,512,1.346025459,46281.68728988289,46281.702074833
59392,512,1.362553875,46281.69889975789,46281.713645583004
59904,512,1.36917275,46281.71050963289,46281.72524675
60416,512,1.380892084,46281.72211950789,46281.736930666004
60928,512,1.397406792,46281.73372938289,46281.74849016601
61440,512,1.404059,46281.74533925789,46281.760111916
61952,512,1.415670875,46281.75694913289,46281.771724000006
62464,512,1.432238625,46281.76855900789,46281.783312916006
62976,512,1.439008959,46281.78016888289,46281.794998666
63488,512,1.450602375,46281.79177875789,46281.806613916
64000,512,1.466808375,46281.80338863289,46281.818146625
64512,512,1.473779709,46281.81499846589,46281.829825041
65024,512,1.485368875,46281.82660834089,46281.841402416
65536,512,1.500165917,46281.83821884089,46281.852965333004
66048,512,1.508677167,46281.84982875789,46281.864683375
66560,512,1.52018775,46281.86143863289,46281.876235375006
67072,512,1.533524,46281.87304850789,46281.887836833004
67584,512,1.5434985,46281.884658382885,46281.899515291
68096,512,1.555127459,46281.896268257886,46281.9111275
68608,512,1.566846584,46281.907878132886,46281.922659125004
69120,512,1.578398667,46281.91948804989,46281.934384916
69632,512,1.589921875,46281.93109792489,46281.945941541
70144,512,1.601678792,46281.94270779989,46281.957651458004
70656,512,1.613262292,46281.95431767489,46281.969234458
71168,512,1.624711209,46281.965927549885,46281.980745666006
71680,512,1.636403709,46281.977537465886,46281.992429291
72192,512,1.648074084,46281.989147340886,46282.004043833
72704,512,1.659603167,46282.00075721589,46282.015612666
73216,512,1.671184542,46282.01236709089,46282.027206750005
73728,512,1.682807292,46282.02397696589,46282.038821083006
74240,512,1.694276375,46282.03558684089,46282.05035075
74752,512,1.705958875,46282.047196757885,46282.062010416004
75264,512,1.717603167,46282.058806632886,46282.073632750005
75776,512,1.733483167,46282.070416507886,46282.085186291006
76288,512,1.740855959,46282.08202638289,46282.096868791006
76800,512,1.752480959,46282.093636590886,46282.108493208005
77312,512,1.766862959,46282.105246465886,46282.120028666
77824,512,1.775689542,46282.11685634089,46282.131709291
78336,512,1.787365125,46282.12846625789,46282.143357208006
78848,512,1.800185084,46282.14007613289,46282.154862375006
79360,512,1.810488417,46282.15168600789,46282.1665155
79872,512,1.822056459,46282.16329592489,46282.178111375004
80384,512,1.833605542,46282.17490579989,46282.189681333
80896,512,1.845344042,46282.18651567489,46282.2013585
81408,512,1.856820917,46282.19812559089,46282.212900333005
81920,512,1.868455334,46282.20973546589,46282.224503666
82432,512,1.88009325,46282.22134534089,46282.236147833006
82944,512,1.896699209,46282.23295521589,46282.247750958006
83456,512,1.903297334,46282.24456513289,46282.259353791
83968,512,1.915002042,46282.25617500789,46282.271020791006
84480,512,1.931503917,46282.26778488289,46282.282563500004
84992,512,1.9381465,46282.27939479989,46282.294177041
85504,512,1.949814875,46282.29100467489,46282.305832208
86016,512,1.96630975,46282.30261454989,46282.317388875
86528,512,1.973001417,46282.31422442489,46282.329016333
87040,512,1.984598875,46282.32583434089,46282.34063525
87552,512,2.000163792,46282.33744434089,46282.352251041004
88064,512,2.007751167,46282.34905425789,46282.363822791005
88576,512,2.019513042,46282.36066413289,46282.375541833004
89088,512,2.03350875,46282.37227400789,46282.387055750005
89600,512,2.042745209,46282.38388388289,46282.398757208
90112,512,2.054297959,46282.395493799886,46282.410326083
90624,512,2.066823375,46282.40710367489,46282.421825333004
91136,512,2.077561834,46282.41871354989,46282.433570625006
91648,512,2.089085584,46282.43032346589,46282.445137791
92160,512,2.100621792,46282.44193334089,46282.4567
92672,512,2.112366542,46282.45354321589,46282.468388583
93184,512,2.12380675,46282.465153132885,46282.479897375
93696,512,2.135498042,46282.476763007886,46282.491550833
94208,512,2.147153417,46282.488372882886,46282.503184916
94720,512,2.1637485,46282.49998279989,46282.514780541
95232,512,2.170413334,46282.51159267489,46282.526432375
95744,512,2.181994,46282.52320254989,46282.538033833
96256,512,2.198576792,46282.53481246589,46282.549631208
96768,512,2.205216,46282.546422340885,46282.561238500006
97280,512,2.216807792,46282.558032215886,46282.572857625004
97792,512,2.232617125,46282.56964213289,46282.584469958005
98304,512,2.240024042,46282.58125200789,46282.596071416
98816,512,2.251635542,46282.59286192489,46282.607675875006
99328,512,2.265408875,46282.60447184089,46282.619286625006
99840,512,2.274857292,46282.61608171589,46282.630905291
100352,512,2.286383209,46282.62769159089,46282.642457416005
100864,512,2.30018825,46282.63930150789,46282.654100666005
101376,512,2.309814334,46282.65091138289,46282.665785541
101888,512,2.321213125,46282.66252125789,46282.677287333005
102400,512,2.3335105,46282.67413117489,46282.688890833
102912,512,2.344683334,46282.685741049885,46282.700651958
103424,512,2.356096375,46282.697350924886,46282.712145166006
103936,512,2.367725834,46282.708960840886,46282.723763
104448,512,2.37943575,46282.72057071589,46282.735402958
104960,512,2.391002625,46282.73218059089,46282.747030083
105472,512,2.402514584,46282.74379050789,46282.758574208005
105984,512,2.414259917,46282.75540038289,46282.770265833
106496,512,2.430849792,46282.76701025789,46282.781856958005
107008,512,2.437319334,46282.77862017489,46282.793384083
107520,512,2.449040209,46282.79023004989,46282.805065916
108032,512,2.46558975,46282.80183992489,46282.816678041
108544,512,2.472341834,46282.81344984089,46282.828347208
109056,512,2.4838985,46282.82505971589,46282.839909875
109568,512,2.500181834,46282.836669715885,46282.851507375
110080,512,2.507071167,46282.848279590886,46282.863113291
110592,512,2.51868075,46282.859889465886,46282.874711958
111104,512,2.5329165,46282.87149938289,46282.886333166
111616,512,2.542000417,46282.88310925789,46282.897991125006
112128,512,2.553567834,46282.89471913289,46282.90958525
112640,512,2.566888584,46282.90632904989,46282.921188791006
113152,512,2.576752584,46282.91793892489,46282.932772166
113664,512,2.588413125,46282.92954879989,46282.944424208006
114176,512,2.600277875,46282.94115871589,46282.955967791
114688,512,2.611646667,46282.95276859089,46282.967645083
115200,512,2.62331675,46282.96437846589,46282.979257000006
115712,512,2.634761459,46282.97598838289,46282.990801666005
116224,512,2.646545417,46282.98759825789,46283.002515500004
116736,512,2.658116834,46282.999208174886,46283.014112291006
117248,512,2.669632042,46283.01081804989,46283.025653791
117760,512,2.681346584,46283.02242792489,46283.037328708
118272,512,2.692936167,46283.03403784089,46283.048918166
118784,512,2.704459584,46283.04564771589,46283.060479791005
119296,512,2.716067834,46283.05725759089,46283.072091083006
119808,512,2.727819709,46283.068867507885,46283.083785458
120320,512,2.739464834,46283.080477382886,46283.095430500005
120832,512,2.750884709,46283.09208734089,46283.106913208
121344,512,2.762562542,46283.10369721589,46283.118562083
121856,512,2.774222,46283.11530713289,46283.130205916
122368,512,2.785695167,46283.12691700789,46283.141732416
122880,512,2.797424292,46283.13852688289,46283.153412458
123392,512,2.809010459,46283.150136799886,46283.165013791004
123904,512,2.820533167,46283.16174667489,46283.176564625006
124416,512,2.832156625,46283.17335654989,46283.188184333005
124928,512,2.843904959,46283.18496646589,46283.199881666005
125440,512,2.855370459,46283.19657634089,46283.211418375
125952,512,2.866960042,46283.208186257885,46283.223010291
126464,512,2.878645584,46283.219796132886,46283.234659875
126976,512,2.890144667,46283.231406007886,46283.246206833006
127488,512,2.901844084,46283.24301592489,46283.257818083
128000,512,2.913519667,46283.25462579989,46283.269516541004
128512,512,2.925152459,46283.26623567489,46283.281169958005
129024,512,2.9366225,46283.27784559089,46283.292674208
129536,512,2.9483155,46283.289455465885,46283.304337875
130048,512,2.959972084,46283.30106538289,46283.315912958
130560,512,2.9714535,46283.31267525789,46283.327509416005
131072,512,2.983038375,46283.32428513289,46283.339086125
131584,512,2.994633584,46283.33589509089,46283.350701375006
132096,512,3.006221709,46283.34750496589,46283.362297541
132608,512,3.018016167,46283.359114882885,46283.374023208
133120,512,3.029515084,46283.370724757886,46283.385543833
133632,512,3.041193959,46283.382334632886,46283.397189333
134144,512,3.052862417,46283.39394454989,46283.40885087501
134656,512,3.064334417,46283.40555442489,46283.420370708
135168,512,3.076040542,46283.41716429989,46283.432045333
135680,512,3.087653584,46283.42877421589,46283.443646125
136192,512,3.099091459,46283.440384090885,46283.455163916005
136704,512,3.110882,46283.45199400789,46283.466897416
137216,512,3.122423042,46283.46360388289,46283.478457791
137728,512,3.133965375,46283.47521375789,46283.490030458
138240,512,3.145598875,46283.48682367489,46283.501654208005
138752,512,3.157126834,46283.49843354989,46283.513212208
139264,512,3.168837709,46283.51004346589,46283.524886416
139776,512,3.180412584,46283.52165334089,46283.536472458
140288,512,3.191980542,46283.53326321589,46283.548052625
140800,512,3.203638667,46283.54487313289,46283.559694250005
141312,512,3.21528575,46283.55648300789,46283.571324125005
141824,512,3.226871834,46283.56809288289,46283.582922416004
142336,512,3.238505542,46283.579702799885,46283.594547750006
142848,512,3.250165084,46283.591312674886,46283.606190041006
143360,512,3.261685709,46283.602922549886,46283.617738833
143872,512,3.273366959,46283.61453246589,46283.629385500004
144384,512,3.2849735,46283.62614234089,46283.641006166006
144896,512,3.296597584,46283.63775221589,46283.652617958
145408,512,3.308139334,46283.64936213289,46283.664193416
145920,512,3.319723125,46283.66097200789,46283.675777416
146432,512,3.331465334,46283.672581882885,46283.687431541
146944,512,3.34296575,46283.68419179989,46283.699021833
147456,512,3.354552,46283.69580167489,46283.710618666
147968,512,3.366394292,46283.70741159089,46283.722226625
148480,512,3.37778675,46283.71902146589,46283.733845208
148992,512,3.389385292,46283.73063134089,46283.745452375006
149504,512,3.400976167,46283.74224125789,46283.757042000005
150016,512,3.412739417,46283.75385113289,46283.768742458
150528,512,3.424384834,46283.76546100789,46283.780362333004
151040,512,3.435845584,46283.77707092489,46283.791880041004
151552,512,3.447499542,46283.78868079989,46283.80353925
152064,512,3.459125542,46283.80029071589,46283.815154708005
152576,512,3.4706715,46283.81190059089,46283.82671575
153088,512,3.482328334,46283.82351046589,46283.838364041
153600,512,3.493870167,46283.83512796589,46283.849930583005
154112,512,3.505476167,46283.84673792489,46283.861543083
154624,512,3.517119875,46283.85834788289,46283.873180041
155136,512,3.528674,46283.86995784089,46283.884746291005
155648,512,3.54041275,46283.88156779989,46283.896444416
156160,512,3.5519735,46283.89317775789,46283.908025458004
156672,512,3.563528917,46283.90478771589,46283.9195935
157184,512,3.575167542,46283.91639767489,46283.931223708
157696,512,3.58682025,46283.92800763289,46283.942850708
158208,512,3.598342625,46283.93961763289,46283.954407791
158720,512,3.610027584,46283.951227590886,46283.966072458
159232,512,3.621718084,46283.96283754989,46283.977713166
159744,512,3.633217667,46283.97444750789,46283.989255750006
160256,512,3.64494975,46283.98605746589,46284.00094325
160768,512,3.656515584,46283.99766742489,46284.012520166005
161280,512,3.668160375,46284.00927738289,46284.024169291006
161792,512,3.679805375,46284.02088734089,46284.035785333006
162304,512,3.691376667,46284.032497299886,46284.047385708
162816,512,3.703009542,46284.04410725789,46284.058996375
163328,512,3.714670667,46284.05571721589,46284.070641833
163840,512,3.726088209,46284.06732717489,46284.082142208004
164352,512,3.737818459,46284.07893717489,46284.093763083
164864,512,3.749416167,46284.090545424886,46284.105422375
165376,512,3.760947667,46284.10215534089,46284.116986958004
165888,512,3.772639209,46284.11376529989,46284.128643166005
166400,512,3.784283792,46284.12537525789,46284.140265291004
166912,512,3.795928709,46284.13698517489,46284.151903416
167424,512,3.807470917,46284.14859513289,46284.163461833006
167936,512,3.819071417,46284.16020509089,46284.175064625
168448,512,3.830751042,46284.17181500789,46284.186725750005
168960,512,3.842341709,46284.183424965886,46284.198325583005
169472,512,3.853913375,46284.19503492489,46284.209913666
169984,512,3.8654035,46284.20664488289,46284.221443125
170496,512,3.877115667,46284.21825479989,46284.23312625
171008,512,3.888690209,46284.22986475789,46284.2447075
171520,512,3.900260375,46284.24147471589,46284.256298375
172032,512,3.911929209,46284.25308463289,46284.26793775
172544,512,3.923516375,46284.264694590885,46284.279549750005
173056,512,3.9351565,46284.27630454989,46284.291160041
173568,512,3.946808917,46284.28791446589,46284.302796541
174080,512,3.958428834,46284.29952442489,46284.314409416
174592,512,3.969992792,46284.311134382886,46284.326014166
175104,512,3.9815855,46284.32274434089,46284.337608125
175616,512,3.993126084,46284.33435309089,46284.349176208
176128,512,4.004761792,46284.34596304989,46284.360798458
176640,512,4.016435875,46284.35757296589,46284.37244725
177152,512,4.028009,46284.369182924886,46284.384030208006
177664,512,4.03970775,46284.380792840886,46284.395698166
178176,512,4.051282334,46284.39240279989,46284.407280083
178688,512,4.062986334,46284.40401275789,46284.418953375
179200,512,4.074527042,46284.41562267489,46284.430516416
179712,512,4.086150084,46284.42723263289,46284.442127875
180224,512,4.097652917,46284.43884254989,46284.453678541
180736,512,4.109270542,46284.45045250789,46284.465301125005
181248,512,4.120940209,46284.462062424886,46284.476950375
181760,512,4.132432709,46284.47367238289,46284.488486666
182272,512,4.144079542,46284.48528234089,46284.500126625004
182784,512,4.155644917,46284.49689225789,46284.511704583005
183296,512,4.167341459,46284.50850221589,46284.523364041
183808,512,4.178932959,46284.52011213289,46284.534938083
184320,512,4.190551375,46284.53172209089,46284.54657820801
184832,512,4.202191292,46284.543332049885,46284.558219458006
185344,512,4.213844417,46284.554941965886,46284.569837708004
185856,512,4.225451042,46284.56655192489,46284.581438541005
186368,512,4.236972792,46284.57816184089,46284.592999
186880,512,4.248741917,46284.58977079989,46284.604708291
187392,512,4.260252292,46284.60138071589,46284.616265625
187904,512,4.271890334,46284.612990632886,46284.62788475
188416,512,4.283435042,46284.62460059089,46284.639448125
188928,512,4.294996,46284.63621050789,46284.651041666
189440,512,4.306660417,46284.647820465885,46284.662691916004
189952,512,4.318172584,46284.65943038289,46284.674234291
190464,512,4.329785834,46284.67104034089,46284.685842875006
190976,512,4.341409625,46284.68265025789,46284.697464208
191488,512,4.352962542,46284.69426021589,46284.709039208006
192000,512,4.364667875,46284.705870132886,46284.72071575
192512,512,4.37625275,46284.71748009089,46284.732305541
193024,512,4.387836625,46284.72909000789,46284.743899666006
193536,512,4.399466667,46284.740699965885,46284.755517833
194048,512,4.411088917,46284.75230988289,46284.767151833
194560,512,4.422724125,46284.76391984089,46284.778760833
195072,512,4.434326334,46284.77552975789,46284.790366333
195584,512,4.446036792,46284.78713971589,46284.802029958
196096,512,4.457613667,46284.798749632886,46284.813632125006
196608,512,4.469173417,46284.81035959089,46284.825205666006
197120,512,4.480836209,46284.82196950789,46284.836854083005
197632,512,4.492445834,46284.833579465885,46284.848461291
198144,512,4.504016584,46284.845188424886,46284.860046416004
198656,512,4.515607209,46284.85679834089,46284.871648291
199168,512,4.527277042,46284.86840829989,46284.883293958
199680,512,4.538847417,46284.88001821589,46284.894876041006
200192,512,4.550429125,46284.89162817489,46284.906473458
200704,512,4.562012,46284.90323809089,46284.918061958
201216,512,4.573696,46284.91484800789,46284.9297295
201728,512,4.585229542,46284.92645796589,46284.941284958004
202240,512,4.596819584,46284.93806788289,46284.952881666
202752,512,4.608489375,46284.94967779989,46284.964529041004
203264,512,4.620170959,46284.96128775789,46284.976174916
203776,512,4.631650917,46284.97289767489,46284.987696625
204288,512,4.643382209,46284.984507632886,46284.999387666
204800,512,4.655063542,46284.99611754989,46285.011032541006
205312,512,4.666459542,46285.00772746589,46285.022522375
205824,512,4.678157625,46285.01933742489,46285.03420775
206336,512,4.689702584,46285.030947340885,46285.045758375
206848,512,4.70136125,46285.04255725789,46285.05737437501
207360,512,4.712913667,46285.05416721589,46285.068977375005
207872,512,4.724579042,46285.06577713289,46285.080615125
208384,512,4.736295084,46285.07738709089,46285.09228745801
208896,512,4.747888375,46285.08899617489,46285.103897333
209408,512,4.759408,46285.10060613289,46285.115447958
209920,512,4.771049375,46285.112216049885,46285.127085541004
210432,512,4.782742292,46285.123825965886,46285.138729708
210944,512,4.794283542,46285.13543592489,46285.150309458004
211456,512,4.805868667,46285.14704584089,46285.161900833
211968,512,4.817579292,46285.15865575789,46285.173564541
212480,512,4.829066167,46285.17026567489,46285.185095083005
212992,512,4.840704,46285.18187563289,46285.196727208
213504,512,4.852359125,46285.19348554989,46285.208356958006
214016,512,4.863968542,46285.20509546589,46285.219982708004
214528,512,4.875467209,46285.216705424886,46285.231523666
215040,512,4.887101959,46285.228315340886,46285.243150125
215552,512,4.8986805,46285.23992525789,46285.254742375
216064,512,4.910343417,46285.25153521589,46285.266379791006
216576,512,4.92190475,46285.263145132885,46285.277960083
217088,512,4.933492125,46285.27475504989,46285.289559875004
217600,512,4.945272334,46285.28636496589,46285.301227708005
218112,512,4.956862875,46285.29797492489,46285.312797875005
218624,512,4.968374709,46285.30958484089,46285.324429666005
219136,512,4.979919959,46285.32119475789,46285.335989208004
219648,512,4.991578584,46285.33280392489,46285.347634833
220160,512,5.003195042,46285.34441384089,46285.359250333
220672,512,5.014814792,46285.356023757886,46285.370861208
221184,512,5.026461709,46285.36763371589,46285.382488208
221696,512,5.038067667,46285.37924363289,46285.394100000005
222208,512,5.049732125,46285.39085354989,46285.405741916
222720,512,5.061179292,46285.402463465885,46285.417249458005
223232,512,5.072879209,46285.41407338289,46285.42891925
223744,512,5.084526917,46285.42568334089,46285.440554541005
224256,512,5.096168167,46285.43729325789,46285.452170166005
224768,512,5.107806667,46285.44890317489,46285.463800416
225280,512,5.119396834,46285.46051309089,46285.475388416
225792,512,5.130908292,46285.47212304989,46285.486939625
226304,512,5.142599417,46285.48373296589,46285.498599416
226816,512,5.1542675,46285.49534288289,46285.510248041006
227328,512,5.165788084,46285.506952799886,46285.521767583006
227840,512,5.177381542,46285.518562715886,46285.53340466601
228352,512,5.18899325,46285.53017267489,46285.545015375006
228864,512,5.200587542,46285.54178259089,46285.556622416
229376,512,5.212329542,46285.553392507885,46285.568306708
229888,512,5.223852209,46285.56500242489,46285.579857541
230400,512,5.235484125,46285.57661238289,46285.59148275
230912,512,5.247116459,46285.58822163289,46285.603092375
231424,512,5.258563542,46285.59983154989,46285.614618750005
231936,512,5.270329125,46285.61144146589,46285.626331666004
232448,512,5.281975,46285.62305138289,46285.637954958
232960,512,5.293472042,46285.63466134089,46285.649490625
233472,512,5.305145792,46285.64627125789,46285.66114725
233984,512,5.316806792,46285.65788117489,46285.672776833
234496,512,5.32829625,46285.66949109089,46285.684320125
235008,512,5.339988292,46285.68110100789,46285.695987666004
235520,512,5.351524292,46285.692710924886,46285.707559958006
236032,512,5.3631575,46285.70432088289,46285.719177000006
236544,512,5.374714209,46285.71593079989,46285.730762416
237056,512,5.386377,46285.72754071589,46285.742400583
237568,512,5.39791725,46285.739150632886,46285.753963166004
238080,512,5.40962225,46285.75076054989,46285.765634791
238592,512,5.421228834,46285.76237046589,46285.7772305
239104,512,5.432712042,46285.77398038289,46285.788765041005
239616,512,5.444528084,46285.785590340885,46285.800501458005
240128,512,5.456059625,46285.79720025789,46285.812066916005
240640,512,5.467554584,46285.80881017489,46285.823614
241152,512,5.479313667,46285.82042009089,46285.835297083
241664,512,5.490921625,46285.83203000789,46285.846910166
242176,512,5.502559084,46285.84363929989,46285.858538041
242688,512,5.514170417,46285.855249215885,46285.870149958006
243200,512,5.5257725,46285.86685913289,46285.881753416004
243712,512,5.5374275,46285.87846904989,46285.893324916
244224,512,5.549010084,46285.89007896589,46285.904988291004
244736,512,5.560548709,46285.90168888289,46285.916551291004
245248,512,5.572223,46285.91329884089,46285.928224708005
245760,512,5.583693459,46285.92490875789,46285.939748958
246272,512,5.595200959,46285.93651867489,46285.951283958006
246784,512,5.60697825,46285.94812859089,46285.962984958
247296,512,5.618685625,46285.95973850789,46285.974659958
247808,512,5.630105667,46285.971348424886,46285.986156000006
248320,512,5.641898292,46285.98295834089,46285.997889791004
248832,512,5.653455,46285.99456825789,46286.009445166004
249344,512,5.664938917,46286.00617817489,46286.020991583006
249856,512,5.676615292,46286.01778809089,46286.032644083
250368,512,5.688178542,46286.029398007886,46286.044228208004
250880,512,5.69980525,46286.04100796589,46286.055845916
251392,512,5.711389334,46286.05261788289,46286.06744100001
251904,512,5.722999209,46286.06422779989,46286.079052333
252416,512,5.734691167,46286.075837715885,46286.09071425
252928,512,5.746233584,46286.08745613289,46286.102282208005
253440,512,5.757836375,46286.09906609089,46286.113891458
253952,512,5.769419584,46286.11067604989,46286.12547675
254464,512,5.781230584,46286.122286007885,46286.137204416
254976,512,5.792698542,46286.13389596589,46286.1487255
255488,512,5.804267959,46286.14550592489,46286.160315083005
256000,512,5.816048042,46286.15711588289,46286.172017666
256512,512,5.827537667,46286.168725840886,46286.183565375
257024,512,5.839242834,46286.18033579989,46286.195226625
257536,512,5.850826917,46286.19194575789,46286.206827541006
258048,512,5.862433167,46286.20355571589,46286.218439208
258560,512,5.873936459,46286.21516567489,46286.229993291
259072,512,5.885519167,46286.22677563289,46286.241580083006
259584,512,5.897135334,46286.23838559089,46286.253196208
260096,512,5.908747875,46286.249995549886,46286.264811958004
260608,512,5.920382375,46286.26160550789,46286.276432541
261120,512,5.931965417,46286.27321546589,46286.288029208
261632,512,5.943661167,46286.28482542489,46286.299698375005
262144,512,5.955221875,46286.29643538289,46286.311273541
262656,512,5.966811,46286.30804534089,46286.322868208
263168,512,5.978396042,46286.319655299885,46286.334459125006
263680,512,5.990018917,46286.33126396589,46286.346077166
264192,512,6.001731,46286.34287388289,46286.357675291
264704,512,6.013328917,46286.354483840885,46286.36935675
265216,512,6.024859167,46286.36609379989,46286.380913458
265728,512,6.036494,46286.37770375789,46286.3925355
266240,512,6.048088625,46286.38931371589,46286.404139875005
266752,512,6.05965275,46286.40092367489,46286.415720416
267264,512,6.071362417,46286.41253359089,46286.427390041004
267776,512,6.082913709,46286.42414354989,46286.438967
268288,512,6.094626125,46286.43575350789,46286.450636125
268800,512,6.106245459,46286.447363465886,46286.462245458
269312,512,6.117896417,46286.45897342489,46286.473871500006
269824,512,6.129413334,46286.47058338289,46286.485431708
270336,512,6.141092875,46286.48219329989,46286.497086666
270848,512,6.152681417,46286.49380325789,46286.508693083
271360,512,6.16419275,46286.50541321589,46286.520240125006
271872,512,6.175781625,46286.517023174885,46286.531840041
272384,512,6.187421584,46286.52863313289,46286.543446208
272896,512,6.199045917,46286.54024304989,46286.555085875
273408,512,6.210588792,46286.55185300789,46286.566651625006
273920,512,6.222347459,46286.56346296589,46286.578338625004
274432,512,6.233914042,46286.57507292489,46286.589929625006
274944,512,6.245588584,46286.586681757886,46286.601578166
275456,512,6.257070459,46286.59829171589,46286.613125041
275968,512,6.2686315,46286.60990163289,46286.624698833
276480,512,6.2804155,46286.621511590885,46286.636400333
276992,512,6.29189125,46286.63312154989,46286.647951625004
277504,512,6.303463417,46286.64473150789,46286.659530958
278016,512,6.31515625,46286.65634142489,46286.671194333
278528,512,6.326712625,46286.667951382886,46286.682767208
279040,512,6.33835375,46286.67956134089,46286.694395833
279552,512,6.349986292,46286.69117125789,46286.7060245
280064,512,6.361577959,46286.70278121589,46286.717618333
280576,512,6.373125417,46286.714391174886,46286.72918870801
281088,512,6.384822917,46286.72600113289,46286.74082725
281600,512,6.396352542,46286.73761104989,46286.752418000004
282112,512,6.408002125,46286.749221007885,46286.764054333005
282624,512,6.419689125,46286.76083096589,46286.775709625006
283136,512,6.431175542,46286.77244088289,46286.78724400001
283648,512,6.44295475,46286.78405084089,46286.79894937501
284160,512,6.454573917,46286.795660799886,46286.810557541
284672,512,6.465999375,46286.807270715886,46286.822063333006
285184,512,6.477707167,46286.81888067489,46286.833736791006
285696,512,6.4892885,46286.83049063289,46286.845331291006
286208,512,6.500838667,46286.84209950789,46286.856903416
286720,512,6.512461375,46286.85370946589,46286.86852925
287232,512,6.524044625,46286.86531942489,46286.880114791005
287744,512,6.535720125,46286.87692934089,46286.891756833
288256,512,6.547299292,46286.888539299885,46286.903356
288768,512,6.558862125,46286.900149215886,46286.914933791006
289280,512,6.570539542,46286.91175917489,46286.92658479101
289792,512,6.582131209,46286.92336913289,46286.938184708
290304,512,6.593723,46286.93497904989,46286.949787333004
290816,512,6.605395209,46286.946589007886,46286.961411958
291328,512,6.6171195,46286.95819892489,46286.97311725
291840,512,6.628583042,46286.96980888289,46286.984628000006
292352,512,6.640178042,46286.981418840885,46286.996235291
292864,512,6.651874792,46286.99302875789,46287.007902958
293376,512,6.663396,46287.00463871589,46287.019451416
293888,512,6.674990375,46287.01624863289,46287.031053208004
294400,512,6.686633125,46287.02785859089,46287.042682
294912,512,6.698271334,46287.03946854989,46287.054309375
295424,512,6.709861792,46287.05107846589,46287.065912291
295936,512,6.721458292,46287.06268842489,46287.077517833
296448,512,6.73307125,46287.074298340885,46287.089126875006
296960,512,6.744665834,46287.08590742489,46287.10072575
297472,512,6.756285292,46287.09751734089,46287.112339625004
297984,512,6.767823167,46287.10912729989,46287.123898458005
298496,512,6.779675167,46287.12073721589,46287.135649583004
299008,512,6.791147334,46287.13234717489,46287.147189291005
299520,512,6.802681125,46287.14395709089,46287.158746208006
300032,512,6.81447275,46287.155567049886,46287.170469666
300544,512,6.826002209,46287.167176965886,46287.182037083
301056,512,6.837558792,46287.17878692489,46287.193587291
301568,512,6.849169584,46287.19039684089,46287.205219625
302080,512,6.860826209,46287.20200679989,46287.216855541
302592,512,6.872498709,46287.21361671589,46287.228498416
303104,512,6.884147209,46287.22522667489,46287.240126291006
303616,512,6.895720625,46287.23683659089,46287.251714291
304128,512,6.9071975,46287.248446549886,46287.2632525
304640,512,6.918981667,46287.260056465886,46287.274967916004
305152,512,6.933536084,46287.27166642489,46287.286447791004
305664,512,6.942173,46287.28327634089,46287.298143083004
306176,512,6.953654459,46287.29488629989,46287.309692416005
306688,512,6.965600042,46287.30649621589,46287.321248458
307200,512,6.976917042,46287.31810617489,46287.332945
307712,512,6.988491625,46287.32971609089,46287.344511583
308224,512,7.000226917,46287.341325215886,46287.356107625004
308736,512,7.011664834,46287.35293517489,46287.367723125004
309248,512,7.023254209,46287.36454509089,46287.379321916
309760,512,7.0348385,46287.37615504989,46287.3909195
310272,512,7.046588292,46287.38776496589,46287.402608833
310784,512,7.058088625,46287.39937492489,46287.414154916005
311296,512,7.069847917,46287.41098484089,46287.425847666
311808,512,7.081505459,46287.42259475789,46287.437499125
312320,512,7.097990834,46287.434204715886,46287.449012708006
312832,512,7.104621167,46287.44581463289,46287.460635958
313344,512,7.116300667,46287.45742459089,46287.472289375
313856,512,7.132770167,46287.469034507885,46287.483825166004
314368,512,7.139443209,46287.48064446589,46287.495450791
314880,512,7.151122459,46287.49225438289,46287.50710825
315392,512,7.166847834,46287.50386429989,46287.51863966601
315904,512,7.174279917,46287.51547425789,46287.530311458
316416,512,7.185888334,46287.527084174886,46287.54190625
316928,512,7.200221,46287.53869413289,46287.553469791004
317440,512,7.209122042,46287.55030404989,46287.565144916
317952,512,7.220679875,46287.561914007885,46287.576722833
318464,512,7.233308209,46287.57352392489,46287.588290291
318976,512,7.243951625,46287.58513384089,46287.599976875004
319488,512,7.255502084,46287.59674300789,46287.611550541005
320000,512,7.267018042,46287.608352965886,46287.623103666
320512,512,7.278865334,46287.61996288289,46287.634850916
321024,512,7.2903695,46287.63157279989,46287.646398333
321536,512,7.3020865,46287.643182757885,46287.658073208004
322048,512,7.313675125,46287.65479267489,46287.669667958005
322560,512,7.325261917,46287.66640259089,46287.681263708
323072,512,7.336878042,46287.67801254989,46287.692879125
323584,512,7.34852825,46287.68962246589,46287.704522
324096,512,7.359995084,46287.70123238289,46287.716050541
324608,512,7.371668584,46287.71284234089,46287.727714416
325120,512,7.383281792,46287.72445225789,46287.739279958005
325632,512,7.394724125,46287.73606217489,46287.750814708
326144,512,7.406449709,46287.747672132886,46287.762483125
326656,512,7.418090834,46287.75928204989,46287.774114958
327168,512,7.433500959,46287.77089200789,46287.785674833
327680,512,7.441257375,46287.78250192489,46287.797320375
328192,512,7.453008667,46287.794111840885,46287.8089955
328704,512,7.466858792,46287.80572179989,46287.820514875006
329216,512,7.476148042,46287.81733171589,46287.832171250004
329728,512,7.487751209,46287.82894163289,46287.843771291
330240,512,7.50024025,46287.84055092489,46287.855329791004
330752,512,7.5109795,46287.85216084089,46287.867002083
331264,512,7.522520667,46287.863770799886,46287.87856625
331776,512,7.534130667,46287.87538071589,46287.890161666
332288,512,7.545863459,46287.88699063289,46287.901866791006
332800,512,7.557386209,46287.89860054989,46287.913419416
333312,512,7.568996042,46287.910210507885,46287.925030791004
333824,512,7.5806335,46287.92182042489,46287.936650333
334336,512,7.592191334,46287.93343034089,46287.948235791
334848,512,7.603773709,46287.94504029989,46287.959832375
335360,512,7.615586917,46287.95665021589,46287.971560541
335872,512,7.627075792,46287.96826013289,46287.983093791
336384,512,7.638691167,46287.97987004989,46287.994710083
336896,512,7.650304625,46287.99148000789,46288.006307041
337408,512,7.6618375,46288.00308992489,46288.017892958
337920,512,7.673459042,46288.01469984089,46288.029490083005
338432,512,7.6850735,46288.02630979989,46288.041125541
338944,512,7.69668075,46288.03791971589,46288.052733041004
339456,512,7.70826375,46288.04952963289,46288.06433025
339968,512,7.719903834,46288.061139549885,46288.075955416
340480,512,7.731507209,46288.07274950789,46288.087561083004
340992,512,7.743121667,46288.08435879989,46288.099180916004
341504,512,7.754736125,46288.09596871589,46288.110788625
342016,512,7.766312875,46288.10757863289,46288.122384250004
342528,512,7.778140917,46288.11918859089,46288.134113458
343040,512,7.789688667,46288.13079850789,46288.145679583
343552,512,7.801173959,46288.14240842489,46288.157220500005
344064,512,7.812901542,46288.15401834089,46288.168900291006
344576,512,7.82454575,46288.16562825789,46288.180521958006
345088,512,7.836005459,46288.17723821589,46288.192052875005
345600,512,7.847740167,46288.188848132886,46288.20373375
346112,512,7.859296875,46288.20045804989,46288.21532725
346624,512,7.870843875,46288.21206796589,46288.226886250006
347136,512,7.882482334,46288.223677924885,46288.238524166
347648,512,7.894040084,46288.235287840886,46288.250100041005
348160,512,7.905704709,46288.24689775789,46288.261748208
348672,512,7.917315542,46288.25850767489,46288.273344416004
349184,512,7.928855584,46288.27011759089,46288.284919125006
349696,512,7.940532834,46288.28172754989,46288.296555958004
350208,512,7.9521365,46288.29333746589,46288.308179291
350720,512,7.963688875,46288.30494738289,46288.319750625
351232,512,7.975311084,46288.31655729989,46288.331370875
351744,512,7.986943625,46288.32816725789,46288.342994750004
352256,512,7.998496834,46288.33978300789,46288.354566416005
352768,512,8.010157917,46288.35139296589,46288.366212291
353280,512,8.021831375,46288.36300292489,46288.377854625
353792,512,8.033366667,46288.37461284089,46288.389422541004
354304,512,8.045006834,46288.38622279989,46288.401056416005
354816,512,8.05659025,46288.39783275789,46288.412646875004
355328,512,8.068222084,46288.409442715885,46288.424265375004
355840,512,8.079819917,46288.42105267489,46288.435864083
356352,512,8.091411417,46288.43266259089,46288.447475416004
356864,512,8.103063542,46288.44427254989,46288.459110208
357376,512,8.1146535,46288.455882507886,46288.470708500005
357888,512,8.126329292,46288.46749246589,46288.482358541005
358400,512,8.138038209,46288.47910242489,46288.4940235
358912,512,8.149620959,46288.49071234089,46288.505601666
359424,512,8.161164875,46288.502322299886,46288.517175708
359936,512,8.172779709,46288.51393225789,46288.528783333
360448,512,8.1844065,46288.52554221589,46288.540409166
360960,512,8.195996292,46288.53715217489,46288.552019375005
361472,512,8.207541459,46288.54876213289,46288.563580458
361984,512,8.21926,46288.56037204989,46288.575258416
362496,512,8.230789375,46288.57198200789,46288.586823291
363008,512,8.242475875,46288.583591965886,46288.598481708
363520,512,8.254071917,46288.595200840886,46288.610056916004
364032,512,8.265520375,46288.60681079989,46288.621591250005
364544,512,8.277280292,46288.61842075789,46288.633281125
365056,512,8.288924417,46288.63003067489,46288.644927208006
365568,512,8.300356167,46288.641640632886,46288.656423916
366080,512,8.311962334,46288.65325059089,46288.668037250005
366592,512,8.3235385,46288.66486054989,46288.679623791
367104,512,8.335384417,46288.676470465885,46288.691319791
367616,512,8.34684325,46288.68808042489,46288.702903125006
368128,512,8.3584115,46288.69969038289,46288.714482166004
368640,512,8.370035334,46288.71130029989,46288.726099958
369152,512,8.381660917,46288.722910257886,46288.737729583
369664,512,8.393239917,46288.73452021589,46288.749312541004
370176,512,8.404846125,46288.74613013289,46288.760917541
370688,512,8.416597917,46288.75774009089,46288.772622708006
371200,512,8.428105917,46288.769350049886,46288.784166791
371712,512,8.439692917,46288.78096000789,46288.795766458
372224,512,8.451285292,46288.79256992489,46288.807362291
372736,512,8.462896042,46288.804179882885,46288.81896225
373248,512,8.474531125,46288.81578984089,46288.830596666005
373760,512,8.486140542,46288.82739975789,46288.842204666005
374272,512,8.497754917,46288.83900879989,46288.853819625
374784,512,8.509478834,46288.85061875789,46288.865450166006
375296,512,8.52101625,46288.86222871589,46288.87706525
375808,512,8.5327805,46288.87383863289,46288.888654416005
376320,512,8.544258167,46288.88544859089,46288.900296666005
376832,512,8.555861167,46288.897058507886,46288.911903291
377344,512,8.567441417,46288.90866846589,46288.9235035
377856,512,8.57911675,46288.92027842489,46288.935149375
378368,512,8.590678917,46288.93188834089,46288.946723958004
378880,512,8.602236542,46288.94349829989,46288.958301625
379392,512,8.613932334,46288.95510821589,46288.96995975
379904,512,8.625571209,46288.96671817489,46288.981596291
380416,512,8.637093167,46288.978328132886,46288.993144750006
380928,512,8.648863542,46288.98993804989,46289.004856041
381440,512,8.660408959,46289.00154800789,46289.016434291
381952,512,8.67193325,46289.01315796589,46289.027976625
382464,512,8.683559709,46289.02476788289,46289.039600000004
382976,512,8.695103292,46289.03637784089,46289.05117391601
383488,512,8.706736667,46289.04798775789,46289.062800375
384000,512,8.718397334,46289.05959771589,46289.07443975
384512,512,8.729940584,46289.07120767489,46289.086007375
385024,512,8.741589584,46289.08281675789,46289.097647041
385536,512,8.753205875,46289.09442667489,46289.109256375006
386048,512,8.764782875,46289.10603663289,46289.120844875004
386560,512,8.776547834,46289.11764654989,46289.132547958005
387072,512,8.788151417,46289.12925650789,46289.14416475
387584,512,8.79959725,46289.14086642489,46289.155658916
388096,512,8.811345459,46289.152476382886,46289.167360750005
388608,512,8.822972875,46289.16408629989,46289.178970791
389120,512,8.834428334,46289.17569625789,46289.190492583
389632,512,8.846225709,46289.18730617489,46289.202210416006
390144,512,8.857783417,46289.19891613289,46289.213798041004
390656,512,8.869392584,46289.21052604989,46289.225395125
391168,512,8.88097175,46289.22213600789,46289.236999708
391680,512,8.892487459,46289.23374592489,46289.248554416
392192,512,8.904159209,46289.245355882886,46289.260175666
392704,512,8.9157135,46289.25696579989,46289.271777958005
393216,512,8.927320834,46289.26857575789,46289.283384250004
393728,512,8.939013084,46289.28018567489,46289.294990375005
394240,512,8.950629959,46289.29179563289,46289.306647416
394752,512,8.962184292,46289.30340559089,46289.318230791
395264,512,8.973926125,46289.31501550789,46289.32981825
395776,512,8.98536875,46289.32662546589,46289.341431458
396288,512,8.9970655,46289.33823467489,46289.353101708
396800,512,9.008601959,46289.34984459089,46289.364664125
397312,512,9.020391209,46289.36145450789,46289.376367083
397824,512,9.031822959,46289.373064465886,46289.387873583
398336,512,9.043577917,46289.38467438289,46289.399564875006
398848,512,9.055149042,46289.39628434089,46289.411155625006
399360,512,9.066587417,46289.407894257885,46289.422663375
399872,512,9.07836625,46289.41950421589,46289.434388500005
400384,512,9.089855209,46289.43111413289,46289.445920166
400896,512,9.101430542,46289.44272409089,46289.457504916005
401408,512,9.113127375,46289.45433400789,46289.469174083
401920,512,9.124736292,46289.465943965886,46289.480760166
402432,512,9.136346375,46289.47755388289,46289.49238725
402944,512,9.147922292,46289.48916379989,46289.50398450001
403456,512,9.159634875,46289.500773757885,46289.515642041006
403968,512,9.171304875,46289.51238367489,46289.527298708
404480,512,9.182917042,46289.52399363289,46289.538891250006
404992,512,9.194521042,46289.53560354989,46289.550450166
405504,512,9.206146417,46289.54721350789,46289.56213225
406016,512,9.217736834,46289.558823424886,46289.57372462501
406528,512,9.229228209,46289.57043338289,46289.58526
407040,512,9.240938,46289.58204329989,46289.596932
407552,512,9.252568375,46289.59365254989,46289.608555333005
408064,512,9.264079959,46289.60526246589,46289.620098583
408576,512,9.275703417,46289.61687238289,46289.631723083
409088,512,9.287370167,46289.628482340886,46289.643357583
409600,512,9.298862542,46289.64009225789,46289.654902666
410112,512,9.310580209,46289.65170217489,46289.666578333
410624,512,9.322110209,46289.66331213289,46289.678135833004
411136,512,9.333690667,46289.67492204989,46289.689725541
411648,512,9.345494292,46289.68653200789,46289.701348375005
412160,512,9.356872459,46289.69814192489,46289.712941333004
412672,512,9.368503417,46289.70975184089,46289.724560291004
413184,512,9.380089167,46289.721361799886,46289.736157625004
413696,512,9.391697709,46289.73297171589,46289.747769166
414208,512,9.403273417,46289.74458167489,46289.75935462501
414720,512,9.415040417,46289.75619159089,46289.771056833
415232,512,9.426551959,46289.767801507885,46289.782604875
415744,512,9.43821875,46289.77941146589,46289.794247458005
416256,512,9.45007725,46289.79102138289,46289.805876000006
416768,512,9.461407417,46289.80263129989,46289.817458625
417280,512,9.472968292,46289.81424125789,46289.829032666006
417792,512,9.484596709,46289.825851174886,46289.840655375
418304,512,9.496213334,46289.837460507886,46289.852269458
418816,512,9.507810542,46289.84907046589,46289.863876875
419328,512,9.51941,46289.86068038289,46289.875479875
419840,512,9.531029292,46289.872290299885,46289.887093166006
420352,512,9.542699875,46289.88390025789,46289.898742541
420864,512,9.554266459,46289.89551017489,46289.910325083
421376,512,9.565926542,46289.90712009089,46289.921938208005
421888,512,9.577578459,46289.91873004989,46289.933606583
422400,512,9.589140834,46289.93033996589,46289.945185916
422912,512,9.600708459,46289.94194988289,46289.956765625
423424,512,9.612414417,46289.95355984089,46289.968437916
423936,512,9.624083667,46289.96516975789,46289.980062208
424448,512,9.635537084,46289.976779674886,46289.991588375
424960,512,9.647304959,46289.98838963289,46290.003295833005
425472,512,9.65885575,46289.99999954989,46290.014879791
425984,512,9.670367667,46290.01160946589,46290.026420458
426496,512,9.681982042,46290.02321942489,46290.038037708
427008,512,9.693546584,46290.03482934089,46290.049619541
427520,512,9.705241209,46290.04643925789,46290.061282291004
428032,512,9.716832459,46290.05804921589,46290.072881750006
428544,512,9.728390209,46290.06965913289,46290.08445475
429056,512,9.740057167,46290.081269049886,46290.096104000004
429568,512,9.751689792,46290.09287842489,46290.107731166005
430080,512,9.763213125,46290.10448834089,46290.119282208005
430592,512,9.774994792,46290.11609825789,46290.130987583005
431104,512,9.78664875,46290.12770821589,46290.142615166005
431616,512,9.798116834,46290.13931813289,46290.154153041
432128,512,9.809839667,46290.15092804989,46290.165839958005
432640,512,9.821396292,46290.16253796589,46290.177399458
433152,512,9.832932459,46290.17414792489,46290.188972083
433664,512,9.844623417,46290.18575784089,46290.200633208005
434176,512,9.856202334,46290.197367757886,46290.2122355
434688,512,9.867796292,46290.20897767489,46290.223824916
435200,512,9.87937925,46290.22058763289,46290.235435541006
435712,512,9.890902584,46290.232197549885,46290.246978125004
436224,512,9.902508209,46290.243807465886,46290.258582166
436736,512,9.914171709,46290.25541738289,46290.270231875
437248,512,9.925711542,46290.26702734089,46290.281797250005
437760,512,9.937535209,46290.27863725789,46290.293475458006
438272,512,9.949063584,46290.29024717489,46290.305099833
438784,512,9.960644125,46290.30185709089,46290.316692583
439296,512,9.972253292,46290.31346704989,46290.328296291
439808,512,9.983867584,46290.32507696589,46290.339914625
440320,512,9.995473667,46290.33668642489,46290.351520166005
440832,512,10.00707825,46290.34829634089,46290.363133166
441344,512,10.018810959,46290.35990625789,46290.374798333
441856,512,10.030348542,46290.37151621589,46290.386366583
442368,512,10.042033375,46290.38312613289,46290.398010375
442880,512,10.053574792,46290.394736049886,46290.409583625005
443392,512,10.065077459,46290.40634596589,46290.421140750004
443904,512,10.076771959,46290.41795588289,46290.432815416
444416,512,10.088379375,46290.42956584089,46290.444415208
444928,512,10.099948167,46290.441175757886,46290.456001541
445440,512,10.11154525,46290.45278567489,46290.467604208
445952,512,10.12315675,46290.46439559089,46290.479213666
446464,512,10.134748375,46290.47600554989,46290.490810208
446976,512,10.146348709,46290.48761546589,46290.502418541
447488,512,10.158129167,46290.49922538289,46290.514062333
448000,512,10.169648542,46290.51083529989,46290.525684458
448512,512,10.181284625,46290.52244521589,46290.537279916
449024,512,10.192870667,46290.53405517489,46290.548885708005
449536,512,10.204565875,46290.54566509089,46290.5605635
450048,512,10.216177334,46290.557275007886,46290.57215850001
450560,512,10.227671084,46290.56888492489,46290.58370475
451072,512,10.239446084,46290.58049484089,46290.595422791004
451584,512,10.251067792,46290.59211271589,46290.607026875005
452096,512,10.262533875,46290.60372267489,46290.618558708
452608,512,10.27421575,46290.615332632886,46290.630232416006
453120,512,10.285879917,46290.62694259089,46290.641849208005
453632,512,10.2973095,46290.63855254989,46290.653373541005
454144,512,10.309005625,46290.65016250789,46290.665025041
454656,512,10.320606042,46290.661772465886,46290.676634125004
455168,512,10.332127792,46290.67338242489,46290.688188125
455680,512,10.343755334,46290.68499238289,46290.699816625005
456192,512,10.355359042,46290.69660234089,46290.71142025
456704,512,10.366985667,46290.70821229989,46290.723040833
457216,512,10.378579125,46290.71982225789,46290.734637958005
457728,512,10.39017625,46290.731432215885,46290.746242083005
458240,512,10.401753625,46290.74304217489,46290.75782725
458752,512,10.413462959,46290.75465213289,46290.769497333
459264,512,10.425071084,46290.76626209089,46290.781113791
459776,512,10.436633667,46290.77787204989,46290.792694541
460288,512,10.448385667,46290.78948200789,46290.804369083
460800,512,10.459911334,46290.80109196589,46290.815927958
461312,512,10.471472709,46290.812701924886,46290.827514958
461824,512,10.483103709,46290.82431188289,46290.839149333005
462336,512,10.494718542,46290.83592067489,46290.850764458
462848,512,10.506264959,46290.84753063289,46290.862328625
463360,512,10.517957959,46290.85914059089,46290.873994291
463872,512,10.529481042,46290.87075054989,46290.885548291
464384,512,10.541121417,46290.88236046589,46290.897177291
464896,512,10.552743542,46290.89397042489,46290.908794708004
465408,512,10.564318917,46290.90558038289,46290.920385041005
465920,512,10.575993875,46290.917190340886,46290.932031666
466432,512,10.587649875,46290.92880029989,46290.943652708
466944,512,10.59915175,46290.94041025789,46290.955212958004
467456,512,10.6107705,46290.95202021589,46290.966835916006
467968,512,10.622537959,46290.96363017489,46290.978526458006
468480,512,10.634066084,46290.97524013289,46290.990028916
468992,512,10.645757875,46290.986850090885,46291.001737625
469504,512,10.657332375,46290.99846000789,46291.013342208
470016,512,10.66884875,46291.01006996589,46291.024895166
470528,512,10.680424625,46291.02167992489,46291.036486625
471040,512,10.69196925,46291.033289882886,46291.048054833
471552,512,10.703721709,46291.04489984089,46291.059766916005
472064,512,10.715303625,46291.05650979989,46291.071348875004
472576,512,10.726836917,46291.06811975789,46291.082912666
473088,512,10.738512625,46291.079729715886,46291.094562041006
473600,512,10.750134542,46291.09133863289,46291.106179458
474112,512,10.761663209,46291.10294859089,46291.117735041
474624,512,10.773308125,46291.11455854989,46291.129366125
475136,512,10.785128334,46291.126168507886,46291.141110375
475648,512,10.796587667,46291.13777846589,46291.152623375005
476160,512,10.808149959,46291.14938838289,46291.164208125
476672,512,10.819906667,46291.160998340885,46291.175892291
477184,512,10.831446834,46291.17260829989,46291.187463208
477696,512,10.843092042,46291.18421825789,46291.199109541005
478208,512,10.854683292,46291.19582821589,46291.210695625006
478720,512,10.866178209,46291.207438132886,46291.222235875
479232,512,10.877807584,46291.21904809089,46291.233867208
479744,512,10.889417709,46291.23065804989,46291.245453458
480256,512,10.901011459,46291.24226800789,46291.257069708
480768,512,10.912645542,46291.253877965886,46291.268702125
481280,512,10.924284334,46291.26548788289,46291.280332
481792,512,10.935845667,46291.27709784089,46291.291906166
482304,512,10.947460167,46291.28870779989,46291.303520541005
482816,512,10.959102834,46291.30031775789,46291.315149666
483328,512,10.970748,46291.31192771589,46291.326779291005
483840,512,10.982341459,46291.32353763289,46291.338376750005
484352,512,10.993956542,46291.335146674886,46291.349998083
484864,512,11.005538125,46291.34675663289,46291.361580708006
485376,512,11.017256125,46291.35836659089,46291.373265
485888,512,11.028760625,46291.36997654989,46291.384798791005
486400,512,11.040387875,46291.38158646589,46291.396425875006
486912,512,11.0519845,46291.39319642489,46291.408032375
487424,512,11.0635155,46291.40480638289,46291.419583875
487936,512,11.075244917,46291.416416299886,46291.431280125005
488448,512,11.086813792,46291.42802625789,46291.442856208
488960,512,11.098371084,46291.43963621589,46291.454432625
489472,512,11.110045959,46291.45124613289,46291.466091833005
489984,512,11.121659209,46291.46285609089,46291.477703791
490496,512,11.133248625,46291.47446604989,46291.48929833301
491008,512,11.144884042,46291.48607600789,46291.500925208005
491520,512,11.1564735,46291.497685924885,46291.512519166004
492032,512,11.168110792,46291.50929588289,46291.524144625
492544,512,11.179702,46291.52090584089,46291.535749208
493056,512,11.191275209,46291.53251575789,46291.547330416004
493568,512,11.202947375,46291.54412571589,46291.558979375004
494080,512,11.214629125,46291.55573567489,46291.570619000006
494592,512,11.226210334,46291.56734563289,46291.582216583
495104,512,11.237881417,46291.57895554989,46291.593821166
495616,512,11.249458292,46291.59056467489,46291.605450333
496128,512,11.260957292,46291.60217463289,46291.616990208
496640,512,11.2727025,46291.61378459089,46291.628693000006
497152,512,11.284322584,46291.625394507886,46291.640303916
497664,512,11.295799417,46291.63700446589,46291.651833166005
498176,512,11.307469792,46291.64861438289,46291.663481708005
498688,512,11.319082375,46291.660224340885,46291.675088625
499200,512,11.330670875,46291.67183429989,46291.686698833
499712,512,11.342228667,46291.68344421589,46291.698265625004
500224,512,11.353817084,46291.69505417489,46291.70987225
500736,512,11.365548125,46291.706664132886,46291.721480583
501248,512,11.37706475,46291.71827404989,46291.733114916
501760,512,11.38864975,46291.72988400789,46291.744704958
502272,512,11.400217375,46291.74149392489,46291.756286
502784,512,11.411895125,46291.75310388289,46291.767948791006
503296,512,11.42352725,46291.76471384089,46291.77956050001
503808,512,11.435035625,46291.77632375789,46291.791108583006
504320,512,11.446779584,46291.78793371589,46291.802809041
504832,512,11.458318667,46291.79954367489,46291.814370083004
505344,512,11.46990225,46291.81115359089,46291.825962250005
505856,512,11.481540667,46291.82276354989,46291.837594041004
506368,512,11.493175834,46291.834372715886,46291.849221833
506880,512,11.504784084,46291.84598263289,46291.860798833004
507392,512,11.516399334,46291.85759259089,46291.872455708006
507904,512,11.528025084,46291.869202507885,46291.884005416
508416,512,11.539570625,46291.88081246589,46291.895630958
508928,512,11.551174792,46291.89242238289,46291.907244458
509440,512,11.562788292,46291.90403234089,46291.918844833
509952,512,11.574436625,46291.915642299886,46291.9304805
510464,512,11.586091959,46291.927252215886,46291.94211
510976,512,11.597639042,46291.93886217489,46291.953684458
511488,512,11.609252542,46291.95047209089,46291.965306041006
512000,512,11.620892542,46291.96208204989,46291.976919916
512512,512,11.632409292,46291.97369196589,46291.988475083
513024,512,11.644133167,46291.98530192489,46292.000165041005
513536,512,11.655703375,46291.99691184089,46292.011750041005
514048,512,11.667464792,46292.008521799886,46292.023359958
514560,512,11.678911959,46292.020131715886,46292.034958708005
515072,512,11.690493584,46292.03174167489,46292.046553958004
515584,512,11.702158667,46292.04335163289,46292.058190458
516096,512,11.713707,46292.05496154989,46292.069767666006
516608,512,11.725473042,46292.06657150789,46292.081390291
517120,512,11.736892125,46292.07818142489,46292.092961125
517632,512,11.748600209,46292.08979071589,46292.104633625
518144,512,11.7601245,46292.10140063289,46292.116199208
518656,512,11.771819125,46292.11301059089,46292.127841375004
519168,512,11.783550584,46292.124620507886,46292.139524541
519680,512,11.795055709,46292.13623046589,46292.151088541
520192,512,11.8066225,46292.14784038289,46292.162662291004
520704,512,11.81832125,46292.159450340885,46292.1743205
521216,512,11.829901459,46292.17106025789,46292.185912500005
521728,512,11.841552834,46292.18267021589,46292.197549666
522240,512,11.853119417,46292.19428013289,46292.20913625
522752,512,11.864646375,46292.20589009089,46292.220695041
523264,512,11.876392959,46292.217500007886,46292.232386666
523776,512,11.88802425,46292.22910996589,46292.244002791005
524288,512,11.899481,46292.24071988289,46292.255523375
524800,512,11.911078709,46292.252329840885,46292.267134625006
525312,512,11.922680834,46292.26393975789,46292.278740333
525824,512,11.934348667,46292.27554971589,46292.290382833
526336,512,11.945980042,46292.28715963289,46292.301981333
526848,512,11.957512625,46292.29876959089,46292.313558458
527360,512,11.969171292,46292.310379507886,46292.325208041
527872,512,11.9808185,46292.32198942489,46292.336831875
528384,512,11.992416875,46292.33359879989,46292.348443958006
528896,512,12.004031417,46292.34520871589,46292.3600515
529408,512,12.0156625,46292.35681867489,46292.371671625006
529920,512,12.02708675,46292.36842859089,46292.383175708004
530432,512,12.038812167,46292.38003850789,46292.394856416
530944,512,12.050449209,46292.39164846589,46292.406491500005
531456,512,12.061962667,46292.40325838289,46292.418034333
531968,512,12.073690542,46292.414868340886,46292.429712083
532480,512,12.085379334,46292.42647825789,46292.441359416
532992,512,12.10019775,46292.43808821589,46292.452880208
533504,512,12.108471167,46292.44969813289,46292.464493791005
534016,512,12.120144417,46292.46130804989,46292.476148708
534528,512,12.13352625,46292.47291800789,46292.487693375006
535040,512,12.143373542,46292.48452792489,46292.499389458004
535552,512,12.154946542,46292.49613788289,46292.510971875
536064,512,12.166883542,46292.507747799886,46292.522523458
536576,512,12.17819125,46292.519357715886,46292.534219875
537088,512,12.189718792,46292.53096767489,46292.545770291006
537600,512,12.201266792,46292.54257759089,46292.557323208006
538112,512,12.213056,46292.55418754989,46292.569062416005
538624,512,12.224473792,46292.56579746589,46292.580554291
539136,512,12.236160209,46292.57740742489,46292.592204041
539648,512,12.247850042,46292.58901679989,46292.603859166
540160,512,12.259282709,46292.60062675789,46292.615368166
540672,512,12.271054292,46292.61223667489,46292.627071041
541184,512,12.282513209,46292.62384659089,46292.638597958
541696,512,12.299213834,46292.63545654989,46292.650240208
542208,512,12.305872792,46292.64706646589,46292.661886875
542720,512,12.317512584,46292.65867638289,46292.673534041
543232,512,12.333480709,46292.67028634089,46292.68506275
543744,512,12.340700292,46292.68189625789,46292.696713875004
544256,512,12.352353875,46292.69350617489,46292.708365708
544768,512,12.366867334,46292.705116132885,46292.719902875004
545280,512,12.375471417,46292.71672604989,46292.731521875
545792,512,12.387110542,46292.72833600789,46292.743151250004
546304,512,12.400193,46292.73994592489,46292.754719416
546816,512,12.410494209,46292.75155584089,46292.76647075
547328,512,12.421999167,46292.763165799886,46292.778014083
547840,512,12.43351075,46292.77477571589,46292.78955
548352,512,12.445120917,46292.78638563289,46292.801172958
548864,512,12.456770542,46292.79799559089,46292.812795958
549376,512,12.468448042,46292.809605507886,46292.824459833006
549888,512,12.480015,46292.82121542489,46292.836044583004
550400,512,12.491590209,46292.83282538289,46292.847632583005
550912,512,12.503245625,46292.84444284089,46292.859276
551424,512,12.514962875,46292.856052799885,46292.870958
551936,512,12.526368209,46292.86766275789,46292.882445083
552448,512,12.538165834,46292.87927275789,46292.89418237501
552960,512,12.549670334,46292.89088271589,46292.905718125
553472,512,12.561239292,46292.90249267489,46292.91730408301
553984,512,12.572835584,46292.91410263289,46292.928909166
554496,512,12.58450425,46292.92571259089,46292.940550541
555008,512,12.596015542,46292.937322549886,46292.952095875
555520,512,12.6076585,46292.94893250789,46292.963729083
556032,512,12.619484209,46292.96054246589,46292.975460875
556544,512,12.630969917,46292.97215246589,46292.986991000005
557056,512,12.642678875,46292.98376242489,46292.99867175
557568,512,12.6542135,46292.99537238289,46293.010227166
558080,512,12.66579425,46293.00698234089,46293.021828083
558592,512,12.677329875,46293.018592299886,46293.033395958
559104,512,12.688961209,46293.03020225789,46293.045017666
559616,512,12.700606459,46293.04181221589,46293.056642875
560128,512,12.71216925,46293.05342217489,46293.068231208
560640,512,12.723798917,46293.06503217489,46293.079854541
561152,512,12.735394584,46293.07664213289,46293.091448333005
561664,512,12.747061167,46293.08825088289,46293.103094875005
562176,512,12.75862525,46293.09986084089,46293.114680666
562688,512,12.770251959,46293.111470799886,46293.126295708
563200,512,12.781999542,46293.12308075789,46293.1379755
563712,512,12.79353975,46293.13469071589,46293.149544333006
564224,512,12.80509975,46293.14630067489,46293.161124375
564736,512,12.816854959,46293.157910632886,46293.172799583
565248,512,12.828456834,46293.16952059089,46293.184424458006
565760,512,12.840040959,46293.18113054989,46293.196025875004
566272,512,12.851624,46293.19274050789,46293.207624250004
566784,512,12.863093375,46293.20435046589,46293.219150833
567296,512,12.874771917,46293.21596042489,46293.230815666
567808,512,12.886342625,46293.227570382885,46293.242396833004
568320,512,12.8978835,46293.23918034089,46293.253958625006
568832,512,12.909584709,46293.25079034089,46293.265635
569344,512,12.921199167,46293.262400299885,46293.277242250006
569856,512,12.932749792,46293.27401025789,46293.288815708
570368,512,12.94438125,46293.28562021589,46293.300439041006
570880,512,12.956055625,46293.29723017489,46293.312086291
571392,512,12.96758675,46293.308840132886,46293.323648291
571904,512,12.979198709,46293.32045009089,46293.335257458006
572416,512,12.990847709,46293.33205900789,46293.346903375
572928,512,13.00244975,46293.34366896589,46293.358499125
573440,512,13.014126584,46293.355278924886,46293.370155291006
573952,512,13.025609875,46293.36688888289,46293.381682916006
574464,512,13.037307917,46293.37849884089,46293.393339250004
574976,512,13.049055,46293.39010879989,46293.404994000004
575488,512,13.06048375,46293.40171875789,46293.416539166006
576000,512,13.07213825,46293.41332867489,46293.428145125006
576512,512,13.083825,46293.42493863289,46293.4398375
577024,512,13.095339292,46293.436548590886,46293.451378916005
577536,512,13.107190875,46293.44815854989,46293.462960583005
578048,512,13.118569917,46293.45976850789,46293.47461625
578560,512,13.13014575,46293.47137846589,46293.486194041005
579072,512,13.141718167,46293.48298842489,46293.497785750005
579584,512,13.153324209,46293.49459838289,46293.509390416
580096,512,13.164989209,46293.50620834089,46293.521036708
580608,512,13.176559959,46293.517818299886,46293.532622875005
581120,512,13.1881555,46293.52942821589,46293.544224291
581632,512,13.199808417,46293.54103817489,46293.555856125
582144,512,13.211454459,46293.552648132885,46293.567506541
582656,512,13.223182709,46293.56425809089,46293.579163083006
583168,512,13.23467325,46293.57586804989,46293.590706
583680,512,13.24639475,46293.58747709089,46293.6023775
584192,512,13.257916542,46293.599087049886,46293.613930666004
584704,512,13.269600667,46293.61069700789,46293.625573416
585216,512,13.281195959,46293.62230692489,46293.637187541004
585728,512,13.292792084,46293.633916882885,46293.648789750005
586240,512,13.304373667,46293.64552684089,46293.660390541
586752,512,13.315943334,46293.65713679989,46293.671964833
587264,512,13.327525625,46293.66874675789,46293.683552916
587776,512,13.33916125,46293.680356674886,46293.695190833
588288,512,13.350734792,46293.69196663289,46293.706785
588800,512,13.3622965,46293.70357659089,46293.718366458
589312,512,13.373932042,46293.71518654989,46293.729994958005
589824,512,13.385546334,46293.726796507886,46293.741612375
590336,512,13.397142,46293.73840642489,46293.753206791
590848,512,13.408802625,46293.75001638289,46293.764851541004
591360,512,13.420529042,46293.761626340885,46293.77651575
591872,512,13.432025917,46293.77323629989,46293.788058916005
592384,512,13.443686792,46293.78484625789,46293.799714041
592896,512,13.45529125,46293.79645617489,46293.811321416004
593408,512,13.466787875,46293.808066132886,46293.82285412501
593920,512,13.478423042,46293.81967609089,46293.834489583
594432,512,13.490043584,46293.83128604989,46293.846104916
594944,512,13.501785959,46293.84289513289,46293.8577325
595456,512,13.513239125,46293.85450504989,46293.869304791006
595968,512,13.524852792,46293.86611500789,46293.880917958006
596480,512,13.536519625,46293.87772496589,46293.892563333
596992,512,13.548066125,46293.88933492489,46293.904135458004
597504,512,13.559673167,46293.90094484089,46293.915741000004
598016,512,13.571294917,46293.91255479989,46293.927355625005
598528,512,13.582934875,46293.92416475789,46293.938984416
599040,512,13.5945215,46293.93577471589,46293.950585583
599552,512,13.606135584,46293.94738463289,46293.962191791004
600064,512,13.617927584,46293.95899459089,46293.973908541004
600576,512,13.629396834,46293.97060454989,46293.985430333
601088,512,13.640999375,46293.98221446589,46293.99705016601
601600,512,13.652637334,46293.99382442489,46294.008665041
602112,512,13.664246375,46294.00543438289,46294.020287625004
602624,512,13.675872334,46294.017044340886,46294.03188475
603136,512,13.687450834,46294.02865425789,46294.04349804101
603648,512,13.699033959,46294.04026421589,46294.055088916
604160,512,13.710637375,46294.05187417489,46294.066692333006
604672,512,13.722229625,46294.06348409089,46294.078292708
605184,512,13.733820625,46294.07509404989,46294.089891083
605696,512,13.745488584,46294.08670325789,46294.101538666
606208,512,13.757078834,46294.09831321589,46294.113137166
606720,512,13.768644959,46294.10992313289,46294.124714083
607232,512,13.780443584,46294.12153309089,46294.136429291
607744,512,13.791987084,46294.13314304989,46294.148013708
608256,512,13.80351375,46294.14475296589,46294.15956133301
608768,512,13.815247375,46294.15636292489,46294.171249416
609280,512,13.826781334,46294.16797288289,46294.182806083
609792,512,13.838386209,46294.17958279989,46294.194421
610304,512,13.850072792,46294.19119275789,46294.206075208
610816,512,13.861578334,46294.20280271589,46294.217628625
611328,512,13.873291542,46294.214412632886,46294.229256083
611840,512,13.884780667,46294.22602259089,46294.240838000005
612352,512,13.896374417,46294.23763254989,46294.252435583
612864,512,13.908255625,46294.24924246589,46294.26407645801
613376,512,13.919634209,46294.260852424886,46294.27568387501
613888,512,13.931188875,46294.27246234089,46294.28726225
614400,512,13.94282225,46294.28407229989,46294.298885083
614912,512,13.954578292,46294.295682257885,46294.310505083005
615424,512,13.966040167,46294.30729217489,46294.322096791
615936,512,13.977646,46294.31890213289,46294.333709708
616448,512,13.989288792,46294.33051142489,46294.345342
616960,512,14.00093425,46294.34212134089,46294.356974041
617472,512,14.01250475,46294.35373129989,46294.368558625
617984,512,14.024188459,46294.365341257886,46294.380210291005
618496,512,14.035783292,46294.37695117489,46294.39181375
619008,512,14.047415875,46294.38856113289,46294.403431000006
619520,512,14.058907167,46294.400171049885,46294.414982083006
620032,512,14.070504667,46294.41178100789,46294.426565791
620544,512,14.082175084,46294.42339092489,46294.438231041
621056,512,14.093714917,46294.43500088289,46294.449789083
621568,512,14.105327292,46294.44661084089,46294.461394583006
622080,512,14.117058625,46294.458220757886,46294.473093291
622592,512,14.128600084,46294.46983071589,46294.484654208005
623104,512,14.140173,46294.48144063289,46294.496240375
623616,512,14.1518,46294.493050590885,46294.507856125005
624128,512,14.163454875,46294.50466050789,46294.519499166
624640,512,14.175027292,46294.51627046589,46294.531074000006
625152,512,14.186610542,46294.52788042489,46294.542678541
625664,512,14.198239917,46294.53949034089,46294.554299125004
626176,512,14.209862292,46294.55110029989,46294.565920291
626688,512,14.221629667,46294.56271021589,46294.577618208
627200,512,14.233097375,46294.57432017489,46294.589135916
627712,512,14.244825417,46294.585930090885,46294.600814458005
628224,512,14.2564255,46294.59753946589,46294.612418916004
628736,512,14.267933375,46294.609149382886,46294.623952291004
629248,512,14.279673584,46294.62075934089,46294.635658041
629760,512,14.291199667,46294.63236925789,46294.647227416004
630272,512,14.302771459,46294.643979215885,46294.658819458
630784,512,14.314407042,46294.65558913289,46294.670438708
631296,512,14.325940917,46294.66719909089,46294.682002583
631808,512,14.337521584,46294.67880900789,46294.693592041
632320,512,14.349137459,46294.69041896589,46294.705209125
632832,512,14.360834584,46294.702028882886,46294.716825208
633344,512,14.372900792,46294.71363884089,46294.728439208004
633856,512,14.384011959,46294.72524875789,46294.740072791006
634368,512,14.395570042,46294.736858715885,46294.75164475
634880,512,14.407230375,46294.74846863289,46294.763288958005
635392,512,14.418919667,46294.76007859089,46294.774940041
635904,512,14.430404167,46294.77168850789,46294.786473416
636416,512,14.442366542,46294.78329846589,46294.798120375
636928,512,14.453753209,46294.794908382886,46294.809779250005
637440,512,14.465244584,46294.80651834089,46294.821312833
637952,512,14.476871959,46294.81812825789,46294.832936958
638464,512,14.488499875,46294.829738215885,46294.8445565
638976,512,14.500084167,46294.84134754989,46294.856151041
639488,512,14.511792459,46294.85295750789,46294.86783175
640000,512,14.52331375,46294.86456742489,46294.879380208
640512,512,14.5349175,46294.87617738289,46294.890983041005
641024,512,14.546626417,46294.887787299886,46294.9026595
641536,512,14.558170625,46294.89939725789,46294.914230166
642048,512,14.569778,46294.91100717489,46294.925831416
642560,512,14.581362292,46294.92261713289,46294.937433666004
643072,512,14.592964584,46294.93422704989,46294.949027583
643584,512,14.604588042,46294.94583700789,46294.960645166
644096,512,14.616323,46294.95744692489,46294.97232875
644608,512,14.62792725,46294.96905684089,46294.983930458
645120,512,14.639540959,46294.980666799886,46294.995542166005
645632,512,14.651122292,46294.992276715886,46295.007151166006
646144,512,14.662639459,46295.00388667489,46295.018694291
646656,512,14.674350042,46295.01549659089,46295.030348375
647168,512,14.685917709,46295.02710654989,46295.041933041
647680,512,14.697471625,46295.03871646589,46295.053529666
648192,512,14.709112917,46295.05032642489,46295.06516975
648704,512,14.720702292,46295.06193634089,46295.076756875
649216,512,14.732280917,46295.073546299885,46295.088345416
649728,512,14.743933125,46295.08516121589,46295.099980916006
650240,512,14.755567709,46295.09677117489,46295.111613791
650752,512,14.767124667,46295.108381132886,46295.123181791
651264,512,14.778908917,46295.11999109089,46295.134892541006
651776,512,14.7904885,46295.13160104989,46295.146482833006
652288,512,14.801993459,46295.14321100789,46295.158038791
652800,512,14.813688459,46295.15482096589,46295.169686416004
653312,512,14.825292459,46295.16643092489,46295.181299291005
653824,512,14.836943334,46295.178040882885,46295.192935541
654336,512,14.848525709,46295.18965084089,46295.204517916005
654848,512,14.860013417,46295.20126079989,46295.216076458004
655360,512,14.871631917,46295.21287075789,46295.227686750004
655872,512,14.883382625,46295.224480715886,46295.239370208
656384,512,14.894859625,46295.23609067489,46295.250909583
656896,512,14.906447625,46295.24770063289,46295.262511708
657408,512,14.918119875,46295.25931059089,46295.274155666004
657920,512,14.929736417,46295.27092054989,46295.285770291004
658432,512,14.941680834,46295.28253050789,46295.297365916005
658944,512,14.952967625,46295.29414046589,46295.309003416005
659456,512,14.964553334,46295.30575038289,46295.320590458
659968,512,14.976121542,46295.31736034089,46295.332178875
660480,512,14.987767334,46295.32897029989,46295.343810708
660992,512,14.999320584,46295.34057934089,46295.355385166
661504,512,15.011059667,46295.35218929989,46295.367056458
662016,512,15.022676459,46295.36379925789,46295.378676416
662528,512,15.034114084,46295.375409215885,46295.390184541
663040,512,15.045920375,46295.38701913289,46295.401918625
663552,512,15.057454625,46295.39862909089,46295.413492125
664064,512,15.069007459,46295.41023904989,46295.425058875
664576,512,15.08062875,46295.421849007886,46295.436683875
665088,512,15.092242584,46295.43345896589,46295.448290416
665600,512,15.103867834,46295.44506892489,46295.459897500004
666112,512,15.115437917,46295.45667888289,46295.471496291
666624,512,15.127083584,46295.468288799886,46295.483093666
667136,512,15.138676709,46295.47989875789,46295.494720208
667648,512,15.150292292,46295.49150871589,46295.506316083
668160,512,15.161826209,46295.50311867489,46295.517904916
668672,512,15.173515,46295.51472863289,46295.529562958
669184,512,15.18512075,46295.52633859089,46295.541167916
669696,512,15.196679625,46295.537948549885,46295.552745500005
670208,512,15.208330584,46295.54955850789,46295.564383583005
670720,512,15.220034875,46295.56116842489,46295.576035333004
671232,512,15.2316,46295.57277838289,46295.58761275
671744,512,15.243265042,46295.58438834089,46295.599265416
672256,512,15.254862542,46295.59599742489,46295.610863125
672768,512,15.266364792,46295.60760734089,46295.622408083
673280,512,15.278082625,46295.619217299885,46295.634076833005
673792,512,15.289720542,46295.63082725789,46295.645712875004
674304,512,15.301212042,46295.64243721589,46295.65726562501
674816,512,15.31289925,46295.65404717489,46295.668906333005
675328,512,15.324368625,46295.66565709089,46295.680440250006
675840,512,15.336067459,46295.67726704989,46295.692102208006
676352,512,15.347621084,46295.68887700789,46295.703681791005
676864,512,15.359221334,46295.70048696589,46295.71528625
677376,512,15.370898417,46295.712096924886,46295.726938
677888,512,15.382517625,46295.72370684089,46295.738553916
678400,512,15.394042834,46295.73531679989,46295.750111625006
678912,512,15.40568625,46295.746926757885,46295.761735041
679424,512,15.417406459,46295.75853671589,46295.77341175
679936,512,15.429012375,46295.77014663289,46295.78501975
680448,512,15.440677917,46295.78175659089,46295.796632083
680960,512,15.452252292,46295.793366549886,46295.80825541601
681472,512,15.463810584,46295.80497650789,46295.819830750006
681984,512,15.475364542,46295.81658646589,46295.831413583
682496,512,15.487003334,46295.82819638289,46295.843042125
683008,512,15.498561709,46295.83980559089,46295.854619791004
683520,512,15.510233084,46295.851415549885,46295.866265708006
684032,512,15.52181775,46295.863025465886,46295.877844833005
684544,512,15.533359167,46295.87463542489,46295.889421125
685056,512,15.545034125,46295.88624538289,46295.901083041004
685568,512,15.556654042,46295.89785534089,46295.912699416
686080,512,15.56821175,46295.909465257886,46295.924276458005
686592,512,15.579861542,46295.92107521589,46295.935911583
687104,512,15.591455292,46295.93268517489,46295.947507625
687616,512,15.603044375,46295.944295090885,46295.959104583
688128,512,15.614768125,46295.95590504989,46295.97078625
688640,512,15.626321334,46295.96751500789,46295.98235625
689152,512,15.637918542,46295.97912492489,46295.993956375
689664,512,15.649602084,46295.990734882886,46296.005608666004
690176,512,15.661098542,46296.00234484089,46296.017159250005
690688,512,15.672724084,46296.01395479989,46296.028779875
691200,512,15.684348584,46296.02556471589,46296.040399333004
691712,512,15.695928709,46296.037174674886,46296.051988083
692224,512,15.708212959,46296.04878463289,46296.063595750005
692736,512,15.719207375,46296.06039454989,46296.075244708
693248,512,15.730737667,46296.072004507885,46296.086804166
693760,512,15.742370834,46296.08361379989,46296.098431333005
694272,512,15.754009417,46296.095223715885,46296.110054250006
694784,512,15.765634334,46296.10683367489,46296.121676833005
695296,512,15.777300792,46296.11844359089,46296.133312041005
695808,512,15.788852375,46296.13005354989,46296.144881500004
696320,512,15.800471709,46296.141663507886,46296.156506291
696832,512,15.812115875,46296.15327342489,46296.168138041
697344,512,15.823796834,46296.16488338289,46296.179783083004
697856,512,15.835285584,46296.17649334089,46296.191323875006
698368,512,15.846992667,46296.18810325789,46296.202971916005
698880,512,15.858468875,46296.19971321589,46296.21452975
699392,512,15.870119,46296.21132317489,46296.226159916005
699904,512,15.881769042,46296.22293309089,46296.237795875
700416,512,15.893290667,46296.23454304989,46296.249352625004
700928,512,15.904936334,46296.24615296589,46296.260987458
701440,512,15.916498084,46296.25776292489,46296.272564833
701952,512,15.928181375,46296.26937288289,46296.284219583
702464,512,15.939752209,46296.280982799886,46296.295800958
702976,512,15.951330375,46296.29259275789,46296.307397166005
703488,512,15.962986667,46296.30420271589,46296.319028333004
704000,512,15.974812459,46296.315812632885,46296.330640458
704512,512,15.986183084,46296.32742259089,46296.342235541
705024,512,15.997818834,46296.33903192489,46296.3538675
705536,512,16.009789709,46296.35064184089,46296.365502083005
706048,512,16.021147792,46296.36225179989,46296.377139166005
706560,512,16.032678,46296.373861757886,46296.388695500005
707072,512,16.044382459,46296.38547167489,46296.400367458
707584,512,16.055957292,46296.39708163289,46296.411953625
708096,512,16.067453084,46296.40869154989,46296.423501958
708608,512,16.079124084,46296.42030150789,46296.435154583
709120,512,16.090811584,46296.43191142489,46296.446817333
709632,512,16.102293584,46296.44352138289,46296.458343041006
710144,512,16.113936417,46296.45513134089,46296.469975500004
710656,512,16.125489709,46296.466741257886,46296.481553666
711168,512,16.137175917,46296.47835121589,46296.493206958
711680,512,16.148751,46296.48996113289,46296.504795500005
712192,512,16.160333875,46296.50157109089,46296.516395291
712704,512,16.172016459,46296.513181049886,46296.5280395
713216,512,16.183612625,46296.52479096589,46296.539642458
713728,512,16.195163334,46296.53640092489,46296.551222791
714240,512,16.206769834,46296.54801084089,46296.562828125
714752,512,16.218577375,46296.55962079989,46296.574549375
715264,512,16.230109667,46296.57123071589,46296.586108166004
715776,512,16.241811042,46296.58284067489,46296.597779291005
716288,512,16.2533435,46296.59445004989,46296.609333583
716800,512,16.264982792,46296.606060007885,46296.620960583
717312,512,16.276550334,46296.61766992489,46296.632555958
717824,512,16.288103084,46296.62927988289,46296.644118083
718336,512,16.299632959,46296.64088979989,46296.655681208
718848,512,16.311323792,46296.65249975789,46296.667340708
719360,512,16.322887667,46296.664109674886,46296.678939416
719872,512,16.334411875,46296.67571963289,46296.690482458005
720384,512,16.346073125,46296.68732954989,46296.702137583
720896,512,16.35763725,46296.698939507885,46296.713718583
721408,512,16.369290125,46296.71054942489,46296.725350916
721920,512,16.380992334,46296.72215938289,46296.737020541004
722432,512,16.392551417,46296.73376934089,46296.748604583
722944,512,16.4041445,46296.74537925789,46296.760198
723456,512,16.415733542,46296.756989215886,46296.771789666
723968,512,16.427283875,46296.76859913289,46296.783368250006
724480,512,16.439029417,46296.78020909089,46296.795039833
724992,512,16.450557292,46296.791819007885,46296.806620875
725504,512,16.462172125,46296.80342896589,46296.818236333005
726016,512,16.473745417,46296.81503888289,46296.829824916
726528,512,16.485386584,46296.82664884089,46296.841450583
727040,512,16.497070459,46296.838258257885,46296.853075958
727552,512,16.508587667,46296.84986821589,46296.864660666004
728064,512,16.520230125,46296.86147813289,46296.876280916
728576,512,16.531831459,46296.87308809089,46296.887894708
729088,512,16.543445167,46296.88469800789,46296.899511541
729600,512,16.555081125,46296.896307965886,46296.91113675
730112,512,16.566687792,46296.90791788289,46296.922743416006
730624,512,16.578284417,46296.91952784089,46296.934344083005
731136,512,16.589903834,46296.931137757885,46296.945959875
731648,512,16.60153925,46296.94274771589,46296.957584250005
732160,512,16.613138334,46296.95435763289,46296.969188666
732672,512,16.624701917,46296.96596754989,46296.980773041
733184,512,16.636368459,46296.97757750789,46296.992404458004
733696,512,16.648026167,46296.989187424886,46297.004047250004
734208,512,16.659519042,46297.00079738289,46297.015593375
734720,512,16.671223959,46297.01240729989,46297.027215375005
735232,512,16.682814834,46297.024017257885,46297.038855958
735744,512,16.694361542,46297.03562717489,46297.050428708004
736256,512,16.7059795,46297.04723713289,46297.062040125005
736768,512,16.717617584,46297.05884704989,46297.073666208
737280,512,16.729217834,46297.07045700789,46297.085275291
737792,512,16.741032875,46297.082066924886,46297.096870500005
738304,512,16.752467709,46297.09367642489,46297.108515375
738816,512,16.764105917,46297.10528634089,46297.120140000006
739328,512,16.775851667,46297.116896299885,46297.13182825
739840,512,16.787340334,46297.128506215886,46297.143370958
740352,512,16.798912709,46297.14011617489,46297.154948083
740864,512,16.810559417,46297.15172609089,46297.166588708
741376,512,16.822243209,46297.16333600789,46297.17823691601
741888,512,16.833713084,46297.17494596589,46297.189757708
742400,512,16.845473375,46297.18655588289,46297.201454
742912,512,16.856993334,46297.19816584089,46297.213022583004
743424,512,16.868551375,46297.20977575789,46297.224593541
743936,512,16.880288917,46297.221385715886,46297.236284833
744448,512,16.891906209,46297.23299563289,46297.247895958004
744960,512,16.903372084,46297.24460554989,46297.259421875
745472,512,16.9149675,46297.25621550789,46297.271019666005
745984,512,16.930031334,46297.26782542489,46297.282629916
746496,512,16.938198042,46297.27943538289,46297.294245125006
747008,512,16.949891459,46297.29104529989,46297.305899958
747520,512,16.96683225,46297.30265525789,46297.3174405
748032,512,16.973132792,46297.314265174886,46297.329132750005
748544,512,16.984735459,46297.325875090886,46297.340743583
749056,512,17.000177209,46297.33749004989,46297.352272333
749568,512,17.007825667,46297.34910000789,46297.363905333004
750080,512,17.0195515,46297.36070996589,46297.375559625005
750592,512,17.033517875,46297.37231988289,46297.387115041005
751104,512,17.042752917,46297.383929840886,46297.398773125
751616,512,17.054419375,46297.39553979989,46297.4104185
752128,512,17.066850334,46297.40714975789,46297.421933125006
752640,512,17.077614,46297.41875971589,46297.433618250005
753152,512,17.089163542,46297.43036967489,46297.445164833
753664,512,17.100794334,46297.44197963289,46297.456814791
754176,512,17.112443875,46297.45358959089,46297.468461291006
754688,512,17.123948167,46297.465199549886,46297.480000666
755200,512,17.135627,46297.47680950789,46297.4916515
755712,512,17.147340667,46297.48841946589,46297.503324458004
756224,512,17.158831125,46297.50002942489,46297.514856333
756736,512,17.170464292,46297.51163938289,46297.526486875
757248,512,17.182167625,46297.52324934089,46297.538149833
757760,512,17.193680834,46297.53485925789,46297.549696041
758272,512,17.205183334,46297.546469215886,46297.5612515
758784,512,17.216960584,46297.55807917489,46297.572943833
759296,512,17.228386,46297.56968913289,46297.584458166006
759808,512,17.240164334,46297.58129909089,46297.596170250006
760320,512,17.251726584,46297.59290821589,46297.607746875
760832,512,17.263237209,46297.60451813289,46297.619301041006
761344,512,17.27480675,46297.616128090885,46297.630893458
761856,512,17.286592459,46297.62773804989,46297.642590458
762368,512,17.300402292,46297.63934800789,46297.6541125
762880,512,17.309843459,46297.65095796589,46297.665835083004
763392,512,17.321299125,46297.66256792489,46297.677354916006
763904,512,17.33356125,46297.67417788289,46297.68899275
764416,512,17.344683709,46297.68578779989,46297.700670041006
764928,512,17.356218959,46297.69739775789,46297.712250916
765440,512,17.367758334,46297.70900771589,46297.723802208006
765952,512,17.379389375,46297.72061767489,46297.7354415
766464,512,17.391021834,46297.73222763289,46297.747067916
766976,512,17.402605542,46297.74383759089,46297.758661708
767488,512,17.414289167,46297.75544750789,46297.770313625006
768000,512,17.425897334,46297.76705746589,46297.781911625
768512,512,17.437444417,46297.778667424885,46297.793489416006
769024,512,17.449162459,46297.79027738289,46297.805169208004
769536,512,17.46062125,46297.80188734089,46297.816686708
770048,512,17.47232125,46297.81349729989,46297.8283495
770560,512,17.48388725,46297.82510721589,46297.839934791
771072,512,17.495469542,46297.83671642489,46297.851529958
771584,512,17.507062542,46297.84832638289,46297.863131000006
772096,512,17.518744375,46297.85993629989,46297.874782916006
772608,512,17.530333,46297.87154625789,46297.88635366601
773120,512,17.542085542,46297.88315621589,46297.897963666
773632,512,17.553516417,46297.89476617489,46297.909575958
774144,512,17.565154292,46297.90637609089,46297.92120325
774656,512,17.576752792,46297.91798604989,46297.932785333
775168,512,17.588377292,46297.92959600789,46297.944426
775680,512,17.599986209,46297.941205965886,46297.956030916
776192,512,17.611625292,46297.95281592489,46297.967669208
776704,512,17.623282542,46297.96442584089,46297.97929241601
777216,512,17.634751917,46297.97603579989,46297.990816208
777728,512,17.646537542,46297.98764575789,46298.002539125
778240,512,17.658081667,46297.99925571589,46298.014116083
778752,512,17.669614459,46298.01086563289,46298.025668666
779264,512,17.681318209,46298.022475590886,46298.037335083005
779776,512,17.692864959,46298.03408554989,46298.0489165
780288,512,17.704468584,46298.04569550789,46298.060517708
780800,512,17.716070834,46298.05730542489,46298.072130875
781312,512,17.727663,46298.068915382886,46298.083726875004
781824,512,17.7393185,46298.08052534089,46298.095363708
782336,512,17.750874125,46298.09213459089,46298.106950708
782848,512,17.762517292,46298.10374454989,46298.118567458005
783360,512,17.774231917,46298.11535446589,46298.130235291006
783872,512,17.78587075,46298.12696442489,46298.14186375
784384,512,17.797408709,46298.13857438289,46298.153425041004
784896,512,17.80913275,46298.15018434089,46298.165111708004
785408,512,17.820689584,46298.16179425789,46298.176685125
785920,512,17.832198625,46298.173404215886,46298.18823125
786432,512,17.843963459,46298.18501417489,46298.199945916
786944,512,17.855534459,46298.19662409089,46298.21151575
787456,512,17.86696975,46298.20823404989,46298.22303125
787968,512,17.878690084,46298.21984400789,46298.234712625
788480,512,17.890331209,46298.23145392489,46298.24634116601
788992,512,17.901836667,46298.24306388289,46298.257887375
789504,512,17.913495792,46298.254673840886,46298.269536666005
790016,512,17.925009417,46298.26628375789,46298.281077208005
790528,512,17.936681709,46298.27789371589,46298.292728416
791040,512,17.948244084,46298.28950367489,46298.304316291
791552,512,17.959819625,46298.301113632886,46298.31589625
792064,512,17.971518334,46298.31272354989,46298.327556916
792576,512,17.983104584,46298.32433350789,46298.339155958005
793088,512,17.994657834,46298.33594284089,46298.350729916005
793600,512,18.006309959,46298.34755275789,46298.362365500005
794112,512,18.018052917,46298.35916271589,46298.374052791005
794624,512,18.029537625,46298.37077267489,46298.385593958
795136,512,18.041172417,46298.38238259089,46298.39722225
795648,512,18.052909,46298.393992549885,46298.408884916
796160,512,18.064350709,46298.40560250789,46298.420409083
796672,512,18.075988459,46298.41721242489,46298.432038791005
797184,512,18.087597709,46298.42882238289,46298.443649625005
797696,512,18.099254042,46298.44043229989,46298.455264166005
798208,512,18.11079625,46298.452042257886,46298.466852125006
798720,512,18.122403667,46298.46365221589,46298.478463375
799232,512,18.133990042,46298.47526213289,46298.490056791
799744,512,18.145637834,46298.486872090885,46298.501697958
800256,512,18.157235875,46298.49848204989,46298.513298666
800768,512,18.168826,46298.51009196589,46298.524891791
801280,512,18.180500667,46298.52170192489,46298.536553458005
801792,512,18.192103959,46298.53331184089,46298.548151958006
802304,512,18.203693625,46298.54492179989,46298.559749416
802816,512,18.215378792,46298.55653175789,46298.57140125
803328,512,18.22702325,46298.56814167489,46298.583018875004
803840,512,18.238612667,46298.57975163289,46298.594618583
804352,512,18.250242959,46298.591361007886,46298.606243500006
804864,512,18.261845334,46298.60297096589,46298.617840666004
805376,512,18.273488834,46298.61458088289,46298.629476291004
805888,512,18.285133959,46298.626190840885,46298.641097583
806400,512,18.296635459,46298.63780075789,46298.652650250006
806912,512,18.308291584,46298.64941071589,46298.664295625
807424,512,18.3197635,46298.66102067489,46298.675824041005
807936,512,18.331360792,46298.67263059089,46298.687425083
808448,512,18.343017625,46298.68424054989,46298.699073166004
808960,512,18.354613375,46298.69585046589,46298.710661291
809472,512,18.366187875,46298.70746042489,46298.722251666004
809984,512,18.377826459,46298.719070340885,46298.733879333005
810496,512,18.389472042,46298.73068029989,46298.745514291004
811008,512,18.401042959,46298.74229025789,46298.757102958
811520,512,18.412649459,46298.75390017489,46298.768710041004
812032,512,18.424417209,46298.765510132886,46298.780410041
812544,512,18.43589425,46298.77712004989,46298.791940708004
813056,512,18.447604709,46298.78873000789,46298.803616666
813568,512,18.459162042,46298.80033996589,46298.8151975
814080,512,18.470791834,46298.81194988289,46298.8268065
814592,512,18.482365667,46298.82355984089,46298.838405458
815104,512,18.493895375,46298.83516925789,46298.849966916
815616,512,18.505558709,46298.84677921589,46298.861610958
816128,512,18.51720675,46298.85838913289,46298.873245208
816640,512,18.528749917,46298.869999090886,46298.884811875
817152,512,18.540414542,46298.88160900789,46298.896467083
817664,512,18.551967167,46298.89321896589,46298.908029958
818176,512,18.563594709,46298.904828882885,46298.919648875
818688,512,18.5751955,46298.91643884089,46298.931252416005
819200,512,18.586808959,46298.92804875789,46298.942863041004
819712,512,18.598449459,46298.93965871589,46298.954495333004
820224,512,18.610031625,46298.95126863289,46298.966090541006
820736,512,18.621786417,46298.962878590886,46298.977772208
821248,512,18.633241209,46298.97448850789,46298.989284125004
821760,512,18.645031792,46298.98609846589,46299.001011333006
822272,512,18.656477584,46298.997708382885,46299.01253025
822784,512,18.668008709,46299.00931834089,46299.024087000005
823296,512,18.679785917,46299.02092829989,46299.035809958004
823808,512,18.691295709,46299.03253821589,46299.047354708004
824320,512,18.702918542,46299.044148174886,46299.058971041006
824832,512,18.714552167,46299.055758090886,46299.070599333005
825344,512,18.726144709,46299.06736804989,46299.082197125004
825856,512,18.737748,46299.07897796589,46299.093801791
826368,512,18.74936,46299.090587465886,46299.105413458004
826880,512,18.760936209,46299.10219738289,46299.116998375
827392,512,18.772672125,46299.11380734089,46299.128677125
827904,512,18.784300042,46299.12541725789,46299.140297875005
828416,512,18.7958715,46299.13702721589,46299.151878708006
828928,512,18.8076255,46299.14863713289,46299.163544041
829440,512,18.819139084,46299.16024709089,46299.175130166004
829952,512,18.830743584,46299.17185700789,46299.186739541
830464,512,18.842387667,46299.183466965886,46299.198390000005
830976,512,18.853861542,46299.19507688289,46299.209894541
831488,512,18.866886584,46299.20668684089,46299.221494666
832000,512,18.876981667,46299.21829675789,46299.233059625
832512,512,18.888651959,46299.22990667489,46299.244707708
833024,512,18.900254209,46299.24151663289,46299.25630554101
833536,512,18.91201425,46299.25312654989,46299.268006083
834048,512,18.923509,46299.26473650789,46299.279562416006
834560,512,18.935037125,46299.276346424886,46299.291113875006
835072,512,18.946811125,46299.28795638289,46299.302841791
835584,512,18.958255959,46299.29956629989,46299.314332958005
836096,512,18.969895584,46299.31117625789,46299.325963291005
836608,512,18.981701459,46299.32278617489,46299.337680583005
837120,512,18.99309025,46299.33439571589,46299.349168458
837632,512,19.004691125,46299.34600563289,46299.360770916006
838144,512,19.016514417,46299.35761559089,46299.372479875005
838656,512,19.027967042,46299.369225507886,46299.384029125
839168,512,19.039547792,46299.38083546589,46299.395594875
839680,512,19.051268375,46299.39244538289,46299.407287833004
840192,512,19.066829125,46299.40405534089,46299.418832541
840704,512,19.074454625,46299.41566525789,46299.430478833005
841216,512,19.086045209,46299.42727517489,46299.442080416
841728,512,19.10018625,46299.43888513289,46299.453663083004
842240,512,19.109332417,46299.45049504989,46299.465349541
842752,512,19.120966417,46299.462105007886,46299.476968083
843264,512,19.133521125,46299.47371492489,46299.488494666
843776,512,19.144208834,46299.48532488289,46299.500203875
844288,512,19.155727209,46299.49693479989,46299.511775041006
844800,512,19.167310917,46299.50854475789,46299.523359708
845312,512,19.178970334,46299.52015467489,46299.535005875005
845824,512,19.19056025,46299.53176459089,46299.546609583005
846336,512,19.202138959,46299.54337454989,46299.558193166005
846848,512,19.21378275,46299.55498446589,46299.569828291
847360,512,19.225530334,46299.56659442489,46299.581470541
847872,512,19.236961167,46299.57820434089,46299.593011416
848384,512,19.248643625,46299.58981996589,46299.604672833004
848896,512,19.26026975,46299.601429924885,46299.616288333
849408,512,19.27190125,46299.61303988289,46299.627916333004
849920,512,19.283552334,46299.62464984089,46299.639536166
850432,512,19.295107084,46299.63625979989,46299.65112
850944,512,19.306765542,46299.647869757886,46299.662761541
851456,512,19.31833575,46299.65947971589,46299.6743425
851968,512,19.329828584,46299.67108967489,46299.685899375
852480,512,19.3414435,46299.68269963289,46299.697507041004
852992,512,19.353058,46299.69430959089,46299.709118958
853504,512,19.364644667,46299.70591954989,46299.720711375005
854016,512,19.37630025,46299.71752950789,46299.732356708
854528,512,19.387919167,46299.72913946589,46299.743967958006
855040,512,19.399779167,46299.74074942489,46299.755578000004
855552,512,19.41110975,46299.75235938289,46299.767173416
856064,512,19.422819542,46299.763969340886,46299.778822083004
856576,512,19.434354167,46299.77557929989,46299.790399000005
857088,512,19.446101709,46299.78718925789,46299.802098708
857600,512,19.457617167,46299.79879921589,46299.813657333005
858112,512,19.469201834,46299.81040917489,46299.825238666
858624,512,19.48078,46299.82201913289,46299.836836125
859136,512,19.492365167,46299.83362909089,46299.848437791006
859648,512,19.504003709,46299.84523817489,46299.86004950001
860160,512,19.515600834,46299.85684813289,46299.871659000004
860672,512,19.527192417,46299.86845804989,46299.883260250004
861184,512,19.539206834,46299.880068007886,46299.894873708006
861696,512,19.550389542,46299.89167796589,46299.906465333006
862208,512,19.562080292,46299.90328792489,46299.918127791
862720,512,19.57367775,46299.91489788289,46299.929704458
863232,512,19.585254584,46299.926507840886,46299.941319208
863744,512,19.59692725,46299.93811779989,46299.952964583004
864256,512,19.608524292,46299.94972775789,46299.964563583
864768,512,19.620240792,46299.96133771589,46299.976231625005
865280,512,19.631774709,46299.97294767489,46299.987787708
865792,512,19.643451959,46299.98455763289,46299.99946025
866304,512,19.655004334,46299.996167590885,46300.011010875
866816,512,19.66650525,46300.00777750789,46300.022575
867328,512,19.678212459,46300.01938746589,46300.034246916
867840,512,19.689805042,46300.03099742489,46300.045848666006
868352,512,19.701473459,46300.042607382886,46300.057423291
868864,512,19.71300925,46300.05421734089,46300.069062125
869376,512,19.724622459,46300.06582729989,46300.080668333
869888,512,19.736200125,46300.07743725789,46300.092255
870400,512,19.74782575,46300.08904642489,46300.103882958
870912,512,19.75940825,46300.100656382885,46300.115471458004
871424,512,19.771069292,46300.11226629989,46300.127105750005
871936,512,19.782782167,46300.12387625789,46300.138766250006
872448,512,19.794307834,46300.13548621589,46300.150330041004
872960,512,19.805942625,46300.147096174886,46300.161955791
873472,512,19.817593792,46300.15870613289,46300.173591166
873984,512,19.829091084,46300.17031609089,46300.185135041
874496,512,19.840851042,46300.18192600789,46300.196837166004
875008,512,19.852448125,46300.19353596589,46300.20843025
875520,512,19.863935042,46300.20514592489,46300.219965416
876032,512,19.875653334,46300.21675588289,46300.231652666
876544,512,19.887145417,46300.228365840885,46300.243189916
877056,512,19.898718667,46300.23997579989,46300.254777916
877568,512,19.910368625,46300.25158571589,46300.266415791004
878080,512,19.921931709,46300.26319567489,46300.277997458004
878592,512,19.933616125,46300.274805632886,46300.28965125
879104,512,19.94516875,46300.28641559089,46300.301226958
879616,512,19.95676125,46300.29802554989,46300.31282525
880128,512,19.968377917,46300.30963550789,46300.324439666
880640,512,19.980061125,46300.321245465886,46300.336100125
881152,512,19.991620917,46300.33285467489,46300.347673125005
881664,512,20.003270875,46300.344464632886,46300.359313166
882176,512,20.014902417,46300.35607459089,46300.370942083006
882688,512,20.026533292,46300.36768450789,46300.382550083006
883200,512,20.038122834,46300.379294465885,46300.394148750005
883712,512,20.049761625,46300.39090442489,46300.405779500004
884224,512,20.061289792,46300.40251438289,46300.417344041
884736,512,20.073608084,46300.41412434089,46300.428923666004
885248,512,20.084533959,46300.425734257886,46300.440580666
885760,512,20.096113084,46300.43734421589,46300.452164583
886272,512,20.107902167,46300.44895417489,46300.463765958004
886784,512,20.11931225,46300.46056413289,46300.475367833
887296,512,20.13091475,46300.472174049886,46300.48697825
887808,512,20.142576209,46300.48378400789,46300.498622416
888320,512,20.154161,46300.49539396589,46300.510215666
888832,512,20.165738375,46300.50700392489,46300.521800541006
889344,512,20.177437542,46300.51861384089,46300.533472916
889856,512,20.188996084,46300.53022379989,46300.545053125
890368,512,20.200572959,46300.54183375789,46300.556635541005
890880,512,20.212215417,46300.553443715886,46300.568278666
891392,512,20.22393025,46300.56505363289,46300.57993775
891904,512,20.23543675,46300.57666359089,46300.591484833
892416,512,20.247161375,46300.58827288289,46300.603156916004
892928,512,20.2587945,46300.59988284089,46300.614776500006
893440,512,20.270427875,46300.611492799886,46300.626379041
893952,512,20.281879625,46300.62310275789,46300.63793316601
894464,512,20.293460334,46300.63471267489,46300.649521166
894976,512,20.305281459,46300.646322632885,46300.661261416004
895488,512,20.316699584,46300.65793259089,46300.672755125
896000,512,20.328304542,46300.66954250789,46300.684354708006
896512,512,20.339957375,46300.68115246589,46300.695995083006
897024,512,20.351555375,46300.692762424886,46300.707605583004
897536,512,20.363519417,46300.704372340886,46300.719171041004
898048,512,20.374712584,46300.71598229989,46300.730783833
898560,512,20.386374084,46300.72759225789,46300.742423791
899072,512,20.397976084,46300.73920221589,46300.754027375006
899584,512,20.40970325,46300.75081213289,46300.765710666004
900096,512,20.421331959,46300.76242209089,46300.777316583
900608,512,20.432806209,46300.774032049885,46300.788857666004
901120,512,20.444443792,46300.785641965886,46300.800482416
901632,512,20.456086917,46300.79725192489,46300.812115416
902144,512,20.467566,46300.80886188289,46300.823642250005
902656,512,20.479281,46300.82047179989,46300.835330708
903168,512,20.490805125,46300.832081757886,46300.84687675
903680,512,20.50244825,46300.84369113289,46300.858509333004
904192,512,20.514085125,46300.85530109089,46300.870136291
904704,512,20.52569,46300.86691100789,46300.881743916005
905216,512,20.537291125,46300.87852096589,46300.893344083
905728,512,20.548930834,46300.890130882886,46300.9049735
906240,512,20.560516417,46300.90174084089,46300.91656725
906752,512,20.572095084,46300.91335079989,46300.928148208004
907264,512,20.583754042,46300.924960715885,46300.939795291
907776,512,20.595365334,46300.93657067489,46300.951411083006
908288,512,20.607043917,46300.94818063289,46300.963065791
908800,512,20.618598084,46300.95979054989,46300.974636083
909312,512,20.630158667,46300.971400507886,46300.986217125006
909824,512,20.641926834,46300.98301046589,46300.997918625006
910336,512,20.653444709,46300.99462038289,46301.009466166004
910848,512,20.664950042,46301.00623034089,46301.021018916006
911360,512,20.676637667,46301.01784025789,46301.032695958005
911872,512,20.688206917,46301.02945021589,46301.044263666
912384,512,20.69979575,46301.04106017489,46301.055860416
912896,512,20.711463959,46301.05267009089,46301.067513166
913408,512,20.723062375,46301.06428004989,46301.079116416004
913920,512,20.734643959,46301.07589000789,46301.090705
914432,512,20.74629525,46301.08749942489,46301.102346333006
914944,512,20.757846084,46301.09910934089,46301.113911500004
915456,512,20.769464084,46301.11071929989,46301.125522541006
915968,512,20.781231209,46301.12232925789,46301.13721875
916480,512,20.792822209,46301.13393917489,46301.14881675001
916992,512,20.804409,46301.14554913289,46301.160415875005
917504,512,20.816069125,46301.157159049886,46301.172056916
918016,512,20.827551875,46301.16876900789,46301.183594
918528,512,20.839230959,46301.18037892489,46301.195239958004
919040,512,20.850929709,46301.191988882885,46301.206906166
919552,512,20.862369209,46301.20359884089,46301.218423708
920064,512,20.874115125,46301.21520875789,46301.230022916
920576,512,20.885602917,46301.22681871589,46301.241649958
921088,512,20.897197542,46301.23842863289,46301.253250166
921600,512,20.909312792,46301.250038590886,46301.264850708
922112,512,20.920383209,46301.26164854989,46301.276448083
922624,512,20.932052417,46301.27325846589,46301.288095916
923136,512,20.943614167,46301.28486842489,46301.299678708005
923648,512,20.95520925,46301.29647834089,46301.311274
924160,512,20.966809084,46301.30808829989,46301.322879625004
924672,512,20.978509709,46301.31969825789,46301.334552750006
925184,512,20.990082792,46301.33130771589,46301.346138416004
925696,512,21.001672625,46301.34291763289,46301.357733833
926208,512,21.013423917,46301.35452759089,46301.369424958
926720,512,21.024970084,46301.36613750789,46301.380985333
927232,512,21.036547,46301.377747465885,46301.392584625006
927744,512,21.048128042,46301.38935742489,46301.404180208
928256,512,21.059743375,46301.40096734089,46301.415797666006
928768,512,21.071396167,46301.41257729989,46301.427423708
929280,512,21.082940667,46301.42418721589,46301.439000083
929792,512,21.09455425,46301.43579717489,46301.450611333006
930304,512,21.106180292,46301.44740709089,46301.462228333
930816,512,21.117803917,46301.45901704989,46301.473851833005
931328,512,21.129365167,46301.470626965885,46301.485427083004
931840,512,21.141044542,46301.48223692489,46301.497083083006
932352,512,21.152635542,46301.49384684089,46301.508680541
932864,512,21.164214709,46301.50545679989,46301.520268125
933376,512,21.175817792,46301.51706671589,46301.53187675
933888,512,21.187446584,46301.52867667489,46301.543496916005
934400,512,21.1990515,46301.54028663289,46301.555104875006
934912,512,21.210679125,46301.55189654989,46301.566728166006
935424,512,21.222423459,46301.56350650789,46301.578402333005
935936,512,21.233848542,46301.57511642489,46301.589911333
936448,512,21.245564875,46301.58672600789,46301.601582625
936960,512,21.257178209,46301.598335924886,46301.61318462501
937472,512,21.268732792,46301.60994588289,46301.624771708004
937984,512,21.280475125,46301.62155579989,46301.636455833
938496,512,21.291943542,46301.63316575789,46301.647974791005
939008,512,21.303658667,46301.64477567489,46301.659648708
939520,512,21.315310209,46301.65638563289,46301.671289291
940032,512,21.326816084,46301.66799554989,46301.682838166
940544,512,21.3383825,46301.67960550789,46301.694427083006
941056,512,21.3500625,46301.691215424886,46301.706071583
941568,512,21.361576084,46301.70282538289,46301.717633583
942080,512,21.373165917,46301.71443529989,46301.729231791
942592,512,21.384822959,46301.72604525789,46301.740872166
943104,512,21.396424417,46301.73765517489,46301.752473375
943616,512,21.408018375,46301.74926513289,46301.764069125005
944128,512,21.419727834,46301.76087504989,46301.775735833005
944640,512,21.431316459,46301.77248500789,46301.787332708
945152,512,21.442985084,46301.784094924886,46301.798961833
945664,512,21.45454425,46301.79570488289,46301.810556916
946176,512,21.466049,46301.80731479989,46301.822105708
946688,512,21.477737834,46301.81892475789,46301.833777375
947200,512,21.48931325,46301.83053467489,46301.84536125
947712,512,21.500900459,46301.84214904989,46301.856956458
948224,512,21.512616375,46301.85375900789,46301.868641208006
948736,512,21.524164834,46301.86536896589,46301.880210291005
949248,512,21.535785542,46301.87697892489,46301.891823083
949760,512,21.547365709,46301.88858888289,46301.90343025
950272,512,21.55897625,46301.900198840885,46301.915028250005
950784,512,21.570581917,46301.91180875789,46301.926627333
951296,512,21.582144709,46301.92341871589,46301.938214958005
951808,512,21.593749709,46301.93502867489,46301.949821125
952320,512,21.605409584,46301.946638632886,46301.961465208005
952832,512,21.617116959,46301.95824859089,46301.973124583004
953344,512,21.62862925,46301.96985854989,46301.98467733301
953856,512,21.640343125,46301.98146850789,46301.996349416004
954368,512,21.651955667,46301.993078465886,46302.007960250005
954880,512,21.663445375,46302.00468842489,46302.019502458
955392,512,21.675027542,46302.01629838289,46302.031096208004
955904,512,21.686687917,46302.02790834089,46302.042731
956416,512,21.698243625,46302.03951829989,46302.054314666006
956928,512,21.709897084,46302.05112825789,46302.065955583006
957440,512,21.721503375,46302.062738215885,46302.077556625
957952,512,21.733139292,46302.07434817489,46302.0891875
958464,512,21.744755417,46302.08595734089,46302.100803916
958976,512,21.756305959,46302.09756729989,46302.112368125
959488,512,21.76793225,46302.10917725789,46302.123987291
960000,512,21.779668542,46302.12078721589,46302.135662208006
960512,512,21.791264625,46302.13239713289,46302.147268958004
961024,512,21.802796084,46302.14400709089,46302.158837833005
961536,512,21.814490875,46302.15561704989,46302.170503166
962048,512,21.826065625,46302.167227007885,46302.182078583006
962560,512,21.837639834,46302.17883696589,46302.193666583
963072,512,21.849413792,46302.19044692489,46302.20534975
963584,512,21.860817625,46302.20205688289,46302.216887958006
964096,512,21.872448667,46302.213666840886,46302.22848825
964608,512,21.884106125,46302.22527675789,46302.24012875
965120,512,21.895784084,46302.23688671589,46302.251774708006
965632,512,21.907264875,46302.24849667489,46302.263319375
966144,512,21.918870292,46302.260106632886,46302.274915958005
966656,512,21.933225417,46302.27171659089,46302.286522708004
967168,512,21.942040417,46302.28332654989,46302.298105791
967680,512,21.9537465,46302.29493650789,46302.3097595
968192,512,21.966869834,46302.30654642489,46302.321296916
968704,512,21.97693325,46302.31815638289,46302.332974000004
969216,512,21.988526459,46302.32976634089,46302.344554125004
969728,512,22.000253584,46302.34137559089,46302.356148416
970240,512,22.011914917,46302.352985549885,46302.367894291005
970752,512,22.023462125,46302.36459550789,46302.379474875
971264,512,22.034947625,46302.37620546589,46302.391008125
971776,512,22.046700084,46302.38781538289,46302.40270104101
972288,512,22.058219625,46302.39942534089,46302.414257083
972800,512,22.069916292,46302.41103529989,46302.425920083006
973312,512,22.081523,46302.42264525789,46302.437519083
973824,512,22.093048917,46302.434255215885,46302.449080875005
974336,512,22.10462575,46302.44586513289,46302.460663208
974848,512,22.116350959,46302.45747509089,46302.472350541
975360,512,22.127856334,46302.46908504989,46302.483905166
975872,512,22.139626375,46302.480695007886,46302.495621666
976384,512,22.151149209,46302.49230496589,46302.507177416
976896,512,22.162691084,46302.50391488289,46302.518725333
977408,512,22.174293042,46302.51552484089,46302.530336458
977920,512,22.185988542,46302.527134799886,46302.541976875
978432,512,22.197551917,46302.53874475789,46302.553572833
978944,512,22.209126209,46302.55035471589,46302.565164166
979456,512,22.220879542,46302.561964632885,46302.576859833
979968,512,22.232299167,46302.57357459089,46302.588366541
980480,512,22.244106834,46302.58518454989,46302.60008800001
980992,512,22.25562775,46302.59679384089,46302.611642958
981504,512,22.267176792,46302.60840379989,46302.623223291004
982016,512,22.278899,46302.620013757885,46302.634893666
982528,512,22.290502417,46302.63162371589,46302.646495666006
983040,512,22.301983875,46302.64323363289,46302.658042958006
983552,512,22.313696,46302.65484359089,46302.669706625005
984064,512,22.325189292,46302.666453549886,46302.681241208
984576,512,22.336952875,46302.67806350789,46302.692957750005
985088,512,22.348577417,46302.68967342489,46302.704565416
985600,512,22.360193292,46302.70128338289,46302.71617379101
986112,512,22.371760917,46302.71289334089,46302.727780833
986624,512,22.3832915,46302.72450329989,46302.739338041
987136,512,22.394906709,46302.73611321589,46302.750951416005
987648,512,22.406498959,46302.747723174885,46302.762542208
988160,512,22.418203584,46302.75933313289,46302.774219416
988672,512,22.4297335,46302.77094309089,46302.785774666
989184,512,22.441351084,46302.78255300789,46302.797389916006
989696,512,22.452958084,46302.79416296589,46302.808999416004
990208,512,22.464516959,46302.80577292489,46302.820578958
990720,512,22.476178417,46302.81738284089,46302.832225541
991232,512,22.487753459,46302.82899279989,46302.843812583
991744,512,22.499339917,46302.84060217489,46302.855407166004
992256,512,22.5109915,46302.852212132886,46302.8670465
992768,512,22.522667875,46302.86382209089,46302.878638791
993280,512,22.534179209,46302.87543200789,46302.890238833
993792,512,22.545835542,46302.887041965885,46302.901882875005
994304,512,22.55746425,46302.89865192489,46302.913502916
994816,512,22.569041334,46302.91026184089,46302.925084625
995328,512,22.580667917,46302.92187179989,46302.936713541
995840,512,22.592238917,46302.933481757886,46302.948300333
996352,512,22.603843042,46302.94509167489,46302.959899666006
996864,512,22.6155735,46302.95670163289,46302.971583291
997376,512,22.62707225,46302.96831159089,46302.983123208
997888,512,22.638684875,46302.97992150789,46302.994737833
998400,512,22.650394084,46302.99153146589,46303.006406375
998912,512,22.661859917,46303.00314142489,46303.017924458
999424,512,22.673478417,46303.01475134089,46303.029542125005
999936,512,22.685181542,46303.02636129989,46303.0412155
1000448,512,22.696887375,46303.03797125789,46303.0527735
1000960,512,22.708342875,46303.04958117489,46303.064405375
1001472,512,22.720037375,46303.06119113289,46303.076019208005
1001984,512,22.731574792,46303.072801090886,46303.087620083
1002496,512,22.743178292,46303.08441050789,46303.099237291004
1003008,512,22.754773625,46303.09602046589,46303.110829625
1003520,512,22.766394125,46303.10763038289,46303.122445083005
1004032,512,22.778133167,46303.119240340886,46303.134133166
1004544,512,22.78973525,46303.13085029989,46303.145726291004
1005056,512,22.801192834,46303.14246021589,46303.157252333
1005568,512,22.812904125,46303.15407017489,46303.168926916005
1006080,512,22.824556417,46303.16568009089,46303.18055925
1006592,512,22.836080917,46303.17729004989,46303.192117625
1007104,512,22.847840125,46303.18890000789,46303.203813833
1007616,512,22.859373959,46303.200509924885,46303.215374083
1008128,512,22.870891709,46303.21211988289,46303.226930083
1008640,512,22.882518209,46303.22372984089,46303.238557958
1009152,512,22.894094709,46303.23533975789,46303.250154083005
1009664,512,22.905713375,46303.24694971589,46303.261766250005
1010176,512,22.91727275,46303.258559632886,46303.273346458
1010688,512,22.928933542,46303.27016959089,46303.284989125
1011200,512,22.940513792,46303.28177954989,46303.296581500006
1011712,512,22.952195584,46303.293389465885,46303.308234166005
1012224,512,22.963700375,46303.30499942489,46303.319775916
1012736,512,22.975397625,46303.31660938289,46303.331447166005
1013248,512,22.986986792,46303.32821929989,46303.343041041
1013760,512,22.998588209,46303.339828799886,46303.354644833
1014272,512,23.010212875,46303.35143871589,46303.366265916
1014784,512,23.021904542,46303.36304867489,46303.377904416004
1015296,512,23.033415417,46303.374658632885,46303.389472166
1015808,512,23.04521,46303.38626854989,46303.401151375
1016320,512,23.056678667,46303.39787850789,46303.412711625
1016832,512,23.06824075,46303.40948842489,46303.42426875
1017344,512,23.079869167,46303.42109838289,46303.435924625
1017856,512,23.091430834,46303.432708299886,46303.447496916
1018368,512,23.103143875,46303.44431825789,46303.459176625
1018880,512,23.114699167,46303.45592821589,46303.470754125
1019392,512,23.126288834,46303.467538132885,46303.482346375
1019904,512,23.138024959,46303.47914809089,46303.4940025
1020416,512,23.149551834,46303.49075800789,46303.505592416004
1020928,512,23.161093,46303.50236796589,46303.517164791
1021440,512,23.172810292,46303.51397788289,46303.528835000005
1021952,512,23.184384667,46303.525587840886,46303.540428
1022464,512,23.19594825,46303.53719779989,46303.552009333005
1022976,512,23.207558584,46303.54880771589,46303.563618291
1023488,512,23.219322792,46303.56041767489,46303.575316
1024000,512,23.230871042,46303.57202759089,46303.586879083006
1024512,512,23.242532667,46303.58363754989,46303.598524541005
1025024,512,23.254145417,46303.59524704989,46303.610135041
1025536,512,23.265663834,46303.606857007886,46303.621692750006
1026048,512,23.277365917,46303.61846696589,46303.633347041
1026560,512,23.288979334,46303.63007688289,46303.64497125
1027072,512,23.300478125,46303.641686840885,46303.656516166004
1027584,512,23.312165542,46303.65329675789,46303.668184666
1028096,512,23.32377525,46303.66490671589,46303.679748333
1028608,512,23.335361542,46303.67651663289,46303.691377041
1029120,512,23.347091875,46303.68812659089,46303.703058125
1029632,512,23.358613417,46303.699736507886,46303.714613791
1030144,512,23.3701285,46303.71134646589,46303.726162041006
1030656,512,23.381754959,46303.72295638289,46303.737777791
1031168,512,23.393341417,46303.734566340885,46303.749386666
1031680,512,23.40490225,46303.74617625789,46303.760962958004
1032192,512,23.416651917,46303.75778621589,46303.772657916
1032704,512,23.428205834,46303.76939617489,46303.784233083
1033216,512,23.439895709,46303.78100609089,46303.795876666
1033728,512,23.451512417,46303.79261604989,46303.807510833
1034240,512,23.462984125,46303.80422596589,46303.819037500005
1034752,512,23.474646084,46303.81583592489,46303.830686708
1035264,512,23.486240667,46303.82744584089,46303.842284125
1035776,512,23.497807167,46303.83905542489,46303.853865041005
1036288,512,23.509448875,46303.85066534089,46303.865494916005
1036800,512,23.52103425,46303.862275299885,46303.877096333
1037312,512,23.53262425,46303.873885215886,46303.88868825
1037824,512,23.544258875,46303.88549517489,46303.900317083004
1038336,512,23.555923084,46303.89710509089,46303.9119585
1038848,512,23.567502417,46303.90871504989,46303.923546000005
1039360,512,23.57907425,46303.92032496589,46303.935137125
1039872,512,23.590666292,46303.93193492489,46303.946732916
1040384,512,23.60235125,46303.94354484089,46303.958392833
1040896,512,23.613961625,46303.955154799885,46303.970003291004
1041408,512,23.62565325,46303.966764715886,46303.981650541005
1041920,512,23.637304792,46303.97837467489,46303.993274375
1042432,512,23.648927042,46303.98998459089,46304.004895208
1042944,512,23.660324792,46304.00159454989,46304.016390166005
1043456,512,23.671980417,46304.01320446589,46304.028013375006
1043968,512,23.6837105,46304.02481442489,46304.039711625
1044480,512,23.695170042,46304.03642434089,46304.05122875
1044992,512,23.706828375,46304.048034299885,46304.062871125
1045504,512,23.718702959,46304.059644215886,46304.074459458
1046016,512,23.730109042,46304.07125417489,46304.086093583006
1046528,512,23.741750834,46304.08286575789,46304.097669250004
1047040,512,23.753233917,46304.09447571589,46304.109290041
1047552,512,23.764885625,46304.10608567489,46304.120924291004
1048064,512,23.776605792,46304.11769559089,46304.132591458
1048576,512,23.788144584,46304.12930554989,46304.144154125
1049088,512,23.799755292,46304.14091550789,46304.155772791004
1049600,512,23.811486459,46304.15252542489,46304.167463416
1050112,512,23.8230065,46304.16413538289,46304.179007125
1050624,512,23.834526875,46304.175745340886,46304.190562375006
1051136,512,23.846261917,46304.18735525789,46304.202247208006
1051648,512,23.857787584,46304.19896521589,46304.213805291
1052160,512,23.869328084,46304.21057517489,46304.225388625004
1052672,512,23.880977125,46304.22218509089,46304.237014125
1053184,512,23.892517417,46304.23379504989,46304.248585791
1053696,512,23.904171042,46304.24540500789,46304.26021025
1054208,512,23.915747125,46304.257014924886,46304.271812833
1054720,512,23.927349584,46304.26862488289,46304.283420291
1055232,512,23.939072959,46304.28023484089,46304.295076250004
1055744,512,23.950644709,46304.29184475789,46304.306681041
1056256,512,23.962205834,46304.30345471589,46304.318263125
1056768,512,23.973972042,46304.31506467489,46304.329965000004
1057280,512,23.985500125,46304.32667459089,46304.341535208005
1057792,512,23.997043417,46304.33828409089,46304.353101333
1058304,512,24.008682375,46304.34989404989,46304.364727166
1058816,512,24.020450875,46304.36150396589,46304.376422
1059328,512,24.0319145,46304.37311392489,46304.387945291004
1059840,512,24.043649709,46304.384723840885,46304.399644083
1060352,512,24.055215459,46304.39633379989,46304.411211000006
1060864,512,24.066702875,46304.40794375789,46304.422753625004
1061376,512,24.078369042,46304.41955367489,46304.434405208005
1061888,512,24.08994125,46304.431163632886,46304.445991916
1062400,512,24.101566875,46304.44277359089,46304.457607916
1062912,512,24.1131585,46304.45438350789,46304.469213375
1063424,512,24.124746125,46304.46599346589,46304.480805166
1063936,512,24.136389667,46304.47760338289,46304.492432791005
1064448,512,24.148003042,46304.48921334089,46304.504053416
1064960,512,24.159592917,46304.50082329989,46304.515647916
1065472,512,24.171229542,46304.51243321589,46304.527271291
1065984,512,24.182792875,46304.52404317489,46304.538854083
1066496,512,24.194408417,46304.53565313289,46304.550466125
1067008,512,24.206065417,46304.54726304989,46304.562101208
1067520,512,24.21764525,46304.55887300789,46304.573696125
1068032,512,24.22928,46304.570482924886,46304.585322625004
1068544,512,24.240888084,46304.58209288289,46304.596930625004
1069056,512,24.252559,46304.59370238289,46304.608574000005
1069568,512,24.264142292,46304.605312299886,46304.620166041
1070080,512,24.275873667,46304.61692225789,46304.631843
1070592,512,24.287436625,46304.62853217489,46304.643425958006
1071104,512,24.298851375,46304.64014213289,46304.654926
1071616,512,24.310593125,46304.65175209089,46304.666618666
1072128,512,24.322139792,46304.66336200789,46304.67819245801
1072640,512,24.333696917,46304.67497196589,46304.689765916
1073152,512,24.345423542,46304.68658188289,46304.701453958005
1073664,512,24.356995584,46304.698191840886,46304.713038583
1074176,512,24.368568917,46304.70980175789,46304.724621583
1074688,512,24.380211167,46304.72141171589,46304.736249416004
1075200,512,24.391858084,46304.73302167489,46304.7478885
1075712,512,24.403414625,46304.74463159089,46304.759458083005
1076224,512,24.415107167,46304.75624154989,46304.771120208
1076736,512,24.426636209,46304.76785146589,46304.782684333004
1077248,512,24.43825925,46304.779461424885,46304.794298375
1077760,512,24.449934125,46304.791071340886,46304.805944208005
1078272,512,24.461434875,46304.80268129989,46304.817494416006
1078784,512,24.473110209,46304.81429125789,46304.829146958
1079296,512,24.484644417,46304.82590117489,46304.840706458
1079808,512,24.4962445,46304.837510715886,46304.852313250005
1080320,512,24.507850417,46304.84912063289,46304.863921333
1080832,512,24.519487042,46304.86073059089,46304.87554275
1081344,512,24.531059917,46304.872340507885,46304.887131416006
1081856,512,24.54269375,46304.88395046589,46304.898761416
1082368,512,24.554391917,46304.89556038289,46304.910421375
1082880,512,24.565939917,46304.90717034089,46304.921988541006
1083392,512,24.577512959,46304.918780299886,46304.933580791
1083904,512,24.589159417,46304.930390215886,46304.945210750004
1084416,512,24.600783584,46304.94200017489,46304.956832375006
1084928,512,24.612447,46304.95361009089,46304.968486666
1085440,512,24.624096584,46304.96522004989,46304.98009725
1085952,512,24.635588125,46304.97682996589,46304.991636291
1086464,512,24.647363417,46304.98843992489,46305.003344291006
1086976,512,24.658849625,46305.00004984089,46305.014879416005
1087488,512,24.670406042,46305.011659799886,46305.026458625005
1088000,512,24.682097084,46305.023269715886,46305.038132791
1088512,512,24.69364925,46305.03487967489,46305.049715291
1089024,512,24.705304,46305.04648959089,46305.061336333005
1089536,512,24.716913167,46305.05809954989,46305.072954666
1090048,512,24.728506459,46305.06970946589,46305.084547708
1090560,512,24.740138834,46305.08131942489,46305.096171416
1091072,512,24.751744625,46305.092929007886,46305.107790333
1091584,512,24.76332025,46305.10453892489,46305.119367458006
1092096,512,24.775029959,46305.11614888289,46305.13102375
1092608,512,24.786611459,46305.12775879989,46305.142600458006
1093120,512,24.798192792,46305.13936875789,46305.15422375
1093632,512,24.809829209,46305.15097867489,46305.165843166
1094144,512,24.821533917,46305.16258863289,46305.177504791005
1094656,512,24.833053792,46305.17419854989,46305.189056041
1095168,512,24.844727667,46305.185808507886,46305.200722791
1095680,512,24.856369209,46305.19741842489,46305.21233675
1096192,512,24.867824792,46305.20902838289,46305.223853833006
1096704,512,24.879412,46305.22063829989,46305.235464833
1097216,512,24.89107125,46305.23224825789,46305.247089666
1097728,512,24.902696542,46305.24385817489,46305.258727791006
1098240,512,24.9142625,46305.25546813289,46305.27031708301
1098752,512,24.925898209,46305.26707804989,46305.281934458006
1099264,512,24.937525917,46305.27868796589,46305.293555666
1099776,512,24.94911975,46305.29029792489,46305.305155166
1100288,512,24.960736792,46305.30190784089,46305.316769541
1100800,512,24.972405667,46305.31351779989,46305.328413083
1101312,512,24.983990417,46305.325127715885,46305.340008416
1101824,512,24.995615084,46305.33673738289,46305.351632666
1102336,512,25.0071925,46305.348347340885,46305.363198833
1102848,512,25.018907375,46305.35995725789,46305.374880166004
1103360,512,25.030378667,46305.37156717489,46305.386401708005
1103872,512,25.042014959,46305.38317713289,46305.398027250005
1104384,512,25.053702875,46305.39478704989,46305.409683333004
1104896,512,25.065184459,46305.406397007886,46305.421224833
1105408,512,25.076783584,46305.41800692489,46305.43283112501
1105920,512,25.088365625,46305.42961688289,46305.444424500005
1106432,512,25.100018542,46305.44122679989,46305.456064958
1106944,512,25.111604875,46305.45283675789,46305.467669125006
1107456,512,25.123257375,46305.46444667489,46305.479296000005
1107968,512,25.1348375,46305.47605663289,46305.490886166
1108480,512,25.146479709,46305.48766654989,46305.502523125004
1108992,512,25.158053792,46305.499276507886,46305.514101
1109504,512,25.169637292,46305.51088642489,46305.525696875
1110016,512,25.181295375,46305.52249638289,46305.537339208
1110528,512,25.19291025,46305.53410629989,46305.548958750005
1111040,512,25.204479042,46305.545716215885,46305.560547416004
1111552,512,25.216180459,46305.55732617489,46305.572200458
1112064,512,25.227845875,46305.56893609089,46305.583824875
1112576,512,25.23936375,46305.58054604989,46305.595386083005
1113088,512,25.250947917,46305.59215567489,46305.606999250005
1113600,512,25.262553625,46305.60376559089,46305.61860208301
1114112,512,25.274294584,46305.61537554989,46305.630277541
1114624,512,25.285893042,46305.62698546589,46305.641869541
1115136,512,25.297316959,46305.63859542489,46305.65338525
1115648,512,25.3090005,46305.65020534089,46305.665046583
1116160,512,25.320559375,46305.661815299885,46305.676616958
1116672,512,25.332124417,46305.673425215886,46305.688200833
1117184,512,25.3438005,46305.68503513289,46305.699858291
1117696,512,25.355429667,46305.69664509089,46305.71147575
1118208,512,25.367005084,46305.70825500789,46305.7230625
1118720,512,25.378658125,46305.71986496589,46305.734701041
1119232,512,25.390319542,46305.73147488289,46305.746340833
1119744,512,25.401862834,46305.74308484089,46305.757909291
1120256,512,25.413596292,46305.75469475789,46305.769587791
1120768,512,25.425139459,46305.766304674886,46305.781147458
1121280,512,25.436798959,46305.77791463289,46305.792789083
1121792,512,25.448442125,46305.78952454989,46305.804421458
1122304,512,25.459914459,46305.80113450789,46305.815928875
1122816,512,25.471560125,46305.81274442489,46305.827586
1123328,512,25.483138834,46305.82435438289,46305.839174458
1123840,512,25.494675917,46305.835964007885,46305.8507515
1124352,512,25.506301,46305.84757396589,46305.862367583
1124864,512,25.517990459,46305.85918388289,46305.874027125006
1125376,512,25.529540792,46305.87079384089,46305.885600875
1125888,512,25.541488667,46305.88240375789,46305.89721816601
1126400,512,25.552831667,46305.894013715886,46305.908869375
1126912,512,25.564409917,46305.90562363289,46305.920455375
1127424,512,25.57601225,46305.91723354989,46305.93205825
1127936,512,25.587583292,46305.928843507885,46305.943646791005
1128448,512,25.599236667,46305.94045342489,46305.955282416006
1128960,512,25.610925625,46305.95206338289,46305.966941041006
1129472,512,25.622570375,46305.96367329989,46305.978559375006
1129984,512,25.6340645,46305.97528321589,46305.990115208006
1130496,512,25.645704125,46305.986893174886,46306.001743500005
1131008,512,25.657243042,46305.99850309089,46306.013308291
1131520,512,25.668857875,46306.01011304989,46306.024915416005
1132032,512,25.680540042,46306.02172296589,46306.036578208004
1132544,512,25.692111709,46306.033332882886,46306.048166833
1133056,512,25.703727834,46306.04494284089,46306.059778083
1133568,512,25.715333542,46306.05655275789,46306.071386416006
1134080,512,25.726937459,46306.06816271589,46306.08299
1134592,512,25.738534292,46306.07977263289,46306.094582458005
1135104,512,25.750152334,46306.09138238289,46306.106202958006
1135616,512,25.761723292,46306.102992299886,46306.117795833
1136128,512,25.77348625,46306.11460221589,46306.129485208
1136640,512,25.785077,46306.12621217489,46306.141076375
1137152,512,25.796641375,46306.13782209089,46306.152664791
1137664,512,25.80835275,46306.14943204989,46306.164345333
1138176,512,25.820039292,46306.16104196589,46306.175903458
1138688,512,25.831475792,46306.17265188289,46306.187495208
1139200,512,25.843212917,46306.18426184089,46306.199199583
1139712,512,25.854765042,46306.19587175789,46306.210772333005
1140224,512,25.866250459,46306.20748167489,46306.222298041
1140736,512,25.877840875,46306.21909163289,46306.233901625004
1141248,512,25.889497875,46306.23070154989,46306.245540166005
1141760,512,25.901088917,46306.242311507885,46306.257141291004
1142272,512,25.912717834,46306.25392142489,46306.268749458
1142784,512,25.924272792,46306.26553134089,46306.280338833
1143296,512,25.935928042,46306.27714129989,46306.291976708
1143808,512,25.947544084,46306.28875121589,46306.303594208
1144320,512,25.959119709,46306.300361174886,46306.315155375
1144832,512,25.970806959,46306.31197109089,46306.326837750006
1145344,512,25.982368834,46306.32358100789,46306.338418541
1145856,512,25.993936084,46306.335193882886,46306.350000958
1146368,512,26.0055735,46306.34680384089,46306.361624125006
1146880,512,26.017349,46306.35841375789,46306.373330625
1147392,512,26.028843917,46306.37002371589,46306.384865375
1147904,512,26.040408834,46306.381633674886,46306.396457708004
1148416,512,26.05211375,46306.39324359089,46306.408107583
1148928,512,26.063690875,46306.40485354989,46306.419719833
1149440,512,26.075227875,46306.41646350789,46306.431284583006
1149952,512,26.086846792,46306.42807342489,46306.442903666
1150464,512,26.098461542,46306.43968338289,46306.454508166
1150976,512,26.110067209,46306.45129334089,46306.46612025001
1151488,512,26.121622625,46306.46290325789,46306.47769475
1152000,512,26.133419875,46306.474513215886,46306.489309000004
1152512,512,26.144930125,46306.48612317489,46306.500979333
1153024,512,26.156529917,46306.49773309089,46306.512579708
1153536,512,26.168124834,46306.50934304989,46306.524171583005
1154048,512,26.179811875,46306.52095300789,46306.535836166004
1154560,512,26.191351959,46306.53256296589,46306.547403791
1155072,512,26.202964625,46306.54417288289,46306.559008041004
1155584,512,26.214589125,46306.555782840886,46306.5706365
1156096,512,26.22619375,46306.56739279989,46306.582238875
1156608,512,26.237784834,46306.57900271589,46306.5938235
1157120,512,26.249455584,46306.59061221589,46306.605484333006
1157632,512,26.261045667,46306.60222213289,46306.617078541
1158144,512,26.272768584,46306.61383209089,46306.628740666005
1158656,512,26.284280584,46306.62544200789,46306.640288250004
1159168,512,26.29582225,46306.63705196589,46306.651863375
1159680,512,26.307601125,46306.64866192489,46306.66358608301
1160192,512,26.31908525,46306.66027184089,46306.675110958
1160704,512,26.3306175,46306.67188179989,46306.686681916006
1161216,512,26.342268167,46306.68349175789,46306.698323083
1161728,512,26.353892417,46306.695101674886,46306.709937541
1162240,512,26.36541575,46306.70671163289,46306.721494125006
1162752,512,26.377091334,46306.71832159089,46306.733146708
1163264,512,26.388699542,46306.729931507885,46306.744759125
1163776,512,26.400241959,46306.74154146589,46306.756320291
1164288,512,26.411996167,46306.75315138289,46306.768029416
1164800,512,26.423615875,46306.76476134089,46306.779634000006
1165312,512,26.435090542,46306.776371299886,46306.791156458006
1165824,512,26.446827917,46306.787981215886,46306.802835500006
1166336,512,26.458355875,46306.79959117489,46306.814405875004
1166848,512,26.469934209,46306.81120113289,46306.825988791
1167360,512,26.481529375,46306.82281104989,46306.837599583
1167872,512,26.49312675,46306.83442059089,46306.849207083
1168384,512,26.504812417,46306.84603050789,46306.860855916006
1168896,512,26.516402417,46306.85764046589,46306.872458666
1169408,512,26.527970375,46306.869250382886,46306.884040875004
1169920,512,26.539630125,46306.88086034089,46306.895684583
1170432,512,26.551194375,46306.89247029989,46306.907265458
1170944,512,26.562794917,46306.904080215885,46306.918866375
1171456,512,26.574675042,46306.91569017489,46306.930536375
1171968,512,26.586078667,46306.92730009089,46306.94212875
1172480,512,26.59765675,46306.93891004989,46306.953717208
1172992,512,26.609343375,46306.950520007886,46306.965354125
1173504,512,26.621062542,46306.96212992489,46306.977041666
1174016,512,26.632468917,46306.97373988289,46306.988532875
1174528,512,26.644226584,46306.98534979989,46307.000235375
1175040,512,26.655893042,46306.99695975789,46307.011870208
1175552,512,26.667301125,46307.00856971589,46307.023368208
1176064,512,26.678916709,46307.02017963289,46307.034981375
1176576,512,26.690519375,46307.03178959089,46307.046595666005
1177088,512,26.702174542,46307.043399507886,46307.058225833
1177600,512,26.713754125,46307.05500946589,46307.069829791006
1178112,512,26.725316667,46307.06661938289,46307.081391666004
1178624,512,26.737005334,46307.07822934089,46307.093052625
1179136,512,26.748585709,46307.08983888289,46307.104647375
1179648,512,26.760178084,46307.10144884089,46307.116244916004
1180160,512,26.771973375,46307.11305879989,46307.127931791
1180672,512,26.783566084,46307.124668715885,46307.139556791
1181184,512,26.79508425,46307.13627867489,46307.151129458005
1181696,512,26.806696709,46307.14788859089,46307.162732208
1182208,512,26.818401542,46307.15949854989,46307.174389375
1182720,512,26.830042584,46307.17110846589,46307.186012458005
1183232,512,26.841652667,46307.18271842489,46307.19762862501
1183744,512,26.853224084,46307.19432834089,46307.209219000004
1184256,512,26.864790667,46307.20593829989,46307.22079625
1184768,512,26.876348917,46307.21754825789,46307.232392125006
1185280,512,26.887986125,46307.22915817489,46307.244007916
1185792,512,26.899582209,46307.24076813289,46307.255607375
1186304,512,26.911128667,46307.25237804989,46307.26718483301
1186816,512,26.922740292,46307.263988007886,46307.278792708006
1187328,512,26.934388417,46307.27559792489,46307.290425083
1187840,512,26.946119625,46307.28720788289,46307.302099833
1188352,512,26.957598334,46307.29881779989,46307.313655666
1188864,512,26.969226167,46307.31042775789,46307.325255916
1189376,512,26.980878667,46307.32203771589,46307.336891375
1189888,512,26.992513042,46307.33364725789,46307.348514833
1190400,512,27.004160375,46307.345257174886,46307.3601455
1190912,512,27.015714,46307.35686713289,46307.371717
1191424,512,27.027120042,46307.36847704989,46307.383213916
1191936,512,27.038903584,46307.38008700789,46307.394915708006
1192448,512,27.050542084,46307.39169692489,46307.40655666601
1192960,512,27.062062292,46307.40330688289,46307.418109458005
1193472,512,27.073715167,46307.41491679989,46307.429773666
1193984,512,27.085300584,46307.42652675789,46307.441332625
1194496,512,27.096811459,46307.438136674886,46307.452896458
1195008,512,27.108575875,46307.44974663289,46307.464598750004
1195520,512,27.120117542,46307.46135654989,46307.476168833
1196032,512,27.131677459,46307.47296650789,46307.487746000006
1196544,512,27.143327875,46307.48457642489,46307.499385875
1197056,512,27.155098084,46307.49618638289,46307.511079541
1197568,512,27.166534417,46307.50779629989,46307.522590666005
1198080,512,27.178223709,46307.51940625789,46307.534251791
1198592,512,27.189774542,46307.531016174886,46307.545827416005
1199104,512,27.201394792,46307.54262613289,46307.557445208
1199616,512,27.213035875,46307.55423604989,46307.569072583006
1200128,512,27.224712459,46307.56584600789,46307.580718583005
1200640,512,27.236293625,46307.57745592489,46307.592311041
1201152,512,27.247970625,46307.58906559089,46307.603965625
1201664,512,27.259514417,46307.600675507885,46307.6155345
1202176,512,27.27122725,46307.61228546589,46307.627216875
1202688,512,27.282740542,46307.62389538289,46307.638757375
1203200,512,27.294324834,46307.63550534089,46307.650364500005
1203712,512,27.305884834,46307.64711525789,46307.661933291005
1204224,512,27.317461,46307.658725215886,46307.673524750004
1204736,512,27.329108084,46307.67033513289,46307.685158791006
1205248,512,27.34074675,46307.68194504989,46307.696767583
1205760,512,27.352342292,46307.693555007885,46307.708393
1206272,512,27.363943167,46307.70516492489,46307.719991833
1206784,512,27.375546959,46307.71677488289,46307.731598875005
1207296,512,27.387157792,46307.72838479989,46307.743209750006
1207808,512,27.398710125,46307.73999475789,46307.754784125005
1208320,512,27.410875334,46307.751604674886,46307.766441541
1208832,512,27.422119959,46307.76321463289,46307.778103583005
1209344,512,27.433593,46307.77482454989,46307.789637833004
1209856,512,27.445296834,46307.786434507885,46307.801306375004
1210368,512,27.456906667,46307.79804442489,46307.812908750006
1210880,512,27.468413167,46307.80965438289,46307.824460666
1211392,512,27.480170792,46307.82126429989,46307.836160458006
1211904,512,27.491705667,46307.83287425789,46307.847727791006
1212416,512,27.503246,46307.84448392489,46307.859299208
1212928,512,27.514880084,46307.85609384089,46307.870931541
1213440,512,27.526445875,46307.86770375789,46307.882516875005
1213952,512,27.538128917,46307.87931371589,46307.894165000005
1214464,512,27.549733834,46307.89092363289,46307.905772708
1214976,512,27.561308917,46307.90253359089,46307.917358416
1215488,512,27.573023667,46307.914143507885,46307.929029875006
1216000,512,27.584536834,46307.92575346589,46307.940586833
1216512,512,27.596163334,46307.93736338289,46307.952207291004
1217024,512,27.607785125,46307.94897334089,46307.963823958
1217536,512,27.619443125,46307.96058325789,46307.975460375004
1218048,512,27.630984542,46307.97219321589,46307.987029708005
1218560,512,27.642702959,46307.98380313289,46307.998701000004
1219072,512,27.654332334,46307.99541304989,46308.010312916005
1219584,512,27.665790584,46308.007023007885,46308.021843958006
1220096,512,27.677440375,46308.01863292489,46308.03348325
1220608,512,27.689009625,46308.03024288289,46308.045065791004
1221120,512,27.700625417,46308.04185279989,46308.056676
1221632,512,27.712223875,46308.05346275789,46308.068282458
1222144,512,27.723811542,46308.065072674886,46308.079883625
1222656,512,27.735575125,46308.07668263289,46308.091497291
1223168,512,27.747113959,46308.088292299886,46308.10315475
1223680,512,27.75865125,46308.09990225789,46308.114713291005
1224192,512,27.770236667,46308.11151217489,46308.126301625
1224704,512,27.782053417,46308.12312209089,46308.138024041
1225216,512,27.793635,46308.13473204989,46308.149620791
1225728,512,27.805095167,46308.14634196589,46308.161146125
1226240,512,27.816856625,46308.15795192489,46308.172841208005
1226752,512,27.828479542,46308.16956184089,46308.184458041
1227264,512,27.840062292,46308.181171799886,46308.196050833
1227776,512,27.8517115,46308.19278171589,46308.207688500006
1228288,512,27.863211375,46308.20439163289,46308.219241875006
1228800,512,27.874975,46308.21600159089,46308.230824625
1229312,512,27.886397417,46308.227611507886,46308.242445833006
1229824,512,27.897946167,46308.23922146589,46308.254016833
1230336,512,27.909750334,46308.25083138289,46308.26567475
1230848,512,27.921179709,46308.26244134089,46308.277242916
1231360,512,27.93279675,46308.27405125789,46308.288857583
1231872,512,27.944442625,46308.28566117489,46308.300493333
1232384,512,27.956071834,46308.29727113289,46308.312109083
1232896,512,27.967651292,46308.30888104989,46308.323703166
1233408,512,27.979321209,46308.320491007886,46308.335353875
1233920,512,27.990970334,46308.33210067489,46308.346982833005
1234432,512,28.0025175,46308.34371059089,46308.358556041
1234944,512,28.014089292,46308.35532054989,46308.370139958
1235456,512,28.025768042,46308.36693046589,46308.381794541005
1235968,512,28.037391292,46308.37854038289,46308.393409083
1236480,512,28.04896025,46308.390150340885,46308.40499812501
1236992,512,28.060533459,46308.40176025789,46308.416587208005
1237504,512,28.0721935,46308.41337021589,46308.428224
1238016,512,28.083814125,46308.42498013289,46308.43984625
1238528,512,28.09532475,46308.43659004989,46308.451387875
1239040,512,28.106996584,46308.448200007886,46308.46303575001
1239552,512,28.118630834,46308.45980992489,46308.474662791006
1240064,512,28.13017975,46308.47141988289,46308.486234333
1240576,512,28.141806667,46308.483029799885,46308.497858541006
1241088,512,28.153422584,46308.494639715886,46308.509470166005
1241600,512,28.165067417,46308.50624967489,46308.521106
1242112,512,28.176610834,46308.51785959089,46308.532670708
1242624,512,28.188204209,46308.52946954989,46308.544267625
1243136,512,28.199868042,46308.54107946589,46308.555911250005
1243648,512,28.211459667,46308.55268938289,46308.567515833005
1244160,512,28.223169042,46308.56429934089,46308.579176666004
1244672,512,28.234627792,46308.57590925789,46308.590696083
1245184,512,28.2464335,46308.587522632886,46308.602416083006
1245696,512,28.257918375,46308.59913254989,46308.613955291
1246208,512,28.269561417,46308.61074250789,46308.625586708
1246720,512,28.281272834,46308.622352465885,46308.63725425
1247232,512,28.292863709,46308.63396242489,46308.648854291
1247744,512,28.304357584,46308.64557234089,46308.660396541
1248256,512,28.315959792,46308.65718229989,46308.671986833004
1248768,512,28.327532959,46308.668792257886,46308.683591458
1249280,512,28.33919325,46308.68040221589,46308.695242416004
1249792,512,28.350751709,46308.69201213289,46308.706808958006
1250304,512,28.362411584,46308.70362209089,46308.718411458
1250816,512,28.374007084,46308.715232049886,46308.730049333004
1251328,512,28.385617042,46308.72684200789,46308.741669083
1251840,512,28.397181209,46308.73845192489,46308.753249916
1252352,512,28.408896459,46308.750061882885,46308.764918125
1252864,512,28.420556875,46308.76167184089,46308.776559791004
1253376,512,28.432053042,46308.77328179989,46308.78809683301
1253888,512,28.4437195,46308.78489171589,46308.799764083
1254400,512,28.455360584,46308.796501674886,46308.811359875006
1254912,512,28.466887459,46308.80811163289,46308.822922333005
1255424,512,28.478673959,46308.81972154989,46308.834651083
1255936,512,28.490249875,46308.83133150789,46308.846250500006
1256448,512,28.501701334,46308.84294104989,46308.857757625
1256960,512,28.513387167,46308.85455100789,46308.869415708
1257472,512,28.524889584,46308.86616096589,46308.880959250004
1257984,512,28.536559292,46308.877770882886,46308.892599083
1258496,512,28.54816625,46308.88938084089,46308.904230916
1259008,512,28.559729084,46308.90099079989,46308.915801166004
1259520,512,28.571452167,46308.91260075789,46308.927469083006
1260032,512,28.58298525,46308.924210674886,46308.939038833
1260544,512,28.594553625,46308.93582063289,46308.95062175
1261056,512,28.6061885,46308.94743059089,46308.962234791004
1261568,512,28.617972459,46308.959040507885,46308.9739475
1262080,512,28.629470834,46308.97065046589,46308.985501208
1262592,512,28.641095,46308.98226042489,46308.997126625
1263104,512,28.652778959,46308.99387038289,46309.008753500006
1263616,512,28.664268167,46309.005480299886,46309.020314833004
1264128,512,28.675861042,46309.01709025789,46309.031912875005
1264640,512,28.687469292,46309.02870021589,46309.0435165
1265152,512,28.699098834,46309.04031013289,46309.055141333
1265664,512,28.710679709,46309.05192009089,46309.066741125
1266176,512,28.7222935,46309.06353004989,46309.078352416
1266688,512,28.733868084,46309.07514000789,46309.089937250006
1267200,512,28.745565542,46309.086749507886,46309.10160825001
1267712,512,28.757152375,46309.09835946589,46309.11320233301
1268224,512,28.768684959,46309.10996942489,46309.124757583006
1268736,512,28.780468,46309.12157934089,46309.136457666005
1269248,512,28.792108792,46309.133189299886,46309.148086666006
1269760,512,28.803559709,46309.14479925789,46309.159608166
1270272,512,28.815275,46309.15640917489,46309.17128925
1270784,512,28.8269355,46309.168019132885,46309.182914375
1271296,512,28.838416,46309.17962909089,46309.194453000004
1271808,512,28.850164042,46309.19123900789,46309.206143583004
1272320,512,28.861727917,46309.20284896589,46309.217726583
1272832,512,28.8734245,46309.214458924886,46309.229354333
1273344,512,28.884927375,46309.226068840886,46309.240954125
1273856,512,28.896404667,46309.23767879989,46309.252475333
1274368,512,28.908174917,46309.24928875789,46309.264183458006
1274880,512,28.919690542,46309.26089867489,46309.275734375005
1275392,512,28.931233292,46309.27250863289,46309.287301166005
1275904,512,28.942904625,46309.28411859089,46309.298954833
1276416,512,28.954519,46309.29572850789,46309.310560041005
1276928,512,28.966083375,46309.307338465886,46309.322142541
1277440,512,28.977812667,46309.31894842489,46309.333760625006
1277952,512,28.989368792,46309.33055800789,46309.345406666005
1278464,512,29.000909709,46309.342167924886,46309.35697125
1278976,512,29.012537334,46309.35377788289,46309.368601458
1279488,512,29.024251625,46309.36538784089,46309.380262875005
1280000,512,29.03593625,46309.37699775789,46309.391855333
1280512,512,29.047501125,46309.38860771589,46309.403495958
1281024,512,29.059018459,46309.40021763289,46309.415067833004
1281536,512,29.07062325,46309.41182759089,46309.42665975
1282048,512,29.082254917,46309.423437549885,46309.438293916006
1282560,512,29.093795084,46309.435047465886,46309.449859333006
1283072,512,29.105447875,46309.44665742489,46309.461488541005
1283584,512,29.117063875,46309.45826738289,46309.47310525001
1284096,512,29.128602125,46309.46987729989,46309.484676833
1284608,512,29.140265667,46309.481487257886,46309.496321791004
1285120,512,29.15191225,46309.49309721589,46309.507948958
1285632,512,29.163487334,46309.50470713289,46309.51954175
1286144,512,29.175081125,46309.516317090885,46309.531137791004
1286656,512,29.186668125,46309.52792700789,46309.542731416004
1287168,512,29.198330167,46309.53953696589,46309.554373333005
1287680,512,29.209990042,46309.55114692489,46309.565984500005
1288192,512,29.221554625,46309.56275684089,46309.577593333
1288704,512,29.233050125,46309.57436679989,46309.58913179101
1289216,512,29.2447845,46309.58597675789,46309.600824791
1289728,512,29.256375375,46309.59758634089,46309.612422125
1290240,512,29.26792825,46309.60919629989,46309.623981166005
1290752,512,29.279728334,46309.62080621589,46309.635707
1291264,512,29.291284334,46309.632416174885,46309.647293291004
1291776,512,29.302788917,46309.64402613289,46309.658838916
1292288,512,29.314471334,46309.65563604989,46309.670501458
1292800,512,29.326068709,46309.66724600789,46309.68210125
1293312,512,29.337679125,46309.67885592489,46309.693718375005
1293824,512,29.349310834,46309.690465882886,46309.705341375
1294336,512,29.360755709,46309.70207584089,46309.716839166
1294848,512,29.372398667,46309.71368575789,46309.728472708004
1295360,512,29.384117834,46309.725295715885,46309.740105458004
1295872,512,29.395631875,46309.73690563289,46309.751700333
1296384,512,29.407236917,46309.74851559089,46309.763307833
1296896,512,29.418965084,46309.76012554989,46309.774993833
1297408,512,29.430461209,46309.77173546589,46309.786527125005
1297920,512,29.442134584,46309.78334542489,46309.798183333005
1298432,512,29.453707375,46309.79495534089,46309.809767083
1298944,512,29.465299917,46309.80656529989,46309.821365875
1299456,512,29.476984,46309.81817525789,46309.832989250004
1299968,512,29.488537084,46309.82978517489,46309.844594458
1300480,512,29.500182292,46309.841394840885,46309.856229000005
1300992,512,29.511875,46309.85300475789,46309.867877916
1301504,512,29.523437584,46309.86461471589,46309.879472
1302016,512,29.534944959,46309.87622463289,46309.891014958004
1302528,512,29.546635667,46309.88783459089,46309.902681583
1303040,512,29.558176584,46309.899444507886,46309.914246
1303552,512,29.569813334,46309.91105446589,46309.925867000005
1304064,512,29.581442084,46309.92266442489,46309.937494416
1304576,512,29.59305475,46309.934274340885,46309.949107083004
1305088,512,29.604661875,46309.94588429989,46309.960707416
1305600,512,29.616346834,46309.95749421589,46309.972364208006
1306112,512,29.628015625,46309.96910417489,46309.983997875
1306624,512,29.639538667,46309.98071409089,46309.995562083
1307136,512,29.651217792,46309.99232404989,46310.007211125005
1307648,512,29.662825875,46310.00393400789,46310.01882925
1308160,512,29.674348167,46310.01554392489,46310.030390083004
1308672,512,29.6859385,46310.02715388289,46310.041983625
1309184,512,29.69749575,46310.03876379989,46310.053563291
1309696,512,29.709194167,46310.05037375789,46310.065210333
1310208,512,29.72073075,46310.06198367489,46310.076791958
1310720,512,29.732337417,46310.073593632886,46310.088402
1311232,512,29.743993334,46310.08520329989,46310.100046083004
1311744,512,29.75558175,46310.096813257886,46310.111636875
1312256,512,29.767147584,46310.10842317489,46310.123218583
1312768,512,29.778985417,46310.12003313289,46310.134954541005
1313280,512,29.79058225,46310.13164304989,46310.146554458006
1313792,512,29.802001959,46310.14325300789,46310.1580545
1314304,512,29.813709167,46310.15486292489,46310.169735625
1314816,512,29.825339917,46310.16647288289,46310.181340291005
1315328,512,29.836911375,46310.17808279989,46310.192929000004
1315840,512,29.84859675,46310.189692757885,46310.204592291004
1316352,512,29.860070375,46310.20130267489,46310.216130083005
1316864,512,29.871765917,46310.21291263289,46310.227781083006
1317376,512,29.883320334,46310.22452259089,46310.239360458
1317888,512,29.894854209,46310.23613250789,46310.2509215
1318400,512,29.906672292,46310.24774246589,46310.262609791
1318912,512,29.918210625,46310.25935238289,46310.274229958006
1319424,512,29.929736,46310.27096234089,46310.285787500005
1319936,512,29.9413555,46310.282572257885,46310.297413041
1320448,512,29.95299275,46310.29418221589,46310.309031958
1320960,512,29.964561792,46310.30579213289,46310.320611916
1321472,512,29.976272584,46310.31740209089,46310.332213958005
1321984,512,29.987752875,46310.32901200789,46310.343807916004
1322496,512,29.999441292,46310.34062171589,46310.355481916005
1323008,512,30.011107584,46310.352231674886,46310.36704825
