pc_time_s,teensy_time_us,ax,ay,az,gx,gy,gz,load_raw
2.214416209,1099973570,3.266,-9.133,-0.656,0.000,0.000,0.000,-222454
2.217037959,1099976047,3.266,-9.098,-0.730,0.000,0.000,0.000,-222675
2.219998667,1099979285,3.266,-9.098,-0.730,0.000,0.000,0.000,-222995
2.222220417,1099981490,3.266,-9.098,-0.730,0.018,0.016,0.004,-222995
2.233564959,1099985710,3.266,-9.098,-0.730,0.010,-0.002,-0.006,-222821
2.233680459,1099988931,3.227,-9.059,-0.691,0.010,-0.002,-0.006,-222270
2.234923417,1099994152,3.227,-9.059,-0.691,0.010,-0.002,-0.002,-223289
2.239093667,1099998373,3.227,-9.059,-0.691,-0.002,0.010,0.002,-223385
2.242414334,1100001594,3.227,-9.059,-0.691,0.002,-0.014,-0.006,-222388
2.246613584,1100005815,3.227,-9.059,-0.691,0.000,-0.008,0.002,-222151
2.250751959,1100010036,3.266,-9.133,-0.617,0.000,-0.008,0.002,-222239
2.253975417,1100013257,3.266,-9.133,-0.617,-0.002,-0.002,0.018,-222170
2.26696475,1100018478,3.266,-9.133,-0.617,0.008,-0.006,0.025,-222685
2.267041834,1100023699,3.266,-9.133,-0.617,-0.004,-0.002,-0.008,-222253
2.268722792,1100027920,3.266,-9.133,-0.617,0.002,-0.006,0.006,-222486
2.275134459,1100034141,3.266,-9.133,-0.617,-0.002,0.008,-0.008,-222474
2.279169709,1100038362,3.266,-9.133,-0.617,-0.006,-0.006,-0.008,-222537
2.28338425,1100042583,3.266,-9.055,-0.730,-0.006,-0.006,-0.008,-221776
2.285546417,1100044804,3.266,-9.055,-0.730,-0.010,0.000,0.004,-222380
2.300464167,1100049025,3.266,-9.055,-0.730,0.008,0.000,-0.002,-222801
2.300566125,1100054246,3.266,-9.055,-0.730,0.004,0.004,-0.008,-221163
2.300667292,1100058467,3.266,-9.055,-0.730,0.006,-0.008,0.000,-221773
2.303465042,1100062690,3.266,-9.098,-0.730,0.006,-0.008,0.000,-222067
2.30771225,1100066911,3.266,-9.098,-0.730,0.014,-0.002,0.006,-222423
2.311874375,1100071132,3.266,-9.098,-0.730,0.004,0.006,-0.002,-222648
2.316138084,1100075353,3.266,-9.098,-0.730,0.002,0.000,-0.006,-222353
2.320355709,1100079574,3.266,-9.098,-0.730,0.006,0.000,0.016,-222021
2.333720417,1100083795,3.266,-9.098,-0.730,0.006,0.004,0.000,-222200
2.333823875,1100088016,3.266,-9.098,-0.691,0.006,0.004,0.000,-222140
2.333956292,1100090237,3.266,-9.098,-0.691,0.004,-0.004,-0.006,-222168
2.336241417,1100095458,3.266,-9.098,-0.691,-0.002,0.002,0.000,-221893
2.340488792,1100099679,3.266,-9.098,-0.691,0.008,-0.006,0.000,-222832
2.34499925,1100103900,3.266,-9.098,-0.691,0.004,-0.002,-0.010,-221475
2.348862,1100108121,3.266,-9.098,-0.691,0.004,-0.006,-0.008,-222641
2.354056709,1100113342,3.266,-9.098,-0.691,-0.004,0.014,-0.010,-222625
2.366881,1100116563,3.266,-9.137,-0.691,-0.004,0.014,-0.010,-221411
2.366988625,1100119784,3.266,-9.137,-0.691,-0.004,-0.006,0.006,-222220
2.36708825,1100126005,3.266,-9.137,-0.691,0.010,0.016,0.006,-222140
2.371006292,1100130226,3.266,-9.137,-0.691,0.016,-0.004,0.002,-222207
2.375229167,1100134447,3.266,-9.137,-0.691,-0.006,-0.008,0.006,-221960
2.379710625,1100138668,3.266,-9.137,-0.691,0.004,-0.006,0.000,-222629
2.384664417,1100143889,3.266,-9.137,-0.691,-0.018,0.002,0.012,-221948
2.388858584,1100148110,3.266,-9.094,-0.656,-0.018,0.002,0.012,-222429
2.392205875,1100151331,3.266,-9.094,-0.656,-0.014,-0.004,-0.006,-222513
2.400231125,1100156552,3.266,-9.094,-0.656,0.006,0.004,-0.006,-222349
2.402641709,1100161773,3.266,-9.094,-0.656,0.002,-0.004,-0.002,-222829
2.406826292,1100165994,3.266,-9.094,-0.656,0.000,0.000,-0.012,-222851
2.41205925,1100171215,3.266,-9.094,-0.656,0.002,0.004,-0.008,-222502
2.416192292,1100175436,3.266,-9.094,-0.656,0.008,0.002,0.010,-222238
2.420502875,1100179657,3.227,-9.059,-0.730,0.008,0.002,0.010,-222075
2.423646792,1100182878,3.227,-9.059,-0.730,-0.002,0.008,0.012,-222406
2.433558042,1100189099,3.227,-9.059,-0.730,-0.002,0.000,0.006,-222795
2.434001084,1100193320,3.227,-9.059,-0.730,0.000,-0.004,0.002,-222574
2.437419584,1100196541,3.227,-9.059,-0.730,0.008,0.002,0.000,-222499
2.441541167,1100200762,3.227,-9.059,-0.730,-0.002,0.000,0.004,-221487
2.446782584,1100205983,3.227,-9.059,-0.730,-0.006,-0.004,0.014,-222221
2.449996917,1100209204,3.227,-9.098,-0.656,-0.006,-0.004,0.014,-222374
2.453186792,1100212425,3.227,-9.098,-0.656,0.010,0.004,-0.008,-223192
2.466893834,1100218646,3.227,-9.098,-0.656,-0.002,0.006,0.023,-222268
2.466969334,1100222867,3.227,-9.098,-0.656,-0.010,-0.002,0.004,-221751
2.467043709,1100226088,3.227,-9.098,-0.656,-0.002,0.000,0.010,-222771
2.472813042,1100231310,3.227,-9.098,-0.656,-0.004,-0.014,0.000,-222212
2.47733075,1100236531,3.266,-9.098,-0.691,-0.004,-0.014,0.000,-222707
2.480660584,1100239752,3.266,-9.098,-0.691,-0.006,-0.004,-0.002,-222316
2.485738542,1100244973,3.266,-9.098,-0.691,-0.008,-0.002,-0.002,-222463
2.490002959,1100249194,3.266,-9.098,-0.691,-0.004,0.000,0.004,-222101
2.500308375,1100254415,3.266,-9.098,-0.691,0.002,0.004,0.010,-222443
2.500382,1100258636,3.266,-9.098,-0.691,-0.010,0.002,0.002,-221703
2.504642917,1100263857,3.266,-9.098,-0.691,0.010,-0.002,-0.006,-222781
2.508904084,1100268078,3.266,-9.098,-0.691,0.010,-0.002,-0.006,-222785
2.512064417,1100271299,3.266,-9.098,-0.691,0.004,0.010,0.006,-222039
2.517267042,1100276521,3.266,-9.098,-0.691,-0.002,0.000,0.006,-222646
2.522493167,1100281742,3.266,-9.098,-0.691,-0.002,-0.004,0.006,-222225
2.53361625,1100285963,3.266,-9.098,-0.691,-0.014,-0.004,0.004,-222058
2.533724292,1100291184,3.266,-9.098,-0.691,0.008,0.000,0.006,-222124
2.537204334,1100296405,3.266,-9.098,-0.691,-0.006,0.002,-0.002,-222802
2.541383084,1100300626,3.227,-9.137,-0.656,-0.006,0.002,-0.002,-222591
2.544637375,1100303847,3.227,-9.137,-0.656,0.002,-0.002,0.004,-222360
2.549829542,1100309068,3.227,-9.137,-0.656,0.006,0.004,-0.004,-222310
2.5541335,1100313274,3.227,-9.137,-0.656,0.000,-0.002,-0.002,-222310
2.557268459,1100316494,3.227,-9.137,-0.656,-0.002,0.004,0.004,-222250
2.567203792,1100320715,3.227,-9.137,-0.656,0.002,-0.006,-0.010,-222691
2.567312792,1100325936,3.227,-9.137,-0.656,0.000,-0.004,0.014,-222255
2.569933167,1100329157,3.266,-9.098,-0.691,0.000,-0.004,0.014,-222302
2.573206709,1100332378,3.266,-9.098,-0.691,0.018,0.000,-0.006,-221846
2.579419042,1100338599,3.266,-9.098,-0.691,0.002,-0.002,-0.002,-222433
2.583628417,1100342820,3.266,-9.098,-0.691,0.004,0.002,-0.002,-222225
2.587878834,1100347041,3.266,-9.098,-0.691,0.004,-0.006,0.010,-222863
2.592061959,1100351262,3.266,-9.098,-0.691,0.002,0.002,-0.002,-221914
2.600558,1100356483,3.266,-9.098,-0.691,0.002,-0.004,0.010,-222622
2.601509584,1100360704,3.227,-9.133,-0.691,0.002,-0.004,0.010,-222906
2.604707084,1100363925,3.227,-9.133,-0.691,0.004,-0.002,-0.004,-222293
2.609988959,1100369146,3.227,-9.133,-0.691,-0.006,-0.004,-0.006,-222473
2.615175292,1100374367,3.227,-9.133,-0.691,-0.004,0.012,0.000,-222803
2.619352375,1100378588,3.227,-9.133,-0.691,0.004,0.000,0.010,-222332
2.623681042,1100382809,3.227,-9.133,-0.691,0.008,-0.004,0.004,-222453
2.626776917,1100386030,3.227,-9.133,-0.691,0.002,0.006,0.014,-222441
2.630976542,1100390251,3.227,-9.094,-0.730,0.002,0.006,0.014,-223094
2.634203667,1100393475,3.227,-9.094,-0.730,-0.004,-0.008,-0.012,-222243
2.640428625,1100399696,3.227,-9.094,-0.730,-0.008,0.004,-0.002,-222699
2.644793917,1100403917,3.227,-9.094,-0.730,0.006,0.000,0.008,-221792
2.648933917,1100408138,3.227,-9.094,-0.730,-0.004,-0.008,-0.006,-222758
2.654171042,1100413359,3.227,-9.094,-0.730,0.006,-0.004,-0.014,-222716
2.658489125,1100417580,3.227,-9.094,-0.730,0.002,0.004,-0.002,-222640
2.662566459,1100421801,3.266,-9.098,-0.691,0.002,0.004,-0.002,-221837
2.66577925,1100425022,3.266,-9.098,-0.691,0.000,-0.004,-0.002,-222205
2.67099575,1100430243,3.266,-9.098,-0.691,0.000,0.000,0.000,-222412
2.676281209,1100435464,3.266,-9.098,-0.691,-0.004,-0.004,0.002,-223128
2.680544917,1100439685,3.266,-9.098,-0.691,-0.002,-0.008,-0.002,-222651
2.685680542,1100444906,3.266,-9.098,-0.691,-0.006,0.012,0.000,-222561
2.690021917,1100449127,3.266,-9.098,-0.691,0.008,-0.002,-0.002,-221980
2.695170875,1100454348,3.227,-9.137,-0.656,0.008,-0.002,-0.002,-222090
2.697375584,1100456569,3.227,-9.137,-0.656,0.006,0.004,-0.010,-222098
2.701598667,1100460790,3.227,-9.137,-0.656,0.004,0.000,0.004,-223492
2.705853417,1100465011,3.227,-9.137,-0.656,0.002,0.004,0.004,-222002
2.709120292,1100468232,3.227,-9.137,-0.656,0.004,0.004,-0.006,-222857
2.715344875,1100474453,3.227,-9.137,-0.656,0.008,-0.002,0.004,-222627
2.719485917,1100478674,3.227,-9.137,-0.656,-0.006,0.006,0.002,-222428
2.724800917,1100483895,3.227,-9.094,-0.730,-0.006,0.006,0.002,-222184
2.726951042,1100486116,3.227,-9.094,-0.730,-0.004,0.004,0.004,-221737
2.733148875,1100492337,3.227,-9.094,-0.730,-0.010,-0.012,0.000,-222459
2.737410959,1100496558,3.227,-9.094,-0.730,-0.004,-0.002,0.002,-221612
2.742687667,1100501779,3.227,-9.094,-0.730,0.008,-0.008,-0.012,-222737
2.746883375,1100506000,3.227,-9.094,-0.730,-0.010,0.002,0.000,-221851
2.751264667,1100510221,3.227,-9.094,-0.730,0.006,0.002,0.010,-222885
2.755265084,1100514442,3.266,-9.137,-0.691,0.006,0.002,0.010,-221885
2.757447375,1100516663,3.266,-9.137,-0.691,0.004,0.000,0.002,-222676
2.763031334,1100521884,3.266,-9.137,-0.691,0.006,0.000,0.000,-221784
2.766920042,1100526105,3.266,-9.137,-0.691,0.006,-0.008,0.002,-222164
2.770182959,1100529326,3.266,-9.137,-0.691,0.000,0.000,0.004,-222602
2.774748917,1100533547,3.266,-9.137,-0.691,-0.008,0.000,-0.010,-222039
2.779658334,1100538768,3.266,-9.137,-0.691,-0.008,-0.004,0.004,-222111
2.782798834,1100541989,3.305,-9.133,-0.617,-0.008,-0.004,0.004,-222145
2.787067625,1100546210,3.305,-9.133,-0.617,0.004,-0.008,0.000,-222651
2.790176459,1100549431,3.227,-9.137,-0.656,0.004,-0.008,0.000,-221931
2.795524292,1100554652,3.227,-9.137,-0.656,0.004,-0.002,0.002,-221978
2.799715125,1100558873,3.227,-9.137,-0.656,0.002,-0.002,0.004,-222411
2.803989334,1100563094,3.227,-9.137,-0.656,0.008,-0.002,0.004,-222603
2.808184834,1100567315,3.227,-9.137,-0.656,-0.004,0.008,0.000,-222275
2.812393042,1100571536,3.227,-9.137,-0.656,0.016,0.008,0.012,-222216
2.817584542,1100576757,3.227,-9.094,-0.730,0.016,0.008,0.012,-221982
2.82098075,1100579978,3.227,-9.094,-0.730,-0.004,-0.006,0.000,-222459
2.826099167,1100585199,3.227,-9.094,-0.730,-0.002,0.000,0.004,-222314
2.830290334,1100589420,3.227,-9.094,-0.730,-0.004,0.000,0.014,-221975
2.835557084,1100594641,3.227,-9.094,-0.730,0.004,0.004,0.000,-222878
2.839837834,1100598862,3.227,-9.094,-0.730,-0.002,-0.008,0.012,-222197
2.844433375,1100603083,3.227,-9.094,-0.730,-0.004,-0.006,-0.004,-221625
2.847203959,1100606305,3.266,-9.059,-0.656,-0.004,-0.006,-0.004,-222653
2.850431917,1100609525,3.266,-9.059,-0.656,0.002,-0.002,0.010,-222360
2.85664375,1100615746,3.266,-9.059,-0.656,0.002,-0.002,0.010,-222446
2.860988084,1100619969,3.266,-9.059,-0.656,0.000,-0.004,0.004,-222681
2.865062375,1100624190,3.266,-9.059,-0.656,0.006,0.002,-0.002,-223254
2.86927225,1100628411,3.266,-9.059,-0.656,-0.008,-0.008,-0.016,-222279
2.874708167,1100633632,3.266,-9.059,-0.656,-0.004,-0.002,-0.012,-222356
2.877799334,1100636853,3.227,-9.133,-0.691,-0.004,-0.002,-0.012,-222708
2.880033125,1100639074,3.227,-9.133,-0.691,0.002,0.004,0.002,-222399
2.884174834,1100643295,3.227,-9.133,-0.691,0.002,0.008,-0.010,-221708
2.888367334,1100647517,3.227,-9.133,-0.691,0.008,-0.002,0.000,-222065
2.8925915,1100651738,3.227,-9.133,-0.691,-0.002,0.000,0.012,-222095
2.898084834,1100656959,3.227,-9.133,-0.691,0.006,0.004,-0.010,-222642
2.903250417,1100662180,3.227,-9.133,-0.691,0.006,0.000,0.004,-222999
2.907494625,1100666401,3.266,-9.098,-0.730,0.006,0.000,0.004,-222266
2.909605667,1100668622,3.266,-9.098,-0.730,0.000,0.002,0.004,-222530
2.915715625,1100674843,3.266,-9.098,-0.730,-0.006,0.004,0.008,-222254
2.919930167,1100679064,3.266,-9.098,-0.730,-0.010,0.006,0.006,-222805
2.924518959,1100683285,3.266,-9.098,-0.730,0.006,0.004,-0.004,-221765
2.928708417,1100687506,3.266,-9.098,-0.730,-0.004,-0.004,-0.002,-222598
2.932584459,1100691727,3.266,-9.098,-0.730,0.004,0.004,-0.002,-222296
2.937999,1100696948,3.266,-9.094,-0.656,0.004,0.004,-0.002,-221704
2.941459875,1100700169,3.266,-9.094,-0.656,-0.006,0.008,0.000,-222325
2.947483584,1100706390,3.266,-9.094,-0.656,0.002,0.006,0.012,-221781
2.951518667,1100710611,3.266,-9.094,-0.656,0.008,-0.008,-0.008,-222802
2.9560285,1100714832,3.266,-9.094,-0.656,0.008,-0.012,0.002,-222580
2.960648917,1100719053,3.266,-9.094,-0.656,0.002,0.004,0.000,-222519
2.964401625,1100723274,3.266,-9.094,-0.656,0.012,-0.004,0.004,-222397
2.969645459,1100728495,3.227,-9.094,-0.691,0.012,-0.004,0.004,-222894
2.972573125,1100731716,3.227,-9.094,-0.691,-0.008,0.008,0.004,-222265
2.97899975,1100737937,3.227,-9.094,-0.691,-0.004,-0.010,-0.002,-222124
2.9841475,1100743158,3.227,-9.094,-0.691,0.010,0.004,-0.002,-221789
2.988369542,1100747379,3.227,-9.094,-0.691,-0.004,0.000,-0.004,-222196
2.993718584,1100752600,3.227,-9.094,-0.691,-0.004,0.000,-0.004,-222032
2.99795425,1100756821,3.227,-9.094,-0.691,0.004,0.004,0.016,-221955
3.002589792,1100761042,3.266,-9.098,-0.691,0.004,0.004,0.016,-222771
3.005204834,1100764263,3.266,-9.098,-0.691,-0.008,-0.004,0.012,-222246
3.010358667,1100769484,3.266,-9.098,-0.691,-0.008,0.012,0.006,-221672
3.015587625,1100774705,3.266,-9.098,-0.691,0.002,-0.004,0.006,-222903
3.019798375,1100778926,3.266,-9.098,-0.691,0.004,0.000,0.008,-223281
3.0240435,1100783147,3.266,-9.098,-0.691,0.006,0.000,-0.006,-222046
3.028248875,1100787368,3.266,-9.098,-0.691,0.006,-0.002,0.004,-221468
3.032477667,1100791589,3.227,-9.094,-0.691,0.006,-0.002,0.004,-222649
3.03473275,1100793810,3.227,-9.094,-0.691,0.004,0.000,-0.006,-222755
3.03997875,1100799031,3.227,-9.094,-0.691,-0.010,-0.002,0.006,-222504
3.044167834,1100803252,3.227,-9.094,-0.691,0.006,-0.002,0.010,-221141
3.047327792,1100806473,3.227,-9.094,-0.691,-0.010,0.000,0.004,-222328
3.05156225,1100810694,3.227,-9.094,-0.691,-0.002,-0.006,0.012,-222705
3.055790584,1100814915,3.227,-9.094,-0.691,-0.002,0.006,0.004,-222458
3.059971084,1100819136,3.227,-9.133,-0.691,-0.002,0.006,0.004,-222590
3.063219,1100822357,3.227,-9.133,-0.691,-0.010,0.000,-0.006,-221994
3.069452584,1100828578,3.227,-9.133,-0.691,0.010,-0.006,-0.008,-222513
3.074676625,1100833784,3.227,-9.133,-0.691,-0.006,0.006,0.000,-222513
3.079888959,1100839004,3.227,-9.133,-0.691,0.004,0.002,-0.002,-222588
3.085225542,1100844225,3.227,-9.133,-0.691,-0.014,-0.004,-0.010,-222938
3.089355042,1100848446,3.227,-9.133,-0.691,0.006,0.002,0.006,-222961
3.094539709,1100853667,3.266,-9.137,-0.691,0.006,0.002,0.006,-222069
3.097823084,1100856888,3.266,-9.137,-0.691,0.004,0.010,0.004,-222727
3.10314325,1100862109,3.266,-9.137,-0.691,-0.006,-0.004,0.002,-221792
3.107269709,1100866330,3.266,-9.137,-0.691,0.000,-0.002,0.002,-221886
3.110423709,1100869551,3.266,-9.137,-0.691,0.006,0.004,0.000,-222179
3.115647875,1100874772,3.266,-9.137,-0.691,0.006,-0.004,0.018,-222911
3.119876709,1100878993,3.266,-9.137,-0.691,-0.008,0.010,0.002,-223035
3.123089417,1100882214,3.266,-9.098,-0.691,-0.008,0.010,0.002,-221619
3.128344917,1100887435,3.266,-9.098,-0.691,-0.006,0.006,0.004,-222632
3.132593792,1100891656,3.266,-9.098,-0.691,-0.002,-0.004,0.004,-222031
3.137761959,1100896877,3.266,-9.098,-0.691,0.006,0.000,-0.006,-221677
3.141939709,1100901098,3.266,-9.098,-0.691,0.002,0.004,0.002,-222009
3.146161292,1100905319,3.266,-9.098,-0.691,0.012,0.006,0.002,-222627
3.150448084,1100909540,3.266,-9.094,-0.656,0.012,0.006,0.002,-222423
3.153688375,1100912761,3.266,-9.094,-0.656,-0.002,0.010,0.023,-221891
3.159929792,1100918982,3.266,-9.094,-0.656,-0.002,-0.002,-0.008,-222581
3.165440959,1100924203,3.266,-9.094,-0.656,-0.004,0.008,-0.002,-222194
3.169370625,1100928424,3.266,-9.094,-0.656,0.006,-0.006,-0.002,-223046
3.175489334,1100934645,3.266,-9.094,-0.656,0.002,-0.002,-0.010,-222308
3.179711334,1100938866,3.266,-9.094,-0.656,-0.004,-0.002,0.006,-222475
3.183921584,1100943087,3.266,-9.098,-0.691,-0.004,-0.002,0.006,-222477
3.186254584,1100945309,3.266,-9.098,-0.691,-0.006,-0.002,-0.002,-222498
3.190432709,1100949529,3.266,-9.098,-0.691,-0.004,0.010,0.000,-221708
3.195739,1100954750,3.266,-9.098,-0.691,0.002,-0.008,0.018,-222507
3.200109084,1100958971,3.266,-9.098,-0.691,0.010,-0.002,-0.008,-222878
3.20426475,1100963192,3.266,-9.098,-0.691,-0.008,-0.006,0.006,-222505
3.209276959,1100968413,3.266,-9.098,-0.691,0.000,0.004,-0.008,-221612
3.214521584,1100973634,3.305,-9.137,-0.730,0.000,0.004,-0.008,-222369
3.216700709,1100975855,3.305,-9.137,-0.730,-0.008,0.006,0.004,-222542
3.22102325,1100980076,3.305,-9.137,-0.730,-0.004,0.000,0.004,-222448
3.225171875,1100984297,3.305,-9.137,-0.730,-0.002,0.010,0.004,-222095
3.230408417,1100989519,3.305,-9.137,-0.730,0.006,0.006,0.010,-222107
3.235843125,1100994740,3.305,-9.137,-0.730,0.010,-0.004,0.000,-222790
3.240848709,1100999961,3.305,-9.137,-0.730,0.002,-0.004,0.008,-222804
3.245133209,1101004182,3.227,-9.098,-0.770,0.002,-0.004,0.008,-222039
3.247255959,1101006403,3.227,-9.098,-0.770,-0.002,-0.002,-0.002,-222773
3.252545917,1101011624,3.227,-9.098,-0.770,0.008,-0.006,-0.002,-222400
3.25771,1101016845,3.227,-9.098,-0.770,0.002,-0.002,-0.006,-222325
3.262173209,1101021066,3.227,-9.098,-0.770,0.000,0.000,0.000,-222832
3.267400459,1101026287,3.227,-9.098,-0.770,0.000,0.000,0.000,-221721
3.272381875,1101031508,3.227,-9.098,-0.770,0.000,0.000,0.000,-222412
3.277677875,1101036714,3.266,-9.094,-0.656,0.000,0.000,0.000,-222412
3.280876459,1101039934,3.266,-9.094,-0.656,0.000,0.000,0.000,-222583
3.286117375,1101045155,3.266,-9.094,-0.656,0.000,0.000,0.000,-221908
3.290253417,1101049376,3.266,-9.094,-0.656,0.000,0.000,0.000,-222210
3.295503084,1101054597,3.266,-9.094,-0.656,0.000,0.000,0.000,-221884
3.299717792,1101058818,3.266,-9.094,-0.656,0.000,0.000,0.000,-222206
3.304147584,1101063039,3.266,-9.094,-0.656,0.000,0.000,0.000,-222132
3.307102834,1101066260,3.227,-9.094,-0.691,0.000,0.000,0.000,-222818
3.309357084,1101068481,3.227,-9.094,-0.691,0.000,0.000,0.000,-222641
3.314597542,1101073702,3.227,-9.094,-0.691,0.000,0.000,0.000,-221903
3.318965292,1101077923,3.227,-9.094,-0.691,0.000,0.000,0.000,-222427
3.323159834,1101082144,3.227,-9.094,-0.691,0.000,0.000,0.000,-222645
3.32747725,1101086365,3.227,-9.094,-0.691,0.000,0.000,0.000,-221640
3.332100667,1101090586,3.305,-9.133,-0.656,0.000,0.000,0.000,-223532
3.335273875,1101093807,3.305,-9.133,-0.656,0.000,0.000,0.000,-222203
3.341084709,1101100028,3.305,-9.133,-0.656,0.000,0.000,0.000,-222768
3.345094542,1101104249,3.305,-9.133,-0.656,0.000,0.000,0.000,-221845
3.349347584,1101108470,3.305,-9.133,-0.656,0.000,0.000,0.000,-222417
3.354862834,1101113691,3.305,-9.133,-0.656,0.000,0.000,0.000,-223036
3.358838375,1101117912,3.305,-9.133,-0.656,0.000,0.000,0.000,-222213
3.363258542,1101122133,3.266,-9.137,-0.730,0.000,0.000,0.000,-222795
3.366811959,1101125354,3.266,-9.137,-0.730,0.000,0.000,0.000,-222726
3.372460167,1101131575,3.266,-9.137,-0.730,0.000,0.000,0.000,-221845
3.377719542,1101136796,3.266,-9.137,-0.730,0.000,0.000,0.000,-222341
3.382954584,1101142017,3.266,-9.137,-0.730,0.000,0.000,0.000,-223026
3.388130292,1101147238,3.266,-9.094,-0.656,0.000,0.000,0.000,-222632
3.39157775,1101150459,3.266,-9.094,-0.656,0.000,0.000,0.000,-221734
3.397804875,1101156680,3.266,-9.094,-0.656,0.000,0.000,0.000,-222436
3.4020105,1101160901,3.266,-9.094,-0.656,0.000,0.000,0.000,-222418
3.405991417,1101165122,3.266,-9.094,-0.656,0.000,0.000,0.000,-222790
3.410206709,1101169343,3.266,-9.094,-0.656,0.000,0.000,0.000,-221806
3.415494625,1101174564,3.266,-9.094,-0.656,0.000,0.000,0.000,-222431
3.419684375,1101178785,3.266,-9.133,-0.617,0.000,0.000,0.000,-222514
3.422915084,1101182006,3.266,-9.133,-0.617,0.000,0.000,0.000,-222101
3.428113584,1101187227,3.266,-9.133,-0.617,0.000,0.000,0.000,-221947
3.433380292,1101192448,3.266,-9.133,-0.617,0.000,0.000,0.000,-222532
3.437831334,1101196669,3.266,-9.133,-0.617,0.000,0.000,0.000,-222089
3.442816375,1101201890,3.266,-9.133,-0.617,0.000,0.000,0.000,-222243
3.447188709,1101206111,3.266,-9.133,-0.617,0.000,0.000,0.000,-222142
3.451269084,1101210332,3.227,-9.094,-0.730,0.000,0.000,0.000,-222810
3.454474875,1101213553,3.227,-9.094,-0.730,0.000,0.000,0.000,-222487
3.460684375,1101219774,3.227,-9.094,-0.730,0.000,0.000,0.000,-222167
3.464902042,1101223995,3.227,-9.094,-0.730,0.000,0.000,0.000,-221610
3.468126875,1101227216,3.227,-9.094,-0.730,0.000,0.000,0.000,-222929
3.472584667,1101231437,3.227,-9.094,-0.730,0.000,0.000,0.000,-222232
3.477545167,1101236658,3.227,-9.094,-0.730,0.000,0.000,0.000,-222687
3.480790084,1101239879,3.266,-9.098,-0.691,0.000,0.000,0.000,-221397
3.483009334,1101242100,3.266,-9.098,-0.691,0.000,0.000,0.000,-222928
3.492317417,1101251321,3.266,-9.098,-0.691,0.000,0.000,0.000,-222860
3.497664625,1101256542,3.266,-9.098,-0.691,0.000,0.000,0.000,-222211
3.50192075,1101260763,3.266,-9.098,-0.691,0.000,0.000,0.000,-222993
3.505927417,1101264984,3.266,-9.098,-0.691,0.000,0.000,0.000,-222547
3.510125292,1101269205,3.266,-9.098,-0.691,0.000,0.000,0.000,-222348
3.515366334,1101274426,3.227,-9.137,-0.617,0.000,0.000,0.000,-223388
3.517618959,1101276647,3.227,-9.137,-0.617,0.000,0.000,0.000,-222693
3.52286625,1101281868,3.227,-9.137,-0.617,0.000,0.000,0.000,-222361
3.526962334,1101286090,3.227,-9.137,-0.617,0.000,0.000,0.000,-222378
3.531137667,1101290311,3.227,-9.137,-0.617,0.000,0.000,0.000,-222791
3.535696667,1101294532,3.227,-9.137,-0.617,0.000,0.000,0.000,-222848
3.539626292,1101298753,3.227,-9.137,-0.617,0.000,0.000,0.000,-222685
3.543878334,1101302974,3.305,-9.137,-0.691,0.000,0.000,0.000,-222398
3.547232834,1101306195,3.305,-9.137,-0.691,0.000,0.000,0.000,-221694
3.552500834,1101311416,3.305,-9.137,-0.691,0.000,0.000,0.000,-222472
3.556649375,1101315637,3.305,-9.137,-0.691,0.000,0.000,0.000,-222840
3.560990917,1101319858,3.305,-9.137,-0.691,0.000,0.000,0.000,-222469
3.56520925,1101324079,3.305,-9.137,-0.691,0.000,0.000,0.000,-222229
3.570202,1101328300,3.305,-9.137,-0.691,0.000,0.000,0.000,-222874
3.574354834,1101333521,3.227,-9.133,-0.691,0.000,0.000,0.000,-222573
3.576610417,1101335742,3.227,-9.133,-0.691,0.000,0.000,0.000,-221417
3.581944834,1101340963,3.227,-9.133,-0.691,0.000,0.000,0.000,-222433
3.587292042,1101346184,3.227,-9.133,-0.691,0.000,0.000,0.000,-222351
3.591332792,1101350405,3.227,-9.133,-0.691,0.000,0.000,0.000,-222722
3.596564542,1101355626,3.227,-9.133,-0.691,0.000,0.000,0.000,-221846
3.600782292,1101359847,3.227,-9.133,-0.691,0.000,0.000,0.000,-222235
3.604978542,1101364068,3.227,-9.094,-0.691,0.000,0.000,0.000,-222788
3.607149459,1101366289,3.227,-9.094,-0.691,0.000,0.000,0.000,-222280
3.612408542,1101371511,3.227,-9.094,-0.691,0.000,0.000,0.000,-223282
3.616596417,1101375732,3.227,-9.094,-0.691,0.000,0.000,0.000,-222416
3.619834792,1101378953,3.227,-9.094,-0.691,0.000,0.000,0.000,-223345
3.625085459,1101384174,3.227,-9.094,-0.691,0.000,0.000,0.000,-222133
3.629263375,1101388395,3.227,-9.094,-0.691,0.000,0.000,0.000,-221998
3.635492542,1101394616,3.305,-9.137,-0.691,0.000,0.000,0.000,-222596
3.637698167,1101396837,3.305,-9.137,-0.691,0.000,0.000,0.000,-222976
3.641956125,1101401058,3.305,-9.137,-0.691,0.000,0.000,0.000,-222761
3.646170542,1101405279,3.305,-9.137,-0.691,0.000,0.000,0.000,-222323
3.650387709,1101409500,3.305,-9.137,-0.691,0.000,0.000,0.000,-222992
3.655606,1101414721,3.305,-9.137,-0.691,0.000,0.000,0.000,-222689
3.659870792,1101418942,3.305,-9.137,-0.691,0.000,0.000,0.000,-221599
3.663304709,1101422163,3.266,-9.094,-0.656,0.000,0.000,0.000,-221783
3.665270542,1101424384,3.266,-9.094,-0.656,0.000,0.000,0.000,-222635
3.67076525,1101429605,3.266,-9.094,-0.656,0.000,0.000,0.000,-222634
3.675737959,1101434826,3.266,-9.094,-0.656,0.000,0.000,0.000,-221659
3.680305292,1101439047,3.266,-9.094,-0.656,0.000,0.000,0.000,-221981
3.684171875,1101443268,3.266,-9.094,-0.656,0.000,0.000,0.000,-221997
3.68835425,1101447489,3.266,-9.094,-0.656,0.000,0.000,0.000,-223078
3.693161417,1101451710,3.266,-9.137,-0.691,0.000,0.000,0.000,-222170
3.697022125,1101454931,3.266,-9.137,-0.691,0.000,0.000,0.000,-221764
3.701162209,1101460152,3.266,-9.137,-0.691,0.000,0.000,0.000,-222442
3.705299417,1101464373,3.266,-9.137,-0.691,0.000,0.000,0.000,-222570
3.708517417,1101467594,3.266,-9.137,-0.691,0.000,0.000,0.000,-222342
3.713737084,1101472815,3.266,-9.137,-0.691,0.000,0.000,0.000,-221874
3.719062334,1101478036,3.266,-9.137,-0.691,0.000,0.000,0.000,-222232
3.722167792,1101481257,3.227,-9.133,-0.730,0.000,0.000,0.000,-223179
3.725404209,1101484478,3.227,-9.133,-0.730,0.000,0.000,0.000,-221768
3.730581792,1101489699,3.227,-9.133,-0.730,0.000,0.000,0.000,-222649
3.738177417,1101496920,3.227,-9.133,-0.730,0.000,0.000,0.000,-222279
3.742014917,1101501141,3.227,-9.133,-0.730,0.000,0.000,0.000,-222532
3.747383167,1101506362,3.227,-9.133,-0.730,0.000,0.000,0.000,-222405
3.753175167,1101511568,3.227,-9.133,-0.730,0.000,0.000,0.000,-222405
3.755662417,1101514788,3.266,-9.059,-0.656,0.000,0.000,0.000,-222446
3.757883625,1101517009,3.266,-9.059,-0.656,0.000,0.000,0.000,-222770
3.763161834,1101522230,3.266,-9.059,-0.656,0.000,0.000,0.000,-223199
3.767478625,1101526451,3.266,-9.059,-0.656,0.000,0.000,0.000,-222702
3.771600917,1101530672,3.266,-9.059,-0.656,0.000,0.000,0.000,-222526
3.77677775,1101535893,3.266,-9.059,-0.656,0.000,0.000,0.000,-221449
3.780976834,1101540114,3.266,-9.059,-0.656,0.000,0.000,0.000,-222564
3.785176584,1101544335,3.266,-9.137,-0.691,0.000,0.000,0.000,-222605
3.78841175,1101547556,3.266,-9.137,-0.691,0.000,0.000,0.000,-221850
3.794634417,1101553777,3.266,-9.137,-0.691,0.000,0.000,0.000,-221951
3.798838709,1101557998,3.266,-9.137,-0.691,0.000,0.000,0.000,-221948
3.80312875,1101562219,3.266,-9.137,-0.691,0.000,0.000,0.000,-222449
3.807262417,1101566440,3.266,-9.137,-0.691,0.000,0.000,0.000,-221448
3.810497042,1101569661,3.266,-9.137,-0.691,0.000,0.000,0.000,-222713
3.814736084,1101573882,3.227,-9.098,-0.656,0.000,0.000,0.000,-223387
3.817978292,1101577103,3.227,-9.098,-0.656,0.000,0.000,0.000,-222638
3.823176667,1101582324,3.227,-9.098,-0.656,0.000,0.000,0.000,-222087
3.828433625,1101587545,3.227,-9.098,-0.656,0.000,0.000,0.000,-222161
3.83259275,1101591766,3.227,-9.098,-0.656,0.000,0.000,0.000,-222601
3.837856792,1101596987,3.227,-9.098,-0.656,0.000,0.000,0.000,-222820
3.842074625,1101601208,3.266,-9.137,-0.730,0.000,0.000,0.000,-222459
3.845300667,1101604429,3.266,-9.137,-0.730,0.000,0.000,0.000,-222129
3.850533084,1101609650,3.266,-9.137,-0.730,0.000,0.000,0.000,-222552
3.855725875,1101614871,3.266,-9.137,-0.730,0.000,0.000,0.000,-222635
3.859955584,1101619092,3.266,-9.137,-0.730,0.000,0.000,0.000,-222483
3.86517275,1101624313,3.266,-9.137,-0.730,0.000,0.000,0.000,-222349
3.870383375,1101629534,3.266,-9.137,-0.730,0.000,0.000,0.000,-222692
3.875625125,1101634755,3.266,-9.137,-0.691,0.000,0.000,0.000,-222132
3.877867542,1101636976,3.266,-9.137,-0.691,0.000,0.000,0.000,-222506
3.883116792,1101642197,3.266,-9.137,-0.691,0.000,0.000,0.000,-222455
3.887279042,1101646418,3.266,-9.137,-0.691,0.000,0.000,0.000,-222352
3.891519084,1101650639,3.266,-9.137,-0.691,0.000,0.000,0.000,-222477
3.897812625,1101656860,3.266,-9.137,-0.691,0.000,0.000,0.000,-222240
3.90197175,1101661081,3.266,-9.137,-0.691,0.000,0.000,0.000,-222838
3.905258417,1101664303,3.266,-9.133,-0.656,0.000,0.000,0.000,-222349
3.908409292,1101667524,3.266,-9.133,-0.656,0.000,0.000,0.000,-222647
3.914664334,1101673745,3.266,-9.133,-0.656,0.000,0.000,0.000,-222828
3.918810667,1101677966,3.266,-9.133,-0.656,0.000,0.000,0.000,-222372
3.923226625,1101682187,3.266,-9.133,-0.656,0.000,0.000,0.000,-221688
3.927337667,1101686408,3.266,-9.133,-0.656,0.000,0.000,0.000,-221804
3.930517334,1101689629,3.266,-9.133,-0.656,0.000,0.000,0.000,-222886
3.935763375,1101694850,3.227,-9.094,-0.691,0.000,0.000,0.000,-222717
3.937963667,1101697071,3.227,-9.094,-0.691,0.000,0.000,0.000,-222960
3.943176,1101702292,3.227,-9.094,-0.691,0.000,0.000,0.000,-222358
3.9486205,1101707513,3.227,-9.094,-0.691,0.000,0.000,0.000,-222376
3.952785125,1101711734,3.227,-9.094,-0.691,0.000,0.000,0.000,-223106
3.958290417,1101716955,3.227,-9.094,-0.691,0.000,0.000,0.000,-222610
3.962065125,1101721176,3.305,-9.133,-0.617,0.000,0.000,0.000,-222448
3.965294584,1101724397,3.305,-9.133,-0.617,0.000,0.000,0.000,-221552
3.970812375,1101729618,3.305,-9.133,-0.617,0.000,0.000,0.000,-222666
3.975740875,1101734839,3.305,-9.133,-0.617,0.000,0.000,0.000,-222974
3.980062292,1101739060,3.305,-9.133,-0.617,0.000,0.000,0.000,-222297
3.986315209,1101745281,3.305,-9.133,-0.617,0.000,0.000,0.000,-221684
3.990446542,1101749503,3.305,-9.133,-0.617,0.000,0.000,0.000,-221626
3.995644,1101754724,3.266,-9.137,-0.691,0.000,0.000,0.000,-222228
3.998952334,1101757945,3.266,-9.137,-0.691,0.000,0.000,0.000,-223293
4.004169417,1101763166,3.266,-9.137,-0.691,0.000,0.000,0.000,-222412
4.009263167,1101768387,3.266,-9.137,-0.691,0.000,0.000,0.000,-222799
4.013499625,1101772608,3.266,-9.137,-0.691,0.000,0.000,0.000,-222676
4.01880975,1101777829,3.266,-9.137,-0.691,0.000,0.000,0.000,-222471
4.023928542,1101783050,3.266,-9.137,-0.691,0.000,0.000,0.000,-221607
4.028475334,1101787271,3.266,-9.137,-0.691,0.000,0.000,0.000,-221998
4.030456959,1101789492,3.266,-9.137,-0.691,0.000,0.000,0.000,-222381
4.038183459,1101795713,3.266,-9.137,-0.691,0.000,0.000,0.000,-222399
4.040883042,1101799934,3.266,-9.137,-0.691,0.000,0.000,0.000,-222819
4.045113709,1101804155,3.266,-9.137,-0.691,0.000,0.000,0.000,-222598
4.049224167,1101808376,3.266,-9.137,-0.691,0.000,0.000,0.000,-222482
4.053573125,1101812597,3.266,-9.137,-0.691,0.000,0.000,0.000,-223105
4.058747959,1101817818,3.266,-9.137,-0.691,0.000,0.000,0.000,-221722
4.061879,1101821024,3.266,-9.137,-0.691,0.000,0.000,0.000,-221722
4.067114084,1101826244,3.266,-9.137,-0.691,0.000,0.000,0.000,-222672
4.071341167,1101830465,3.266,-9.137,-0.691,0.000,0.000,0.000,-222498
4.076638709,1101835686,3.266,-9.137,-0.691,0.000,0.000,0.000,-221793
4.080822042,1101839907,3.266,-9.137,-0.691,0.000,0.000,0.000,-221902
4.086356375,1101845128,3.266,-9.137,-0.691,0.000,0.000,0.000,-222649
4.090244709,1101849349,3.266,-9.137,-0.730,0.000,0.000,0.000,-222142
4.09344475,1101852570,3.266,-9.137,-0.730,0.000,0.000,0.000,-222209
4.09867325,1101857791,3.266,-9.137,-0.730,0.000,0.000,0.000,-222428
4.103907,1101863012,3.266,-9.137,-0.730,0.000,0.000,0.000,-222938
4.108109375,1101867233,3.266,-9.137,-0.730,0.000,0.000,0.000,-222327
4.11338225,1101872454,3.266,-9.137,-0.730,0.000,0.000,0.000,-223118
4.11766025,1101876675,3.266,-9.137,-0.730,0.000,0.000,0.000,-222352
4.121819209,1101880896,3.266,-9.098,-0.730,0.000,0.000,0.000,-221663
4.125003417,1101884117,3.266,-9.098,-0.730,0.000,0.000,0.000,-222120
4.130304542,1101889338,3.266,-9.098,-0.730,0.000,0.000,0.000,-221373
4.134516375,1101893559,3.266,-9.098,-0.730,0.000,0.000,0.000,-222603
4.13909375,1101897780,3.266,-9.098,-0.730,0.000,0.000,0.000,-222883
4.1429035,1101902001,3.266,-9.098,-0.730,0.000,0.000,0.000,-222494
4.147132292,1101906222,3.266,-9.098,-0.730,0.000,0.000,0.000,-222668
4.151383459,1101910445,3.227,-9.137,-0.617,0.000,0.000,0.000,-222851
4.154612917,1101913666,3.227,-9.137,-0.617,0.000,0.000,0.000,-221875
4.160944542,1101919887,3.227,-9.137,-0.617,0.000,0.000,0.000,-222932
4.1655955,1101924108,3.227,-9.137,-0.617,0.000,0.000,0.000,-222775
4.16826075,1101927329,3.227,-9.137,-0.617,0.000,0.000,0.000,-222497
4.173462042,1101932550,3.227,-9.137,-0.617,0.000,0.000,0.000,-223256
4.179392042,1101937771,3.266,-9.137,-0.691,0.000,0.000,0.000,-222253
4.181849,1101940992,3.266,-9.137,-0.691,0.000,0.000,0.000,-222644
4.188189875,1101947213,3.266,-9.137,-0.691,0.000,0.000,0.000,-222719
4.192459292,1101951434,3.266,-9.137,-0.691,0.000,0.000,0.000,-222560
4.196772042,1101955655,3.266,-9.137,-0.691,0.000,0.000,0.000,-222995
4.200909459,1101959876,3.266,-9.137,-0.691,0.000,0.000,0.000,-221966
4.206141,1101965097,3.266,-9.137,-0.691,0.000,0.000,0.000,-222196
4.210223167,1101969318,3.266,-9.098,-0.691,0.000,0.000,0.000,-221701
4.213448334,1101972539,3.266,-9.098,-0.691,0.000,0.000,0.000,-222148
4.218724042,1101977760,3.266,-9.098,-0.691,0.000,0.000,0.000,-222693
4.223896042,1101982981,3.266,-9.098,-0.691,0.000,0.000,0.000,-222537
4.22809825,1101987202,3.266,-9.098,-0.691,0.000,0.000,0.000,-222749
4.233398542,1101992423,3.266,-9.098,-0.691,0.000,0.000,0.000,-222191
4.238498417,1101996644,3.266,-9.098,-0.691,0.000,0.000,0.000,-222214
4.241805042,1102000865,3.191,-9.094,-0.656,0.000,0.000,0.000,-221793
4.245018,1102004086,3.191,-9.094,-0.656,0.000,0.000,0.000,-222069
4.251408584,1102010307,3.191,-9.094,-0.656,0.000,0.000,0.000,-222480
4.255466792,1102014528,3.191,-9.094,-0.656,0.000,0.000,0.000,-222290
4.258639875,1102017749,3.191,-9.094,-0.656,0.000,0.000,0.000,-222859
4.262875542,1102021970,3.191,-9.094,-0.656,0.000,0.000,0.000,-222551
4.267181,1102026191,3.191,-9.094,-0.656,0.000,0.000,0.000,-222688
4.271371625,1102030412,3.266,-9.098,-0.691,0.000,0.000,0.000,-223370
4.274544792,1102033633,3.266,-9.098,-0.691,0.000,0.000,0.000,-222271
4.280786167,1102039854,3.266,-9.098,-0.691,0.000,0.000,0.000,-222842
4.284944959,1102044075,3.266,-9.098,-0.691,0.000,0.000,0.000,-222011
4.288219917,1102047296,3.266,-9.098,-0.691,0.000,0.000,0.000,-222414
4.293525292,1102052517,3.266,-9.098,-0.691,0.000,0.000,0.000,-222433
4.297609,1102056738,3.266,-9.137,-0.691,0.000,0.000,0.000,-221481
4.299808417,1102058959,3.266,-9.137,-0.691,0.000,0.000,0.000,-222306
4.30414025,1102063180,3.266,-9.137,-0.691,0.000,0.000,0.000,-222013
4.308304584,1102067401,3.266,-9.137,-0.691,0.000,0.000,0.000,-221946
4.312527667,1102071622,3.266,-9.137,-0.691,0.000,0.000,0.000,-222580
4.316848792,1102075843,3.266,-9.137,-0.691,0.000,0.000,0.000,-221925
4.319991209,1102079064,3.266,-9.098,-0.730,0.000,0.000,0.000,-223049
4.323177667,1102082285,3.266,-9.098,-0.730,0.000,0.000,0.000,-222486
4.32843175,1102087506,3.266,-9.098,-0.730,0.000,0.000,0.000,-222454
4.333655834,1102092727,3.266,-9.098,-0.730,0.000,0.000,0.000,-222024
4.337995292,1102096948,3.266,-9.098,-0.730,0.000,0.000,0.000,-222393
4.342011959,1102101169,3.266,-9.098,-0.730,0.000,0.000,0.000,-222350
4.346255417,1102105390,3.266,-9.098,-0.730,0.000,0.000,0.000,-222437
4.350531042,1102109611,3.266,-9.098,-0.691,0.000,0.000,0.000,-222658
4.353747417,1102112832,3.266,-9.098,-0.691,0.000,0.000,0.000,-222067
4.360071792,1102119053,3.266,-9.098,-0.691,0.000,0.000,0.000,-223087
4.364397959,1102123274,3.266,-9.098,-0.691,0.000,0.000,0.000,-222633
4.369379084,1102127496,3.266,-9.098,-0.691,0.000,0.000,0.000,-222938
4.373548417,1102132717,3.227,-9.094,-0.691,0.000,0.000,0.000,-222242
4.376852459,1102135938,3.227,-9.094,-0.691,0.000,0.000,0.000,-222883
4.383071084,1102142159,3.227,-9.094,-0.691,0.000,0.000,0.000,-222023
4.388335417,1102147380,3.227,-9.094,-0.691,0.000,0.000,0.000,-222622
4.392551209,1102151601,3.227,-9.094,-0.691,0.000,0.000,0.000,-223152
4.397977375,1102156822,3.227,-9.094,-0.691,0.000,0.000,0.000,-222510
4.403343584,1102161043,3.227,-9.094,-0.691,0.000,0.000,0.000,-222917
4.406210542,1102165264,3.266,-9.098,-0.691,0.000,0.000,0.000,-222302
4.408326375,1102167485,3.266,-9.098,-0.691,0.000,0.000,0.000,-222598
4.41254875,1102171706,3.266,-9.098,-0.691,0.000,0.000,0.000,-222699
4.416845667,1102175927,3.266,-9.098,-0.691,0.000,0.000,0.000,-222477
4.420032417,1102179148,3.266,-9.098,-0.691,0.000,0.000,0.000,-223292
4.42423675,1102183369,3.266,-9.098,-0.691,0.000,0.000,0.000,-222178
4.428712334,1102187590,3.266,-9.098,-0.691,0.000,0.000,0.000,-222291
4.432691042,1102191811,3.266,-9.137,-0.691,0.000,0.000,0.000,-222061
4.434924875,1102194032,3.266,-9.137,-0.691,0.000,0.000,0.000,-222667
4.440141875,1102199253,3.266,-9.137,-0.691,0.000,0.000,0.000,-222367
4.444376042,1102203474,3.266,-9.137,-0.691,0.000,0.000,0.000,-222237
4.447612625,1102206695,3.266,-9.137,-0.691,0.000,0.000,0.000,-222123
4.451809875,1102210916,3.266,-9.137,-0.691,0.000,0.000,0.000,-222230
4.4561225,1102215137,3.266,-9.137,-0.691,0.000,0.000,0.000,-223310
4.460302125,1102219358,3.266,-9.133,-0.656,0.000,0.000,0.000,-222424
4.463491292,1102222579,3.266,-9.133,-0.656,0.000,0.000,0.000,-222292
4.468766459,1102227800,3.266,-9.133,-0.656,0.000,0.000,0.000,-223021
4.472903667,1102232021,3.266,-9.133,-0.656,0.000,0.000,0.000,-222315
4.478113709,1102237242,3.266,-9.133,-0.656,0.000,0.000,0.000,-222382
4.48236,1102241463,3.266,-9.133,-0.656,0.000,0.000,0.000,-222851
4.486625417,1102245684,3.266,-9.133,-0.656,0.000,0.000,0.000,-222682
4.490821167,1102249905,3.227,-9.094,-0.691,0.000,0.000,0.000,-222195
4.494156125,1102253126,3.227,-9.094,-0.691,0.000,0.000,0.000,-222288
4.50149925,1102260347,3.227,-9.094,-0.691,0.000,0.000,0.000,-222634
4.505499167,1102264568,3.227,-9.094,-0.691,0.000,0.000,0.000,-222184
4.5086575,1102267789,3.227,-9.094,-0.691,0.000,0.000,0.000,-221887
4.512887125,1102272010,3.227,-9.094,-0.691,0.000,0.000,0.000,-222493
4.518102584,1102277231,3.227,-9.094,-0.691,0.000,0.000,0.000,-222784
4.52127675,1102280452,3.266,-9.098,-0.691,0.000,0.000,0.000,-222267
4.526856542,1102285673,3.266,-9.098,-0.691,0.000,0.000,0.000,-222005
4.531047625,1102289894,3.266,-9.098,-0.691,0.000,0.000,0.000,-222126
4.536047667,1102295115,3.266,-9.098,-0.691,0.000,0.000,0.000,-223349
4.540256,1102299336,3.266,-9.098,-0.691,0.000,0.000,0.000,-222626
4.544438584,1102303557,3.266,-9.098,-0.691,0.000,0.000,0.000,-222893
4.548775125,1102307778,3.266,-9.133,-0.656,0.000,0.000,0.000,-222028
4.551823709,1102310999,3.266,-9.133,-0.656,0.000,0.000,0.000,-222795
4.558050834,1102317220,3.266,-9.133,-0.656,0.000,0.000,0.000,-222237
4.562561917,1102321441,3.266,-9.133,-0.656,0.000,0.000,0.000,-222404
4.566891542,1102325662,3.266,-9.133,-0.656,0.000,0.000,0.000,-222603
4.570969,1102329883,3.266,-9.133,-0.656,0.000,0.000,0.000,-223395
4.575998,1102335104,3.266,-9.133,-0.656,0.000,0.000,0.000,-222689
4.580261292,1102339325,3.266,-9.133,-0.617,0.000,0.000,0.000,-223516
4.583564834,1102342546,3.266,-9.133,-0.617,0.000,0.000,0.000,-222963
4.588981542,1102347767,3.266,-9.133,-0.617,0.000,0.000,0.000,-222596
4.593121167,1102351988,3.266,-9.133,-0.617,0.000,0.000,0.000,-222344
4.598328209,1102357209,3.266,-9.133,-0.617,0.000,0.000,0.000,-222605
4.602953917,1102361430,3.266,-9.133,-0.617,0.000,0.000,0.000,-222991
4.606555542,1102365651,3.266,-9.133,-0.617,0.000,0.000,0.000,-222378
4.610845667,1102369872,3.305,-9.133,-0.656,0.000,0.000,0.000,-221915
4.614002834,1102373093,3.305,-9.133,-0.656,0.000,0.000,0.000,-222267
4.619244167,1102378314,3.305,-9.133,-0.656,0.000,0.000,0.000,-222502
4.623452,1102382535,3.305,-9.133,-0.656,0.000,0.000,0.000,-222503
4.628653584,1102387756,3.305,-9.133,-0.656,0.000,0.000,0.000,-222501
4.632898084,1102391977,3.305,-9.133,-0.656,0.000,0.000,0.000,-221889
4.638433084,1102397198,3.305,-9.133,-0.656,0.000,0.000,0.000,-222599
4.6423495,1102401419,3.266,-9.137,-0.691,0.000,0.000,0.000,-222080
4.645594042,1102404640,3.266,-9.137,-0.691,0.000,0.000,0.000,-222287
4.650829875,1102409861,3.266,-9.137,-0.691,0.000,0.000,0.000,-221968
4.656019792,1102415082,3.266,-9.137,-0.691,0.000,0.000,0.000,-222688
4.661228042,1102420303,3.266,-9.137,-0.691,0.000,0.000,0.000,-221633
4.666590542,1102425524,3.266,-9.137,-0.691,0.000,0.000,0.000,-222369
4.669690125,1102428745,3.266,-9.137,-0.691,0.000,0.000,0.000,-222323
4.675894875,1102434966,3.266,-9.137,-0.691,0.000,0.000,0.000,-222858
4.680037292,1102439187,3.266,-9.137,-0.691,0.000,0.000,0.000,-222565
4.684319417,1102443408,3.266,-9.137,-0.691,0.000,0.000,0.000,-222511
4.688602584,1102447629,3.266,-9.137,-0.691,0.000,0.000,0.000,-222712
4.693872875,1102452850,3.266,-9.137,-0.691,0.000,0.000,0.000,-222187
4.698188334,1102457071,3.266,-9.176,-0.656,0.000,0.000,0.000,-222379
4.703071042,1102460294,3.266,-9.176,-0.656,0.000,0.000,0.000,-222373
4.706368667,1102465514,3.266,-9.176,-0.656,0.000,0.000,0.000,-222393
4.711667042,1102470735,3.266,-9.176,-0.656,0.000,0.000,0.000,-222138
4.715868917,1102474956,3.266,-9.176,-0.656,0.000,0.000,0.000,-222364
4.720114792,1102479177,3.266,-9.176,-0.656,0.000,0.000,0.000,-223126
4.72329725,1102482398,3.266,-9.176,-0.656,0.000,0.000,0.000,-221851
4.727697167,1102486619,3.266,-9.094,-0.617,0.000,0.000,0.000,-222355
4.730890292,1102489840,3.266,-9.094,-0.617,0.000,0.000,0.000,-222256
4.737216584,1102496061,3.266,-9.094,-0.617,0.000,0.000,0.000,-222334
4.741394167,1102500283,3.266,-9.094,-0.617,0.000,0.000,0.000,-222556
4.745428042,1102504504,3.266,-9.094,-0.617,0.000,0.000,0.000,-220966
4.749671667,1102508725,3.266,-9.094,-0.617,0.000,0.000,0.000,-222210
4.753834209,1102512946,3.266,-9.094,-0.617,0.000,0.000,0.000,-222339
4.760248834,1102519167,3.266,-9.098,-0.730,0.000,0.000,0.000,-221490
4.762207084,1102521388,3.266,-9.098,-0.730,0.000,0.000,0.000,-222660
4.766577167,1102525611,3.266,-9.098,-0.730,0.000,0.000,0.000,-222847
4.770928667,1102529832,3.266,-9.098,-0.730,0.000,0.000,0.000,-222007
4.77598475,1102535053,3.266,-9.098,-0.730,0.000,0.000,0.000,-222717
4.781305875,1102540274,3.266,-9.098,-0.730,0.000,0.000,0.000,-223125
4.786564875,1102545496,3.227,-9.137,-0.656,0.000,0.000,0.000,-223479
4.789639042,1102548717,3.227,-9.137,-0.656,0.000,0.000,0.000,-222284
4.795874417,1102554938,3.227,-9.137,-0.656,0.000,0.000,0.000,-222217
4.800105209,1102559159,3.227,-9.137,-0.656,0.000,0.000,0.000,-222214
4.804342209,1102563380,3.227,-9.137,-0.656,0.000,0.000,0.000,-222639
4.808537,1102567601,3.227,-9.137,-0.656,0.000,0.000,0.000,-222531
4.813717459,1102572822,3.227,-9.137,-0.656,0.000,0.000,0.000,-221852
4.818156375,1102577043,3.266,-9.094,-0.656,0.000,0.000,0.000,-223044
4.821168709,1102580264,3.266,-9.094,-0.656,0.000,0.000,0.000,-222171
4.826377625,1102585485,3.266,-9.094,-0.656,0.000,0.000,0.000,-221276
4.83160475,1102590706,3.266,-9.094,-0.656,0.000,0.000,0.000,-222487
4.835874584,1102594927,3.266,-9.094,-0.656,0.000,0.000,0.000,-223007
4.840075917,1102599148,3.266,-9.094,-0.656,0.000,0.000,0.000,-222458
4.843276209,1102602369,3.266,-9.094,-0.656,0.000,0.000,0.000,-222276
4.847483125,1102606591,3.266,-9.094,-0.617,0.000,0.000,0.000,-222332
4.850700375,1102609812,3.266,-9.094,-0.617,0.000,0.000,0.000,-221806
4.856999459,1102616033,3.266,-9.094,-0.617,0.000,0.000,0.000,-222341
4.8611855,1102620254,3.266,-9.094,-0.617,0.000,0.000,0.000,-222745
4.865337042,1102624475,3.266,-9.094,-0.617,0.000,0.000,0.000,-222747
4.869613417,1102628696,3.266,-9.094,-0.617,0.000,0.000,0.000,-222364
4.873817625,1102632917,3.266,-9.094,-0.617,0.000,0.000,0.000,-222204
4.879005834,1102638138,3.266,-9.133,-0.617,0.000,0.000,0.000,-222075
4.882261834,1102641359,3.266,-9.133,-0.617,0.000,0.000,0.000,-222617
4.888568792,1102647580,3.266,-9.133,-0.617,0.000,0.000,0.000,-221897
4.892833667,1102651801,3.266,-9.133,-0.617,0.000,0.000,0.000,-221756
4.897188542,1102656022,3.266,-9.133,-0.617,0.000,0.000,0.000,-223026
4.90139775,1102660243,3.266,-9.133,-0.617,0.000,0.000,0.000,-222379
4.905429,1102664464,3.266,-9.133,-0.617,0.000,0.000,0.000,-222521
4.910804125,1102669685,3.266,-9.137,-0.730,0.000,0.000,0.000,-221941
4.913804209,1102672906,3.266,-9.137,-0.730,0.000,0.000,0.000,-222534
4.920204792,1102679127,3.266,-9.137,-0.730,0.000,0.000,0.000,-222781
4.924332542,1102683348,3.266,-9.137,-0.730,0.000,0.000,0.000,-221702
4.928882834,1102687569,3.266,-9.137,-0.730,0.000,0.000,0.000,-221815
4.932921584,1102691790,3.266,-9.137,-0.730,0.000,0.000,0.000,-222203
4.937983375,1102697011,3.266,-9.137,-0.730,0.000,0.000,0.000,-222424
4.942076292,1102701232,3.266,-9.133,-0.656,0.000,0.000,0.000,-222634
4.945635875,1102704453,3.266,-9.133,-0.656,0.000,0.000,0.000,-222221
4.951605334,1102710674,3.266,-9.133,-0.656,0.000,0.000,0.000,-222330
4.957246792,1102715895,3.266,-9.133,-0.656,0.000,0.000,0.000,-223169
4.961117,1102720116,3.266,-9.133,-0.656,0.000,0.000,0.000,-222026
4.965330667,1102724337,3.266,-9.133,-0.656,0.000,0.000,0.000,-222571
4.970411,1102728558,3.266,-9.133,-0.656,0.000,0.000,0.000,-222588
4.9736355,1102732779,3.227,-9.094,-0.691,0.000,0.000,0.000,-222702
4.9758495,1102735000,3.227,-9.094,-0.691,0.000,0.000,0.000,-222364
4.981190292,1102740221,3.227,-9.094,-0.691,0.000,0.000,0.000,-222576
4.98650925,1102745442,3.227,-9.094,-0.691,0.000,0.000,0.000,-221980
4.990793375,1102749663,3.227,-9.094,-0.691,0.000,0.000,0.000,-222623
4.996740959,1102755884,3.227,-9.094,-0.691,0.000,0.000,0.000,-221840
5.001247334,1102760105,3.227,-9.094,-0.691,0.000,0.000,0.000,-221637
5.007219084,1102766326,3.266,-9.094,-0.770,0.000,0.000,0.000,-223202
5.010440167,1102769547,3.266,-9.094,-0.770,0.000,0.000,0.000,-222098
5.016698667,1102775768,3.266,-9.094,-0.770,0.000,0.000,0.000,-221653
5.020874417,1102779989,3.266,-9.094,-0.770,0.000,0.000,0.000,-222262
5.02414475,1102783210,3.266,-9.094,-0.770,0.000,0.000,0.000,-222938
5.028376417,1102787431,3.266,-9.094,-0.770,0.000,0.000,0.000,-222050
5.032513,1102791652,3.266,-9.094,-0.770,0.000,0.000,0.000,-222321
5.036829042,1102795873,3.266,-9.055,-0.691,0.000,0.000,0.000,-223267
5.039004584,1102798094,3.266,-9.055,-0.691,0.000,0.000,0.000,-222165
5.044280792,1102803315,3.266,-9.055,-0.691,0.000,0.000,0.000,-222270
5.048514625,1102807536,3.266,-9.055,-0.691,0.000,0.000,0.000,-222749
5.051688917,1102810757,3.266,-9.055,-0.691,0.000,0.000,0.000,-223020
5.056904959,1102815978,3.266,-9.055,-0.691,0.000,0.000,0.000,-222970
5.061504667,1102820199,3.266,-9.055,-0.691,0.000,0.000,0.000,-222354
5.06434375,1102823420,3.305,-9.133,-0.770,0.000,0.000,0.000,-222365
5.068931334,1102827641,3.305,-9.133,-0.770,0.000,0.000,0.000,-222297
5.07190375,1102830862,3.266,-9.094,-0.578,0.000,0.000,0.000,-222937
5.076946292,1102836083,3.266,-9.094,-0.578,0.000,0.000,0.000,-223068
5.081195209,1102840304,3.266,-9.094,-0.578,0.000,0.000,0.000,-222601
5.085393834,1102844525,3.266,-9.094,-0.578,0.000,0.000,0.000,-222174
5.089658875,1102848746,3.266,-9.094,-0.578,0.000,0.000,0.000,-222425
5.093860959,1102852967,3.266,-9.094,-0.578,0.000,0.000,0.000,-222360
5.09804275,1102857188,3.227,-9.133,-0.730,0.000,0.000,0.000,-222293
5.100274667,1102859409,3.227,-9.133,-0.730,0.000,0.000,0.000,-222097
5.104555084,1102863630,3.227,-9.133,-0.730,0.000,0.000,0.000,-221829
5.108751584,1102867851,3.227,-9.133,-0.730,0.000,0.000,0.000,-222173
5.112964667,1102872072,3.227,-9.133,-0.730,0.000,0.000,0.000,-222218
5.117143,1102876293,3.227,-9.133,-0.730,0.000,0.000,0.000,-222478
5.12036625,1102879514,3.266,-9.133,-0.617,0.000,0.000,0.000,-222496
5.123600084,1102882735,3.266,-9.133,-0.617,0.000,0.000,0.000,-222115
5.128835917,1102887956,3.266,-9.133,-0.617,0.000,0.000,0.000,-222207
5.134098917,1102893177,3.266,-9.133,-0.617,0.000,0.000,0.000,-222025
5.138310084,1102897398,3.266,-9.133,-0.617,0.000,0.000,0.000,-222576
5.143527584,1102902619,3.266,-9.133,-0.617,0.000,0.000,0.000,-221793
5.148820167,1102907840,3.266,-9.133,-0.617,0.000,0.000,0.000,-221865
5.153992584,1102913061,3.266,-9.137,-0.730,0.000,0.000,0.000,-223009
5.156201292,1102915282,3.266,-9.137,-0.730,0.000,0.000,0.000,-222569
5.161417625,1102920503,3.266,-9.137,-0.730,0.000,0.000,0.000,-222101
5.165961584,1102924724,3.266,-9.137,-0.730,0.000,0.000,0.000,-222808
5.169908042,1102928945,3.266,-9.137,-0.730,0.000,0.000,0.000,-221790
5.174053917,1102933166,3.266,-9.137,-0.730,0.000,0.000,0.000,-222708
5.178270709,1102937387,3.266,-9.137,-0.691,0.000,0.000,0.000,-222231
5.180508042,1102939608,3.266,-9.137,-0.691,0.000,0.000,0.000,-221052
5.18571925,1102944829,3.266,-9.137,-0.691,0.000,0.000,0.000,-222314
5.189982834,1102949050,3.266,-9.137,-0.691,0.000,0.000,0.000,-222234
5.19419625,1102953272,3.266,-9.137,-0.691,0.000,0.000,0.000,-222053
5.19999875,1102958493,3.266,-9.137,-0.691,0.000,0.000,0.000,-222285
5.203739625,1102962714,3.266,-9.137,-0.691,0.000,0.000,0.000,-222330
5.207817709,1102966935,3.266,-9.137,-0.691,0.000,0.000,0.000,-222211
5.21103275,1102970156,3.266,-9.137,-0.691,0.000,0.000,0.000,-223180
5.217291459,1102976377,3.266,-9.137,-0.691,0.000,0.000,0.000,-222652
5.221441417,1102980598,3.266,-9.137,-0.691,0.000,0.000,0.000,-222486
5.225662209,1102984804,3.266,-9.137,-0.691,0.000,0.000,0.000,-222486
5.228912584,1102988024,3.266,-9.137,-0.691,0.000,0.000,0.000,-222175
5.233128709,1102992245,3.266,-9.137,-0.691,0.000,0.000,0.000,-222433
5.237341459,1102996466,3.266,-9.137,-0.691,0.000,0.000,0.000,-222609
5.241602459,1103000687,3.266,-9.137,-0.691,0.000,0.000,0.000,-222316
5.245793792,1103004908,3.266,-9.137,-0.691,0.000,0.000,0.000,-222272
5.250031959,1103009129,3.266,-9.137,-0.691,0.000,0.000,0.000,-222701
5.2542215,1103013350,3.227,-9.137,-0.656,0.000,0.000,0.000,-222176
5.256471875,1103015571,3.227,-9.137,-0.656,0.000,0.000,0.000,-222578
5.261785792,1103020792,3.227,-9.137,-0.656,0.000,0.000,0.000,-222959
5.266892667,1103026013,3.227,-9.137,-0.656,0.000,0.000,0.000,-221930
5.271075667,1103030234,3.227,-9.137,-0.656,0.000,0.000,0.000,-222260
5.276373625,1103035455,3.227,-9.137,-0.656,0.000,0.000,0.000,-222037
5.281577334,1103040676,3.227,-9.137,-0.656,0.000,0.000,0.000,-222352
5.285771167,1103044897,3.227,-9.137,-0.656,0.000,0.000,0.000,-221984
5.288999667,1103048118,3.227,-9.137,-0.656,0.000,0.000,0.000,-222334
5.295193709,1103054339,3.227,-9.137,-0.656,0.000,0.000,0.000,-222356
5.29945775,1103058560,3.227,-9.137,-0.656,0.000,0.000,0.000,-222659
5.303827209,1103062781,3.227,-9.137,-0.656,0.000,0.000,0.000,-222874
5.308917792,1103068002,3.227,-9.137,-0.656,0.000,0.000,0.000,-222393
5.313118625,1103072223,3.227,-9.137,-0.656,0.000,0.000,0.000,-221493
5.317406292,1103076444,3.266,-9.094,-0.656,0.000,0.000,0.000,-222403
5.320571084,1103079665,3.266,-9.094,-0.656,0.000,0.000,0.000,-222574
5.325787167,1103084886,3.266,-9.094,-0.656,0.000,0.000,0.000,-222146
5.330007417,1103089107,3.266,-9.094,-0.656,0.000,0.000,0.000,-222262
5.335300459,1103094328,3.266,-9.094,-0.656,0.000,0.000,0.000,-222754
5.340529542,1103099549,3.266,-9.094,-0.656,0.000,0.000,0.000,-222235
5.344672459,1103103770,3.266,-9.094,-0.656,0.000,0.000,0.000,-221644
5.347978667,1103106991,3.266,-9.098,-0.691,0.000,0.000,0.000,-222428
5.350098917,1103109212,3.266,-9.098,-0.691,0.000,0.000,0.000,-221408
5.35638975,1103115433,3.266,-9.098,-0.691,0.000,0.000,0.000,-222472
5.361229959,1103119654,3.266,-9.098,-0.691,0.000,0.000,0.000,-222404
5.364840834,1103123875,3.266,-9.098,-0.691,0.000,0.000,0.000,-222410
5.369558459,1103128096,3.266,-9.098,-0.691,0.000,0.000,0.000,-221991
5.374162875,1103133317,3.266,-9.098,-0.691,0.000,0.000,0.000,-221989
5.378452542,1103137538,3.266,-9.133,-0.656,0.000,0.000,0.000,-222111
5.381630917,1103140759,3.266,-9.133,-0.656,0.000,0.000,0.000,-222409
5.386935459,1103145980,3.266,-9.133,-0.656,0.000,0.000,0.000,-222310
5.392077334,1103151201,3.266,-9.133,-0.656,0.000,0.000,0.000,-222292
5.39636175,1103155422,3.266,-9.133,-0.656,0.000,0.000,0.000,-222400
5.401189459,1103159643,3.266,-9.133,-0.656,0.000,0.000,0.000,-223002
5.404835084,1103163864,3.266,-9.133,-0.656,0.000,0.000,0.000,-222590
5.408976,1103168085,3.266,-9.137,-0.691,0.000,0.000,0.000,-222308
5.411263125,1103170306,3.266,-9.137,-0.691,0.000,0.000,0.000,-222280
5.417408584,1103176527,3.266,-9.137,-0.691,0.000,0.000,0.000,-223116
5.42178875,1103180748,3.266,-9.137,-0.691,0.000,0.000,0.000,-221899
5.425871667,1103184969,3.266,-9.137,-0.691,0.000,0.000,0.000,-222343
5.43011725,1103189190,3.266,-9.137,-0.691,0.000,0.000,0.000,-221722
5.434381084,1103193411,3.266,-9.137,-0.691,0.000,0.000,0.000,-222455
5.439581,1103198632,3.305,-9.098,-0.730,0.000,0.000,0.000,-222522
5.442800292,1103201853,3.305,-9.098,-0.730,0.000,0.000,0.000,-222578
5.448991667,1103208074,3.305,-9.098,-0.730,0.000,0.000,0.000,-222653
5.45322875,1103212295,3.305,-9.098,-0.730,0.000,0.000,0.000,-222668
5.457407,1103216516,3.305,-9.098,-0.730,0.000,0.000,0.000,-222707
5.4616405,1103220737,3.305,-9.098,-0.730,0.000,0.000,0.000,-222019
5.466923084,1103225959,3.305,-9.098,-0.730,0.000,0.000,0.000,-222013
5.47105525,1103230180,3.227,-9.098,-0.617,0.000,0.000,0.000,-223085
5.474283459,1103233386,3.227,-9.098,-0.617,0.000,0.000,0.000,-223085
5.478535167,1103237606,3.227,-9.098,-0.617,0.000,0.000,0.000,-222739
5.48276925,1103241827,3.227,-9.098,-0.617,0.000,0.000,0.000,-222200
5.486967,1103246048,3.227,-9.098,-0.617,0.000,0.000,0.000,-222173
5.491615875,1103250269,3.227,-9.098,-0.617,0.000,0.000,0.000,-222000
5.49683025,1103255490,3.227,-9.098,-0.617,0.000,0.000,0.000,-222160
5.501018584,1103259711,3.266,-9.137,-0.691,0.000,0.000,0.000,-222098
5.503494042,1103261932,3.266,-9.137,-0.691,0.000,0.000,0.000,-223388
5.50714475,1103266153,3.266,-9.137,-0.691,0.000,0.000,0.000,-222529
5.511251334,1103270374,3.266,-9.137,-0.691,0.000,0.000,0.000,-222011
5.51852275,1103277595,3.266,-9.137,-0.691,0.000,0.000,0.000,-222910
5.522736459,1103281816,3.266,-9.137,-0.691,0.000,0.000,0.000,-222100
5.5269655,1103286037,3.266,-9.137,-0.691,0.000,0.000,0.000,-222003
5.531153,1103290258,3.266,-9.094,-0.656,0.000,0.000,0.000,-222202
5.533377292,1103292480,3.266,-9.094,-0.656,0.000,0.000,0.000,-223136
5.538606334,1103297701,3.266,-9.094,-0.656,0.000,0.000,0.000,-222349
5.543866709,1103302922,3.266,-9.094,-0.656,0.000,0.000,0.000,-222032
5.548053042,1103307143,3.227,-9.133,-0.730,0.000,0.000,0.000,-222131
5.551250417,1103310364,3.227,-9.133,-0.730,0.000,0.000,0.000,-222888
5.557467834,1103316585,3.227,-9.133,-0.730,0.000,0.000,0.000,-222580
5.56215275,1103320806,3.227,-9.133,-0.730,0.000,0.000,0.000,-222476
5.5669965,1103326027,3.227,-9.133,-0.730,0.000,0.000,0.000,-222100
5.571331417,1103330248,3.227,-9.133,-0.730,0.000,0.000,0.000,-222324
5.57644325,1103335469,3.227,-9.133,-0.730,0.000,0.000,0.000,-222198
5.579611709,1103338690,3.266,-9.137,-0.691,0.000,0.000,0.000,-222365
5.58402625,1103342911,3.266,-9.137,-0.691,0.000,0.000,0.000,-222286
5.588049625,1103347132,3.227,-9.094,-0.691,0.000,0.000,0.000,-222537
5.592307584,1103351354,3.227,-9.094,-0.691,0.000,0.000,0.000,-222475
5.597432292,1103356574,3.227,-9.094,-0.691,0.000,0.000,0.000,-222485
5.602925125,1103360795,3.227,-9.094,-0.691,0.000,0.000,0.000,-222583
5.607663167,1103366016,3.227,-9.094,-0.691,0.000,0.000,0.000,-222065
5.612212292,1103371237,3.266,-9.094,-0.656,0.000,0.000,0.000,-222108
5.615373375,1103374458,3.266,-9.094,-0.656,0.000,0.000,0.000,-222787
5.620577542,1103379679,3.266,-9.094,-0.656,0.000,0.000,0.000,-222438
5.624830292,1103383900,3.266,-9.094,-0.656,0.000,0.000,0.000,-222119
5.629084667,1103388121,3.266,-9.094,-0.656,0.000,0.000,0.000,-221867
5.633272042,1103392342,3.227,-9.094,-0.691,0.000,0.000,0.000,-223316
5.638795042,1103397563,3.227,-9.094,-0.691,0.000,0.000,0.000,-222711
5.642776084,1103401784,3.227,-9.094,-0.691,0.000,0.000,0.000,-222719
5.646920875,1103406005,3.227,-9.094,-0.691,0.000,0.000,0.000,-222075
5.651190042,1103410226,3.227,-9.094,-0.691,0.000,0.000,0.000,-221783
5.656417167,1103415447,3.227,-9.094,-0.691,0.000,0.000,0.000,-222777
5.659637167,1103418668,3.227,-9.133,-0.691,0.000,0.000,0.000,-222969
5.662848209,1103421889,3.227,-9.133,-0.691,0.000,0.000,0.000,-222665
5.669243459,1103428110,3.227,-9.133,-0.691,0.000,0.000,0.000,-223137
5.673252334,1103432331,3.227,-9.133,-0.691,0.000,0.000,0.000,-222474
5.677452125,1103436552,3.227,-9.133,-0.691,0.000,0.000,0.000,-222264
5.681664875,1103440773,3.227,-9.133,-0.691,0.000,0.000,0.000,-221578
5.686895,1103445996,3.227,-9.133,-0.691,0.000,0.000,0.000,-222584
5.691169584,1103450217,3.227,-9.133,-0.730,0.000,0.000,0.000,-222926
5.694401167,1103453438,3.227,-9.133,-0.730,0.000,0.000,0.000,-222783
5.699725875,1103458659,3.227,-9.133,-0.730,0.000,0.000,0.000,-222295
5.704975,1103463880,3.227,-9.133,-0.730,0.000,0.000,0.000,-222544
5.709007917,1103468101,3.227,-9.133,-0.730,0.000,0.000,0.000,-222613
5.714260084,1103473322,3.227,-9.133,-0.730,0.000,0.000,0.000,-222502
5.718585417,1103477543,3.227,-9.133,-0.730,0.000,0.000,0.000,-222455
5.722915417,1103481764,3.266,-9.137,-0.691,0.000,0.000,0.000,-221935
5.726236709,1103484985,3.266,-9.137,-0.691,0.000,0.000,0.000,-222162
5.731385709,1103490206,3.266,-9.137,-0.691,0.000,0.000,0.000,-222300
5.736490375,1103495427,3.266,-9.137,-0.691,0.000,0.000,0.000,-221795
5.741550167,1103500648,3.266,-9.137,-0.691,0.000,0.000,0.000,-221335
5.746838292,1103505869,3.266,-9.137,-0.691,0.000,0.000,0.000,-223054
5.752090792,1103511090,3.305,-9.094,-0.578,0.000,0.000,0.000,-221793
5.755463417,1103514311,3.305,-9.094,-0.578,0.000,0.000,0.000,-221551
5.761689792,1103520532,3.305,-9.094,-0.578,0.000,0.000,0.000,-222175
5.767612417,1103526753,3.305,-9.094,-0.578,0.000,0.000,0.000,-222384
5.771897,1103530974,3.305,-9.094,-0.578,0.000,0.000,0.000,-222446
5.777129334,1103536195,3.305,-9.094,-0.578,0.000,0.000,0.000,-222518
5.78174475,1103540416,3.305,-9.094,-0.578,0.000,0.000,0.000,-222840
5.785534959,1103544637,3.266,-9.137,-0.691,0.000,0.000,0.000,-222725
5.788755,1103547858,3.266,-9.137,-0.691,0.000,0.000,0.000,-223082
5.795063959,1103554079,3.266,-9.137,-0.691,0.000,0.000,0.000,-222166
5.799202375,1103558300,3.266,-9.137,-0.691,0.000,0.000,0.000,-223089
5.804610334,1103562521,3.266,-9.137,-0.691,0.000,0.000,0.000,-221687
5.808637125,1103567742,3.266,-9.137,-0.691,0.000,0.000,0.000,-222664
5.81384825,1103572963,3.266,-9.137,-0.691,0.000,0.000,0.000,-222641
5.819125292,1103578184,3.305,-9.098,-0.691,0.000,0.000,0.000,-222681
5.822339792,1103581405,3.305,-9.098,-0.691,0.000,0.000,0.000,-222280
5.828540459,1103587626,3.305,-9.098,-0.691,0.000,0.000,0.000,-222520
5.832747792,1103591847,3.305,-9.098,-0.691,0.000,0.000,0.000,-222959
5.836968084,1103596068,3.305,-9.098,-0.691,0.000,0.000,0.000,-222490
5.842249959,1103601289,3.305,-9.098,-0.691,0.000,0.000,0.000,-222430
5.846438834,1103605510,3.305,-9.098,-0.691,0.000,0.000,0.000,-222774
5.850687667,1103609731,3.266,-9.133,-0.617,0.000,0.000,0.000,-222506
5.853921125,1103612952,3.266,-9.133,-0.617,0.000,0.000,0.000,-222389
5.860136667,1103619173,3.266,-9.133,-0.617,0.000,0.000,0.000,-222548
5.864307875,1103623394,3.266,-9.133,-0.617,0.000,0.000,0.000,-222145
5.869647417,1103627615,3.266,-9.133,-0.617,0.000,0.000,0.000,-221904
5.873208334,1103631836,3.266,-9.133,-0.617,0.000,0.000,0.000,-222939
5.877973584,1103637057,3.266,-9.133,-0.617,0.000,0.000,0.000,-222560
5.882181292,1103641263,3.266,-9.137,-0.730,0.000,0.000,0.000,-222560
5.88535825,1103644483,3.266,-9.137,-0.730,0.000,0.000,0.000,-222847
5.890800834,1103649704,3.266,-9.137,-0.730,0.000,0.000,0.000,-221942
5.894949,1103653925,3.266,-9.137,-0.730,0.000,0.000,0.000,-221815
5.900322667,1103659146,3.266,-9.137,-0.730,0.000,0.000,0.000,-222432
5.904337,1103663367,3.266,-9.137,-0.730,0.000,0.000,0.000,-222531
5.908445084,1103667590,3.266,-9.137,-0.730,0.000,0.000,0.000,-222251
5.913680917,1103672811,3.266,-9.137,-0.691,0.000,0.000,0.000,-222490
5.916991959,1103676032,3.266,-9.137,-0.691,0.000,0.000,0.000,-222526
5.923209584,1103682254,3.266,-9.137,-0.691,0.000,0.000,0.000,-222749
5.927501542,1103686476,3.266,-9.137,-0.691,0.000,0.000,0.000,-222290
5.932090459,1103690697,3.266,-9.137,-0.691,0.000,0.000,0.000,-221281
5.938310042,1103695918,3.266,-9.137,-0.691,0.000,0.000,0.000,-222349
5.941374167,1103700139,3.266,-9.137,-0.691,0.000,0.000,0.000,-221983
5.945325667,1103704360,3.266,-9.137,-0.691,0.000,0.000,0.000,-222134
5.948519959,1103707581,3.266,-9.137,-0.691,0.000,0.000,0.000,-222201
5.95387275,1103712802,3.266,-9.137,-0.691,0.000,0.000,0.000,-222522
5.9580545,1103717023,3.266,-9.137,-0.691,0.000,0.000,0.000,-221951
5.962441959,1103721244,3.266,-9.137,-0.691,0.000,0.000,0.000,-222545
5.966606209,1103725465,3.266,-9.137,-0.691,0.000,0.000,0.000,-222364
5.970635625,1103729686,3.266,-9.137,-0.691,0.000,0.000,0.000,-222774
5.975843,1103734907,3.266,-9.094,-0.656,0.000,0.000,0.000,-221974
5.978034584,1103737128,3.266,-9.094,-0.656,0.000,0.000,0.000,-223041
5.982217625,1103741349,3.266,-9.094,-0.656,0.000,0.000,0.000,-222859
5.986502834,1103745570,3.266,-9.094,-0.656,0.000,0.000,0.000,-222826
5.98976925,1103748791,3.266,-9.094,-0.656,0.000,0.000,0.000,-222871
5.994038,1103753012,3.266,-9.094,-0.656,0.000,0.000,0.000,-222740
5.998427375,1103757233,3.266,-9.176,-0.656,0.000,0.000,0.000,-223091
6.001863042,1103760454,3.266,-9.176,-0.656,0.000,0.000,0.000,-222047
6.008134417,1103766675,3.266,-9.176,-0.656,0.000,0.000,0.000,-223060
6.011797125,1103770896,3.266,-9.176,-0.656,0.000,0.000,0.000,-222635
6.019008542,1103778117,3.266,-9.176,-0.656,0.000,0.000,0.000,-222550
6.02326525,1103782338,3.266,-9.176,-0.656,0.000,0.000,0.000,-223176
6.027485834,1103786559,3.266,-9.176,-0.656,0.000,0.000,0.000,-222601
6.03178325,1103790780,3.266,-9.137,-0.691,0.000,0.000,0.000,-222281
6.034922292,1103794002,3.266,-9.137,-0.691,0.000,0.000,0.000,-222587
6.041183375,1103800223,3.266,-9.137,-0.691,0.000,0.000,0.000,-222579
6.04536,1103804444,3.266,-9.137,-0.691,0.000,0.000,0.000,-222340
6.049577334,1103808665,3.266,-9.137,-0.691,0.000,0.000,0.000,-221851
6.054774917,1103813886,3.266,-9.137,-0.691,0.000,0.000,0.000,-221924
6.060201792,1103819107,3.266,-9.137,-0.691,0.000,0.000,0.000,-221422
6.064359459,1103823328,3.305,-9.137,-0.691,0.000,0.000,0.000,-222510
6.067567709,1103826549,3.305,-9.137,-0.691,0.000,0.000,0.000,-222837
6.072890667,1103831770,3.305,-9.137,-0.691,0.000,0.000,0.000,-222437
6.077920375,1103836991,3.305,-9.137,-0.691,0.000,0.000,0.000,-222451
6.08211625,1103841212,3.305,-9.137,-0.691,0.000,0.000,0.000,-222354
6.086319167,1103845433,3.305,-9.137,-0.691,0.000,0.000,0.000,-222823
6.090622834,1103849654,3.305,-9.137,-0.691,0.000,0.000,0.000,-221739
6.093783792,1103852875,3.266,-9.133,-0.617,0.000,0.000,0.000,-222047
6.09699025,1103856096,3.266,-9.133,-0.617,0.000,0.000,0.000,-221748
6.102656209,1103861317,3.266,-9.133,-0.617,0.000,0.000,0.000,-222825
6.106673542,1103865538,3.266,-9.133,-0.617,0.000,0.000,0.000,-222587
6.109722917,1103868760,3.266,-9.133,-0.617,0.000,0.000,0.000,-222824
6.113941542,1103872981,3.266,-9.133,-0.617,0.000,0.000,0.000,-222265
6.119131875,1103878202,3.266,-9.133,-0.617,0.000,0.000,0.000,-222657
6.123356459,1103882423,3.266,-9.055,-0.730,0.000,0.000,0.000,-221845
6.126550917,1103885644,3.266,-9.055,-0.730,0.000,0.000,0.000,-221663
6.131875459,1103890865,3.266,-9.055,-0.730,0.000,0.000,0.000,-222287
6.137025834,1103896086,3.266,-9.055,-0.730,0.000,0.000,0.000,-222050
6.142215459,1103901307,3.266,-9.055,-0.730,0.000,0.000,0.000,-222945
6.1476645,1103906528,3.305,-9.133,-0.656,0.000,0.000,0.000,-222695
6.150700417,1103909749,3.305,-9.133,-0.656,0.000,0.000,0.000,-222513
6.156993584,1103915970,3.305,-9.133,-0.656,0.000,0.000,0.000,-222411
6.161169209,1103920191,3.305,-9.133,-0.656,0.000,0.000,0.000,-222433
6.165555125,1103924412,3.305,-9.133,-0.656,0.000,0.000,0.000,-222755
6.170516584,1103928633,3.305,-9.133,-0.656,0.000,0.000,0.000,-222397
6.173720417,1103932854,3.305,-9.133,-0.656,0.000,0.000,0.000,-222085
6.179013792,1103938075,3.227,-9.176,-0.691,0.000,0.000,0.000,-222702
6.182225792,1103941296,3.227,-9.176,-0.691,0.000,0.000,0.000,-221965
6.187733584,1103946517,3.227,-9.176,-0.691,0.000,0.000,0.000,-222961
6.191554375,1103950723,3.227,-9.176,-0.691,0.000,0.000,0.000,-222961
6.197129917,1103955943,3.227,-9.176,-0.691,0.000,0.000,0.000,-222436
6.201327834,1103960164,3.227,-9.176,-0.691,0.000,0.000,0.000,-222696
6.204697875,1103963385,3.227,-9.176,-0.691,0.000,0.000,0.000,-222545
6.208501917,1103967606,3.227,-9.133,-0.691,0.000,0.000,0.000,-222268
6.211724125,1103970827,3.227,-9.133,-0.691,0.000,0.000,0.000,-221523
6.217985917,1103977048,3.227,-9.133,-0.691,0.000,0.000,0.000,-222648
6.222170292,1103981269,3.227,-9.133,-0.691,0.000,0.000,0.000,-222548
6.226399625,1103985490,3.227,-9.133,-0.691,0.000,0.000,0.000,-222036
6.231673625,1103989711,3.227,-9.133,-0.691,0.000,0.000,0.000,-222254
6.234877459,1103993932,3.227,-9.133,-0.691,0.000,0.000,0.000,-222634
6.240083917,1103999153,3.266,-9.137,-0.691,0.000,0.000,0.000,-222465
6.243303792,1104002374,3.266,-9.137,-0.691,0.000,0.000,0.000,-222145
6.24959525,1104008595,3.266,-9.137,-0.691,0.000,0.000,0.000,-222058
6.253751542,1104012816,3.266,-9.137,-0.691,0.000,0.000,0.000,-222702
6.257997292,1104017037,3.266,-9.137,-0.691,0.000,0.000,0.000,-222211
6.2622355,1104021258,3.266,-9.137,-0.691,0.000,0.000,0.000,-222441
6.267346459,1104026479,3.266,-9.137,-0.691,0.000,0.000,0.000,-222096
6.2716065,1104030700,3.266,-9.137,-0.691,0.000,0.000,0.000,-222734
6.274857709,1104033921,3.266,-9.137,-0.691,0.000,0.000,0.000,-221887
6.282125167,1104041142,3.266,-9.137,-0.691,0.000,0.000,0.000,-222586
6.286267834,1104045363,3.266,-9.137,-0.691,0.000,0.000,0.000,-222908
6.290575084,1104049584,3.266,-9.137,-0.691,0.000,0.000,0.000,-221969
6.294724209,1104053805,3.266,-9.137,-0.691,0.000,0.000,0.000,-221675
6.298906875,1104058026,3.266,-9.137,-0.691,0.000,0.000,0.000,-222661
6.302864292,1104061247,3.266,-9.098,-0.730,0.000,0.000,0.000,-221822
6.304381667,1104063469,3.266,-9.098,-0.730,0.000,0.000,0.000,-223004
6.309597959,1104068690,3.266,-9.098,-0.730,0.000,0.000,0.000,-222480
6.313831,1104072911,3.227,-9.133,-0.730,0.000,0.000,0.000,-222447
6.317145667,1104076132,3.227,-9.133,-0.730,0.000,0.000,0.000,-221914
6.322286167,1104081353,3.227,-9.133,-0.730,0.000,0.000,0.000,-222255
6.326588542,1104085574,3.227,-9.133,-0.730,0.000,0.000,0.000,-221734
6.329805125,1104088795,3.227,-9.133,-0.730,0.000,0.000,0.000,-221450
6.334175917,1104093016,3.227,-9.133,-0.730,0.000,0.000,0.000,-222808
6.338647834,1104097237,3.227,-9.133,-0.730,0.000,0.000,0.000,-222733
6.341442167,1104100458,3.305,-9.133,-0.578,0.000,0.000,0.000,-221967
6.343591459,1104102679,3.305,-9.133,-0.578,0.000,0.000,0.000,-222051
6.347814334,1104106900,3.305,-9.133,-0.578,0.000,0.000,0.000,-223092
6.352055709,1104111121,3.305,-9.133,-0.578,0.000,0.000,0.000,-222427
6.357371459,1104116342,3.305,-9.133,-0.578,0.000,0.000,0.000,-222134
6.3620285,1104120563,3.305,-9.133,-0.578,0.000,0.000,0.000,-222534
6.365928667,1104124784,3.305,-9.133,-0.578,0.000,0.000,0.000,-222348
6.369327042,1104128005,3.305,-9.133,-0.656,0.000,0.000,0.000,-222933
6.371411875,1104130226,3.305,-9.133,-0.656,0.000,0.000,0.000,-222150
6.375304125,1104134447,3.305,-9.133,-0.656,0.000,0.000,0.000,-222308
6.379628625,1104138668,3.305,-9.133,-0.656,0.000,0.000,0.000,-222157
6.385132375,1104143889,3.305,-9.133,-0.656,0.000,0.000,0.000,-222706
6.389167834,1104148110,3.305,-9.133,-0.656,0.000,0.000,0.000,-222492
6.393523792,1104152331,3.305,-9.133,-0.656,0.000,0.000,0.000,-222162
6.397703334,1104156552,3.305,-9.133,-0.656,0.000,0.000,0.000,-222074
6.399935,1104158773,3.305,-9.133,-0.656,0.000,0.000,0.000,-222019
6.405279959,1104163994,3.305,-9.133,-0.656,0.000,0.000,0.000,-222143
6.409267917,1104168215,3.305,-9.133,-0.656,0.000,0.000,0.000,-222821
6.412308834,1104171436,3.305,-9.133,-0.656,0.000,0.000,0.000,-222580
6.417569167,1104176657,3.305,-9.133,-0.656,0.000,0.000,0.000,-222071
6.421806542,1104180878,3.305,-9.133,-0.656,0.000,0.000,0.000,-222703
6.42503475,1104184099,3.266,-9.137,-0.691,0.000,0.000,0.000,-222393
6.43035225,1104189320,3.266,-9.137,-0.691,0.000,0.000,0.000,-221748
6.434483459,1104193541,3.266,-9.137,-0.691,0.000,0.000,0.000,-222105
6.43970175,1104198762,3.266,-9.137,-0.691,0.000,0.000,0.000,-222733
6.444966625,1104203983,3.266,-9.137,-0.691,0.000,0.000,0.000,-222023
6.450146125,1104209204,3.266,-9.094,-0.656,0.000,0.000,0.000,-222558
6.453336792,1104212425,3.266,-9.094,-0.656,0.000,0.000,0.000,-222265
6.459600625,1104218646,3.266,-9.094,-0.656,0.000,0.000,0.000,-221725
6.463820792,1104222867,3.266,-9.094,-0.656,0.000,0.000,0.000,-222406
6.469296334,1104227088,3.266,-9.094,-0.656,0.000,0.000,0.000,-222549
6.47223575,1104231309,3.266,-9.094,-0.656,0.000,0.000,0.000,-221996
6.477467417,1104236530,3.266,-9.094,-0.656,0.000,0.000,0.000,-221823
6.481733042,1104240751,3.227,-9.094,-0.691,0.000,0.000,0.000,-222870
6.484876917,1104243972,3.227,-9.094,-0.691,0.000,0.000,0.000,-222250
6.490121292,1104249193,3.227,-9.094,-0.691,0.000,0.000,0.000,-222136
6.495400917,1104254414,3.227,-9.094,-0.691,0.000,0.000,0.000,-221731
6.499651125,1104258635,3.227,-9.094,-0.691,0.000,0.000,0.000,-222428
6.504914667,1104263856,3.227,-9.094,-0.691,0.000,0.000,0.000,-222411
6.508997667,1104268077,3.227,-9.094,-0.691,0.000,0.000,0.000,-223025
6.513150292,1104272298,3.305,-9.133,-0.617,0.000,0.000,0.000,-222449
6.516436209,1104275519,3.305,-9.133,-0.617,0.000,0.000,0.000,-222313
6.52272925,1104281740,3.305,-9.133,-0.617,0.000,0.000,0.000,-222571
6.526941542,1104285961,3.305,-9.133,-0.617,0.000,0.000,0.000,-221888
6.531337417,1104290182,3.305,-9.133,-0.617,0.000,0.000,0.000,-222498
6.538447584,1104297403,3.305,-9.133,-0.617,0.000,0.000,0.000,-222640
6.543538417,1104302624,3.305,-9.133,-0.617,0.000,0.000,0.000,-222245
6.547798084,1104306845,3.266,-9.133,-0.656,0.000,0.000,0.000,-222195
6.550110209,1104309066,3.266,-9.133,-0.656,0.000,0.000,0.000,-222918
6.554251875,1104313287,3.266,-9.133,-0.656,0.000,0.000,0.000,-222365
6.558514959,1104317508,3.266,-9.133,-0.656,0.000,0.000,0.000,-222353
6.562932125,1104321729,3.266,-9.133,-0.656,0.000,0.000,0.000,-222230
6.567009917,1104325950,3.266,-9.133,-0.656,0.000,0.000,0.000,-222980
6.570343334,1104329171,3.266,-9.133,-0.656,0.000,0.000,0.000,-222335
6.574244,1104333392,3.266,-9.137,-0.730,0.000,0.000,0.000,-221495
6.577550917,1104336613,3.266,-9.137,-0.730,0.000,0.000,0.000,-222544
6.582767292,1104341834,3.266,-9.137,-0.730,0.000,0.000,0.000,-222594
6.5870635,1104346055,3.266,-9.137,-0.730,0.000,0.000,0.000,-222595
6.592313209,1104351278,3.266,-9.137,-0.730,0.000,0.000,0.000,-222586
6.597673209,1104356499,3.305,-9.133,-0.656,0.000,0.000,0.000,-222106
6.599904209,1104358720,3.305,-9.133,-0.656,0.000,0.000,0.000,-222476
6.605858292,1104363941,3.305,-9.133,-0.656,0.000,0.000,0.000,-221901
6.609039792,1104368162,3.305,-9.133,-0.656,0.000,0.000,0.000,-221902
6.613298167,1104372383,3.305,-9.133,-0.656,0.000,0.000,0.000,-222788
6.617656209,1104376604,3.266,-9.094,-0.770,0.000,0.000,0.000,-222640
6.619741917,1104378825,3.266,-9.094,-0.770,0.000,0.000,0.000,-223236
6.624962709,1104384046,3.266,-9.094,-0.770,0.000,0.000,0.000,-222532
6.62924875,1104388268,3.266,-9.094,-0.770,0.000,0.000,0.000,-223192
6.632375542,1104391488,3.266,-9.094,-0.770,0.000,0.000,0.000,-223103
6.638165584,1104396709,3.266,-9.094,-0.770,0.000,0.000,0.000,-222943
6.641932,1104400930,3.266,-9.137,-0.691,0.000,0.000,0.000,-222481
6.644087917,1104403151,3.266,-9.137,-0.691,0.000,0.000,0.000,-222399
6.648426834,1104407372,3.266,-9.137,-0.691,0.000,0.000,0.000,-222486
6.652520209,1104411593,3.266,-9.137,-0.691,0.000,0.000,0.000,-222546
6.65673775,1104415814,3.266,-9.137,-0.691,0.000,0.000,0.000,-222914
6.661974375,1104421035,3.266,-9.137,-0.691,0.000,0.000,0.000,-222140
6.667188459,1104426256,3.266,-9.137,-0.691,0.000,0.000,0.000,-221802
6.670497417,1104429477,3.227,-9.094,-0.691,0.000,0.000,0.000,-222358
6.673572292,1104432698,3.227,-9.094,-0.691,0.000,0.000,0.000,-222633
6.679878584,1104438919,3.227,-9.094,-0.691,0.000,0.000,0.000,-222519
6.684084459,1104443140,3.227,-9.094,-0.691,0.000,0.000,0.000,-222921
6.68837925,1104447361,3.227,-9.094,-0.691,0.000,0.000,0.000,-222206
6.6927335,1104451582,3.227,-9.094,-0.691,0.000,0.000,0.000,-221403
6.6979895,1104456803,3.227,-9.094,-0.691,0.000,0.000,0.000,-222765
6.70221375,1104461024,3.227,-9.137,-0.656,0.000,0.000,0.000,-222593
6.705170209,1104464245,3.227,-9.137,-0.656,0.000,0.000,0.000,-223111
6.710406,1104469467,3.227,-9.137,-0.656,0.000,0.000,0.000,-222283
6.71566275,1104474688,3.227,-9.137,-0.656,0.000,0.000,0.000,-222978
6.719983,1104478909,3.227,-9.137,-0.656,0.000,0.000,0.000,-223010
6.725345709,1104484130,3.227,-9.137,-0.656,0.000,0.000,0.000,-222755
6.729495334,1104488351,3.227,-9.137,-0.656,0.000,0.000,0.000,-221910
6.733878084,1104492572,3.305,-9.176,-0.656,0.000,0.000,0.000,-221928
6.737641709,1104495793,3.305,-9.176,-0.656,0.000,0.000,0.000,-222783
6.742947542,1104502014,3.305,-9.176,-0.656,0.000,0.000,0.000,-222479
6.747099375,1104506235,3.305,-9.176,-0.656,0.000,0.000,0.000,-222165
6.751385667,1104510456,3.305,-9.176,-0.656,0.000,0.000,0.000,-222552
6.756735709,1104515677,3.305,-9.176,-0.656,0.000,0.000,0.000,-221818
6.760951375,1104519898,3.305,-9.176,-0.656,0.000,0.000,0.000,-222636
6.76534525,1104524119,3.266,-9.137,-0.730,0.000,0.000,0.000,-223147
6.768342125,1104527340,3.266,-9.137,-0.730,0.000,0.000,0.000,-222559
6.773466834,1104532561,3.266,-9.137,-0.730,0.000,0.000,0.000,-222257
6.778743459,1104537782,3.266,-9.137,-0.730,0.000,0.000,0.000,-222183
6.782946334,1104542003,3.266,-9.137,-0.730,0.000,0.000,0.000,-222911
6.790261834,1104549224,3.266,-9.137,-0.730,0.000,0.000,0.000,-222547
6.794394875,1104553445,3.266,-9.137,-0.730,0.000,0.000,0.000,-222337
6.798627875,1104557666,3.227,-9.133,-0.691,0.000,0.000,0.000,-222844
6.801833042,1104560887,3.227,-9.133,-0.691,0.000,0.000,0.000,-223022
6.808472459,1104567108,3.227,-9.133,-0.691,0.000,0.000,0.000,-221544
6.812271875,1104571329,3.227,-9.133,-0.691,0.000,0.000,0.000,-222355
6.81751375,1104576550,3.227,-9.133,-0.691,0.000,0.000,0.000,-222135
6.822819667,1104581771,3.227,-9.133,-0.691,0.000,0.000,0.000,-222334
6.827944834,1104586992,3.227,-9.137,-0.656,0.000,0.000,0.000,-222093
6.831156,1104590213,3.227,-9.137,-0.656,0.000,0.000,0.000,-222137
6.838641459,1104596434,3.227,-9.137,-0.656,0.000,0.000,0.000,-222048
6.8417985,1104600655,3.227,-9.137,-0.656,0.000,0.000,0.000,-222849
6.845819584,1104604876,3.227,-9.137,-0.656,0.000,0.000,0.000,-221873
6.850024292,1104609097,3.227,-9.137,-0.656,0.000,0.000,0.000,-222057
6.854295167,1104613318,3.227,-9.137,-0.656,0.000,0.000,0.000,-222796
6.859479834,1104618539,3.305,-9.137,-0.730,0.000,0.000,0.000,-221591
6.862673834,1104621760,3.305,-9.137,-0.730,0.000,0.000,0.000,-222799
6.867915584,1104626981,3.305,-9.137,-0.730,0.000,0.000,0.000,-222312
6.873103167,1104632202,3.305,-9.137,-0.730,0.000,0.000,0.000,-222144
6.877256375,1104636423,3.305,-9.137,-0.730,0.000,0.000,0.000,-222586
6.881516792,1104640644,3.305,-9.137,-0.730,0.000,0.000,0.000,-222914
6.885690625,1104644865,3.305,-9.137,-0.730,0.000,0.000,0.000,-222437
6.890947625,1104650086,3.227,-9.137,-0.656,0.000,0.000,0.000,-222725
6.894110417,1104653307,3.227,-9.137,-0.656,0.000,0.000,0.000,-222531
6.900344667,1104659528,3.227,-9.137,-0.656,0.000,0.000,0.000,-222525
6.904539292,1104663749,3.227,-9.137,-0.656,0.000,0.000,0.000,-222895
6.908743667,1104667970,3.227,-9.137,-0.656,0.000,0.000,0.000,-222876
6.912962667,1104672191,3.227,-9.137,-0.656,0.000,0.000,0.000,-222217
6.918195625,1104677412,3.227,-9.137,-0.656,0.000,0.000,0.000,-222790
6.921384375,1104680633,3.227,-9.098,-0.656,0.000,0.000,0.000,-222648
6.9337765,1104682854,3.227,-9.098,-0.656,0.000,0.000,0.000,-222624
6.933861917,1104687075,3.227,-9.098,-0.656,0.000,0.000,0.000,-222408
6.933938584,1104691296,3.227,-9.098,-0.656,0.000,0.000,0.000,-222736
6.937369875,1104696517,3.227,-9.098,-0.656,0.000,0.000,0.000,-222943
6.941509375,1104700738,3.227,-9.098,-0.656,0.000,0.000,0.000,-222963
6.945824709,1104704959,3.227,-9.098,-0.656,0.000,0.000,0.000,-222321
6.949996334,1104709180,3.227,-9.094,-0.691,0.000,0.000,0.000,-222083
6.953238959,1104712401,3.227,-9.094,-0.691,0.000,0.000,0.000,-222294
6.966957584,1104718622,3.227,-9.094,-0.691,0.000,0.000,0.000,-222066
6.967054292,1104722843,3.227,-9.094,-0.691,0.000,0.000,0.000,-222527
6.96715025,1104726064,3.227,-9.094,-0.691,0.000,0.000,0.000,-222537
6.971098542,1104730285,3.227,-9.094,-0.691,0.000,0.000,0.000,-222225
6.975352625,1104734506,3.227,-9.094,-0.691,0.000,0.000,0.000,-222198
6.979568209,1104738727,3.266,-9.133,-0.578,0.000,0.000,0.000,-222402
6.982787625,1104741948,3.266,-9.133,-0.578,0.000,0.000,0.000,-222066
6.98801325,1104747169,3.266,-9.133,-0.578,0.000,0.000,0.000,-222546
6.992178209,1104751390,3.266,-9.133,-0.578,0.000,0.000,0.000,-222151
7.000445792,1104755611,3.266,-9.133,-0.578,0.000,0.000,0.000,-223201
7.000598417,1104759832,3.266,-9.133,-0.578,0.000,0.000,0.000,-222343
7.004871084,1104764053,3.266,-9.133,-0.578,0.000,0.000,0.000,-222723
7.009108667,1104768274,3.266,-9.098,-0.691,0.000,0.000,0.000,-222537
7.011332625,1104770495,3.266,-9.098,-0.691,0.000,0.000,0.000,-221848
7.015562292,1104774716,3.266,-9.098,-0.691,0.000,0.000,0.000,-222708
7.019717292,1104778937,3.266,-9.098,-0.691,0.000,0.000,0.000,-222993
7.024905917,1104784158,3.266,-9.098,-0.691,0.000,0.000,0.000,-221926
7.0335675,1104789379,3.227,-9.137,-0.617,0.000,0.000,0.000,-221939
7.033666709,1104792600,3.227,-9.137,-0.617,0.000,0.000,0.000,-222147
7.040667292,1104799821,3.227,-9.137,-0.617,0.000,0.000,0.000,-222279
7.044892792,1104804027,3.227,-9.137,-0.617,0.000,0.000,0.000,-222279
7.0480805,1104807247,3.227,-9.137,-0.617,0.000,0.000,0.000,-221734
7.052292334,1104811468,3.227,-9.137,-0.617,0.000,0.000,0.000,-222066
7.056513417,1104815689,3.227,-9.137,-0.617,0.000,0.000,0.000,-222349
7.066904542,1104818910,3.266,-9.133,-0.656,0.000,0.000,0.000,-222552
7.067012084,1104822131,3.266,-9.133,-0.656,0.000,0.000,0.000,-221950
7.068105459,1104827352,3.266,-9.133,-0.656,0.000,0.000,0.000,-222554
7.073439292,1104832573,3.266,-9.133,-0.656,0.000,0.000,0.000,-222605
7.077673584,1104836794,3.266,-9.133,-0.656,0.000,0.000,0.000,-222296
7.081835709,1104841015,3.266,-9.133,-0.656,0.000,0.000,0.000,-222304
7.086102459,1104845236,3.266,-9.133,-0.656,0.000,0.000,0.000,-222704
7.089229625,1104848458,3.266,-9.137,-0.691,0.000,0.000,0.000,-223266
7.100232917,1104851679,3.266,-9.137,-0.691,0.000,0.000,0.000,-222833
7.100305375,1104857900,3.266,-9.137,-0.691,0.000,0.000,0.000,-222182
7.102967084,1104862121,3.266,-9.137,-0.691,0.000,0.000,0.000,-222003
7.107212,1104866342,3.266,-9.137,-0.691,0.000,0.000,0.000,-222423
7.111346875,1104870563,3.266,-9.137,-0.691,0.000,0.000,0.000,-222030
7.115598042,1104874784,3.266,-9.137,-0.691,0.000,0.000,0.000,-222136
7.120835542,1104880005,3.227,-9.098,-0.617,0.000,0.000,0.000,-221704
7.123980834,1104883226,3.227,-9.098,-0.617,0.000,0.000,0.000,-222160
7.133537875,1104889447,3.227,-9.098,-0.617,0.000,0.000,0.000,-222593
7.134514209,1104893668,3.227,-9.098,-0.617,0.000,0.000,0.000,-222209
7.138750959,1104897889,3.227,-9.098,-0.617,0.000,0.000,0.000,-222592
7.142950334,1104902110,3.227,-9.098,-0.617,0.000,0.000,0.000,-223059
7.14820625,1104907331,3.227,-9.098,-0.617,0.000,0.000,0.000,-222567
7.15240975,1104911552,3.266,-9.055,-0.730,0.000,0.000,0.000,-222855
7.155626084,1104914773,3.266,-9.055,-0.730,0.000,0.000,0.000,-221795
7.166968792,1104920994,3.266,-9.055,-0.730,0.000,0.000,0.000,-223224
7.167046625,1104925215,3.266,-9.055,-0.730,0.000,0.000,0.000,-222155
7.169258709,1104928436,3.266,-9.055,-0.730,0.000,0.000,0.000,-221852
7.17350075,1104932657,3.266,-9.055,-0.730,0.000,0.000,0.000,-222622
7.177658667,1104936878,3.266,-9.055,-0.730,0.000,0.000,0.000,-222041
7.181925042,1104941099,3.266,-9.137,-0.730,0.000,0.000,0.000,-221893
7.185161667,1104944320,3.266,-9.137,-0.730,0.000,0.000,0.000,-222676
7.190323959,1104949541,3.266,-9.137,-0.730,0.000,0.000,0.000,-222227
7.200517917,1104953762,3.266,-9.137,-0.730,0.000,0.000,0.000,-221950
7.200783792,1104958983,3.266,-9.137,-0.730,0.000,0.000,0.000,-223024
7.204034625,1104963204,3.266,-9.137,-0.730,0.000,0.000,0.000,-222652
7.208214292,1104967425,3.266,-9.137,-0.730,0.000,0.000,0.000,-222061
7.213511959,1104972646,3.227,-9.137,-0.617,0.000,0.000,0.000,-222398
7.216699959,1104975867,3.227,-9.137,-0.617,0.000,0.000,0.000,-222826
7.222943334,1104982088,3.227,-9.137,-0.617,0.000,0.000,0.000,-221877
7.233641542,1104986309,3.227,-9.137,-0.617,0.000,0.000,0.000,-221936
7.233747917,1104989530,3.227,-9.137,-0.617,0.000,0.000,0.000,-222585
7.234593042,1104993751,3.227,-9.137,-0.617,0.000,0.000,0.000,-221182
7.238822,1104997972,3.227,-9.137,-0.617,0.000,0.000,0.000,-222220
7.243038834,1105002193,3.227,-9.176,-0.730,0.000,0.000,0.000,-222425
7.245263042,1105004414,3.227,-9.176,-0.730,0.000,0.000,0.000,-222976
7.250505167,1105009635,3.227,-9.176,-0.730,0.000,0.000,0.000,-222574
7.254718209,1105013856,3.227,-9.176,-0.730,0.000,0.000,0.000,-221760
7.258939334,1105018077,3.227,-9.176,-0.730,0.000,0.000,0.000,-222014
7.266902542,1105022298,3.227,-9.176,-0.730,0.000,0.000,0.000,-222320
7.268377125,1105027519,3.227,-9.176,-0.730,0.000,0.000,0.000,-222143
7.272586334,1105031740,3.266,-9.133,-0.656,0.000,0.000,0.000,-222414
7.275761209,1105034961,3.266,-9.133,-0.656,0.000,0.000,0.000,-222309
7.281976667,1105041182,3.266,-9.133,-0.656,0.000,0.000,0.000,-222689
7.286248959,1105045403,3.266,-9.133,-0.656,0.000,0.000,0.000,-222996
7.289465292,1105048624,3.266,-9.133,-0.656,0.000,0.000,0.000,-221792
7.293606375,1105052845,3.266,-9.133,-0.656,0.000,0.000,0.000,-222081
7.300240959,1105059066,3.266,-9.133,-0.656,0.000,0.000,0.000,-222301
7.304149209,1105063287,3.266,-9.133,-0.656,0.000,0.000,0.000,-222396
7.307365542,1105066508,3.266,-9.133,-0.656,0.000,0.000,0.000,-222465
7.312599084,1105071729,3.266,-9.133,-0.656,0.000,0.000,0.000,-221832
7.317808917,1105076950,3.266,-9.133,-0.656,0.000,0.000,0.000,-222139
7.323029875,1105082171,3.266,-9.133,-0.656,0.000,0.000,0.000,-223081
7.328263625,1105087392,3.266,-9.133,-0.656,0.000,0.000,0.000,-222534
7.333573875,1105092613,3.266,-9.133,-0.656,0.000,0.000,0.000,-221783
7.338733542,1105097834,3.266,-9.094,-0.656,0.000,0.000,0.000,-221864
7.341929834,1105101055,3.266,-9.094,-0.656,0.000,0.000,0.000,-222791
7.347172542,1105106276,3.266,-9.094,-0.656,0.000,0.000,0.000,-222104
7.351314042,1105110497,3.266,-9.094,-0.656,0.000,0.000,0.000,-222131
7.354564,1105113718,3.266,-9.094,-0.656,0.000,0.000,0.000,-222750
7.359758542,1105118939,3.266,-9.094,-0.656,0.000,0.000,0.000,-222549
7.366924709,1105124160,3.266,-9.094,-0.656,0.000,0.000,0.000,-222188
7.370292667,1105129381,3.266,-9.055,-0.691,0.000,0.000,0.000,-222367
7.372497292,1105131602,3.266,-9.055,-0.691,0.000,0.000,0.000,-222147
7.377666,1105136823,3.266,-9.055,-0.691,0.000,0.000,0.000,-222280
7.38190925,1105141044,3.266,-9.055,-0.691,0.000,0.000,0.000,-222773
7.386143709,1105145265,3.266,-9.055,-0.691,0.000,0.000,0.000,-222124
7.390340542,1105149486,3.266,-9.055,-0.691,0.000,0.000,0.000,-222187
7.394519875,1105153707,3.266,-9.098,-0.730,0.000,0.000,0.000,-222172
7.400267,1105156928,3.266,-9.098,-0.730,0.000,0.000,0.000,-222368
7.404003625,1105163149,3.266,-9.098,-0.730,0.000,0.000,0.000,-222209
7.408174125,1105167370,3.266,-9.098,-0.730,0.000,0.000,0.000,-222057
7.412463042,1105171591,3.266,-9.098,-0.730,0.000,0.000,0.000,-222063
7.41869125,1105177812,3.266,-9.098,-0.730,0.000,0.000,0.000,-222581
7.422877125,1105182033,3.266,-9.098,-0.730,0.000,0.000,0.000,-222630
7.427146375,1105186256,3.266,-9.133,-0.617,0.000,0.000,0.000,-222589
7.433561417,1105188476,3.266,-9.133,-0.617,0.000,0.000,0.000,-222168
7.434595417,1105193697,3.266,-9.133,-0.617,0.000,0.000,0.000,-222739
7.438784709,1105197918,3.266,-9.133,-0.617,0.000,0.000,0.000,-222752
7.443065167,1105202139,3.266,-9.133,-0.617,0.000,0.000,0.000,-222594
7.447240917,1105206360,3.266,-9.133,-0.617,0.000,0.000,0.000,-221727
7.451451,1105210581,3.266,-9.098,-0.730,0.000,0.000,0.000,-222042
7.4546995,1105213802,3.266,-9.098,-0.730,0.000,0.000,0.000,-221839
7.460962209,1105220023,3.266,-9.098,-0.730,0.000,0.000,0.000,-221974
7.467193709,1105224245,3.266,-9.098,-0.730,0.000,0.000,0.000,-222286
7.469334334,1105228465,3.266,-9.098,-0.730,0.000,0.000,0.000,-222843
7.473573,1105232686,3.266,-9.098,-0.730,0.000,0.000,0.000,-222839
7.478782334,1105237907,3.266,-9.098,-0.730,0.000,0.000,0.000,-222039
7.483028292,1105242128,3.227,-9.133,-0.691,0.000,0.000,0.000,-222981
7.485218375,1105244349,3.227,-9.133,-0.691,0.000,0.000,0.000,-222394
7.490453875,1105249570,3.227,-9.133,-0.691,0.000,0.000,0.000,-222074
7.494630292,1105253791,3.227,-9.133,-0.691,0.000,0.000,0.000,-222391
7.500552625,1105258012,3.227,-9.133,-0.691,0.000,0.000,0.000,-222593
7.503103292,1105262233,3.227,-9.133,-0.691,0.000,0.000,0.000,-222145
7.50829525,1105267455,3.227,-9.133,-0.691,0.000,0.000,0.000,-222322
7.512554625,1105271676,3.305,-9.176,-0.617,0.000,0.000,0.000,-222311
7.515769959,1105274897,3.305,-9.176,-0.617,0.000,0.000,0.000,-223380
7.521962375,1105281118,3.305,-9.176,-0.617,0.000,0.000,0.000,-222672
7.526244209,1105285339,3.305,-9.176,-0.617,0.000,0.000,0.000,-222938
7.533627084,1105289560,3.305,-9.176,-0.617,0.000,0.000,0.000,-222338
7.535637417,1105294781,3.305,-9.176,-0.617,0.000,0.000,0.000,-222722
7.540905834,1105300002,3.305,-9.176,-0.617,0.000,0.000,0.000,-222164
7.547160125,1105306223,3.227,-9.137,-0.656,0.000,0.000,0.000,-221433
7.549327584,1105308444,3.227,-9.137,-0.656,0.000,0.000,0.000,-222380
7.5535235,1105312665,3.227,-9.137,-0.656,0.000,0.000,0.000,-222818
7.558801375,1105317886,3.227,-9.137,-0.656,0.000,0.000,0.000,-222099
7.562970417,1105322107,3.227,-9.137,-0.656,0.000,0.000,0.000,-222539
7.5671965,1105326328,3.227,-9.137,-0.656,0.000,0.000,0.000,-221735
7.571461042,1105330549,3.227,-9.137,-0.656,0.000,0.000,0.000,-222657
7.575666084,1105334770,3.227,-9.133,-0.730,0.000,0.000,0.000,-222635
7.577889875,1105336991,3.227,-9.133,-0.730,0.000,0.000,0.000,-222463
7.583106084,1105342212,3.227,-9.133,-0.730,0.000,0.000,0.000,-221827
7.58729875,1105346433,3.227,-9.133,-0.730,0.000,0.000,0.000,-222488
7.590560834,1105349654,3.227,-9.133,-0.730,0.000,0.000,0.000,-222282
7.594797042,1105353875,3.227,-9.133,-0.730,0.000,0.000,0.000,-221744
7.600312417,1105358096,3.227,-9.133,-0.730,0.000,0.000,0.000,-222201
7.60217975,1105361317,3.266,-9.094,-0.617,0.000,0.000,0.000,-222975
7.604444542,1105363538,3.266,-9.094,-0.617,0.000,0.000,0.000,-222556
7.608716667,1105367759,3.266,-9.094,-0.617,0.000,0.000,0.000,-221649
7.612921834,1105371980,3.266,-9.094,-0.617,0.000,0.000,0.000,-222096
7.618122125,1105377201,3.266,-9.094,-0.617,0.000,0.000,0.000,-222177
7.622340667,1105381422,3.266,-9.094,-0.617,0.000,0.000,0.000,-222553
7.626581209,1105385643,3.266,-9.094,-0.617,0.000,0.000,0.000,-221434
7.629806459,1105388864,3.305,-9.098,-0.691,0.000,0.000,0.000,-222547
7.632003,1105391085,3.305,-9.098,-0.691,0.000,0.000,0.000,-222638
7.637228042,1105396306,3.305,-9.098,-0.691,0.000,0.000,0.000,-222304
7.642464792,1105401527,3.305,-9.098,-0.691,0.000,0.000,0.000,-222274
7.64566025,1105404748,3.305,-9.098,-0.691,0.000,0.000,0.000,-221865
7.649925584,1105408969,3.305,-9.098,-0.691,0.000,0.000,0.000,-222766
7.654186625,1105413190,3.305,-9.098,-0.691,0.000,0.000,0.000,-222720
7.658344667,1105417411,3.266,-9.133,-0.617,0.000,0.000,0.000,-222127
7.660606625,1105419632,3.266,-9.133,-0.617,0.000,0.000,0.000,-222060
7.665805667,1105424853,3.266,-9.133,-0.617,0.000,0.000,0.000,-222391
7.670310667,1105429074,3.266,-9.133,-0.617,0.000,0.000,0.000,-223499
7.673693,1105432295,3.266,-9.133,-0.617,0.000,0.000,0.000,-222839
7.678479709,1105437516,3.266,-9.133,-0.617,0.000,0.000,0.000,-221874
7.683691125,1105442737,3.266,-9.133,-0.617,0.000,0.000,0.000,-223229
7.687980584,1105446958,3.266,-9.098,-0.691,0.000,0.000,0.000,-222415
7.690144875,1105449179,3.266,-9.098,-0.691,0.000,0.000,0.000,-221755
7.695444334,1105454400,3.266,-9.098,-0.691,0.000,0.000,0.000,-222636
7.700806959,1105459621,3.266,-9.098,-0.691,0.000,0.000,0.000,-223146
7.704835959,1105463842,3.266,-9.098,-0.691,0.000,0.000,0.000,-222394
7.708981459,1105468063,3.266,-9.098,-0.691,0.000,0.000,0.000,-222386
7.713227292,1105472284,3.266,-9.098,-0.691,0.000,0.000,0.000,-222658
7.718455167,1105477505,3.227,-9.133,-0.691,0.000,0.000,0.000,-222836
7.720705292,1105479726,3.227,-9.133,-0.691,0.000,0.000,0.000,-222761
7.725990209,1105484947,3.227,-9.133,-0.691,0.000,0.000,0.000,-222954
7.73031575,1105489168,3.227,-9.133,-0.691,0.000,0.000,0.000,-222385
7.733643542,1105492389,3.227,-9.133,-0.691,0.000,0.000,0.000,-222689
7.738296084,1105496610,3.227,-9.133,-0.691,0.000,0.000,0.000,-222202
7.742717542,1105501831,3.305,-9.137,-0.691,0.000,0.000,0.000,-222380
7.745961042,1105505052,3.305,-9.137,-0.691,0.000,0.000,0.000,-221820
7.752279792,1105511273,3.305,-9.137,-0.691,0.000,0.000,0.000,-222472
7.756527542,1105515494,3.305,-9.137,-0.691,0.000,0.000,0.000,-222158
7.760908959,1105519715,3.305,-9.137,-0.691,0.000,0.000,0.000,-223159
7.766109125,1105524936,3.305,-9.137,-0.691,0.000,0.000,0.000,-222275
7.771695167,1105529157,3.305,-9.137,-0.691,0.000,0.000,0.000,-222210
7.773300375,1105532378,3.266,-9.176,-0.578,0.000,0.000,0.000,-222289
7.775541667,1105534599,3.266,-9.176,-0.578,0.000,0.000,0.000,-221921
7.780811125,1105539820,3.266,-9.176,-0.578,0.000,0.000,0.000,-222190
7.7850005,1105544041,3.266,-9.176,-0.578,0.000,0.000,0.000,-222522
7.7902435,1105549262,3.266,-9.176,-0.578,0.000,0.000,0.000,-222918
7.794457209,1105553483,3.266,-9.176,-0.578,0.000,0.000,0.000,-222223
7.802633375,1105561704,3.266,-9.176,-0.578,0.000,0.000,0.000,-223312
7.807885792,1105566925,3.266,-9.137,-0.691,0.000,0.000,0.000,-222832
7.811070125,1105570146,3.266,-9.137,-0.691,0.000,0.000,0.000,-222857
7.817359709,1105576367,3.266,-9.137,-0.691,0.000,0.000,0.000,-223428
7.821581792,1105580588,3.266,-9.137,-0.691,0.000,0.000,0.000,-221930
7.825048209,1105583809,3.266,-9.137,-0.691,0.000,0.000,0.000,-222260
7.8289805,1105588030,3.266,-9.137,-0.691,0.000,0.000,0.000,-222173
7.833265834,1105592251,3.266,-9.137,-0.691,0.000,0.000,0.000,-222367
7.838638959,1105597472,3.266,-9.098,-0.730,0.000,0.000,0.000,-222558
7.840644959,1105599693,3.266,-9.098,-0.730,0.000,0.000,0.000,-222497
7.845847625,1105604914,3.266,-9.098,-0.730,0.000,0.000,0.000,-223101
7.850161959,1105609135,3.266,-9.098,-0.730,0.000,0.000,0.000,-222087
7.855305167,1105614356,3.266,-9.098,-0.730,0.000,0.000,0.000,-222650
7.860457584,1105619577,3.266,-9.098,-0.730,0.000,0.000,0.000,-221707
7.865736,1105624798,3.266,-9.098,-0.730,0.000,0.000,0.000,-221833
7.870228917,1105629019,3.266,-9.133,-0.617,0.000,0.000,0.000,-221891
7.87315525,1105632240,3.266,-9.133,-0.617,0.000,0.000,0.000,-221880
7.879446417,1105638461,3.266,-9.133,-0.617,0.000,0.000,0.000,-222389
7.883676209,1105642682,3.266,-9.133,-0.617,0.000,0.000,0.000,-222570
7.887988167,1105646903,3.266,-9.133,-0.617,0.000,0.000,0.000,-222117
7.893416,1105652124,3.266,-9.133,-0.617,0.000,0.000,0.000,-221531
7.898560042,1105657330,3.266,-9.133,-0.617,0.000,0.000,0.000,-221531
7.904551209,1105662550,3.227,-9.137,-0.578,0.000,0.000,0.000,-223163
7.906655375,1105665771,3.227,-9.137,-0.578,0.000,0.000,0.000,-222415
7.911931,1105670992,3.227,-9.137,-0.578,0.000,0.000,0.000,-221749
7.916154417,1105675213,3.227,-9.137,-0.578,0.000,0.000,0.000,-221898
7.921380959,1105680434,3.227,-9.137,-0.578,0.000,0.000,0.000,-222292
7.925609459,1105684655,3.227,-9.137,-0.578,0.000,0.000,0.000,-221999
7.93108175,1105689876,3.227,-9.137,-0.578,0.000,0.000,0.000,-222741
7.935277667,1105694097,3.305,-9.098,-0.691,0.000,0.000,0.000,-222470
7.938258792,1105697318,3.305,-9.098,-0.691,0.000,0.000,0.000,-222433
7.944509292,1105703539,3.305,-9.098,-0.691,0.000,0.000,0.000,-222184
7.948719417,1105707760,3.305,-9.098,-0.691,0.000,0.000,0.000,-222276
7.953006209,1105711981,3.305,-9.098,-0.691,0.000,0.000,0.000,-222615
7.958374625,1105717202,3.305,-9.098,-0.691,0.000,0.000,0.000,-222068
7.962597792,1105721423,3.227,-9.098,-0.656,0.000,0.000,0.000,-222477
7.964833292,1105723644,3.227,-9.098,-0.656,0.000,0.000,0.000,-221848
7.969193625,1105727865,3.227,-9.098,-0.656,0.000,0.000,0.000,-222176
7.973006834,1105732086,3.227,-9.098,-0.656,0.000,0.000,0.000,-221863
7.978294417,1105737307,3.227,-9.098,-0.656,0.000,0.000,0.000,-221752
7.982463834,1105741528,3.227,-9.098,-0.656,0.000,0.000,0.000,-222624
7.9866885,1105745749,3.227,-9.098,-0.656,0.000,0.000,0.000,-222799
7.990975709,1105749970,3.266,-9.094,-0.617,0.000,0.000,0.000,-222216
7.993155625,1105752191,3.266,-9.094,-0.617,0.000,0.000,0.000,-222888
7.998438875,1105757412,3.266,-9.094,-0.617,0.000,0.000,0.000,-221337
8.002995,1105761633,3.266,-9.094,-0.617,0.000,0.000,0.000,-222594
8.005796792,1105764854,3.266,-9.094,-0.617,0.000,0.000,0.000,-222328
8.01096475,1105770075,3.266,-9.094,-0.617,0.000,0.000,0.000,-222279
8.016256084,1105775296,3.266,-9.094,-0.617,0.000,0.000,0.000,-222096
8.02045025,1105779517,3.266,-9.098,-0.730,0.000,0.000,0.000,-222205
8.022684167,1105781738,3.266,-9.098,-0.730,0.000,0.000,0.000,-222110
8.02793675,1105786959,3.266,-9.098,-0.730,0.000,0.000,0.000,-221840
8.032073542,1105791180,3.266,-9.098,-0.730,0.000,0.000,0.000,-222232
8.035315167,1105794401,3.266,-9.098,-0.730,0.000,0.000,0.000,-222281
8.040714834,1105799624,3.266,-9.098,-0.730,0.000,0.000,0.000,-221524
8.045791584,1105804845,3.266,-9.098,-0.730,0.000,0.000,0.000,-222525
8.052033625,1105811066,3.305,-9.094,-0.617,0.000,0.000,0.000,-223452
8.055228584,1105814287,3.305,-9.094,-0.617,0.000,0.000,0.000,-222778
8.060523292,1105819508,3.305,-9.094,-0.617,0.000,0.000,0.000,-222134
8.064748584,1105823729,3.305,-9.094,-0.617,0.000,0.000,0.000,-221804
8.070336917,1105827950,3.305,-9.094,-0.617,0.000,0.000,0.000,-222624
8.073060875,1105832171,3.305,-9.094,-0.617,0.000,0.000,0.000,-221872
8.078356084,1105837392,3.305,-9.094,-0.617,0.000,0.000,0.000,-222114
8.082585459,1105841613,3.227,-9.133,-0.730,0.000,0.000,0.000,-222025
8.085774667,1105844834,3.227,-9.133,-0.730,0.000,0.000,0.000,-221935
8.0913025,1105850055,3.227,-9.133,-0.730,0.000,0.000,0.000,-222918
8.096432167,1105855276,3.227,-9.133,-0.730,0.000,0.000,0.000,-222763
8.100671875,1105859497,3.227,-9.133,-0.730,0.000,0.000,0.000,-222335
8.104732917,1105863718,3.227,-9.133,-0.730,0.000,0.000,0.000,-222318
8.10883125,1105867939,3.227,-9.133,-0.730,0.000,0.000,0.000,-222379
8.114113792,1105873160,3.191,-9.137,-0.691,0.000,0.000,0.000,-222629
8.117269709,1105876381,3.191,-9.137,-0.691,0.000,0.000,0.000,-222376
8.123532792,1105882602,3.191,-9.137,-0.691,0.000,0.000,0.000,-221946
8.127740084,1105886823,3.191,-9.137,-0.691,0.000,0.000,0.000,-221977
8.130944042,1105890044,3.191,-9.137,-0.691,0.000,0.000,0.000,-222719
8.135127834,1105894265,3.191,-9.137,-0.691,0.000,0.000,0.000,-222085
8.140395042,1105899486,3.191,-9.137,-0.691,0.000,0.000,0.000,-221917
8.1436155,1105902707,3.227,-9.137,-0.656,0.000,0.000,0.000,-221961
8.147875667,1105906928,3.227,-9.137,-0.656,0.000,0.000,0.000,-222374
8.152066792,1105911149,3.227,-9.137,-0.656,0.000,0.000,0.000,-221656
8.155271292,1105914370,3.227,-9.137,-0.656,0.000,0.000,0.000,-222623
8.1605295,1105919591,3.227,-9.137,-0.656,0.000,0.000,0.000,-222414
8.1657685,1105924812,3.227,-9.137,-0.656,0.000,0.000,0.000,-222797
8.170979834,1105930033,3.266,-9.137,-0.691,0.000,0.000,0.000,-222338
8.174230417,1105933254,3.266,-9.137,-0.691,0.000,0.000,0.000,-222483
8.180440417,1105939475,3.266,-9.137,-0.691,0.000,0.000,0.000,-222384
8.184937792,1105943696,3.266,-9.137,-0.691,0.000,0.000,0.000,-222825
8.188905084,1105947917,3.266,-9.137,-0.691,0.000,0.000,0.000,-222431
8.193095125,1105952138,3.266,-9.137,-0.691,0.000,0.000,0.000,-222978
8.198317917,1105957359,3.266,-9.137,-0.691,0.000,0.000,0.000,-222929
8.202503542,1105961580,3.266,-9.133,-0.656,0.000,0.000,0.000,-221957
8.2057205,1105964801,3.266,-9.133,-0.656,0.000,0.000,0.000,-222580
8.211946625,1105971022,3.266,-9.133,-0.656,0.000,0.000,0.000,-222037
8.216196875,1105975245,3.266,-9.133,-0.656,0.000,0.000,0.000,-223144
8.220406125,1105979465,3.266,-9.133,-0.656,0.000,0.000,0.000,-222758
8.2246105,1105983686,3.266,-9.133,-0.656,0.000,0.000,0.000,-222439
8.228910167,1105987907,3.266,-9.133,-0.656,0.000,0.000,0.000,-222401
8.233047209,1105992128,3.227,-9.094,-0.691,0.000,0.000,0.000,-222991
8.236263709,1105995349,3.227,-9.094,-0.691,0.000,0.000,0.000,-222592
8.241599334,1106000570,3.227,-9.094,-0.691,0.000,0.000,0.000,-222848
8.245782542,1106004791,3.227,-9.094,-0.691,0.000,0.000,0.000,-222203
8.250003584,1106009012,3.227,-9.094,-0.691,0.000,0.000,0.000,-222392
8.254456959,1106013234,3.227,-9.094,-0.691,0.000,0.000,0.000,-222827
8.259439959,1106018454,3.227,-9.094,-0.691,0.000,0.000,0.000,-222542
8.263681375,1106022675,3.266,-9.137,-0.691,0.000,0.000,0.000,-222631
8.266807917,1106025896,3.266,-9.137,-0.691,0.000,0.000,0.000,-222858
8.272083125,1106031118,3.266,-9.137,-0.691,0.000,0.000,0.000,-223321
8.276325917,1106035339,3.266,-9.137,-0.691,0.000,0.000,0.000,-222159
8.281542792,1106040560,3.266,-9.137,-0.691,0.000,0.000,0.000,-222322
8.285722375,1106044781,3.266,-9.137,-0.691,0.000,0.000,0.000,-222574
8.289983584,1106049002,3.266,-9.137,-0.691,0.000,0.000,0.000,-222422
8.2941565,1106053223,3.305,-9.094,-0.617,0.000,0.000,0.000,-222236
8.2963885,1106055445,3.305,-9.094,-0.617,0.000,0.000,0.000,-222098
8.303079334,1106061666,3.305,-9.094,-0.617,0.000,0.000,0.000,-222652
8.306789792,1106065887,3.305,-9.094,-0.617,0.000,0.000,0.000,-221956
8.311084834,1106070108,3.305,-9.094,-0.617,0.000,0.000,0.000,-222144
8.316287542,1106075329,3.305,-9.094,-0.617,0.000,0.000,0.000,-222675
8.320537584,1106079550,3.305,-9.094,-0.617,0.000,0.000,0.000,-222893
8.324784625,1106083771,3.227,-9.133,-0.730,0.000,0.000,0.000,-222537
8.32705025,1106085992,3.227,-9.133,-0.730,0.000,0.000,0.000,-221765
8.331376042,1106090213,3.227,-9.133,-0.730,0.000,0.000,0.000,-221311
8.335814709,1106094434,3.227,-9.133,-0.730,0.000,0.000,0.000,-222195
8.340598834,1106099655,3.227,-9.133,-0.730,0.000,0.000,0.000,-222526
8.344807334,1106103876,3.227,-9.133,-0.730,0.000,0.000,0.000,-222372
8.349093584,1106108097,3.227,-9.133,-0.730,0.000,0.000,0.000,-222184
8.354391292,1106113318,3.266,-9.133,-0.656,0.000,0.000,0.000,-221663
8.357729417,1106116539,3.266,-9.133,-0.656,0.000,0.000,0.000,-222093
8.363929709,1106122760,3.266,-9.133,-0.656,0.000,0.000,0.000,-223331
8.369022167,1106126981,3.266,-9.133,-0.656,0.000,0.000,0.000,-222241
8.371167292,1106130202,3.266,-9.133,-0.656,0.000,0.000,0.000,-222141
8.375335875,1106134423,3.266,-9.133,-0.656,0.000,0.000,0.000,-222145
8.379592667,1106138644,3.266,-9.133,-0.656,0.000,0.000,0.000,-222793
8.3838755,1106142865,3.266,-9.176,-0.656,0.000,0.000,0.000,-221433
8.386060084,1106145086,3.266,-9.176,-0.656,0.000,0.000,0.000,-222308
8.391520042,1106150307,3.266,-9.176,-0.656,0.000,0.000,0.000,-221959
8.395735,1106154528,3.266,-9.176,-0.656,0.000,0.000,0.000,-221801
8.399949667,1106158749,3.266,-9.176,-0.656,0.000,0.000,0.000,-222169
8.404707167,1106162970,3.266,-9.176,-0.656,0.000,0.000,0.000,-222357
8.409100292,1106168191,3.266,-9.176,-0.656,0.000,0.000,0.000,-221713
8.413314959,1106172412,3.227,-9.094,-0.730,0.000,0.000,0.000,-222133
8.4168985,1106175633,3.227,-9.094,-0.730,0.000,0.000,0.000,-222213
8.422771917,1106181854,3.227,-9.094,-0.730,0.000,0.000,0.000,-222499
8.427048917,1106186075,3.227,-9.094,-0.730,0.000,0.000,0.000,-221848
8.430175667,1106189296,3.227,-9.094,-0.730,0.000,0.000,0.000,-223070
8.434414834,1106193517,3.227,-9.094,-0.730,0.000,0.000,0.000,-222336
8.438660917,1106197738,3.227,-9.094,-0.730,0.000,0.000,0.000,-221679
8.442915584,1106201959,3.266,-9.133,-0.617,0.000,0.000,0.000,-222238
8.4461135,1106205180,3.266,-9.133,-0.617,0.000,0.000,0.000,-222900
8.451546292,1106210401,3.266,-9.133,-0.617,0.000,0.000,0.000,-222813
8.455636209,1106214622,3.266,-9.133,-0.617,0.000,0.000,0.000,-222937
8.4609005,1106219843,3.266,-9.133,-0.617,0.000,0.000,0.000,-221988
8.46525725,1106224064,3.266,-9.133,-0.617,0.000,0.000,0.000,-222567
8.470676084,1106229285,3.266,-9.133,-0.617,0.000,0.000,0.000,-221953
8.474402334,1106233506,3.227,-9.059,-0.691,0.000,0.000,0.000,-222553
8.477681042,1106236727,3.227,-9.059,-0.691,0.000,0.000,0.000,-223069
8.483974084,1106242948,3.227,-9.059,-0.691,0.000,0.000,0.000,-222380
8.488201334,1106247169,3.227,-9.059,-0.691,0.000,0.000,0.000,-222856
8.491477084,1106250390,3.227,-9.059,-0.691,0.000,0.000,0.000,-222307
8.495841375,1106254611,3.227,-9.059,-0.691,0.000,0.000,0.000,-222625
8.499831042,1106258832,3.227,-9.059,-0.691,0.000,0.000,0.000,-222450
8.503112625,1106262053,3.266,-9.137,-0.730,0.000,0.000,0.000,-223013
8.505148,1106264274,3.266,-9.137,-0.730,0.000,0.000,0.000,-222803
8.509711375,1106268495,3.266,-9.137,-0.730,0.000,0.000,0.000,-222726
8.513684084,1106272717,3.266,-9.137,-0.730,0.000,0.000,0.000,-222278
8.518903667,1106277937,3.266,-9.137,-0.730,0.000,0.000,0.000,-222446
8.523138084,1106282158,3.266,-9.137,-0.730,0.000,0.000,0.000,-222619
8.527442875,1106286379,3.266,-9.137,-0.730,0.000,0.000,0.000,-222316
8.531268417,1106289600,3.266,-9.133,-0.656,0.000,0.000,0.000,-222224
8.533380542,1106291821,3.266,-9.133,-0.656,0.000,0.000,0.000,-222190
8.539320792,1106298042,3.266,-9.133,-0.656,0.000,0.000,0.000,-223501
8.543177667,1106302263,3.266,-9.133,-0.656,0.000,0.000,0.000,-222106
8.548448459,1106307484,3.266,-9.133,-0.656,0.000,0.000,0.000,-222026
8.552652625,1106311705,3.266,-9.133,-0.656,0.000,0.000,0.000,-221688
8.557900292,1106316926,3.266,-9.133,-0.656,0.000,0.000,0.000,-222779
8.562188875,1106321147,3.266,-9.137,-0.730,0.000,0.000,0.000,-221958
8.564554792,1106323368,3.266,-9.137,-0.730,0.000,0.000,0.000,-222066
8.569944542,1106327589,3.266,-9.137,-0.730,0.000,0.000,0.000,-222915
8.573010167,1106331810,3.266,-9.137,-0.730,0.000,0.000,0.000,-222635
8.578072,1106337031,3.266,-9.137,-0.730,0.000,0.000,0.000,-222442
8.582258417,1106341252,3.266,-9.137,-0.730,0.000,0.000,0.000,-223139
8.58662925,1106345473,3.266,-9.137,-0.730,0.000,0.000,0.000,-222782
8.591947084,1106350694,3.266,-9.133,-0.656,0.000,0.000,0.000,-221834
8.594120917,1106352915,3.266,-9.133,-0.656,0.000,0.000,0.000,-221683
8.599302584,1106358136,3.266,-9.133,-0.656,0.000,0.000,0.000,-222826
8.603668167,1106362357,3.266,-9.133,-0.656,0.000,0.000,0.000,-222676
8.606536209,1106365578,3.266,-9.133,-0.656,0.000,0.000,0.000,-222249
8.611712042,1106370799,3.266,-9.133,-0.656,0.000,0.000,0.000,-221273
8.615915709,1106375020,3.266,-9.133,-0.656,0.000,0.000,0.000,-222633
8.621198542,1106380241,3.266,-9.098,-0.730,0.000,0.000,0.000,-222541
8.623432084,1106382462,3.266,-9.098,-0.730,0.000,0.000,0.000,-222429
8.628658459,1106387683,3.266,-9.098,-0.730,0.000,0.000,0.000,-222402
8.632846167,1106391904,3.266,-9.098,-0.730,0.000,0.000,0.000,-223151
8.638146667,1106397125,3.266,-9.098,-0.730,0.000,0.000,0.000,-222117
8.642311792,1106401346,3.266,-9.176,-0.656,0.000,0.000,0.000,-222389
8.645542084,1106404567,3.266,-9.176,-0.656,0.000,0.000,0.000,-222692
8.650751584,1106409788,3.266,-9.176,-0.656,0.000,0.000,0.000,-223031
8.655036084,1106414009,3.266,-9.176,-0.656,0.000,0.000,0.000,-222692
8.659159167,1106418230,3.266,-9.176,-0.656,0.000,0.000,0.000,-222525
8.663357292,1106422451,3.266,-9.176,-0.656,0.000,0.000,0.000,-222069
8.666583125,1106425672,3.266,-9.176,-0.656,0.000,0.000,0.000,-222454
8.671024709,1106429893,3.305,-9.137,-0.691,0.000,0.000,0.000,-222962
8.674036292,1106433114,3.305,-9.137,-0.691,0.000,0.000,0.000,-222107
8.680234709,1106439336,3.305,-9.137,-0.691,0.000,0.000,0.000,-222282
8.684518584,1106443557,3.305,-9.137,-0.691,0.000,0.000,0.000,-222059
8.6887735,1106447778,3.305,-9.137,-0.691,0.000,0.000,0.000,-222274
8.694063375,1106452999,3.305,-9.137,-0.691,0.000,0.000,0.000,-222541
8.699386167,1106458220,3.305,-9.137,-0.691,0.000,0.000,0.000,-221933
8.704785375,1106462442,3.266,-9.133,-0.656,0.000,0.000,0.000,-222070
8.705865709,1106464663,3.266,-9.133,-0.656,0.000,0.000,0.000,-222664
8.710877459,1106469884,3.266,-9.133,-0.656,0.000,0.000,0.000,-222267
8.715080834,1106474105,3.266,-9.133,-0.656,0.000,0.000,0.000,-222087
8.721389,1106480326,3.266,-9.133,-0.656,0.000,0.000,0.000,-222244
8.72570875,1106484547,3.266,-9.133,-0.656,0.000,0.000,0.000,-223179
8.730103542,1106488768,3.266,-9.133,-0.656,0.000,0.000,0.000,-221470
8.734261667,1106492989,3.266,-9.133,-0.617,0.000,0.000,0.000,-222449
8.738238834,1106496210,3.266,-9.133,-0.617,0.000,0.000,0.000,-222667
8.743394042,1106502431,3.266,-9.133,-0.617,0.000,0.000,0.000,-222063
8.748674375,1106507652,3.266,-9.133,-0.617,0.000,0.000,0.000,-222877
8.75292075,1106511873,3.266,-9.133,-0.617,0.000,0.000,0.000,-221719
8.758291542,1106517094,3.266,-9.133,-0.617,0.000,0.000,0.000,-222069
8.76247325,1106521315,3.266,-9.133,-0.617,0.000,0.000,0.000,-221899
8.766478667,1106525536,3.266,-9.137,-0.730,0.000,0.000,0.000,-222658
8.768622834,1106527757,3.266,-9.137,-0.730,0.000,0.000,0.000,-222814
8.772945625,1106531978,3.266,-9.137,-0.730,0.000,0.000,0.000,-221601
8.777158,1106536199,3.266,-9.137,-0.730,0.000,0.000,0.000,-222130
8.78136325,1106540420,3.266,-9.137,-0.730,0.000,0.000,0.000,-222455
8.787026042,1106545641,3.266,-9.137,-0.730,0.000,0.000,0.000,-222964
8.790820292,1106549862,3.266,-9.137,-0.730,0.000,0.000,0.000,-221956
8.794056292,1106553083,3.305,-9.176,-0.656,0.000,0.000,0.000,-221887
8.796254875,1106555304,3.305,-9.176,-0.656,0.000,0.000,0.000,-221416
8.801460875,1106560525,3.305,-9.176,-0.656,0.000,0.000,0.000,-221649
8.80585575,1106564746,3.305,-9.176,-0.656,0.000,0.000,0.000,-222324
8.811924,1106570967,3.305,-9.176,-0.656,0.000,0.000,0.000,-222802
8.816150167,1106575188,3.305,-9.176,-0.656,0.000,0.000,0.000,-221931
8.821352625,1106580409,3.305,-9.176,-0.656,0.000,0.000,0.000,-222425
8.825594459,1106584630,3.266,-9.133,-0.617,0.000,0.000,0.000,-222570
8.828814959,1106587851,3.266,-9.133,-0.617,0.000,0.000,0.000,-222261
8.834056792,1106593072,3.266,-9.133,-0.617,0.000,0.000,0.000,-222365
8.839349959,1106598293,3.266,-9.133,-0.617,0.000,0.000,0.000,-222314
8.843514042,1106602514,3.266,-9.133,-0.617,0.000,0.000,0.000,-223446
8.848713959,1106607735,3.266,-9.133,-0.617,0.000,0.000,0.000,-221641
8.854296667,1106612956,3.266,-9.133,-0.617,0.000,0.000,0.000,-222065
8.859156084,1106618177,3.305,-9.172,-0.730,0.000,0.000,0.000,-222148
8.861389792,1106620399,3.305,-9.172,-0.730,0.000,0.000,0.000,-222159
8.866602209,1106625619,3.305,-9.172,-0.730,0.000,0.000,0.000,-222658
8.870911,1106629840,3.305,-9.172,-0.730,0.000,0.000,0.000,-222332
8.87504625,1106634061,3.305,-9.172,-0.730,0.000,0.000,0.000,-222613
8.879247709,1106638282,3.305,-9.172,-0.730,0.000,0.000,0.000,-222008
8.883483959,1106642503,3.305,-9.172,-0.730,0.000,0.000,0.000,-221778
8.886703875,1106645724,3.305,-9.133,-0.656,0.000,0.000,0.000,-222212
8.888935834,1106647945,3.305,-9.133,-0.656,0.000,0.000,0.000,-221976
8.894217542,1106653166,3.305,-9.133,-0.656,0.000,0.000,0.000,-221953
8.898548834,1106657387,3.305,-9.133,-0.656,0.000,0.000,0.000,-221807
8.904603625,1106661608,3.305,-9.133,-0.656,0.000,0.000,0.000,-222474
8.907130459,1106665829,3.305,-9.133,-0.656,0.000,0.000,0.000,-222704
8.911048917,1106670050,3.305,-9.133,-0.656,0.000,0.000,0.000,-222761
8.915225625,1106674271,3.266,-9.133,-0.656,0.000,0.000,0.000,-222197
8.918452125,1106677492,3.266,-9.133,-0.656,0.000,0.000,0.000,-222500
8.924760292,1106683713,3.266,-9.133,-0.656,0.000,0.000,0.000,-222310
8.929190209,1106687934,3.266,-9.133,-0.656,0.000,0.000,0.000,-221825
8.9323105,1106691155,3.266,-9.133,-0.656,0.000,0.000,0.000,-222640
8.937526042,1106695376,3.266,-9.133,-0.656,0.000,0.000,0.000,-222526
8.941497667,1106700597,3.266,-9.133,-0.656,0.000,0.000,0.000,-222037
8.945790542,1106704818,3.227,-9.094,-0.730,0.000,0.000,0.000,-222264
8.949049417,1106708039,3.227,-9.094,-0.730,0.000,0.000,0.000,-222607
8.954335834,1106713260,3.227,-9.094,-0.730,0.000,0.000,0.000,-222220
8.959503875,1106718481,3.227,-9.094,-0.730,0.000,0.000,0.000,-222605
8.963880417,1106722687,3.227,-9.094,-0.730,0.000,0.000,0.000,-222605
8.9694265,1106727907,3.227,-9.094,-0.730,0.000,0.000,0.000,-222399
8.973137417,1106732128,3.227,-9.094,-0.730,0.000,0.000,0.000,-222391
8.977320375,1106736349,3.266,-9.098,-0.691,0.000,0.000,0.000,-221614
8.97952825,1106738570,3.266,-9.098,-0.691,0.000,0.000,0.000,-222266
8.984791875,1106743791,3.266,-9.098,-0.691,0.000,0.000,0.000,-222335
8.989088542,1106748012,3.266,-9.098,-0.691,0.000,0.000,0.000,-222821
8.993477709,1106752235,3.266,-9.098,-0.691,0.000,0.000,0.000,-222058
8.998641542,1106757455,3.266,-9.098,-0.691,0.000,0.000,0.000,-222787
9.003967542,1106762676,3.266,-9.098,-0.691,0.000,0.000,0.000,-221997
9.007825709,1106766897,3.266,-9.133,-0.656,0.000,0.000,0.000,-222331
9.010053459,1106769118,3.266,-9.133,-0.656,0.000,0.000,0.000,-222027
9.014305375,1106773339,3.266,-9.133,-0.656,0.000,0.000,0.000,-222084
9.018509959,1106777560,3.266,-9.133,-0.656,0.000,0.000,0.000,-222609
9.022755917,1106781781,3.266,-9.133,-0.656,0.000,0.000,0.000,-222162
9.026951,1106786002,3.266,-9.133,-0.656,0.000,0.000,0.000,-222887
9.031261,1106790223,3.266,-9.133,-0.656,0.000,0.000,0.000,-221900
9.034363,1106793444,3.227,-9.094,-0.730,0.000,0.000,0.000,-223022
9.03762575,1106796665,3.227,-9.094,-0.730,0.000,0.000,0.000,-222019
9.044172084,1106802886,3.227,-9.094,-0.730,0.000,0.000,0.000,-222424
9.048079125,1106807107,3.227,-9.094,-0.730,0.000,0.000,0.000,-222077
9.052294625,1106811328,3.227,-9.094,-0.730,0.000,0.000,0.000,-221894
9.057529834,1106816549,3.227,-9.094,-0.730,0.000,0.000,0.000,-222656
9.064771875,1106823770,3.227,-9.094,-0.730,0.000,0.000,0.000,-222625
9.069744334,1106827991,3.227,-9.098,-0.656,0.000,0.000,0.000,-222553
9.071133875,1106830212,3.227,-9.098,-0.656,0.000,0.000,0.000,-222488
9.075394,1106834434,3.227,-9.098,-0.656,0.000,0.000,0.000,-221864
9.079619,1106838655,3.227,-9.098,-0.656,0.000,0.000,0.000,-222859
9.083846459,1106842876,3.227,-9.098,-0.656,0.000,0.000,0.000,-222036
9.089091125,1106848097,3.227,-9.098,-0.656,0.000,0.000,0.000,-222142
9.093367375,1106852318,3.227,-9.098,-0.656,0.000,0.000,0.000,-221930
9.098718584,1106857539,3.266,-9.098,-0.691,0.000,0.000,0.000,-222247
9.100715167,1106859760,3.266,-9.098,-0.691,0.000,0.000,0.000,-222995
9.106897292,1106865981,3.266,-9.098,-0.691,0.000,0.000,0.000,-222551
9.111157459,1106870202,3.266,-9.098,-0.691,0.000,0.000,0.000,-221937
9.115399625,1106874423,3.266,-9.098,-0.691,0.000,0.000,0.000,-221409
9.120667209,1106879644,3.266,-9.098,-0.691,0.000,0.000,0.000,-222230
9.1251565,1106883865,3.266,-9.098,-0.691,0.000,0.000,0.000,-222942
9.129159584,1106888071,3.266,-9.137,-0.691,0.000,0.000,0.000,-222942
9.132459,1106891291,3.266,-9.137,-0.691,0.000,0.000,0.000,-222432
9.138726875,1106897512,3.266,-9.137,-0.691,0.000,0.000,0.000,-222798
9.1427125,1106901733,3.266,-9.137,-0.691,0.000,0.000,0.000,-222430
9.146875,1106905954,3.266,-9.137,-0.691,0.000,0.000,0.000,-222570
9.151122084,1106910175,3.266,-9.137,-0.691,0.000,0.000,0.000,-222053
9.154395834,1106913396,3.266,-9.137,-0.691,0.000,0.000,0.000,-222079
9.159832917,1106918617,3.227,-9.094,-0.691,0.000,0.000,0.000,-222103
9.161742,1106920838,3.227,-9.094,-0.691,0.000,0.000,0.000,-222531
9.165948625,1106925059,3.227,-9.094,-0.691,0.000,0.000,0.000,-222309
9.170241584,1106929280,3.227,-9.094,-0.691,0.000,0.000,0.000,-223108
9.17430825,1106933501,3.227,-9.094,-0.691,0.000,0.000,0.000,-222346
9.179683667,1106938722,3.227,-9.094,-0.691,0.000,0.000,0.000,-222174
9.183841834,1106942943,3.227,-9.094,-0.691,0.000,0.000,0.000,-222190
9.188065584,1106947164,3.266,-9.137,-0.691,0.000,0.000,0.000,-222745
9.190321167,1106949385,3.266,-9.137,-0.691,0.000,0.000,0.000,-222339
9.1949185,1106953606,3.266,-9.137,-0.691,0.000,0.000,0.000,-221717
9.199750709,1106958827,3.266,-9.137,-0.691,0.000,0.000,0.000,-221872
9.203013542,1106962048,3.266,-9.137,-0.691,0.000,0.000,0.000,-223250
9.207173209,1106966270,3.266,-9.137,-0.691,0.000,0.000,0.000,-222463
9.211389417,1106970493,3.266,-9.137,-0.691,0.000,0.000,0.000,-222288
9.215619709,1106974714,3.266,-9.133,-0.656,0.000,0.000,0.000,-222247
9.218853375,1106977935,3.266,-9.133,-0.656,0.000,0.000,0.000,-221769
9.225051042,1106984156,3.266,-9.133,-0.656,0.000,0.000,0.000,-222914
9.229640584,1106988377,3.266,-9.133,-0.656,0.000,0.000,0.000,-222545
9.233537375,1106992598,3.266,-9.133,-0.656,0.000,0.000,0.000,-222229
9.238748334,1106997819,3.266,-9.133,-0.656,0.000,0.000,0.000,-222195
9.243006625,1107002040,3.266,-9.133,-0.656,0.000,0.000,0.000,-222179
9.247171709,1107006261,3.266,-9.137,-0.691,0.000,0.000,0.000,-222533
9.250441917,1107009482,3.266,-9.137,-0.691,0.000,0.000,0.000,-221421
9.254652167,1107013703,3.266,-9.137,-0.691,0.000,0.000,0.000,-222319
9.259869709,1107018924,3.266,-9.137,-0.691,0.000,0.000,0.000,-222458
9.264405167,1107023145,3.266,-9.137,-0.691,0.000,0.000,0.000,-223033
9.268313459,1107027366,3.266,-9.137,-0.691,0.000,0.000,0.000,-222386
9.272520334,1107031587,3.266,-9.137,-0.691,0.000,0.000,0.000,-221725
9.276708042,1107035808,3.266,-9.137,-0.691,0.000,0.000,0.000,-222322
9.278931709,1107038029,3.266,-9.137,-0.691,0.000,0.000,0.000,-221821
9.284186042,1107043250,3.266,-9.137,-0.691,0.000,0.000,0.000,-222536
9.288401,1107047471,3.266,-9.137,-0.691,0.000,0.000,0.000,-222337
9.291594375,1107050692,3.266,-9.137,-0.691,0.000,0.000,0.000,-221894
9.295881125,1107054913,3.266,-9.137,-0.691,0.000,0.000,0.000,-222428
9.300080917,1107059134,3.266,-9.137,-0.691,0.000,0.000,0.000,-223232
9.304373125,1107063355,3.266,-9.094,-0.656,0.000,0.000,0.000,-222463
9.306592709,1107065576,3.266,-9.094,-0.656,0.000,0.000,0.000,-222444
9.313778042,1107072797,3.266,-9.094,-0.656,0.000,0.000,0.000,-222545
9.31901475,1107078018,3.266,-9.094,-0.656,0.000,0.000,0.000,-222463
9.324205542,1107083239,3.266,-9.094,-0.656,0.000,0.000,0.000,-221874
9.329464042,1107088460,3.266,-9.094,-0.656,0.000,0.000,0.000,-222635
9.334032667,1107092681,3.266,-9.094,-0.656,0.000,0.000,0.000,-221738
9.338854209,1107097902,3.266,-9.094,-0.770,0.000,0.000,0.000,-222828
9.341175959,1107100123,3.266,-9.094,-0.770,0.000,0.000,0.000,-222088
9.345425167,1107104344,3.266,-9.094,-0.770,0.000,0.000,0.000,-223276
9.349568792,1107108565,3.266,-9.094,-0.770,0.000,0.000,0.000,-221503
9.353756209,1107112786,3.266,-9.094,-0.770,0.000,0.000,0.000,-222254
9.359132167,1107118007,3.266,-9.094,-0.770,0.000,0.000,0.000,-222210
9.363412,1107122229,3.266,-9.094,-0.770,0.000,0.000,0.000,-221896
9.366639292,1107125450,3.305,-9.094,-0.617,0.000,0.000,0.000,-222964
9.369977209,1107128671,3.305,-9.094,-0.617,0.000,0.000,0.000,-222366
9.3748145,1107133892,3.305,-9.094,-0.617,0.000,0.000,0.000,-222210
9.381271334,1107140113,3.305,-9.094,-0.617,0.000,0.000,0.000,-222259
9.385288334,1107144334,3.305,-9.094,-0.617,0.000,0.000,0.000,-222595
9.390829417,1107149555,3.305,-9.094,-0.617,0.000,0.000,0.000,-222406
9.394963667,1107153776,3.305,-9.094,-0.617,0.000,0.000,0.000,-222616
9.40019075,1107158997,3.266,-9.098,-0.730,0.000,0.000,0.000,-222393
9.402212209,1107161218,3.266,-9.098,-0.730,0.000,0.000,0.000,-222301
9.406380542,1107165439,3.266,-9.098,-0.730,0.000,0.000,0.000,-222491
9.410653584,1107169660,3.266,-9.098,-0.730,0.000,0.000,0.000,-222921
9.413814625,1107172881,3.266,-9.098,-0.730,0.000,0.000,0.000,-221846
9.419074709,1107178102,3.266,-9.098,-0.730,0.000,0.000,0.000,-222477
9.422269334,1107181323,3.266,-9.137,-0.730,0.000,0.000,0.000,-223023
9.426490334,1107185544,3.266,-9.137,-0.730,0.000,0.000,0.000,-221883
9.430716709,1107189766,3.266,-9.137,-0.730,0.000,0.000,0.000,-222112
9.435021375,1107193987,3.266,-9.137,-0.730,0.000,0.000,0.000,-221900
9.440249334,1107199208,3.266,-9.137,-0.730,0.000,0.000,0.000,-222204
9.444387709,1107203430,3.266,-9.137,-0.730,0.000,0.000,0.000,-222375
9.447600709,1107206651,3.266,-9.098,-0.691,0.000,0.000,0.000,-222005
9.449975,1107208872,3.266,-9.098,-0.691,0.000,0.000,0.000,-222098
9.455084542,1107214093,3.266,-9.098,-0.691,0.000,0.000,0.000,-221479
9.459230709,1107218314,3.266,-9.098,-0.691,0.000,0.000,0.000,-222164
9.463480667,1107222535,3.266,-9.098,-0.691,0.000,0.000,0.000,-221923
9.468698125,1107227756,3.266,-9.098,-0.691,0.000,0.000,0.000,-222321
9.473891542,1107232977,3.266,-9.098,-0.691,0.000,0.000,0.000,-222014
9.479146,1107238198,3.266,-9.094,-0.770,0.000,0.000,0.000,-222718
9.482355042,1107241419,3.266,-9.094,-0.770,0.000,0.000,0.000,-222616
9.488613542,1107247640,3.266,-9.094,-0.770,0.000,0.000,0.000,-222008
9.493004542,1107251861,3.266,-9.094,-0.770,0.000,0.000,0.000,-221498
9.496138375,1107255082,3.266,-9.094,-0.770,0.000,0.000,0.000,-222720
9.501490167,1107260303,3.266,-9.094,-0.770,0.000,0.000,0.000,-222351
9.504742709,1107263524,3.266,-9.094,-0.770,0.000,0.000,0.000,-222244
9.50865025,1107267745,3.227,-9.137,-0.656,0.000,0.000,0.000,-222822
9.510905417,1107269966,3.227,-9.137,-0.656,0.000,0.000,0.000,-222255
9.516191084,1107275187,3.227,-9.137,-0.656,0.000,0.000,0.000,-221838
9.521405584,1107280408,3.227,-9.137,-0.656,0.000,0.000,0.000,-222557
9.525676084,1107284629,3.227,-9.137,-0.656,0.000,0.000,0.000,-221847
9.5301765,1107288850,3.227,-9.137,-0.656,0.000,0.000,0.000,-222085
9.534257292,1107293071,3.227,-9.137,-0.656,0.000,0.000,0.000,-221943
9.5391975,1107298292,3.266,-9.137,-0.691,0.000,0.000,0.000,-222583
9.54139675,1107300513,3.266,-9.137,-0.691,0.000,0.000,0.000,-222398
9.546669459,1107305734,3.266,-9.137,-0.691,0.000,0.000,0.000,-222495
9.550980542,1107309955,3.266,-9.137,-0.691,0.000,0.000,0.000,-222530
9.555251292,1107314176,3.266,-9.137,-0.691,0.000,0.000,0.000,-221716
9.561313125,1107320397,3.266,-9.137,-0.691,0.000,0.000,0.000,-221719
9.565834709,1107324618,3.266,-9.137,-0.691,0.000,0.000,0.000,-222469
9.569759709,1107328839,3.227,-9.172,-0.617,0.000,0.000,0.000,-222132
9.572988709,1107332060,3.227,-9.172,-0.617,0.000,0.000,0.000,-222572
9.579289209,1107338281,3.227,-9.172,-0.617,0.000,0.000,0.000,-222287
9.583502792,1107342502,3.227,-9.172,-0.617,0.000,0.000,0.000,-223034
9.58770675,1107346723,3.227,-9.172,-0.617,0.000,0.000,0.000,-222347
9.593148584,1107351944,3.227,-9.172,-0.617,0.000,0.000,0.000,-221950
9.597395084,1107356165,3.227,-9.172,-0.617,0.000,0.000,0.000,-222382
9.603428917,1107361389,3.266,-9.133,-0.656,0.000,0.000,0.000,-222370
9.604580209,1107363609,3.266,-9.133,-0.656,0.000,0.000,0.000,-222453
9.608789,1107367830,3.266,-9.133,-0.656,0.000,0.000,0.000,-221924
9.613007292,1107372051,3.266,-9.133,-0.656,0.000,0.000,0.000,-222800
9.616227125,1107375272,3.266,-9.133,-0.656,0.000,0.000,0.000,-222884
9.621465792,1107380493,3.266,-9.133,-0.656,0.000,0.000,0.000,-222936
9.625679834,1107384714,3.266,-9.133,-0.656,0.000,0.000,0.000,-222187
9.630074917,1107388935,3.266,-9.137,-0.730,0.000,0.000,0.000,-221687
9.632102584,1107391156,3.266,-9.137,-0.730,0.000,0.000,0.000,-222258
9.639073334,1107397377,3.266,-9.137,-0.730,0.000,0.000,0.000,-223221
9.642585792,1107401598,3.266,-9.137,-0.730,0.000,0.000,0.000,-222714
9.646804667,1107405819,3.266,-9.137,-0.730,0.000,0.000,0.000,-221685
9.651041042,1107410040,3.266,-9.137,-0.730,0.000,0.000,0.000,-221917
9.656301084,1107415261,3.266,-9.137,-0.730,0.000,0.000,0.000,-222319
9.660403792,1107419482,3.227,-9.098,-0.617,0.000,0.000,0.000,-222298
9.662662375,1107421703,3.227,-9.098,-0.617,0.000,0.000,0.000,-222408
9.666853167,1107425924,3.227,-9.098,-0.617,0.000,0.000,0.000,-222289
9.671137459,1107430145,3.305,-9.133,-0.656,0.000,0.000,0.000,-222714
9.673380292,1107432366,3.305,-9.133,-0.656,0.000,0.000,0.000,-222293
9.677526084,1107436587,3.305,-9.133,-0.656,0.000,0.000,0.000,-222462
9.681805584,1107440808,3.305,-9.133,-0.656,0.000,0.000,0.000,-223050
9.68601375,1107445029,3.305,-9.133,-0.656,0.000,0.000,0.000,-222035
9.6914395,1107450250,3.305,-9.133,-0.656,0.000,0.000,0.000,-222507
9.696722667,1107455471,3.305,-9.133,-0.656,0.000,0.000,0.000,-222439
9.701911667,1107460692,3.344,-9.098,-0.656,0.000,0.000,0.000,-222417
9.70486375,1107463913,3.344,-9.098,-0.656,0.000,0.000,0.000,-222785
9.7110785,1107470134,3.344,-9.098,-0.656,0.000,0.000,0.000,-222508
9.715315084,1107474355,3.344,-9.098,-0.656,0.000,0.000,0.000,-222262
9.72055675,1107479576,3.344,-9.098,-0.656,0.000,0.000,0.000,-222990
9.724812125,1107483797,3.344,-9.098,-0.656,0.000,0.000,0.000,-222252
9.729091209,1107488018,3.344,-9.098,-0.656,0.000,0.000,0.000,-223115
9.732404625,1107491239,3.266,-9.137,-0.691,0.000,0.000,0.000,-222370
9.7344105,1107493460,3.266,-9.137,-0.691,0.000,0.000,0.000,-221598
9.739639,1107498681,3.266,-9.137,-0.691,0.000,0.000,0.000,-222408
9.743857375,1107502902,3.266,-9.137,-0.691,0.000,0.000,0.000,-222607
9.749142917,1107508123,3.266,-9.137,-0.691,0.000,0.000,0.000,-222307
9.753261209,1107512344,3.266,-9.137,-0.691,0.000,0.000,0.000,-223035
9.758560709,1107517565,3.266,-9.137,-0.691,0.000,0.000,0.000,-222379
9.762779042,1107521786,3.266,-9.137,-0.730,0.000,0.000,0.000,-222086
9.764965542,1107524007,3.266,-9.137,-0.730,0.000,0.000,0.000,-222848
9.770184667,1107529228,3.266,-9.137,-0.730,0.000,0.000,0.000,-222600
9.774433292,1107533449,3.266,-9.137,-0.730,0.000,0.000,0.000,-222164
9.779632917,1107538670,3.266,-9.137,-0.730,0.000,0.000,0.000,-222520
9.783873,1107542891,3.266,-9.137,-0.730,0.000,0.000,0.000,-222783
9.788089709,1107547112,3.266,-9.137,-0.730,0.000,0.000,0.000,-222247
9.791272,1107550333,3.266,-9.098,-0.730,0.000,0.000,0.000,-222852
9.794593584,1107553554,3.266,-9.098,-0.730,0.000,0.000,0.000,-221646
9.799702375,1107558775,3.266,-9.098,-0.730,0.000,0.000,0.000,-222222
9.80398375,1107562996,3.266,-9.098,-0.730,0.000,0.000,0.000,-223299
9.809184,1107568217,3.266,-9.098,-0.730,0.000,0.000,0.000,-221927
9.813398959,1107572438,3.266,-9.098,-0.730,0.000,0.000,0.000,-222597
9.81865125,1107577659,3.266,-9.098,-0.730,0.000,0.000,0.000,-222709
9.82285275,1107581880,3.266,-9.137,-0.691,0.000,0.000,0.000,-222147
9.825058084,1107584101,3.266,-9.137,-0.691,0.000,0.000,0.000,-222273
9.830270084,1107589322,3.266,-9.137,-0.691,0.000,0.000,0.000,-222317
9.834509709,1107593543,3.266,-9.137,-0.691,0.000,0.000,0.000,-222139
9.839012042,1107597764,3.266,-9.137,-0.691,0.000,0.000,0.000,-223064
9.843001667,1107601985,3.266,-9.137,-0.691,0.000,0.000,0.000,-222021
9.847192709,1107606208,3.266,-9.137,-0.691,0.000,0.000,0.000,-222353
9.852600875,1107611428,3.227,-9.098,-0.617,0.000,0.000,0.000,-222088
9.854624834,1107613649,3.227,-9.098,-0.617,0.000,0.000,0.000,-222623
9.859839792,1107618870,3.227,-9.098,-0.617,0.000,0.000,0.000,-221904
9.864075334,1107623091,3.227,-9.098,-0.617,0.000,0.000,0.000,-222278
9.868447709,1107627312,3.227,-9.098,-0.617,0.000,0.000,0.000,-222351
9.872485084,1107631533,3.227,-9.098,-0.617,0.000,0.000,0.000,-221778
9.876717417,1107635754,3.227,-9.098,-0.617,0.000,0.000,0.000,-221599
9.880940875,1107639975,3.266,-9.137,-0.691,0.000,0.000,0.000,-222698
9.883163417,1107642196,3.266,-9.137,-0.691,0.000,0.000,0.000,-222588
9.888418667,1107647419,3.266,-9.137,-0.691,0.000,0.000,0.000,-222344
9.891662667,1107650640,3.266,-9.137,-0.691,0.000,0.000,0.000,-222382
9.896067459,1107654861,3.266,-9.137,-0.691,0.000,0.000,0.000,-222122
9.901455584,1107660082,3.266,-9.137,-0.691,0.000,0.000,0.000,-222464
9.905309209,1107664303,3.266,-9.137,-0.691,0.000,0.000,0.000,-222224
9.909448334,1107668524,3.266,-9.133,-0.656,0.000,0.000,0.000,-222527
9.912696709,1107671745,3.266,-9.133,-0.656,0.000,0.000,0.000,-222355
9.919054834,1107677966,3.266,-9.133,-0.656,0.000,0.000,0.000,-222813
9.923188459,1107682187,3.266,-9.133,-0.656,0.000,0.000,0.000,-222384
9.927438459,1107686409,3.266,-9.133,-0.656,0.000,0.000,0.000,-221925
9.931725959,1107690629,3.266,-9.133,-0.656,0.000,0.000,0.000,-222271
9.93535575,1107693850,3.266,-9.094,-0.617,0.000,0.000,0.000,-222595
9.937964084,1107696071,3.266,-9.094,-0.617,0.000,0.000,0.000,-222491
9.9422,1107701292,3.266,-9.094,-0.617,0.000,0.000,0.000,-222486
9.946482584,1107705513,3.266,-9.094,-0.617,0.000,0.000,0.000,-222010
9.951755167,1107710734,3.266,-9.094,-0.617,0.000,0.000,0.000,-222711
9.956029542,1107714955,3.266,-9.094,-0.617,0.000,0.000,0.000,-222598
9.961353,1107720176,3.266,-9.094,-0.617,0.000,0.000,0.000,-221811
9.965599709,1107724397,3.305,-9.137,-0.691,0.000,0.000,0.000,-221707
9.969103667,1107727618,3.305,-9.137,-0.691,0.000,0.000,0.000,-222227
9.97377575,1107732839,3.305,-9.137,-0.691,0.000,0.000,0.000,-222102
9.979058709,1107738060,3.305,-9.137,-0.691,0.000,0.000,0.000,-222525
9.982231875,1107741281,3.305,-9.137,-0.691,0.000,0.000,0.000,-222473
9.987432167,1107746502,3.305,-9.137,-0.691,0.000,0.000,0.000,-222797
9.99283425,1107751723,3.305,-9.137,-0.691,0.000,0.000,0.000,-222684
9.997175834,1107755944,3.266,-9.137,-0.691,0.000,0.000,0.000,-221628
10.000346292,1107759165,3.266,-9.137,-0.691,0.000,0.000,0.000,-222868
10.007593667,1107766386,3.266,-9.137,-0.691,0.000,0.000,0.000,-222640
10.011552834,1107770607,3.266,-9.137,-0.691,0.000,0.000,0.000,-222194
10.0157945,1107774828,3.266,-9.137,-0.691,0.000,0.000,0.000,-222677
10.021163334,1107780049,3.266,-9.137,-0.691,0.000,0.000,0.000,-223152
10.025234417,1107784270,3.266,-9.137,-0.691,0.000,0.000,0.000,-222356
10.029436125,1107788491,3.305,-9.137,-0.730,0.000,0.000,0.000,-222107
10.032795667,1107791712,3.305,-9.137,-0.730,0.000,0.000,0.000,-222873
10.03890525,1107797933,3.305,-9.137,-0.730,0.000,0.000,0.000,-222446
10.043144709,1107802154,3.305,-9.137,-0.730,0.000,0.000,0.000,-222776
10.047369042,1107806375,3.305,-9.137,-0.730,0.000,0.000,0.000,-222649
10.0516025,1107810596,3.305,-9.137,-0.730,0.000,0.000,0.000,-222253
10.055860625,1107814817,3.305,-9.137,-0.730,0.000,0.000,0.000,-222723
10.0610305,1107820038,3.227,-9.137,-0.617,0.000,0.000,0.000,-222620
10.064242209,1107823259,3.227,-9.137,-0.617,0.000,0.000,0.000,-222322
10.072479709,1107831480,3.227,-9.137,-0.617,0.000,0.000,0.000,-222111
10.076666334,1107835701,3.227,-9.137,-0.617,0.000,0.000,0.000,-222159
10.080948417,1107839923,3.227,-9.137,-0.617,0.000,0.000,0.000,-222493
10.085101334,1107844144,3.227,-9.137,-0.617,0.000,0.000,0.000,-222553
10.089395084,1107848365,3.227,-9.137,-0.617,0.000,0.000,0.000,-222543
10.092757167,1107851586,3.266,-9.133,-0.617,0.000,0.000,0.000,-222148
10.095894375,1107854807,3.266,-9.133,-0.617,0.000,0.000,0.000,-222044
10.103266542,1107861028,3.266,-9.133,-0.617,0.000,0.000,0.000,-222348
10.106709875,1107865249,3.266,-9.133,-0.617,0.000,0.000,0.000,-222792
10.110414959,1107869470,3.266,-9.133,-0.617,0.000,0.000,0.000,-222031
10.114697542,1107873691,3.266,-9.133,-0.617,0.000,0.000,0.000,-222027
10.119993084,1107878912,3.266,-9.133,-0.617,0.000,0.000,0.000,-222663
10.124200917,1107883133,3.266,-9.137,-0.730,0.000,0.000,0.000,-221996
10.127547875,1107886354,3.266,-9.137,-0.730,0.000,0.000,0.000,-221883
10.132759917,1107891575,3.266,-9.137,-0.730,0.000,0.000,0.000,-222341
10.138085375,1107896796,3.266,-9.137,-0.730,0.000,0.000,0.000,-222798
10.141987042,1107901017,3.266,-9.137,-0.730,0.000,0.000,0.000,-222280
10.146210209,1107905238,3.266,-9.137,-0.730,0.000,0.000,0.000,-222427
10.150470334,1107909459,3.266,-9.137,-0.730,0.000,0.000,0.000,-221638
10.154754542,1107913680,3.305,-9.133,-0.656,0.000,0.000,0.000,-221944
10.158498417,1107916901,3.305,-9.133,-0.656,0.000,0.000,0.000,-222980
10.163315125,1107922122,3.305,-9.133,-0.656,0.000,0.000,0.000,-222334
10.167563375,1107926343,3.305,-9.133,-0.656,0.000,0.000,0.000,-222863
10.171569417,1107930564,3.305,-9.133,-0.656,-0.012,-0.004,0.006,-222545
10.175691417,1107934785,3.305,-9.133,-0.656,-0.002,0.008,0.006,-222437
10.18155975,1107940006,3.305,-9.133,-0.656,0.000,-0.004,-0.002,-222514
10.185180875,1107944227,3.305,-9.098,-0.691,0.000,-0.004,-0.002,-222828
10.188392834,1107947448,3.305,-9.098,-0.691,-0.016,0.008,-0.002,-222869
10.194605792,1107953671,3.305,-9.098,-0.691,-0.002,0.002,0.000,-222244
10.198806875,1107957892,3.305,-9.098,-0.691,0.002,0.002,-0.008,-222672
10.2030375,1107962113,3.305,-9.098,-0.691,0.000,-0.004,-0.002,-222518
10.207231084,1107966335,3.305,-9.098,-0.691,0.006,0.004,0.006,-222384
10.212503875,1107971556,3.305,-9.098,-0.691,0.006,0.006,-0.012,-221880
10.216715167,1107975777,3.266,-9.137,-0.691,0.006,0.006,-0.012,-222827
10.219914209,1107978998,3.266,-9.137,-0.691,0.010,-0.004,-0.014,-222878
10.226157292,1107985219,3.266,-9.137,-0.691,0.006,-0.002,0.002,-221870
10.2303705,1107989440,3.266,-9.137,-0.691,-0.012,-0.002,-0.004,-222115
10.234600459,1107993661,3.266,-9.137,-0.691,0.000,-0.004,-0.010,-222213
10.239956417,1107998882,3.266,-9.137,-0.691,0.000,0.002,0.012,-222489
10.244101334,1108003103,3.266,-9.137,-0.691,-0.004,-0.004,0.010,-221976
10.248269709,1108007324,3.305,-9.137,-0.691,-0.004,-0.004,0.010,-222928
10.251673125,1108010545,3.305,-9.137,-0.691,0.000,0.006,0.012,-222934
10.257724292,1108016766,3.305,-9.137,-0.691,-0.016,-0.008,0.000,-222406
10.2630385,1108021987,3.305,-9.137,-0.691,0.008,0.004,-0.002,-222524
10.267160042,1108026208,3.305,-9.137,-0.691,-0.004,-0.002,-0.008,-222514
10.271754792,1108030429,3.305,-9.137,-0.691,0.000,-0.008,-0.012,-222168
10.275658792,1108034650,3.305,-9.137,-0.691,-0.002,0.004,-0.006,-222043
10.280849959,1108039871,3.266,-9.133,-0.656,-0.002,0.004,-0.006,-222068
10.283059792,1108042092,3.266,-9.133,-0.656,-0.006,0.006,0.004,-221664
10.28720925,1108046313,3.266,-9.133,-0.656,0.004,0.006,0.006,-222547
10.29157025,1108050534,3.266,-9.133,-0.656,0.000,-0.004,-0.002,-222345
10.29571975,1108054755,3.266,-9.133,-0.656,0.000,0.016,0.004,-222012
10.301938917,1108060976,3.266,-9.133,-0.656,-0.002,-0.002,-0.006,-222712
10.3065955,1108065197,3.266,-9.133,-0.656,0.006,0.008,0.006,-222290
10.310381125,1108069419,3.266,-9.133,-0.656,0.006,0.008,0.006,-222335
10.312647375,1108071640,3.266,-9.133,-0.656,-0.004,0.000,-0.006,-222427
10.317872709,1108076861,3.266,-9.133,-0.656,0.000,0.002,-0.008,-222869
10.3230785,1108082082,3.266,-9.133,-0.656,-0.006,-0.004,0.016,-222085
10.32733225,1108086303,3.266,-9.133,-0.656,-0.002,0.006,-0.002,-222702
10.332666292,1108091524,3.266,-9.133,-0.656,0.004,0.006,0.002,-222771
10.337579084,1108095745,3.266,-9.133,-0.656,-0.002,0.006,0.004,-222559
10.34089025,1108099966,3.227,-9.133,-0.691,-0.002,0.006,0.004,-221899
10.344188709,1108103187,3.227,-9.133,-0.691,0.000,-0.014,-0.004,-221594
10.3494435,1108108408,3.227,-9.133,-0.691,-0.002,-0.004,-0.008,-222142
10.353669959,1108112629,3.227,-9.172,-0.656,-0.002,-0.004,-0.008,-221611
10.356958042,1108115850,3.227,-9.172,-0.656,0.000,0.006,-0.008,-222468
10.36229,1108121071,3.227,-9.172,-0.656,0.000,0.000,-0.006,-222718
10.366523125,1108125292,3.227,-9.172,-0.656,-0.018,-0.002,-0.002,-222893
10.370590042,1108129513,3.227,-9.172,-0.656,-0.006,0.006,0.006,-222124
10.375661084,1108134734,3.227,-9.172,-0.656,-0.006,0.008,-0.006,-222519
10.379924834,1108138955,3.227,-9.172,-0.656,-0.004,-0.002,-0.002,-221651
10.3841565,1108143176,3.266,-9.094,-0.656,-0.004,-0.002,-0.002,-222422
10.386323709,1108145397,3.266,-9.094,-0.656,0.008,0.006,-0.002,-222556
10.391589875,1108150618,3.266,-9.094,-0.656,-0.004,0.002,-0.004,-222052
10.39598175,1108154839,3.266,-9.094,-0.656,-0.006,-0.008,-0.006,-222832
10.400274292,1108159060,3.266,-9.094,-0.656,-0.006,-0.002,0.000,-222533
10.404537709,1108163281,3.266,-9.094,-0.656,-0.008,0.006,0.000,-223146
10.409462334,1108168502,3.266,-9.094,-0.656,0.012,-0.002,-0.002,-221307
10.412707209,1108171723,3.266,-9.137,-0.691,0.012,-0.002,-0.002,-222120
10.414863334,1108173944,3.266,-9.137,-0.691,-0.002,0.002,0.006,-223162
10.420128917,1108179165,3.266,-9.137,-0.691,-0.004,-0.004,0.002,-222465
10.424344917,1108183386,3.266,-9.137,-0.691,0.000,-0.006,-0.014,-221673
10.42958325,1108188607,3.266,-9.137,-0.691,-0.006,0.002,0.000,-222275
10.4337705,1108192828,3.266,-9.137,-0.691,0.000,-0.004,-0.008,-222034
10.439115625,1108198049,3.266,-9.137,-0.691,0.006,-0.006,0.006,-222332
10.443295,1108202270,3.227,-9.133,-0.691,0.006,-0.006,0.006,-222171
10.4464635,1108205491,3.227,-9.133,-0.691,0.006,0.008,0.000,-222008
10.451749375,1108210712,3.227,-9.133,-0.691,0.000,-0.002,0.004,-222102
10.455946125,1108214933,3.227,-9.133,-0.691,0.010,0.006,-0.018,-222812
10.46121475,1108220154,3.227,-9.133,-0.691,0.000,-0.004,-0.002,-221581
10.465372375,1108224376,3.227,-9.133,-0.691,-0.004,0.004,-0.010,-222903
10.470404167,1108228597,3.227,-9.137,-0.656,-0.004,0.004,-0.010,-222561
10.472004792,1108230818,3.227,-9.137,-0.656,0.000,0.006,-0.006,-222557
10.476010959,1108235039,3.227,-9.137,-0.656,0.000,-0.008,0.008,-221077
10.480240709,1108239260,3.227,-9.137,-0.656,0.006,-0.002,-0.004,-222292
10.484446542,1108243481,3.227,-9.137,-0.656,0.006,-0.002,0.010,-222705
10.489674209,1108248687,3.227,-9.137,-0.656,0.006,-0.002,0.006,-222705
10.495280209,1108253907,3.227,-9.137,-0.656,0.006,-0.002,0.002,-222259
10.50019625,1108259128,3.266,-9.098,-0.730,0.006,-0.002,0.002,-222573
10.502518042,1108261349,3.266,-9.098,-0.730,0.000,0.004,-0.004,-222362
10.50822175,1108266570,3.266,-9.098,-0.730,0.000,-0.002,-0.004,-222563
10.511761542,1108270791,3.266,-9.098,-0.730,0.006,0.002,-0.006,-221622
10.514974417,1108274012,3.266,-9.098,-0.730,-0.010,-0.008,0.004,-221975
10.520234209,1108279233,3.266,-9.098,-0.730,-0.006,-0.002,-0.006,-223029
10.524468917,1108283454,3.305,-9.137,-0.691,-0.006,-0.002,-0.006,-222568
10.526686125,1108285675,3.305,-9.137,-0.691,0.010,-0.004,0.006,-221890
10.530942209,1108289896,3.305,-9.137,-0.691,0.004,0.008,-0.012,-221213
10.5365695,1108294117,3.305,-9.137,-0.691,-0.002,0.000,0.014,-222191
10.540287167,1108299338,3.305,-9.137,-0.691,-0.006,0.000,-0.002,-222323
10.544554709,1108303559,3.305,-9.137,-0.691,0.006,-0.006,-0.004,-221995
10.548810459,1108307780,3.305,-9.137,-0.691,0.002,-0.004,-0.008,-221906
10.553249125,1108312001,3.266,-9.137,-0.691,0.002,-0.004,-0.008,-222911
10.556311959,1108315222,3.266,-9.137,-0.691,0.000,-0.004,0.004,-221443
10.562637292,1108321443,3.266,-9.137,-0.691,0.004,0.002,0.000,-221830
10.566882917,1108325664,3.266,-9.137,-0.691,0.000,0.000,-0.006,-221540
10.571150584,1108329885,3.266,-9.137,-0.691,-0.002,-0.006,0.014,-222158
10.575025,1108334106,3.266,-9.137,-0.691,0.002,0.002,-0.006,-222509
10.580306542,1108339327,3.266,-9.137,-0.691,0.006,0.002,-0.008,-222426
10.584564,1108343548,3.266,-9.137,-0.691,0.006,0.002,-0.008,-222911
10.588139334,1108346769,3.266,-9.137,-0.691,0.002,-0.006,0.006,-222394
10.593205209,1108351990,3.266,-9.137,-0.691,-0.012,-0.002,-0.004,-222621
10.597416917,1108356212,3.266,-9.137,-0.691,-0.006,0.006,-0.004,-221923
10.601643542,1108360433,3.266,-9.137,-0.691,-0.002,-0.002,0.000,-222916
10.606100792,1108364654,3.266,-9.137,-0.691,0.002,-0.002,-0.006,-222725
10.609824084,1108368875,3.266,-9.137,-0.691,-0.012,-0.006,0.002,-222776
10.614066125,1108373096,3.305,-9.137,-0.730,-0.012,-0.006,0.002,-222042
10.616300375,1108375317,3.305,-9.137,-0.730,0.006,-0.006,0.006,-221103
10.621522292,1108380538,3.305,-9.137,-0.730,0.002,0.006,0.002,-222387
10.625733125,1108384759,3.305,-9.137,-0.730,0.006,-0.002,0.002,-222046
10.629933917,1108388980,3.305,-9.137,-0.730,-0.002,0.014,-0.008,-221636
10.634526792,1108393201,3.305,-9.137,-0.730,-0.002,0.004,0.000,-222117
10.639943459,1108398422,3.305,-9.137,-0.730,0.004,0.002,-0.002,-222261
10.6426335,1108401643,3.266,-9.094,-0.656,0.004,0.002,-0.002,-221977
10.644844334,1108403864,3.266,-9.094,-0.656,-0.006,-0.010,0.012,-222245
10.650086375,1108409085,3.266,-9.094,-0.656,0.000,-0.004,-0.002,-221607
10.655403625,1108414306,3.266,-9.094,-0.656,0.002,-0.002,0.000,-222712
10.660522459,1108419527,3.266,-9.094,-0.656,0.006,0.006,-0.002,-222402
10.664774792,1108423748,3.266,-9.094,-0.656,-0.004,0.006,0.008,-222384
10.669905292,1108427969,3.266,-9.094,-0.656,-0.004,0.004,0.002,-222709
10.672111209,1108431190,3.266,-9.094,-0.656,-0.004,0.004,0.002,-223091
10.674313375,1108433412,3.266,-9.094,-0.656,-0.004,0.004,-0.012,-222060
10.6796315,1108438633,3.266,-9.094,-0.656,0.006,-0.002,0.000,-222437
10.684840959,1108443854,3.266,-9.094,-0.656,0.002,0.006,-0.006,-222103
10.68909475,1108448075,3.266,-9.172,-0.691,0.002,0.006,-0.006,-222734
10.691247625,1108450296,3.266,-9.172,-0.691,0.000,0.002,-0.002,-222979
10.695728959,1108454517,3.266,-9.172,-0.691,0.002,0.002,0.010,-222471
10.700953917,1108459738,3.266,-9.172,-0.691,0.000,0.002,0.006,-222703
10.704985667,1108463960,3.266,-9.172,-0.691,-0.002,-0.008,0.006,-222378
10.710175042,1108469181,3.227,-9.094,-0.730,-0.002,-0.008,0.006,-222175
10.713383667,1108472402,3.227,-9.094,-0.730,0.004,0.002,-0.002,-223289
10.719677042,1108478625,3.227,-9.094,-0.730,0.004,0.004,0.002,-223110
10.723957959,1108482846,3.227,-9.094,-0.730,-0.008,-0.002,0.020,-222273
10.728297125,1108487067,3.227,-9.094,-0.730,0.004,-0.002,-0.008,-222302
10.732477875,1108491288,3.227,-9.094,-0.730,0.008,-0.008,0.004,-222436
10.735873375,1108494509,3.227,-9.094,-0.730,0.008,0.002,-0.002,-222600
10.741204042,1108499730,3.266,-9.133,-0.656,0.008,0.002,-0.002,-222303
10.742861,1108501951,3.266,-9.133,-0.656,0.012,0.002,0.000,-222306
10.747168834,1108506172,3.266,-9.133,-0.656,0.004,-0.006,0.002,-221847
10.751424084,1108510393,3.266,-9.133,-0.656,-0.004,-0.002,-0.008,-222349
10.755688667,1108514614,3.266,-9.133,-0.656,-0.010,0.006,0.000,-222281
10.761070125,1108519835,3.266,-9.133,-0.656,-0.004,-0.006,-0.006,-221903
10.764634459,1108523056,3.266,-9.133,-0.656,-0.006,0.002,-0.006,-222100
10.76730875,1108526277,3.266,-9.176,-0.656,-0.006,0.002,-0.006,-222104
10.769431167,1108528498,3.266,-9.176,-0.656,0.016,0.010,-0.016,-221953
10.774729667,1108533719,3.266,-9.176,-0.656,0.004,0.006,0.010,-222444
10.779931792,1108538940,3.266,-9.176,-0.656,0.006,0.002,0.010,-222463
10.785633459,1108544161,3.266,-9.176,-0.656,0.014,0.008,0.000,-222904
10.790424125,1108549382,3.227,-9.098,-0.770,0.014,0.008,0.000,-221755
10.792504334,1108551603,3.227,-9.098,-0.770,0.010,0.004,-0.012,-221669
10.797816417,1108556824,3.227,-9.098,-0.770,-0.002,-0.006,-0.002,-222008
10.802124959,1108561045,3.227,-9.098,-0.770,-0.004,0.006,0.023,-223272
10.806250625,1108565251,3.227,-9.098,-0.770,0.000,0.006,-0.002,-223272
10.810482209,1108569471,3.227,-9.098,-0.770,0.000,0.000,0.002,-221641
10.814684125,1108573692,3.227,-9.098,-0.770,-0.004,-0.006,-0.012,-221379
10.820319209,1108578913,3.227,-9.098,-0.617,-0.004,-0.006,-0.012,-222553
10.822101459,1108581134,3.227,-9.098,-0.617,-0.014,-0.004,-0.004,-221793
10.826340709,1108585355,3.227,-9.098,-0.617,0.010,0.004,0.010,-222028
10.830631625,1108589576,3.227,-9.098,-0.617,-0.004,0.004,0.002,-221869
10.834736042,1108593797,3.227,-9.098,-0.617,-0.002,-0.004,-0.006,-222531
10.840134084,1108599018,3.227,-9.098,-0.617,-0.002,0.004,0.010,-222693
10.844214917,1108603239,3.227,-9.098,-0.617,0.004,0.002,-0.002,-222562
10.847444,1108606460,3.266,-9.137,-0.730,0.004,0.002,-0.002,-222132
10.850642417,1108609681,3.266,-9.137,-0.730,-0.010,0.008,0.004,-222030
10.855911167,1108614902,3.266,-9.137,-0.730,-0.002,-0.006,0.000,-222173
10.861145625,1108620123,3.266,-9.137,-0.730,0.002,0.002,-0.012,-222316
10.865357417,1108624344,3.266,-9.137,-0.730,-0.010,0.004,0.010,-222230
10.870639084,1108629565,3.266,-9.137,-0.730,-0.004,0.002,-0.006,-222487
10.875726125,1108634786,3.266,-9.137,-0.730,0.006,0.018,0.000,-221846
10.880956584,1108640007,3.266,-9.094,-0.656,0.006,0.018,0.000,-222127
10.884207459,1108643228,3.266,-9.094,-0.656,0.010,-0.006,-0.006,-222247
10.8897065,1108648449,3.266,-9.094,-0.656,0.000,0.002,0.004,-222697
10.893827084,1108652670,3.266,-9.094,-0.656,-0.008,0.000,0.008,-221880
10.899094875,1108657891,3.266,-9.094,-0.656,-0.006,0.004,0.000,-222410
10.904496334,1108663112,3.266,-9.094,-0.656,-0.002,-0.008,0.010,-222750
10.908259667,1108667333,3.266,-9.094,-0.656,0.000,0.002,-0.012,-222573
10.912562375,1108671554,3.266,-9.133,-0.578,0.000,0.002,-0.012,-221859
10.915802625,1108674775,3.266,-9.133,-0.578,-0.002,0.002,-0.006,-222431
10.922096625,1108680996,3.266,-9.133,-0.578,-0.002,-0.006,0.000,-223197
10.926426625,1108685217,3.266,-9.133,-0.578,0.000,-0.002,-0.006,-222689
10.930708459,1108689438,3.266,-9.133,-0.578,0.012,0.006,-0.004,-222166
10.934887875,1108693659,3.266,-9.133,-0.578,-0.002,0.004,0.006,-221750
10.939893417,1108698880,3.266,-9.133,-0.578,0.000,0.002,-0.020,-222512
10.944094042,1108703101,3.227,-9.094,-0.730,0.000,0.002,-0.020,-222267
10.94737175,1108706322,3.227,-9.094,-0.730,0.000,-0.004,0.010,-222403
10.953895584,1108712543,3.227,-9.094,-0.730,-0.008,0.002,-0.004,-222170
10.958035459,1108716764,3.227,-9.094,-0.730,-0.002,0.002,0.008,-222852
10.961647,1108719985,3.227,-9.094,-0.730,-0.012,-0.002,0.006,-222425
10.965434334,1108724207,3.227,-9.094,-0.730,-0.004,0.002,0.004,-221998
10.969675667,1108728428,3.227,-9.094,-0.730,-0.014,-0.002,-0.002,-222549
10.974021584,1108732649,3.305,-9.176,-0.617,-0.014,-0.002,-0.002,-221138
10.976800292,1108735870,3.305,-9.176,-0.617,-0.002,0.006,0.014,-222497
10.983204084,1108742091,3.305,-9.176,-0.617,-0.004,0.006,-0.008,-222071
10.987385375,1108746312,3.305,-9.176,-0.617,-0.004,0.004,0.008,-222411
10.991594125,1108750533,3.305,-9.176,-0.617,-0.002,-0.006,0.008,-222097
10.995986042,1108754754,3.305,-9.176,-0.617,0.008,-0.004,0.002,-222972
11.001203959,1108759975,3.305,-9.176,-0.617,-0.002,0.002,0.000,-222235
11.006360917,1108764196,3.227,-9.172,-0.656,-0.002,0.002,0.000,-222904
11.008337334,1108767418,3.227,-9.172,-0.656,-0.002,0.010,0.002,-222052
11.013594625,1108772638,3.227,-9.172,-0.656,0.008,-0.010,-0.002,-222166
11.017864792,1108776859,3.227,-9.172,-0.656,-0.004,0.004,-0.006,-221319
11.022038709,1108781080,3.227,-9.172,-0.656,0.016,0.002,0.008,-222605
11.027263667,1108786301,3.227,-9.172,-0.656,0.006,-0.004,0.006,-221835
11.031531292,1108790522,3.227,-9.172,-0.656,0.000,0.002,0.012,-222746
11.035813375,1108794743,3.227,-9.133,-0.730,0.000,0.002,0.012,-222867
11.038984125,1108797964,3.227,-9.133,-0.730,0.008,0.000,-0.004,-222365
11.045161875,1108804185,3.227,-9.133,-0.730,-0.006,0.000,0.010,-221837
11.050475792,1108809407,3.227,-9.133,-0.730,-0.002,-0.008,0.010,-222771
11.054636792,1108813628,3.227,-9.133,-0.730,-0.002,0.004,0.012,-222457
11.0598035,1108818849,3.227,-9.133,-0.730,-0.008,-0.008,0.000,-222265
11.064076834,1108823070,3.227,-9.133,-0.730,-0.012,-0.008,-0.004,-222870
11.068525625,1108827291,3.266,-9.137,-0.691,-0.012,-0.008,-0.004,-222511
11.071482875,1108830512,3.266,-9.137,-0.691,0.012,-0.004,0.004,-222420
11.076707709,1108835733,3.266,-9.137,-0.691,-0.004,-0.004,-0.008,-222109
11.08289775,1108841954,3.266,-9.137,-0.691,0.006,0.008,-0.004,-222850
11.087278542,1108846175,3.266,-9.137,-0.691,0.002,0.006,0.000,-222657
11.091388125,1108850396,3.266,-9.137,-0.691,0.002,-0.002,0.000,-222270
11.095704959,1108854617,3.266,-9.137,-0.691,0.002,-0.010,0.010,-221867
11.101065875,1108859838,3.266,-9.133,-0.656,0.002,-0.010,0.010,-221851
11.103655625,1108862059,3.266,-9.133,-0.656,-0.004,0.000,0.004,-222375
11.107752,1108866280,3.266,-9.133,-0.656,-0.010,0.010,0.008,-222633
11.1114795,1108870501,3.266,-9.133,-0.656,0.004,-0.004,-0.008,-222186
11.11473125,1108873722,3.266,-9.133,-0.656,0.010,-0.004,-0.004,-221869
11.120017167,1108878943,3.266,-9.133,-0.656,-0.002,0.004,0.014,-222297
11.12325575,1108882164,3.266,-9.133,-0.656,0.002,-0.002,-0.004,-222902
11.127626459,1108886385,3.266,-9.133,-0.656,0.002,-0.002,-0.004,-222429
11.130917792,1108889606,3.266,-9.133,-0.656,-0.002,0.014,0.004,-222616
11.137314792,1108894827,3.266,-9.133,-0.656,-0.004,-0.006,-0.002,-223068
11.141045584,1108900048,3.266,-9.133,-0.656,0.004,0.004,0.000,-222350
11.145411459,1108904269,3.266,-9.133,-0.656,-0.002,-0.002,0.004,-223258
11.149573417,1108908490,3.266,-9.133,-0.656,-0.006,0.006,0.006,-222416
11.154830209,1108913711,3.266,-9.133,-0.656,-0.002,-0.006,0.010,-222050
11.160163667,1108918932,3.266,-9.098,-0.691,-0.002,-0.006,0.010,-222399
11.162407417,1108921153,3.266,-9.098,-0.691,-0.006,-0.004,-0.002,-222843
11.16661875,1108925374,3.266,-9.098,-0.691,0.010,0.010,0.002,-222483
11.171079709,1108929595,3.266,-9.098,-0.691,0.008,-0.002,-0.006,-222081
11.17575975,1108934816,3.266,-9.098,-0.691,0.000,0.000,0.000,-222456
11.181023125,1108940037,3.266,-9.098,-0.691,0.000,0.000,0.000,-222134
11.186297417,1108945258,3.266,-9.098,-0.691,0.000,0.000,0.000,-222501
11.190392417,1108949479,3.266,-9.137,-0.691,0.000,0.000,0.000,-222842
11.192667584,1108951700,3.266,-9.137,-0.691,0.000,0.000,0.000,-222590
11.197844,1108956921,3.266,-9.137,-0.691,0.000,0.000,0.000,-222493
11.20214725,1108961142,3.266,-9.137,-0.691,0.000,0.000,0.000,-222303
11.205491042,1108964363,3.266,-9.137,-0.691,0.000,0.000,0.000,-222512
11.209587709,1108968584,3.266,-9.137,-0.691,0.000,0.000,0.000,-222149
11.2137635,1108972805,3.266,-9.137,-0.691,0.000,0.000,0.000,-223062
11.2179525,1108977026,3.266,-9.133,-0.656,0.000,0.000,0.000,-222016
11.220180334,1108979247,3.266,-9.133,-0.656,0.000,0.000,0.000,-221114
11.225451042,1108984468,3.266,-9.133,-0.656,0.000,0.000,0.000,-221960
11.230637375,1108989689,3.266,-9.133,-0.656,0.000,0.000,0.000,-222068
11.234885042,1108993910,3.266,-9.133,-0.656,0.000,0.000,0.000,-222348
11.241137667,1109000131,3.266,-9.133,-0.656,0.000,0.000,0.000,-222503
11.245343292,1109004352,3.266,-9.133,-0.656,0.000,0.000,0.000,-222512
11.250602917,1109009573,3.266,-9.172,-0.730,0.000,0.000,0.000,-222377
11.252752542,1109011794,3.266,-9.172,-0.730,0.000,0.000,0.000,-222132
11.257984042,1109017015,3.266,-9.172,-0.730,0.000,0.000,0.000,-222145
11.262249625,1109021237,3.266,-9.172,-0.730,0.000,0.000,0.000,-221948
11.266427625,1109025459,3.266,-9.172,-0.730,0.000,0.000,0.000,-222563
11.270747209,1109029680,3.266,-9.172,-0.730,0.000,0.000,0.000,-222218
11.274872667,1109033901,3.266,-9.137,-0.691,0.000,0.000,0.000,-222305
11.278068084,1109037122,3.266,-9.137,-0.691,0.000,0.000,0.000,-222262
11.282345667,1109041343,3.266,-9.137,-0.691,0.000,0.000,0.000,-222320
11.286540875,1109045564,3.266,-9.137,-0.691,0.000,0.000,0.000,-222280
11.290780625,1109049785,3.266,-9.137,-0.691,0.000,0.000,0.000,-221869
11.296227125,1109055006,3.266,-9.137,-0.691,0.000,0.000,0.000,-222305
11.301226875,1109060227,3.266,-9.137,-0.691,0.000,0.000,0.000,-222129
11.305399709,1109064448,3.227,-9.137,-0.656,0.000,0.000,0.000,-221896
11.307951125,1109066669,3.227,-9.137,-0.656,0.000,0.000,0.000,-222005
11.312881625,1109071890,3.227,-9.137,-0.656,0.000,0.000,0.000,-222148
11.317184792,1109076111,3.305,-9.172,-0.691,0.000,0.000,0.000,-222125
11.32061075,1109079332,3.305,-9.172,-0.691,0.000,0.000,0.000,-221894
11.325544459,1109084553,3.305,-9.172,-0.691,0.000,0.000,0.000,-222364
11.333790417,1109092774,3.305,-9.172,-0.691,0.000,0.000,0.000,-222273
11.33795275,1109096995,3.305,-9.172,-0.691,0.000,0.000,0.000,-222700
11.342162125,1109101216,3.305,-9.172,-0.691,0.000,0.000,0.000,-222460
11.346419459,1109105437,3.305,-9.172,-0.691,0.000,0.000,0.000,-223222
11.350654,1109109658,3.266,-9.133,-0.656,0.000,0.000,0.000,-221569
11.352805917,1109111879,3.266,-9.133,-0.656,0.000,0.000,0.000,-222976
11.357189417,1109116100,3.266,-9.133,-0.656,0.000,0.000,0.000,-222097
11.361396084,1109120321,3.266,-9.133,-0.656,0.000,0.000,0.000,-221754
11.3662185,1109124542,3.266,-9.133,-0.656,0.000,0.000,0.000,-222479
11.37067375,1109128763,3.266,-9.133,-0.656,0.000,0.000,0.000,-222491
11.374901834,1109133986,3.266,-9.133,-0.656,0.000,0.000,0.000,-222004
11.380177542,1109139207,3.266,-9.137,-0.691,0.000,0.000,0.000,-222711
11.382401667,1109141428,3.266,-9.137,-0.691,0.000,0.000,0.000,-222142
11.386728834,1109145649,3.266,-9.137,-0.691,0.000,0.000,0.000,-221981
11.391019,1109149870,3.266,-9.137,-0.691,0.000,0.000,0.000,-221525
11.395308125,1109154091,3.266,-9.137,-0.691,0.000,0.000,0.000,-222468
11.400808042,1109159312,3.266,-9.137,-0.691,0.000,0.000,0.000,-222654
11.404573584,1109163533,3.266,-9.137,-0.691,0.000,0.000,0.000,-222490
11.408708334,1109167754,3.266,-9.176,-0.656,0.000,0.000,0.000,-221581
11.412310042,1109170975,3.266,-9.176,-0.656,0.000,0.000,0.000,-222606
11.416191292,1109175196,3.266,-9.176,-0.656,0.000,0.000,0.000,-222193
11.421423334,1109180417,3.266,-9.176,-0.656,0.000,0.000,0.000,-222683
11.425563084,1109184638,3.266,-9.176,-0.656,0.000,0.000,0.000,-222824
11.429829084,1109188859,3.266,-9.176,-0.656,0.000,0.000,0.000,-222301
11.434047917,1109193080,3.266,-9.176,-0.656,0.000,0.000,0.000,-222564
11.438296625,1109197301,3.305,-9.137,-0.691,0.000,0.000,0.000,-222413
11.440751709,1109199522,3.305,-9.137,-0.691,0.000,0.000,0.000,-221974
11.445711917,1109204743,3.305,-9.137,-0.691,0.000,0.000,0.000,-222120
11.449946875,1109208964,3.305,-9.137,-0.691,0.000,0.000,0.000,-222131
11.454073209,1109212185,3.305,-9.137,-0.691,0.000,0.000,0.000,-222297
11.457413417,1109216406,3.305,-9.137,-0.691,0.000,0.000,0.000,-223005
11.461635167,1109220627,3.305,-9.137,-0.691,0.000,0.000,0.000,-222388
11.464936417,1109223848,3.266,-9.137,-0.691,0.000,0.000,0.000,-222096
11.468156084,1109227069,3.266,-9.137,-0.691,0.000,0.000,0.000,-223021
11.473221084,1109232290,3.266,-9.137,-0.691,0.000,0.000,0.000,-222177
11.477499959,1109236511,3.266,-9.137,-0.691,0.000,0.000,0.000,-221676
11.482755084,1109241732,3.266,-9.137,-0.691,0.000,0.000,0.000,-222639
11.487213542,1109245953,3.266,-9.137,-0.691,0.000,0.000,0.000,-222493
11.49140475,1109250174,3.266,-9.137,-0.691,0.000,0.000,0.000,-221740
11.495604,1109254396,3.266,-9.176,-0.656,0.000,0.000,0.000,-222855
11.49883775,1109257617,3.266,-9.176,-0.656,0.000,0.000,0.000,-222727
11.50510675,1109263838,3.266,-9.176,-0.656,0.000,0.000,0.000,-222032
11.509062375,1109268059,3.266,-9.176,-0.656,0.000,0.000,0.000,-222551
11.5132735,1109272280,3.266,-9.176,-0.656,0.000,0.000,0.000,-222097
11.517548417,1109276501,3.266,-9.176,-0.656,0.000,0.000,0.000,-222334
11.522810875,1109281722,3.266,-9.176,-0.656,0.000,0.000,0.000,-222093
11.5262665,1109284943,3.266,-9.098,-0.730,0.000,0.000,0.000,-222639
11.528594709,1109287164,3.266,-9.098,-0.730,0.000,0.000,0.000,-222482
11.533594834,1109292385,3.266,-9.098,-0.730,0.000,0.000,0.000,-222267
11.537951584,1109296606,3.266,-9.098,-0.730,0.000,0.000,0.000,-222638
11.542773542,1109301827,3.266,-9.098,-0.730,0.000,0.000,0.000,-221845
11.54802925,1109307048,3.266,-9.133,-0.617,0.000,0.000,0.000,-222327
11.551477292,1109310269,3.266,-9.133,-0.617,0.000,0.000,0.000,-222166
11.557777084,1109316490,3.266,-9.133,-0.617,0.000,0.000,0.000,-222174
11.563161875,1109321711,3.266,-9.133,-0.617,0.000,0.000,0.000,-222447
11.567228042,1109325932,3.266,-9.133,-0.617,0.000,0.000,0.000,-222491
11.571421042,1109330153,3.266,-9.133,-0.617,0.000,0.000,0.000,-222549
11.575357584,1109334374,3.266,-9.133,-0.617,0.000,0.000,0.000,-222736
11.582734459,1109341595,3.266,-9.098,-0.730,0.000,0.000,0.000,-222539
11.58484075,1109343816,3.266,-9.098,-0.730,0.000,0.000,0.000,-222350
11.589153125,1109348037,3.266,-9.098,-0.730,0.000,0.000,0.000,-222490
11.593282417,1109352258,3.266,-9.098,-0.730,0.000,0.000,0.000,-221833
11.598575292,1109357481,3.266,-9.098,-0.730,0.000,0.000,0.000,-221761
11.602813292,1109361702,3.266,-9.098,-0.730,0.000,0.000,0.000,-222531
11.607008334,1109365923,3.266,-9.098,-0.730,0.000,0.000,0.000,-222720
11.611128709,1109370144,3.266,-9.137,-0.691,0.000,0.000,0.000,-221938
11.6133005,1109372365,3.266,-9.137,-0.691,0.000,0.000,0.000,-221923
11.618565459,1109377586,3.266,-9.137,-0.691,0.000,0.000,0.000,-222078
11.622803584,1109381807,3.266,-9.137,-0.691,0.000,0.000,0.000,-222857
11.625984084,1109385028,3.266,-9.137,-0.691,0.000,0.000,0.000,-222035
11.630226209,1109389249,3.266,-9.137,-0.691,0.000,0.000,0.000,-222307
11.634422459,1109393470,3.266,-9.137,-0.691,0.000,0.000,0.000,-222376
11.638712959,1109397691,3.266,-9.137,-0.691,0.000,0.000,0.000,-222755
11.641327334,1109399915,3.266,-9.137,-0.691,0.000,0.000,0.000,-221705
11.646107959,1109405136,3.266,-9.137,-0.691,0.000,0.000,0.000,-222601
11.650332584,1109409357,3.266,-9.137,-0.691,0.000,0.000,0.000,-222488
11.653596084,1109412578,3.266,-9.137,-0.691,0.000,0.000,0.000,-222460
11.657807417,1109416799,3.266,-9.137,-0.691,0.000,0.000,0.000,-222422
11.663179542,1109422020,3.266,-9.137,-0.691,0.000,0.000,0.000,-222212
11.667609667,1109426241,3.227,-9.133,-0.691,0.000,0.000,0.000,-222258
11.67074625,1109429462,3.227,-9.133,-0.691,0.000,0.000,0.000,-223179
11.675677042,1109434683,3.227,-9.133,-0.691,0.000,0.000,0.000,-222402
11.680974792,1109439904,3.227,-9.133,-0.691,0.000,0.000,0.000,-222388
11.684216667,1109443125,3.227,-9.133,-0.691,0.000,0.000,0.000,-222655
11.688573542,1109447346,3.227,-9.133,-0.691,0.000,0.000,0.000,-222788
11.693774084,1109452567,3.227,-9.133,-0.691,0.000,0.000,0.000,-221666
11.698035625,1109456788,3.266,-9.094,-0.578,0.000,0.000,0.000,-222803
11.701219959,1109460009,3.266,-9.094,-0.578,0.000,0.000,0.000,-222985
11.707553875,1109466230,3.266,-9.094,-0.578,0.000,0.000,0.000,-222425
11.711463209,1109470451,3.266,-9.094,-0.578,0.000,0.000,0.000,-222321
11.715648792,1109474672,3.266,-9.094,-0.578,0.000,0.000,0.000,-222781
11.720990667,1109479893,3.266,-9.094,-0.578,0.000,0.000,0.000,-222145
11.7257635,1109484114,3.266,-9.094,-0.578,0.000,0.000,0.000,-222265
11.729817084,1109488335,3.227,-9.059,-0.730,0.000,0.000,0.000,-222583
11.732748167,1109491556,3.227,-9.059,-0.730,0.000,0.000,0.000,-222529
11.737992834,1109496777,3.227,-9.059,-0.730,0.000,0.000,0.000,-221642
11.741918625,1109500998,3.227,-9.059,-0.730,0.000,0.000,0.000,-222394
11.746212584,1109505219,3.227,-9.059,-0.730,0.000,0.000,0.000,-222674
11.750418,1109509440,3.227,-9.059,-0.730,0.000,0.000,0.000,-222048
11.754677834,1109513661,3.227,-9.059,-0.730,0.000,0.000,0.000,-222088
11.760032209,1109518883,3.305,-9.098,-0.691,0.000,0.000,0.000,-222150
11.763581125,1109522104,3.305,-9.098,-0.691,0.000,0.000,0.000,-221928
11.768250709,1109527325,3.305,-9.098,-0.691,0.000,0.000,0.000,-222407
11.773543459,1109532546,3.305,-9.098,-0.691,0.000,0.000,0.000,-222489
11.777727167,1109536767,3.305,-9.098,-0.691,0.000,0.000,0.000,-222048
11.782977459,1109541988,3.305,-9.098,-0.691,0.000,0.000,0.000,-221288
11.788191459,1109547209,3.305,-9.098,-0.691,0.000,0.000,0.000,-222500
11.79349025,1109552430,3.227,-9.137,-0.617,0.000,0.000,0.000,-221723
11.795609209,1109554651,3.227,-9.137,-0.617,0.000,0.000,0.000,-222172
11.800831834,1109559872,3.227,-9.137,-0.617,0.000,0.000,0.000,-223191
11.805321042,1109564093,3.227,-9.137,-0.617,0.000,0.000,0.000,-222136
11.810338,1109569314,3.227,-9.137,-0.617,0.000,0.000,0.000,-221597
11.81448825,1109573535,3.227,-9.137,-0.617,0.000,0.000,0.000,-222146
11.819719834,1109578756,3.305,-9.137,-0.691,0.000,0.000,0.000,-222834
11.821951875,1109580977,3.305,-9.137,-0.691,0.000,0.000,0.000,-222064
11.826174625,1109585198,3.305,-9.137,-0.691,0.000,0.000,0.000,-221959
11.830428167,1109589419,3.305,-9.137,-0.691,0.000,0.000,0.000,-221491
11.834608959,1109593640,3.305,-9.137,-0.691,0.000,0.000,0.000,-221995
11.842033334,1109600861,3.305,-9.137,-0.691,0.000,0.000,0.000,-222091
11.846065459,1109605082,3.305,-9.137,-0.691,0.000,0.000,0.000,-222672
11.85030875,1109609303,3.266,-9.098,-0.691,0.000,0.000,0.000,-222394
11.853703417,1109612524,3.266,-9.098,-0.691,0.000,0.000,0.000,-222893
11.859751792,1109618745,3.266,-9.098,-0.691,0.000,0.000,0.000,-222742
11.863067042,1109621966,3.266,-9.098,-0.691,0.000,0.000,0.000,-222568
11.866159875,1109625188,3.266,-9.098,-0.691,0.000,0.000,0.000,-222389
11.870434334,1109629408,3.266,-9.098,-0.691,0.000,0.000,0.000,-222764
11.874585917,1109633629,3.266,-9.098,-0.691,0.000,0.000,0.000,-221608
11.877798375,1109636850,3.266,-9.133,-0.617,0.000,0.000,0.000,-221664
11.881022167,1109640071,3.266,-9.133,-0.617,0.000,0.000,0.000,-222529
11.886193959,1109645292,3.266,-9.133,-0.617,0.000,0.000,0.000,-223239
11.890408417,1109649513,3.266,-9.133,-0.617,0.000,0.000,0.000,-221892
11.893629125,1109652734,3.266,-9.133,-0.617,0.000,0.000,0.000,-222224
11.897832792,1109656955,3.266,-9.133,-0.617,0.000,0.000,0.000,-222616
11.902097417,1109661177,3.266,-9.133,-0.617,0.000,0.000,0.000,-222568
11.905246292,1109664398,3.266,-9.137,-0.691,0.000,0.000,0.000,-222046
11.908452625,1109667619,3.266,-9.137,-0.691,0.000,0.000,0.000,-221222
11.913699542,1109672840,3.266,-9.137,-0.691,0.000,0.000,0.000,-222461
11.9178925,1109677061,3.266,-9.137,-0.691,0.000,0.000,0.000,-222048
11.933529417,1109682282,3.266,-9.137,-0.691,0.000,0.000,0.000,-222577
11.933619292,1109686503,3.266,-9.137,-0.691,0.000,0.000,0.000,-221365
11.93371,1109690724,3.266,-9.137,-0.691,0.000,0.000,0.000,-221749
11.93584725,1109694945,3.266,-9.094,-0.656,0.000,0.000,0.000,-221619
11.939059417,1109698166,3.266,-9.094,-0.656,0.000,0.000,0.000,-222680
11.945305792,1109704387,3.266,-9.094,-0.656,0.000,0.000,0.000,-221825
11.949518667,1109708608,3.266,-9.094,-0.656,0.000,0.000,0.000,-222420
11.952717667,1109711829,3.266,-9.094,-0.656,0.000,0.000,0.000,-221430
11.957945959,1109717050,3.266,-9.094,-0.656,0.000,0.000,0.000,-222097
11.966896417,1109722271,3.266,-9.094,-0.656,0.000,0.000,0.000,-222465
11.967326709,1109726492,3.227,-9.094,-0.691,0.000,0.000,0.000,-222791
11.970607209,1109729713,3.227,-9.094,-0.691,0.000,0.000,0.000,-221652
11.975853125,1109734934,3.227,-9.094,-0.691,0.000,0.000,0.000,-222850
11.981144625,1109740155,3.227,-9.094,-0.691,0.000,0.000,0.000,-222387
11.985274292,1109744376,3.227,-9.094,-0.691,0.000,0.000,0.000,-222514
11.990489709,1109749597,3.227,-9.137,-0.656,0.000,0.000,0.000,-221645
11.993689959,1109752820,3.227,-9.137,-0.656,0.000,0.000,0.000,-221922
12.00023225,1109759041,3.227,-9.137,-0.656,0.000,0.000,0.000,-222607
12.008121209,1109767262,3.227,-9.137,-0.656,0.000,0.000,0.000,-222588
12.012403167,1109771483,3.227,-9.137,-0.656,0.000,0.000,0.000,-221989
12.016566542,1109775704,3.227,-9.137,-0.656,0.000,0.000,0.000,-222034
12.021833834,1109780925,3.227,-9.137,-0.656,0.000,0.000,0.000,-221999
12.024985709,1109784146,3.266,-9.098,-0.730,0.000,0.000,0.000,-222234
12.027329584,1109786367,3.266,-9.098,-0.730,0.000,0.000,0.000,-222048
12.033573792,1109790588,3.266,-9.098,-0.730,0.000,0.000,0.000,-222450
12.035721292,1109794809,3.266,-9.098,-0.730,0.000,0.000,0.000,-222480
12.040919917,1109800030,3.266,-9.098,-0.730,0.000,0.000,0.000,-222239
12.045097584,1109804251,3.266,-9.098,-0.730,0.000,0.000,0.000,-222416
12.049369459,1109808472,3.266,-9.098,-0.730,0.000,0.000,0.000,-222444
12.053610875,1109812693,3.227,-9.176,-0.691,0.000,0.000,0.000,-222949
12.055840084,1109814914,3.227,-9.176,-0.691,0.000,0.000,0.000,-222576
12.060980584,1109820135,3.227,-9.176,-0.691,0.000,0.000,0.000,-222470
12.066917,1109824356,3.227,-9.176,-0.691,0.000,0.000,0.000,-222860
12.069484709,1109828577,3.227,-9.176,-0.691,0.000,0.000,0.000,-221953
12.074740167,1109833798,3.227,-9.176,-0.691,0.000,0.000,0.000,-222859
12.078964292,1109838019,3.227,-9.176,-0.691,0.000,0.000,0.000,-222720
12.084183625,1109843240,3.266,-9.133,-0.617,0.000,0.000,0.000,-221832
12.086371167,1109845461,3.266,-9.133,-0.617,0.000,0.000,0.000,-221989
12.092607209,1109851682,3.266,-9.133,-0.617,0.000,0.000,0.000,-221964
12.100562625,1109855903,3.266,-9.133,-0.617,0.000,0.000,0.000,-223042
12.102010042,1109861124,3.266,-9.133,-0.617,0.000,0.000,0.000,-222602
12.1062145,1109865345,3.266,-9.133,-0.617,0.000,0.000,0.000,-221906
12.110492209,1109869566,3.266,-9.133,-0.617,0.000,0.000,0.000,-221635
12.113703875,1109872787,3.227,-9.094,-0.691,0.000,0.000,0.000,-221869
12.115915292,1109875008,3.227,-9.094,-0.691,0.000,0.000,0.000,-222208
12.121136334,1109880214,3.227,-9.094,-0.691,0.000,0.000,0.000,-222208
12.125357375,1109884434,3.227,-9.094,-0.691,0.000,0.000,0.000,-222016
12.133888,1109889655,3.227,-9.094,-0.691,0.000,0.000,0.000,-222517
12.134808584,1109893876,3.227,-9.094,-0.691,0.000,0.000,0.000,-222160
12.140024834,1109899097,3.227,-9.094,-0.691,0.000,0.000,0.000,-221983
12.144271,1109903318,3.266,-9.176,-0.617,0.000,0.000,0.000,-221713
12.147466375,1109906539,3.266,-9.176,-0.617,0.000,0.000,0.000,-221751
12.152685167,1109911760,3.266,-9.176,-0.617,0.000,0.000,0.000,-222382
12.156908209,1109915981,3.266,-9.176,-0.617,0.000,0.000,0.000,-221701
12.162062542,1109921202,3.266,-9.176,-0.617,0.000,0.000,0.000,-222365
12.167158209,1109925423,3.266,-9.176,-0.617,0.000,0.000,0.000,-222227
12.170532292,1109929644,3.266,-9.137,-0.691,0.000,0.000,0.000,-222125
12.172761834,1109931865,3.266,-9.137,-0.691,0.000,0.000,0.000,-222295
12.177035875,1109936086,3.266,-9.137,-0.691,0.000,0.000,0.000,-223170
12.181233584,1109940307,3.266,-9.137,-0.691,0.000,0.000,0.000,-222053
12.185449625,1109944528,3.266,-9.137,-0.691,0.000,0.000,0.000,-222761
12.18964875,1109948749,3.266,-9.137,-0.691,0.000,0.000,0.000,-221463
12.193843625,1109952970,3.266,-9.137,-0.691,0.000,0.000,0.000,-221852
12.200272459,1109957194,3.266,-9.133,-0.656,0.000,0.000,0.000,-222155
12.201440292,1109960415,3.266,-9.133,-0.656,0.000,0.000,0.000,-222522
12.206587084,1109965636,3.266,-9.133,-0.656,0.000,0.000,0.000,-222203
12.210721125,1109969857,3.266,-9.133,-0.656,0.000,0.000,0.000,-222003
12.214011834,1109973078,3.266,-9.133,-0.656,0.000,0.000,0.000,-222143
12.218208959,1109977299,3.266,-9.133,-0.656,0.000,0.000,0.000,-222136
12.223460042,1109982520,3.266,-9.133,-0.656,0.000,0.000,0.000,-222359
12.233607042,1109986741,3.266,-9.133,-0.656,0.000,0.000,0.000,-222096
12.233753209,1109989962,3.266,-9.133,-0.656,0.000,0.000,0.000,-222412
12.2360895,1109995183,3.266,-9.133,-0.656,0.000,0.000,0.000,-222453
12.241355834,1110000404,3.266,-9.133,-0.656,0.000,0.000,0.000,-222090
12.24554675,1110004625,3.266,-9.133,-0.656,0.000,0.000,0.000,-222977
12.250747292,1110009846,3.266,-9.133,-0.656,0.000,0.000,0.000,-221947
12.254982709,1110014067,3.266,-9.133,-0.656,0.000,0.000,0.000,-222120
12.266956417,1110020288,3.266,-9.137,-0.691,0.000,0.000,0.000,-222416
12.267097917,1110022509,3.266,-9.137,-0.691,0.000,0.000,0.000,-221975
12.268657667,1110027730,3.266,-9.137,-0.691,0.000,0.000,0.000,-222554
12.272878667,1110031951,3.266,-9.137,-0.691,0.000,0.000,0.000,-222464
12.277030167,1110036174,3.266,-9.137,-0.691,0.000,0.000,0.000,-221834
12.2823185,1110041394,3.266,-9.137,-0.691,0.000,0.000,0.000,-222087
12.286527667,1110045615,3.266,-9.137,-0.691,0.000,0.000,0.000,-222466
12.290751667,1110049836,3.266,-9.133,-0.617,0.000,0.000,0.000,-221592
12.30024925,1110053057,3.266,-9.133,-0.617,0.000,0.000,0.000,-222218
12.300390792,1110058278,3.266,-9.133,-0.617,0.000,0.000,0.000,-222150
12.303408084,1110062499,3.266,-9.133,-0.617,0.000,0.000,0.000,-222566
12.307620834,1110066720,3.266,-9.133,-0.617,0.000,0.000,0.000,-222203
12.311890292,1110070941,3.266,-9.133,-0.617,0.000,0.000,0.000,-221321
12.316080959,1110075162,3.266,-9.133,-0.617,0.000,0.000,0.000,-222618
12.3203,1110079385,3.266,-9.098,-0.691,0.000,0.000,0.000,-222486
12.322531167,1110081606,3.266,-9.098,-0.691,0.000,0.000,0.000,-222647
12.326788542,1110085827,3.266,-9.098,-0.691,0.000,0.000,0.000,-222164
12.333648334,1110090048,3.266,-9.098,-0.691,0.000,0.000,0.000,-221962
12.334069084,1110093269,3.266,-9.098,-0.691,0.000,0.000,0.000,-222452
12.339406792,1110098490,3.266,-9.098,-0.691,0.000,0.000,0.000,-222438
12.346673792,1110105711,3.266,-9.133,-0.656,0.000,0.000,0.000,-222430
12.349819209,1110108932,3.266,-9.133,-0.656,0.000,0.000,0.000,-223172
12.354076792,1110113153,3.266,-9.133,-0.656,0.000,0.000,0.000,-222500
12.358244917,1110117374,3.266,-9.133,-0.656,0.000,0.000,0.000,-222632
12.367120667,1110122595,3.266,-9.133,-0.656,0.000,0.000,0.000,-221836
12.367614375,1110126816,3.266,-9.133,-0.656,0.000,0.000,0.000,-222331
12.371949792,1110131037,3.266,-9.133,-0.656,0.000,0.000,0.000,-222336
12.376191792,1110135258,3.227,-9.098,-0.656,0.000,0.000,0.000,-222014
12.379397959,1110138479,3.227,-9.098,-0.656,0.000,0.000,0.000,-221800
12.385636542,1110144700,3.227,-9.098,-0.656,0.000,0.000,0.000,-222261
12.389852292,1110148921,3.227,-9.098,-0.656,0.000,0.000,0.000,-222982
12.39303125,1110152142,3.227,-9.098,-0.656,0.000,0.000,0.000,-221930
12.400552292,1110156363,3.227,-9.098,-0.656,0.000,0.000,0.000,-222742
12.401452042,1110160584,3.227,-9.098,-0.656,0.000,0.000,0.000,-222789
12.405779042,1110164805,3.305,-9.133,-0.770,0.000,0.000,0.000,-222601
12.408979584,1110168026,3.305,-9.133,-0.770,0.000,0.000,0.000,-222407
12.41420625,1110173247,3.305,-9.133,-0.770,0.000,0.000,0.000,-222728
12.418417584,1110177468,3.305,-9.133,-0.770,0.000,0.000,0.000,-222336
12.422656042,1110181689,3.305,-9.133,-0.770,0.000,0.000,0.000,-222503
12.426800167,1110185910,3.305,-9.133,-0.770,0.000,0.000,0.000,-222102
12.431017584,1110190131,3.305,-9.133,-0.770,0.000,0.000,0.000,-222732
12.435294459,1110194352,3.227,-9.094,-0.691,0.000,0.000,0.000,-222352
12.438497834,1110197573,3.227,-9.094,-0.691,0.000,0.000,0.000,-222219
12.444787042,1110203794,3.227,-9.094,-0.691,0.000,0.000,0.000,-222265
12.448978209,1110208015,3.227,-9.094,-0.691,0.000,0.000,0.000,-223304
12.453167167,1110212236,3.227,-9.094,-0.691,0.000,0.000,0.000,-222366
12.456411625,1110215457,3.227,-9.094,-0.691,0.000,0.000,0.000,-222189
12.461571584,1110220678,3.227,-9.094,-0.691,0.000,0.000,0.000,-222169
12.466990125,1110224899,3.227,-9.094,-0.691,0.000,0.000,0.000,-222524
12.4690905,1110228120,3.227,-9.094,-0.691,0.000,0.000,0.000,-222468
12.4732735,1110232341,3.227,-9.094,-0.691,0.000,0.000,0.000,-222505
12.4765275,1110235562,3.266,-9.133,-0.539,0.000,0.000,0.000,-221413
12.481764125,1110240783,3.266,-9.133,-0.539,0.000,0.000,0.000,-221930
12.485946417,1110245004,3.266,-9.133,-0.539,0.000,0.000,0.000,-222115
12.4902065,1110249225,3.266,-9.133,-0.539,0.000,0.000,0.000,-221946
12.494405917,1110253446,3.266,-9.133,-0.539,0.000,0.000,0.000,-221776
12.500317417,1110258667,3.266,-9.133,-0.539,0.000,0.000,0.000,-222245
12.503900709,1110262888,3.266,-9.137,-0.730,0.000,0.000,0.000,-222637
12.507103042,1110266109,3.266,-9.137,-0.730,0.000,0.000,0.000,-222366
12.513293584,1110272330,3.266,-9.137,-0.730,0.000,0.000,0.000,-222839
12.517695584,1110276551,3.266,-9.137,-0.730,0.000,0.000,0.000,-222725
12.521807209,1110280772,3.266,-9.137,-0.730,0.000,0.000,0.000,-222076
12.525972167,1110284993,3.266,-9.137,-0.730,0.000,0.000,0.000,-221902
12.529177459,1110288214,3.266,-9.137,-0.730,0.000,0.000,0.000,-222862
12.533472834,1110292435,3.266,-9.137,-0.691,0.000,0.000,0.000,-222214
12.536665459,1110295656,3.266,-9.137,-0.691,0.000,0.000,0.000,-222549
12.542894459,1110301877,3.266,-9.137,-0.691,0.000,0.000,0.000,-221693
12.54713225,1110306098,3.266,-9.137,-0.691,0.000,0.000,0.000,-221483
12.551425709,1110310319,3.266,-9.137,-0.691,0.000,0.000,0.000,-222434
12.555777417,1110314540,3.266,-9.137,-0.691,0.000,0.000,0.000,-222764
12.560968209,1110319761,3.266,-9.137,-0.691,0.000,0.000,0.000,-222659
12.564177,1110322982,3.227,-9.137,-0.617,0.000,0.000,0.000,-222301
12.566411334,1110325203,3.227,-9.137,-0.617,0.000,0.000,0.000,-222197
12.57119375,1110329424,3.227,-9.137,-0.617,0.000,0.000,0.000,-221867
12.574627667,1110333645,3.227,-9.137,-0.617,0.000,0.000,0.000,-222291
12.578935667,1110337866,3.227,-9.137,-0.617,0.000,0.000,0.000,-222543
12.583098209,1110342087,3.227,-9.137,-0.617,0.000,0.000,0.000,-222461
12.587349084,1110346308,3.227,-9.137,-0.617,0.000,0.000,0.000,-222933
12.593634125,1110352529,3.266,-9.137,-0.691,0.000,0.000,0.000,-222301
12.595869167,1110354750,3.266,-9.137,-0.691,0.000,0.000,0.000,-221963
12.601196792,1110359971,3.266,-9.137,-0.691,0.000,0.000,0.000,-222563
12.606243667,1110365192,3.266,-9.137,-0.691,0.000,0.000,0.000,-222718
12.611389125,1110370413,3.266,-9.137,-0.691,0.000,0.000,0.000,-222701
12.613593292,1110372634,3.266,-9.137,-0.691,0.000,0.000,0.000,-222179
12.618901834,1110377855,3.266,-9.137,-0.691,0.000,0.000,0.000,-222471
12.623088125,1110382076,3.266,-9.137,-0.691,0.000,0.000,0.000,-222046
12.627289625,1110386297,3.266,-9.137,-0.691,0.000,0.000,0.000,-222337
12.631561542,1110390518,3.266,-9.137,-0.691,0.000,0.000,0.000,-222574
12.635681542,1110394739,3.266,-9.176,-0.656,0.000,0.000,0.000,-221798
12.639666584,1110397960,3.266,-9.176,-0.656,0.000,0.000,0.000,-222257
12.644194709,1110403183,3.266,-9.176,-0.656,0.000,0.000,0.000,-222355
12.648403292,1110407403,3.266,-9.176,-0.656,0.000,0.000,0.000,-222254
12.65360775,1110412624,3.266,-9.176,-0.656,0.000,0.000,0.000,-222988
12.657883209,1110416845,3.266,-9.176,-0.656,0.000,0.000,0.000,-222141
12.663122959,1110422066,3.266,-9.176,-0.656,0.000,0.000,0.000,-222785
12.667274709,1110426287,3.266,-9.133,-0.656,0.000,0.000,0.000,-222734
12.670514625,1110429508,3.266,-9.133,-0.656,0.000,0.000,0.000,-222139
12.675686209,1110434729,3.266,-9.133,-0.656,0.000,0.000,0.000,-222490
12.680926125,1110439950,3.266,-9.133,-0.656,0.000,0.000,0.000,-221905
12.685301584,1110444172,3.266,-9.133,-0.656,0.000,0.000,0.000,-221857
12.689540917,1110448393,3.266,-9.133,-0.656,0.000,0.000,0.000,-222296
12.693833167,1110452614,3.266,-9.098,-0.730,0.000,0.000,0.000,-221889
12.696055209,1110454835,3.266,-9.098,-0.730,0.000,0.000,0.000,-222234
12.702516667,1110461056,3.266,-9.098,-0.730,0.000,0.000,0.000,-222199
12.706740709,1110465277,3.266,-9.098,-0.730,0.000,0.000,0.000,-221860
12.7115175,1110470498,3.266,-9.098,-0.730,0.000,0.000,0.000,-222033
12.715765792,1110474719,3.266,-9.098,-0.730,0.000,0.000,0.000,-222612
12.721015917,1110479940,3.266,-9.098,-0.730,0.000,0.000,0.000,-223542
12.724335125,1110483161,3.266,-9.133,-0.656,0.000,0.000,0.000,-222437
12.729616875,1110488383,3.266,-9.133,-0.656,0.000,0.000,0.000,-221845
12.733844542,1110492604,3.266,-9.133,-0.656,0.000,0.000,0.000,-222401
12.737861584,1110496825,3.266,-9.133,-0.656,0.000,0.000,0.000,-222439
12.743044834,1110502046,3.266,-9.133,-0.656,0.000,0.000,0.000,-221881
12.747546167,1110506267,3.266,-9.098,-0.691,0.000,0.000,0.000,-221928
12.749513292,1110508488,3.266,-9.098,-0.691,0.000,0.000,0.000,-223072
12.754712334,1110513709,3.266,-9.098,-0.691,0.000,0.000,0.000,-222526
12.759059292,1110517930,3.266,-9.098,-0.691,0.000,0.000,0.000,-222308
12.7634715,1110522151,3.266,-9.098,-0.691,0.000,0.000,0.000,-221910
12.767305667,1110526372,3.266,-9.098,-0.691,0.000,0.000,0.000,-222787
12.771587584,1110530593,3.266,-9.098,-0.691,0.000,0.000,0.000,-222532
12.776836084,1110535814,3.266,-9.133,-0.617,0.000,0.000,0.000,-222950
12.780032875,1110539035,3.266,-9.133,-0.617,0.000,0.000,0.000,-222062
12.786254,1110545256,3.266,-9.133,-0.617,0.000,0.000,0.000,-223109
12.790474417,1110549477,3.266,-9.133,-0.617,0.000,0.000,0.000,-222190
12.794727334,1110553698,3.266,-9.133,-0.617,0.000,0.000,0.000,-221681
12.799892584,1110558919,3.266,-9.133,-0.617,0.000,0.000,0.000,-222590
12.805642125,1110564140,3.266,-9.133,-0.617,0.000,0.000,0.000,-222512
12.808409209,1110567361,3.266,-9.094,-0.656,0.000,0.000,0.000,-222884
12.81155825,1110570582,3.266,-9.094,-0.656,0.000,0.000,0.000,-222808
12.8171015,1110575803,3.266,-9.094,-0.656,0.000,0.000,0.000,-222495
12.822015875,1110581024,3.266,-9.094,-0.656,0.000,0.000,0.000,-222149
12.82623275,1110585245,3.266,-9.094,-0.656,0.000,0.000,0.000,-221735
12.83143675,1110590451,3.266,-9.094,-0.656,0.000,0.000,0.000,-221735
12.836663084,1110595671,3.266,-9.094,-0.656,0.000,0.000,0.000,-221752
12.841908292,1110600892,3.266,-9.137,-0.691,0.000,0.000,0.000,-221725
12.84518025,1110604113,3.266,-9.137,-0.691,0.000,0.000,0.000,-222663
12.852355542,1110611334,3.266,-9.137,-0.691,0.000,0.000,0.000,-222376
12.856560875,1110615555,3.266,-9.137,-0.691,0.000,0.000,0.000,-222072
12.86087,1110619776,3.266,-9.137,-0.691,0.000,0.000,0.000,-222176
12.865032084,1110623997,3.266,-9.137,-0.691,0.000,0.000,0.000,-222389
12.869254667,1110628218,3.266,-9.133,-0.656,0.000,0.000,0.000,-222178
12.872473375,1110631439,3.266,-9.133,-0.656,0.000,0.000,0.000,-222441
12.877633834,1110636660,3.266,-9.133,-0.656,0.000,0.000,0.000,-222163
12.883928459,1110642881,3.266,-9.133,-0.656,0.000,0.000,0.000,-222429
12.887046667,1110646102,3.266,-9.133,-0.656,0.000,0.000,0.000,-222708
12.892276084,1110651323,3.266,-9.133,-0.656,0.000,0.000,0.000,-222943
12.89761575,1110656544,3.266,-9.133,-0.656,0.000,0.000,0.000,-222049
12.90288975,1110661765,3.266,-9.098,-0.691,0.000,0.000,0.000,-222545
12.905091875,1110663986,3.266,-9.098,-0.691,0.000,0.000,0.000,-222011
12.909152167,1110668207,3.266,-9.098,-0.691,0.000,0.000,0.000,-222132
12.914381917,1110673428,3.266,-9.098,-0.691,0.000,0.000,0.000,-222194
12.918730917,1110677649,3.266,-9.098,-0.691,0.000,0.000,0.000,-222321
12.923983334,1110682870,3.266,-9.098,-0.691,0.000,0.000,0.000,-221781
12.928354917,1110687091,3.191,-9.133,-0.617,0.000,0.000,0.000,-222137
12.931523917,1110690313,3.191,-9.133,-0.617,0.000,0.000,0.000,-221827
12.93762875,1110695534,3.191,-9.133,-0.617,0.000,0.000,0.000,-222236
12.942175667,1110700755,3.191,-9.133,-0.617,0.000,0.000,0.000,-221673
12.94595025,1110704976,3.191,-9.133,-0.617,0.000,0.000,0.000,-221980
12.951257125,1110710197,3.191,-9.133,-0.617,0.000,0.000,0.000,-222071
12.956648959,1110715418,3.191,-9.133,-0.617,0.000,0.000,0.000,-222584
12.961895459,1110720639,3.266,-9.176,-0.656,0.000,0.000,0.000,-222587
12.965084084,1110723860,3.266,-9.176,-0.656,0.000,0.000,0.000,-222447
12.971416959,1110729081,3.266,-9.176,-0.656,0.000,0.000,0.000,-222667
12.974701667,1110733302,3.266,-9.176,-0.656,0.000,0.000,0.000,-222274
12.978513875,1110737523,3.266,-9.176,-0.656,0.000,0.000,0.000,-222354
12.983762,1110742744,3.266,-9.176,-0.656,0.000,0.000,0.000,-222041
12.988011125,1110746965,3.266,-9.176,-0.656,0.000,0.000,0.000,-222225
12.991340459,1110750186,3.266,-9.094,-0.656,0.000,0.000,0.000,-221692
12.994497709,1110753407,3.266,-9.094,-0.656,0.000,0.000,0.000,-222534
13.000863625,1110759628,3.266,-9.094,-0.656,0.000,0.000,0.000,-222170
13.00515,1110763849,3.266,-9.094,-0.656,0.000,0.000,0.000,-221766
13.009429917,1110768070,3.266,-9.094,-0.656,0.000,0.000,0.000,-222316
13.014629084,1110773291,3.266,-9.094,-0.656,0.000,0.000,0.000,-222405
13.018495917,1110777512,3.266,-9.094,-0.656,0.000,0.000,0.000,-222208
13.022753792,1110781733,3.227,-9.133,-0.730,0.000,0.000,0.000,-222464
13.024919292,1110783955,3.227,-9.133,-0.730,0.000,0.000,0.000,-222425
13.029168709,1110788178,3.227,-9.133,-0.730,0.000,0.000,0.000,-221784
13.034342792,1110793398,3.227,-9.133,-0.730,0.000,0.000,0.000,-222112
13.038746084,1110797619,3.227,-9.133,-0.730,0.000,0.000,0.000,-222433
13.043861917,1110802840,3.227,-9.133,-0.730,0.000,0.000,0.000,-222490
13.049495042,1110808061,3.227,-9.133,-0.730,0.000,0.000,0.000,-222836
13.053274084,1110812282,3.266,-9.172,-0.691,0.000,0.000,0.000,-221883
13.055554292,1110814503,3.266,-9.172,-0.691,0.000,0.000,0.000,-222428
13.061711209,1110820724,3.266,-9.172,-0.691,0.000,0.000,0.000,-221701
13.065968209,1110824945,3.266,-9.172,-0.691,0.000,0.000,0.000,-222452
13.070602417,1110829167,3.266,-9.172,-0.691,0.000,0.000,0.000,-222739
13.074345417,1110833387,3.266,-9.172,-0.691,0.000,0.000,0.000,-221758
13.079645417,1110838608,3.266,-9.172,-0.691,0.000,0.000,0.000,-221606
13.084231709,1110842829,3.266,-9.133,-0.656,0.000,0.000,0.000,-223110
13.087276709,1110846050,3.266,-9.133,-0.656,0.000,0.000,0.000,-221821
13.092207125,1110851271,3.266,-9.133,-0.656,0.000,0.000,0.000,-222659
13.097539209,1110856492,3.266,-9.133,-0.656,0.000,0.000,0.000,-222184
13.104793125,1110863713,3.266,-9.133,-0.656,0.000,0.000,0.000,-223098
13.108916417,1110867934,3.266,-9.133,-0.656,0.000,0.000,0.000,-222653
13.11316625,1110872155,3.266,-9.133,-0.656,0.000,0.000,0.000,-221719
13.117511334,1110876377,3.266,-9.176,-0.656,0.000,0.000,0.000,-222510
13.120633875,1110879598,3.266,-9.176,-0.656,0.000,0.000,0.000,-222274
13.127063709,1110885819,3.266,-9.176,-0.656,0.000,0.000,0.000,-222504
13.13129225,1110890040,3.266,-9.176,-0.656,0.000,0.000,0.000,-222183
13.134492875,1110893261,3.266,-9.176,-0.656,0.000,0.000,0.000,-222803
13.139456584,1110898482,3.266,-9.176,-0.656,0.000,0.000,0.000,-222618
13.144740375,1110903703,3.227,-9.094,-0.730,0.000,0.000,0.000,-222091
13.147843792,1110906924,3.227,-9.094,-0.730,0.000,0.000,0.000,-223099
13.154177459,1110913145,3.227,-9.094,-0.730,0.000,0.000,0.000,-222397
13.158402125,1110917366,3.227,-9.094,-0.730,0.000,0.000,0.000,-222552
13.162700042,1110921587,3.227,-9.094,-0.730,0.000,0.000,0.000,-222636
13.167168167,1110925808,3.227,-9.094,-0.730,0.000,0.000,0.000,-222197
13.172019,1110931029,3.227,-9.094,-0.730,0.000,0.000,0.000,-222404
13.176228042,1110935250,3.266,-9.098,-0.691,0.000,0.000,0.000,-222764
13.179435709,1110938471,3.266,-9.098,-0.691,0.000,0.000,0.000,-222363
13.183741042,1110942693,3.266,-9.098,-0.691,0.000,0.000,0.000,-222317
13.188025709,1110946914,3.266,-9.098,-0.691,0.000,0.000,0.000,-221726
13.192369709,1110951135,3.266,-9.098,-0.691,0.000,0.000,0.000,-222207
13.196588084,1110955356,3.266,-9.098,-0.691,0.000,0.000,0.000,-222399
13.202128917,1110960577,3.266,-9.098,-0.691,0.000,0.000,0.000,-222644
13.2050885,1110963798,3.266,-9.137,-0.691,0.000,0.000,0.000,-222331
13.206962959,1110966019,3.266,-9.137,-0.691,0.000,0.000,0.000,-222798
13.212212417,1110971240,3.266,-9.137,-0.691,0.000,0.000,0.000,-222820
13.217471334,1110976461,3.266,-9.137,-0.691,0.000,0.000,0.000,-221589
13.2216395,1110980682,3.266,-9.137,-0.691,0.000,0.000,0.000,-222427
13.225886959,1110984903,3.266,-9.137,-0.691,0.000,0.000,0.000,-222723
13.229085542,1110988124,3.266,-9.137,-0.691,0.000,0.000,0.000,-222011
13.233276209,1110992345,3.266,-9.137,-0.691,0.000,0.000,0.000,-222355
13.236555542,1110995566,3.266,-9.137,-0.691,0.000,0.000,0.000,-222703
13.242839917,1111001787,3.266,-9.137,-0.691,0.000,0.000,0.000,-222536
13.24702575,1111006008,3.266,-9.137,-0.691,0.000,0.000,0.000,-221989
13.25121325,1111010229,3.266,-9.137,-0.691,0.000,0.000,0.000,-222184
13.255404417,1111014450,3.266,-9.137,-0.691,0.000,0.000,0.000,-222852
13.259638875,1111018671,3.266,-9.137,-0.691,0.000,0.000,0.000,-222390
13.264828459,1111023892,3.266,-9.137,-0.691,0.000,0.000,0.000,-222135
13.268074084,1111027113,3.266,-9.137,-0.691,0.000,0.000,0.000,-222540
13.274292375,1111033334,3.266,-9.137,-0.691,0.000,0.000,0.000,-222165
13.278532917,1111037555,3.266,-9.137,-0.691,0.000,0.000,0.000,-222457
13.282748709,1111041776,3.266,-9.137,-0.691,0.000,0.000,0.000,-221777
13.286935959,1111045997,3.266,-9.137,-0.691,0.000,0.000,0.000,-222553
13.292182375,1111051218,3.266,-9.137,-0.691,0.000,0.000,0.000,-221205
13.296417417,1111055439,3.266,-9.133,-0.617,0.000,0.000,0.000,-222264
13.2995765,1111058660,3.266,-9.133,-0.617,0.000,0.000,0.000,-222315
13.303870167,1111062881,3.266,-9.133,-0.617,0.000,0.000,0.000,-221904
13.308066584,1111067102,3.266,-9.133,-0.617,0.000,0.000,0.000,-221505
13.312363459,1111071323,3.266,-9.133,-0.617,0.000,0.000,0.000,-221920
13.317585792,1111076544,3.266,-9.133,-0.617,0.000,0.000,0.000,-222489
13.321780834,1111080765,3.266,-9.133,-0.617,0.000,0.000,0.000,-222678
13.325967,1111084986,3.266,-9.098,-0.730,0.000,0.000,0.000,-221977
13.329246209,1111088207,3.266,-9.098,-0.730,0.000,0.000,0.000,-222523
13.334460667,1111093428,3.266,-9.098,-0.730,0.000,0.000,0.000,-221467
13.338623292,1111097649,3.266,-9.098,-0.730,0.000,0.000,0.000,-222137
13.343897042,1111102870,3.266,-9.098,-0.730,0.000,0.000,0.000,-222316
13.348148,1111107091,3.266,-9.098,-0.730,0.000,0.000,0.000,-222491
13.352310209,1111111312,3.266,-9.098,-0.730,0.000,0.000,0.000,-222820
13.356583209,1111115533,3.266,-9.176,-0.617,0.000,0.000,0.000,-223158
13.359806834,1111118754,3.266,-9.176,-0.617,0.000,0.000,0.000,-222206
13.36724625,1111125975,3.266,-9.176,-0.617,0.000,0.000,0.000,-222175
13.371488125,1111130196,3.266,-9.176,-0.617,0.000,0.000,0.000,-221814
13.374371875,1111133417,3.266,-9.176,-0.617,0.000,0.000,0.000,-222808
13.378668959,1111137638,3.266,-9.176,-0.617,0.000,0.000,0.000,-222145
13.382873417,1111141859,3.266,-9.176,-0.617,0.000,0.000,0.000,-222705
13.387115792,1111146080,3.266,-9.098,-0.691,0.000,0.000,0.000,-222532
13.389424,1111148301,3.266,-9.098,-0.691,0.000,0.000,0.000,-222131
13.394807584,1111153522,3.266,-9.098,-0.691,0.000,0.000,0.000,-222193
13.398982417,1111157743,3.266,-9.098,-0.691,0.000,0.000,0.000,-222538
13.403265042,1111161964,3.266,-9.098,-0.691,0.000,0.000,0.000,-222197
13.407313125,1111166186,3.266,-9.098,-0.691,0.000,0.000,0.000,-222023
13.412425875,1111171407,3.266,-9.098,-0.691,0.000,0.000,0.000,-222178
13.416644542,1111175628,3.266,-9.137,-0.691,0.000,0.000,0.000,-222663
13.419839375,1111178849,3.266,-9.137,-0.691,0.000,0.000,0.000,-222414
13.426069667,1111185070,3.266,-9.137,-0.691,0.000,0.000,0.000,-222376
13.430274292,1111189291,3.266,-9.137,-0.691,0.000,0.000,0.000,-223030
13.434521667,1111193512,3.266,-9.137,-0.691,0.000,0.000,0.000,-222322
13.439952125,1111198733,3.266,-9.137,-0.691,0.000,0.000,0.000,-222764
13.444210042,1111202954,3.266,-9.137,-0.691,0.000,0.000,0.000,-221993
13.447239417,1111206175,3.227,-9.133,-0.730,0.000,0.000,0.000,-221725
13.449378667,1111208396,3.227,-9.133,-0.730,0.000,0.000,0.000,-222027
13.454608042,1111213617,3.227,-9.133,-0.730,0.000,0.000,0.000,-222379
13.458813,1111217838,3.227,-9.133,-0.730,0.000,0.000,0.000,-222283
13.46411025,1111223059,3.227,-9.133,-0.730,0.000,0.000,0.000,-223214
13.46953275,1111228280,3.266,-9.172,-0.691,0.000,0.000,0.000,-222702
13.472604834,1111231501,3.266,-9.172,-0.691,0.000,0.000,0.000,-221732
13.477659459,1111236722,3.266,-9.172,-0.691,0.000,0.000,0.000,-222194
13.482935709,1111241943,3.266,-9.172,-0.691,0.000,0.000,0.000,-222927
13.487192917,1111246165,3.266,-9.172,-0.691,0.000,0.000,0.000,-221889
13.49238625,1111251386,3.266,-9.172,-0.691,0.000,0.000,0.000,-222254
13.496650334,1111255608,3.266,-9.172,-0.691,0.000,0.000,0.000,-222483
13.502482417,1111260829,3.266,-9.137,-0.691,0.000,0.000,0.000,-222316
13.504517417,1111263050,3.266,-9.137,-0.691,0.000,0.000,0.000,-222502
13.50826225,1111267271,3.266,-9.137,-0.691,0.000,0.000,0.000,-222176
13.512500584,1111271492,3.266,-9.137,-0.691,0.000,0.000,0.000,-222843
13.516773959,1111275713,3.266,-9.137,-0.691,0.000,0.000,0.000,-222707
13.522080917,1111280934,3.266,-9.137,-0.691,0.000,0.000,0.000,-222509
13.5263695,1111285156,3.266,-9.137,-0.691,0.000,0.000,0.000,-222251
13.530610875,1111289377,3.266,-9.094,-0.809,0.000,0.000,0.000,-222510
13.5338555,1111292598,3.266,-9.094,-0.809,0.000,0.000,0.000,-221990
13.539834292,1111298819,3.266,-9.094,-0.809,0.000,0.000,0.000,-222460
13.545053709,1111304040,3.266,-9.094,-0.809,0.000,0.000,0.000,-221744
13.549306084,1111308261,3.266,-9.094,-0.809,0.000,0.000,0.000,-222989
13.553535292,1111312482,3.266,-9.094,-0.809,0.000,0.000,0.000,-223143
13.5576975,1111316703,3.266,-9.094,-0.809,0.000,0.000,0.000,-222521
13.563262167,1111321924,3.227,-9.172,-0.770,0.000,0.000,0.000,-221902
13.566358292,1111325145,3.227,-9.172,-0.770,0.000,0.000,0.000,-222571
13.571782375,1111330367,3.227,-9.172,-0.770,0.000,0.000,0.000,-222264
13.575630792,1111334588,3.227,-9.172,-0.770,0.000,0.000,0.000,-221612
13.578864584,1111337809,3.227,-9.172,-0.770,0.000,0.000,0.000,-223006
13.584151042,1111343030,3.227,-9.172,-0.770,0.000,0.000,0.000,-222499
13.5884765,1111347251,3.227,-9.172,-0.770,0.000,0.000,0.000,-222361
13.592705167,1111351472,3.266,-9.133,-0.578,0.000,0.000,0.000,-222625
13.595189792,1111353693,3.266,-9.133,-0.578,0.000,0.000,0.000,-222330
13.599206917,1111357914,3.266,-9.133,-0.578,0.000,0.000,0.000,-222998
13.603165917,1111362135,3.266,-9.133,-0.578,0.000,0.000,0.000,-222410
13.606554209,1111365356,3.266,-9.133,-0.578,0.000,0.000,0.000,-222008
13.611565792,1111370577,3.266,-9.133,-0.578,0.000,0.000,0.000,-221697
13.616860125,1111375798,3.266,-9.133,-0.578,0.000,0.000,0.000,-222607
13.624041084,1111383019,3.305,-9.137,-0.691,0.000,0.000,0.000,-222170
13.626229625,1111385240,3.305,-9.137,-0.691,0.000,0.000,0.000,-222484
13.631583792,1111390461,3.305,-9.137,-0.691,0.000,0.000,0.000,-222930
13.635822,1111394682,3.266,-9.137,-0.691,0.000,0.000,0.000,-222407
13.637873542,1111396903,3.266,-9.137,-0.691,0.000,0.000,0.000,-222053
13.64207575,1111401124,3.266,-9.137,-0.691,0.000,0.000,0.000,-222051
13.64633725,1111405345,3.266,-9.137,-0.691,0.000,0.000,0.000,-221874
13.6495505,1111408566,3.266,-9.137,-0.691,0.000,0.000,0.000,-222399
13.653853625,1111412787,3.266,-9.137,-0.691,0.000,0.000,0.000,-222536
13.657967584,1111417008,3.266,-9.137,-0.691,0.000,0.000,0.000,-222424
13.663247667,1111422229,3.227,-9.094,-0.691,0.000,0.000,0.000,-222379
13.666422917,1111425450,3.227,-9.094,-0.691,0.000,0.000,0.000,-222675
13.671694292,1111430671,3.227,-9.094,-0.691,0.000,0.000,0.000,-222373
13.676130709,1111434892,3.227,-9.094,-0.691,0.000,0.000,0.000,-222344
13.680104875,1111439113,3.227,-9.094,-0.691,0.000,0.000,0.000,-222307
13.685426209,1111444334,3.227,-9.094,-0.691,0.000,0.000,0.000,-222609
13.689605834,1111448555,3.227,-9.094,-0.691,0.000,0.000,0.000,-222698
13.693889,1111452776,3.266,-9.133,-0.656,0.000,0.000,0.000,-222580
13.696230084,1111454997,3.266,-9.133,-0.656,0.000,0.000,0.000,-222490
13.700447959,1111459218,3.266,-9.133,-0.656,0.000,0.000,0.000,-222233
13.705195292,1111463439,3.266,-9.133,-0.656,0.000,0.000,0.000,-221606
13.709607709,1111468660,3.266,-9.133,-0.656,0.000,0.000,0.000,-222481
13.714991667,1111473881,3.227,-9.176,-0.691,0.000,0.000,0.000,-222067
13.718143209,1111477102,3.227,-9.176,-0.691,0.000,0.000,0.000,-221863
13.724431375,1111483323,3.227,-9.176,-0.691,0.000,0.000,0.000,-222146
13.728839834,1111487544,3.227,-9.176,-0.691,0.000,0.000,0.000,-222123
13.733128584,1111491765,3.227,-9.176,-0.691,0.000,0.000,0.000,-222111
13.738266667,1111495986,3.227,-9.176,-0.691,0.000,0.000,0.000,-222139
13.742225417,1111501207,3.227,-9.176,-0.691,0.000,0.000,0.000,-222402
13.746455292,1111505428,3.266,-9.172,-0.691,0.000,0.000,0.000,-222385
13.749701084,1111508649,3.266,-9.172,-0.691,0.000,0.000,0.000,-222366
13.754997417,1111513870,3.266,-9.172,-0.691,0.000,0.000,0.000,-222811
13.760316875,1111519091,3.266,-9.172,-0.691,0.000,0.000,0.000,-222162
13.764551292,1111523312,3.266,-9.172,-0.691,0.000,0.000,0.000,-222718
13.771288834,1111528533,3.266,-9.172,-0.691,0.000,0.000,0.000,-222842
13.774796334,1111533754,3.266,-9.172,-0.691,0.000,0.000,0.000,-222043
13.77897925,1111537975,3.227,-9.098,-0.656,0.000,0.000,0.000,-221441
13.782195625,1111541196,3.227,-9.098,-0.656,0.000,0.000,0.000,-222305
13.787446375,1111546417,3.227,-9.098,-0.656,0.000,0.000,0.000,-222495
13.791681625,1111550638,3.227,-9.098,-0.656,0.000,0.000,0.000,-222676
13.795889625,1111554859,3.227,-9.098,-0.656,0.000,0.000,0.000,-222651
13.802322834,1111561080,3.227,-9.098,-0.656,0.000,0.000,0.000,-222231
13.807474125,1111566301,3.227,-9.098,-0.656,0.000,0.000,0.000,-222435
13.811502792,1111570522,3.266,-9.133,-0.656,0.000,0.000,0.000,-222654
13.8147365,1111573743,3.266,-9.133,-0.656,0.000,0.000,0.000,-222764
13.820979917,1111579964,3.266,-9.133,-0.656,0.000,0.000,0.000,-222146
13.825181292,1111584185,3.266,-9.133,-0.656,0.000,0.000,0.000,-222782
13.829492292,1111588406,3.266,-9.133,-0.656,0.000,0.000,0.000,-222438
13.833597667,1111592627,3.266,-9.133,-0.656,0.000,0.000,0.000,-222556
13.837881875,1111596848,3.266,-9.133,-0.656,0.000,0.000,0.000,-222217
13.843031042,1111602069,3.266,-9.094,-0.656,0.000,0.000,0.000,-222698
13.846290292,1111605290,3.266,-9.094,-0.656,0.000,0.000,0.000,-221886
13.8526245,1111611511,3.266,-9.094,-0.656,0.000,0.000,0.000,-222129
13.856754,1111615732,3.266,-9.094,-0.656,0.000,0.000,0.000,-222271
13.862089125,1111620953,3.266,-9.094,-0.656,0.000,0.000,0.000,-221594
13.867214125,1111626174,3.266,-9.094,-0.656,0.000,0.000,0.000,-222836
13.873718209,1111632395,3.266,-9.137,-0.730,0.000,0.000,0.000,-222158
13.876584875,1111635616,3.266,-9.137,-0.730,0.000,0.000,0.000,-222305
13.882861042,1111641837,3.266,-9.137,-0.730,0.000,0.000,0.000,-223065
13.888114459,1111647058,3.266,-9.137,-0.730,0.000,0.000,0.000,-223356
13.892369917,1111651279,3.266,-9.137,-0.730,0.000,0.000,0.000,-221590
13.897801375,1111656500,3.266,-9.137,-0.730,0.000,0.000,0.000,-222141
13.901975625,1111660721,3.266,-9.137,-0.730,0.000,0.000,0.000,-222446
13.9059655,1111664942,3.227,-9.137,-0.656,0.000,0.000,0.000,-222024
13.909160709,1111668165,3.227,-9.137,-0.656,0.000,0.000,0.000,-222429
13.915352167,1111674385,3.227,-9.137,-0.656,0.000,0.000,0.000,-222533
13.919818459,1111678606,3.227,-9.137,-0.656,0.000,0.000,0.000,-223267
13.924867875,1111683828,3.227,-9.137,-0.656,0.000,0.000,0.000,-222647
13.929109042,1111688049,3.227,-9.137,-0.656,0.000,0.000,0.000,-222792
13.933385667,1111692270,3.227,-9.137,-0.656,0.000,0.000,0.000,-222688
13.938849584,1111696491,3.227,-9.172,-0.656,0.000,0.000,0.000,-222728
13.940683584,1111699712,3.227,-9.172,-0.656,0.000,0.000,0.000,-222786
13.946945209,1111705933,3.227,-9.172,-0.656,0.000,0.000,0.000,-222399
13.951175792,1111710154,3.227,-9.172,-0.656,0.000,0.000,0.000,-223144
13.954499834,1111713375,3.227,-9.172,-0.656,0.000,0.000,0.000,-222193
13.959689125,1111718596,3.227,-9.172,-0.656,0.000,0.000,0.000,-222511
13.965157584,1111723817,3.305,-9.133,-0.770,0.000,0.000,0.000,-221771
13.96827025,1111727038,3.305,-9.133,-0.770,0.000,0.000,0.000,-222872
13.973444709,1111732259,3.305,-9.133,-0.770,0.000,0.000,0.000,-222752
13.977484917,1111736480,3.305,-9.133,-0.770,0.000,0.000,0.000,-222105
13.981772709,1111740701,3.305,-9.133,-0.770,0.000,0.000,0.000,-222502
13.98598275,1111744922,3.305,-9.133,-0.770,0.000,0.000,0.000,-223034
13.990279334,1111749143,3.266,-9.133,-0.656,0.000,0.000,0.000,-223501
13.993740042,1111752365,3.266,-9.133,-0.656,0.000,0.000,0.000,-222744
13.998835917,1111757586,3.266,-9.133,-0.656,0.000,0.000,0.000,-222700
14.004541875,1111762807,3.266,-9.133,-0.656,0.000,0.000,0.000,-222564
14.008069334,1111767028,3.266,-9.133,-0.656,0.000,0.000,0.000,-223200
14.012256042,1111771249,3.266,-9.133,-0.656,0.000,0.000,0.000,-222130
14.016431667,1111775470,3.266,-9.133,-0.656,0.000,0.000,0.000,-221877
14.021677042,1111780691,3.266,-9.133,-0.656,0.000,0.000,0.000,-222206
14.024875542,1111783912,3.266,-9.133,-0.656,0.000,0.000,0.000,-222232
14.030175375,1111789133,3.266,-9.133,-0.656,0.000,0.000,0.000,-222302
14.03537175,1111794354,3.266,-9.133,-0.656,0.000,0.000,0.000,-221957
14.03959,1111798575,3.266,-9.133,-0.656,0.000,0.000,0.000,-222313
14.04498075,1111803796,3.266,-9.133,-0.656,0.000,0.000,0.000,-221841
14.049059584,1111808002,3.266,-9.172,-0.730,0.000,0.000,0.000,-221841
14.052263334,1111811222,3.266,-9.172,-0.730,0.000,0.000,0.000,-221995
14.0574585,1111816443,3.266,-9.172,-0.730,0.000,0.000,0.000,-222549
14.062694625,1111821664,3.266,-9.172,-0.730,0.000,0.000,0.000,-222417
14.06699125,1111825885,3.266,-9.172,-0.730,0.000,0.000,0.000,-222075
14.072100084,1111831106,3.266,-9.172,-0.730,0.000,0.000,0.000,-221678
14.07731625,1111836327,3.266,-9.172,-0.730,0.000,0.000,0.000,-222305
14.082567125,1111841548,3.266,-9.176,-0.656,0.000,0.000,0.000,-222600
14.084781667,1111843769,3.266,-9.176,-0.656,0.000,0.000,0.000,-223261
14.090052917,1111848990,3.266,-9.176,-0.656,0.000,0.000,0.000,-221717
14.094274834,1111853211,3.266,-9.176,-0.656,0.000,0.000,0.000,-222442
14.098540792,1111857432,3.266,-9.176,-0.656,0.000,0.000,0.000,-221431
14.104338584,1111862653,3.266,-9.176,-0.656,0.000,0.000,0.000,-222686
14.107824917,1111866874,3.266,-9.176,-0.656,0.000,0.000,0.000,-222120
14.112070417,1111871095,3.227,-9.059,-0.691,0.000,0.000,0.000,-221430
14.115361084,1111874316,3.227,-9.059,-0.691,0.000,0.000,0.000,-222595
14.121662125,1111880537,3.227,-9.059,-0.691,0.000,0.000,0.000,-222665
14.12606375,1111884758,3.227,-9.059,-0.691,0.000,0.000,0.000,-222032
14.1322225,1111890979,3.227,-9.059,-0.691,0.000,0.000,0.000,-222284
14.138097834,1111896200,3.227,-9.059,-0.691,0.000,0.000,0.000,-221312
14.1434555,1111902421,3.227,-9.059,-0.691,0.000,0.000,0.000,-222266
14.14766,1111906642,3.227,-9.176,-0.730,0.000,0.000,0.000,-222791
14.150920167,1111909863,3.227,-9.176,-0.730,0.000,0.000,0.000,-222403
14.156205917,1111915084,3.227,-9.176,-0.730,0.000,0.000,0.000,-221720
14.160599,1111919305,3.227,-9.176,-0.730,0.000,0.000,0.000,-222209
14.165769209,1111924526,3.227,-9.176,-0.730,0.000,0.000,0.000,-222433
14.170062209,1111928747,3.227,-9.176,-0.730,0.000,0.000,0.000,-222645
14.17496725,1111933968,3.227,-9.176,-0.730,0.000,0.000,0.000,-222309
14.179216375,1111938189,3.266,-9.176,-0.617,0.000,0.000,0.000,-221724
14.182426375,1111941410,3.266,-9.176,-0.617,0.000,0.000,0.000,-222919
14.18876425,1111947631,3.266,-9.176,-0.617,0.000,0.000,0.000,-222281
14.193106334,1111951852,3.266,-9.176,-0.617,0.000,0.000,0.000,-223071
14.197435959,1111956073,3.266,-9.176,-0.617,0.000,0.000,0.000,-222009
14.202750625,1111961294,3.266,-9.176,-0.617,0.000,0.000,0.000,-223279
14.206495125,1111965515,3.266,-9.176,-0.617,0.000,0.000,0.000,-222168
14.210737084,1111969736,3.266,-9.137,-0.691,0.000,0.000,0.000,-222891
14.213949042,1111972957,3.266,-9.137,-0.691,0.000,0.000,0.000,-222082
14.220218584,1111979178,3.266,-9.137,-0.691,0.000,0.000,0.000,-222609
14.22538225,1111984399,3.266,-9.137,-0.691,0.000,0.000,0.000,-222299
14.229568917,1111988605,3.266,-9.137,-0.691,0.000,0.000,0.000,-222299
14.234778834,1111993825,3.266,-9.137,-0.691,0.000,0.000,0.000,-222095
14.240096209,1111999046,3.227,-9.133,-0.730,0.000,0.000,0.000,-222365
14.242245542,1112001267,3.227,-9.133,-0.730,0.000,0.000,0.000,-222215
14.247463459,1112006488,3.227,-9.133,-0.730,0.000,0.000,0.000,-222051
14.251672834,1112010709,3.227,-9.133,-0.730,0.000,0.000,0.000,-221882
14.255916125,1112014930,3.227,-9.133,-0.730,0.000,0.000,0.000,-222273
14.260155167,1112019151,3.227,-9.133,-0.730,0.000,0.000,0.000,-221451
14.265372875,1112024372,3.266,-9.137,-0.691,0.000,0.000,0.000,-222110
14.267543917,1112026593,3.266,-9.137,-0.691,0.000,0.000,0.000,-222611
14.272841417,1112031814,3.266,-9.137,-0.691,0.000,0.000,0.000,-222954
14.277147417,1112036035,3.266,-9.137,-0.691,0.000,0.000,0.000,-221561
14.281290542,1112040256,3.266,-9.137,-0.691,0.000,0.000,0.000,-222949
14.285442459,1112044477,3.266,-9.137,-0.691,0.000,0.000,0.000,-222561
14.289700917,1112048698,3.266,-9.137,-0.691,0.000,0.000,0.000,-223011
14.293994042,1112052919,3.305,-9.137,-0.691,0.000,0.000,0.000,-221909
14.296125167,1112055140,3.305,-9.137,-0.691,0.000,0.000,0.000,-222501
14.302564459,1112061362,3.305,-9.137,-0.691,0.000,0.000,0.000,-222463
14.306591917,1112065583,3.305,-9.137,-0.691,0.000,0.000,0.000,-223089
14.310837667,1112069804,3.305,-9.137,-0.691,0.000,0.000,0.000,-222669
14.315047834,1112074025,3.305,-9.137,-0.691,0.000,0.000,0.000,-221503
14.319256625,1112078246,3.305,-9.133,-0.656,0.000,0.000,0.000,-222555
14.322514084,1112081467,3.305,-9.133,-0.656,0.000,0.000,0.000,-222013
14.3276465,1112086688,3.305,-9.133,-0.656,0.000,0.000,0.000,-221864
14.331971292,1112090909,3.305,-9.133,-0.656,0.000,0.000,0.000,-222322
14.336499,1112095130,3.305,-9.133,-0.656,0.000,0.000,0.000,-222352
14.340318667,1112099351,3.305,-9.133,-0.656,0.000,0.000,0.000,-222378
14.34463425,1112103572,3.305,-9.133,-0.656,0.000,0.000,0.000,-222418
14.347739792,1112106793,3.266,-9.094,-0.656,0.000,0.000,0.000,-222208
14.349938084,1112109014,3.266,-9.094,-0.656,0.000,0.000,0.000,-222188
14.355451,1112114235,3.266,-9.094,-0.656,0.000,0.000,0.000,-222152
14.361080959,1112119456,3.266,-9.094,-0.656,0.000,0.000,0.000,-222390
14.364910375,1112123677,3.266,-9.094,-0.656,0.000,0.000,0.000,-221751
14.367829959,1112126898,3.266,-9.098,-0.691,0.000,0.000,0.000,-223023
14.373037625,1112131119,3.266,-9.098,-0.691,0.000,0.000,0.000,-222255
14.376338584,1112135340,3.266,-9.098,-0.691,0.000,0.000,0.000,-222256
14.379557209,1112138561,3.266,-9.098,-0.691,0.000,0.000,0.000,-222148
14.386885625,1112145782,3.266,-9.098,-0.691,0.000,0.000,0.000,-222635
14.392129709,1112151003,3.266,-9.098,-0.691,0.000,0.000,0.000,-221901
14.396474667,1112155224,3.266,-9.098,-0.691,0.000,0.000,0.000,-222135
14.399666875,1112158445,3.266,-9.098,-0.691,0.000,0.000,0.000,-222008
14.405347584,1112163666,3.266,-9.098,-0.691,0.000,0.000,0.000,-221998
14.409255959,1112167887,3.266,-9.098,-0.691,0.000,0.000,0.000,-222855
14.413121875,1112172108,3.266,-9.098,-0.691,0.000,0.000,0.000,-222315
14.417346084,1112176329,3.266,-9.098,-0.691,0.000,0.000,0.000,-222633
14.422558417,1112181550,3.305,-9.172,-0.691,0.000,0.000,0.000,-222276
14.424773417,1112183771,3.305,-9.172,-0.691,0.000,0.000,0.000,-222280
14.430052959,1112188992,3.305,-9.172,-0.691,0.000,0.000,0.000,-221981
14.435189292,1112194213,3.305,-9.172,-0.691,0.000,0.000,0.000,-221660
14.440600584,1112199434,3.305,-9.172,-0.691,0.000,0.000,0.000,-223168
14.44566625,1112204655,3.305,-9.172,-0.691,0.000,0.000,0.000,-222130
14.4509755,1112209876,3.305,-9.172,-0.691,0.000,0.000,0.000,-222104
14.45506475,1112214097,3.227,-9.137,-0.770,0.000,0.000,0.000,-221948
14.457334792,1112216318,3.227,-9.137,-0.770,0.000,0.000,0.000,-222394
14.4635725,1112222539,3.227,-9.137,-0.770,0.000,0.000,0.000,-222031
14.467829875,1112226760,3.227,-9.137,-0.770,0.000,0.000,0.000,-222783
14.472509417,1112230981,3.227,-9.137,-0.770,0.000,0.000,0.000,-221823
14.476180542,1112235202,3.227,-9.137,-0.770,0.000,0.000,0.000,-222146
14.480394917,1112239423,3.227,-9.137,-0.770,0.000,0.000,0.000,-222126
14.48466875,1112243644,3.266,-9.098,-0.691,0.000,0.000,0.000,-222820
14.486829459,1112245865,3.266,-9.098,-0.691,0.000,0.000,0.000,-222654
14.492185125,1112251086,3.266,-9.098,-0.691,0.000,0.000,0.000,-222270
14.496708125,1112255307,3.266,-9.098,-0.691,0.000,0.000,0.000,-222029
14.499802584,1112258528,3.266,-9.098,-0.691,0.000,0.000,0.000,-222345
14.504813417,1112263749,3.266,-9.098,-0.691,0.000,0.000,0.000,-222019
14.510006,1112268970,3.266,-9.098,-0.691,0.000,0.000,0.000,-222790
14.515218875,1112274191,3.266,-9.137,-0.691,0.000,0.000,0.000,-222247
14.517498625,1112276412,3.266,-9.137,-0.691,0.000,0.000,0.000,-221730
14.522754792,1112281633,3.266,-9.137,-0.691,0.000,0.000,0.000,-222360
14.527139917,1112285854,3.266,-9.137,-0.691,0.000,0.000,0.000,-221888
14.53131075,1112290075,3.266,-9.137,-0.691,0.000,0.000,0.000,-222585
14.535788459,1112294296,3.266,-9.137,-0.691,0.000,0.000,0.000,-222454
14.53952975,1112298517,3.305,-9.172,-0.691,0.000,0.000,0.000,-221892
14.542711209,1112301738,3.305,-9.172,-0.691,0.000,0.000,0.000,-221851
14.549184167,1112307959,3.305,-9.172,-0.691,0.000,0.000,0.000,-222962
14.553330459,1112312180,3.305,-9.172,-0.691,0.000,0.000,0.000,-222833
14.557541667,1112316401,3.305,-9.172,-0.691,0.000,0.000,0.000,-221417
14.562878417,1112321622,3.305,-9.172,-0.691,0.000,0.000,0.000,-222685
14.567081625,1112325843,3.305,-9.172,-0.691,0.000,0.000,0.000,-221889
14.57148975,1112330064,3.305,-9.133,-0.656,0.000,0.000,0.000,-222583
14.574303,1112333285,3.305,-9.133,-0.656,0.000,0.000,0.000,-222227
14.579507334,1112338506,3.305,-9.133,-0.656,0.000,0.000,0.000,-221991
14.583752709,1112342727,3.305,-9.133,-0.656,0.000,0.000,0.000,-222318
14.588010375,1112346948,3.305,-9.133,-0.656,0.000,0.000,0.000,-222220
14.592225209,1112351169,3.305,-9.133,-0.656,0.000,0.000,0.000,-221940
14.596507584,1112355390,3.305,-9.133,-0.656,0.000,0.000,0.000,-222362
14.599840917,1112358611,3.266,-9.098,-0.691,0.000,0.000,0.000,-222539
14.603064584,1112361832,3.266,-9.098,-0.691,0.000,0.000,0.000,-222737
14.608042917,1112367053,3.266,-9.098,-0.691,0.000,0.000,0.000,-222290
14.61230825,1112371274,3.266,-9.098,-0.691,0.000,0.000,0.000,-222032
14.615521459,1112374495,3.266,-9.098,-0.691,0.000,0.000,0.000,-222702
14.62072975,1112379716,3.266,-9.098,-0.691,0.000,0.000,0.000,-222407
14.625936917,1112384937,3.266,-9.098,-0.691,0.000,0.000,0.000,-221920
14.630179417,1112389158,3.227,-9.133,-0.691,0.000,0.000,0.000,-222133
14.633423709,1112392379,3.227,-9.133,-0.691,0.000,0.000,0.000,-221985
14.640748917,1112399600,3.227,-9.133,-0.691,0.000,0.000,0.000,-221869
14.644965,1112403821,3.227,-9.133,-0.691,0.000,0.000,0.000,-222068
14.648093542,1112407042,3.227,-9.133,-0.691,0.000,0.000,0.000,-221561
14.652280125,1112411263,3.227,-9.133,-0.691,0.000,0.000,0.000,-221640
14.655441792,1112414484,3.266,-9.137,-0.691,0.000,0.000,0.000,-222848
14.660754917,1112419705,3.266,-9.137,-0.691,0.000,0.000,0.000,-223196
14.66499525,1112423926,3.266,-9.137,-0.691,0.000,0.000,0.000,-222350
14.670197459,1112428149,3.266,-9.137,-0.691,0.000,0.000,0.000,-222966
14.674584417,1112433369,3.266,-9.137,-0.691,0.000,0.000,0.000,-222632
14.678654959,1112437590,3.266,-9.137,-0.691,0.000,0.000,0.000,-222427
14.6828705,1112441811,3.266,-9.137,-0.730,0.000,0.000,0.000,-222358
14.686343209,1112445032,3.266,-9.137,-0.730,0.000,0.000,0.000,-222308
14.692494167,1112451253,3.266,-9.137,-0.730,0.000,0.000,0.000,-221639
14.696715167,1112455474,3.266,-9.137,-0.730,0.000,0.000,0.000,-222104
14.7010005,1112459695,3.266,-9.137,-0.730,0.000,0.000,0.000,-222109
14.705002292,1112463916,3.266,-9.137,-0.730,0.000,0.000,0.000,-222080
14.708067584,1112467139,3.266,-9.137,-0.730,0.000,0.000,0.000,-221668
14.712375209,1112471359,3.266,-9.176,-0.656,0.000,0.000,0.000,-222563
14.714570459,1112473580,3.266,-9.176,-0.656,0.000,0.000,0.000,-222245
14.72015625,1112478801,3.266,-9.176,-0.656,0.000,0.000,0.000,-222499
14.725170042,1112484022,3.266,-9.176,-0.656,0.000,0.000,0.000,-222723
14.73048425,1112489243,3.266,-9.176,-0.656,0.000,0.000,0.000,-222137
14.735859542,1112494464,3.266,-9.176,-0.656,0.000,0.000,0.000,-222892
14.739745625,1112498685,3.266,-9.176,-0.656,0.000,0.000,0.000,-222431
14.744106209,1112502906,3.266,-9.133,-0.656,0.000,0.000,0.000,-222613
14.74615425,1112505127,3.266,-9.133,-0.656,0.000,0.000,0.000,-222275
14.751423,1112510348,3.266,-9.133,-0.656,0.000,0.000,0.000,-222428
14.755969375,1112514569,3.266,-9.133,-0.656,0.000,0.000,0.000,-222070
14.76005975,1112518790,3.266,-9.133,-0.656,0.000,0.000,0.000,-222417
14.764374875,1112523011,3.266,-9.133,-0.656,0.000,0.000,0.000,-222227
14.768201625,1112527232,3.191,-9.094,-0.656,0.000,0.000,0.000,-222665
14.770592042,1112529453,3.191,-9.094,-0.656,0.000,0.000,0.000,-222148
14.775715792,1112534674,3.191,-9.094,-0.656,0.000,0.000,0.000,-222124
14.780950875,1112539895,3.191,-9.094,-0.656,0.000,0.000,0.000,-222615
14.7851385,1112544116,3.191,-9.094,-0.656,0.000,0.000,0.000,-222667
14.790363209,1112549337,3.191,-9.094,-0.656,0.000,0.000,0.000,-222198
14.794633584,1112553558,3.191,-9.094,-0.656,0.000,0.000,0.000,-222375
14.798921667,1112557779,3.305,-9.133,-0.656,0.000,0.000,0.000,-222565
14.8022925,1112561000,3.305,-9.133,-0.656,0.000,0.000,0.000,-222843
14.808251459,1112567221,3.305,-9.133,-0.656,0.000,0.000,0.000,-221552
14.812449042,1112571442,3.305,-9.133,-0.656,0.000,0.000,0.000,-222093
14.816663584,1112575663,3.305,-9.133,-0.656,0.000,0.000,0.000,-222601
14.821899209,1112580884,3.305,-9.133,-0.656,0.000,0.000,0.000,-222523
14.8261125,1112585105,3.305,-9.133,-0.656,0.000,0.000,0.000,-222803
14.830333792,1112589326,3.227,-9.098,-0.656,0.000,0.000,0.000,-223203
14.833544167,1112592547,3.227,-9.098,-0.656,0.000,0.000,0.000,-222115
14.8399035,1112598768,3.227,-9.098,-0.656,0.000,0.000,0.000,-221849
14.845125542,1112603989,3.227,-9.098,-0.656,0.000,0.000,0.000,-222044
14.8482205,1112607210,3.227,-9.098,-0.656,0.000,0.000,0.000,-222541
14.853440375,1112612431,3.227,-9.098,-0.656,0.000,0.000,0.000,-222673
14.857649417,1112616652,3.227,-9.098,-0.656,0.000,0.000,0.000,-221779
14.863129875,1112621873,3.227,-9.094,-0.691,0.000,0.000,0.000,-222390
14.865102084,1112624094,3.227,-9.094,-0.691,0.000,0.000,0.000,-222815
14.869785417,1112628315,3.227,-9.094,-0.691,0.000,0.000,0.000,-223236
14.873529,1112632536,3.227,-9.094,-0.691,0.000,0.000,0.000,-222799
14.877754959,1112636757,3.227,-9.094,-0.691,0.000,0.000,0.000,-221721
14.885956,1112643978,3.227,-9.094,-0.691,0.000,0.000,0.000,-222672
14.889234625,1112648199,3.227,-9.094,-0.691,0.000,0.000,0.000,-222511
14.893450542,1112652420,3.266,-9.137,-0.691,0.000,0.000,0.000,-221913
14.896698167,1112655641,3.266,-9.137,-0.691,0.000,0.000,0.000,-221829
14.903060125,1112661862,3.266,-9.137,-0.691,0.000,0.000,0.000,-222363
14.907811875,1112666083,3.266,-9.137,-0.691,0.000,0.000,0.000,-222875
14.911277959,1112670304,3.266,-9.137,-0.691,0.000,0.000,0.000,-223010
14.916543209,1112675525,3.266,-9.137,-0.691,0.000,0.000,0.000,-222007
14.92078275,1112679746,3.266,-9.137,-0.691,0.000,0.000,0.000,-222016
14.925085334,1112683967,3.266,-9.137,-0.691,0.000,0.000,0.000,-222260
14.927328167,1112686188,3.266,-9.137,-0.691,0.000,0.000,0.000,-222426
14.932657584,1112691409,3.266,-9.137,-0.691,0.000,0.000,0.000,-222363
14.938068584,1112695630,3.266,-9.137,-0.691,0.000,0.000,0.000,-222420
14.939859292,1112698853,3.266,-9.137,-0.691,0.000,0.000,0.000,-221789
14.945120084,1112704074,3.266,-9.137,-0.691,0.000,0.000,0.000,-222437
14.949356625,1112708295,3.266,-9.137,-0.691,0.000,0.000,0.000,-221637
14.953558792,1112712516,3.266,-9.172,-0.730,0.000,0.000,0.000,-221927
14.955869084,1112714737,3.266,-9.172,-0.730,0.000,0.000,0.000,-222114
14.960128459,1112718958,3.266,-9.172,-0.730,0.000,0.000,0.000,-222350
14.965417417,1112724179,3.266,-9.172,-0.730,0.000,0.000,0.000,-221865
14.971232667,1112729400,3.266,-9.172,-0.730,0.000,0.000,0.000,-222831
14.975577125,1112734621,3.266,-9.176,-0.656,0.000,0.000,0.000,-221353
14.978842875,1112737842,3.266,-9.176,-0.656,0.000,0.000,0.000,-221959
14.98511625,1112744063,3.266,-9.176,-0.656,0.000,0.000,0.000,-222283
14.989428167,1112748284,3.266,-9.176,-0.656,0.000,0.000,0.000,-223009
14.993757792,1112752505,3.266,-9.176,-0.656,0.000,0.000,0.000,-222755
14.997997709,1112756726,3.266,-9.176,-0.656,0.000,0.000,0.000,-222663
15.003187042,1112761947,3.266,-9.176,-0.656,0.000,0.000,0.000,-222392
15.007255,1112766168,3.266,-9.094,-0.617,0.000,0.000,0.000,-222516
15.010356,1112769389,3.266,-9.094,-0.617,0.000,0.000,0.000,-221940
15.015634709,1112774610,3.266,-9.094,-0.617,0.000,0.000,0.000,-222281
15.020859959,1112779831,3.266,-9.094,-0.617,0.000,0.000,0.000,-222048
15.025064125,1112784052,3.266,-9.094,-0.617,0.000,0.000,0.000,-222355
15.029279459,1112788273,3.266,-9.094,-0.617,0.000,0.000,0.000,-222239
15.0335255,1112792494,3.266,-9.094,-0.617,0.000,0.000,0.000,-222307
15.03929375,1112797715,3.227,-9.176,-0.730,0.000,0.000,0.000,-222048
15.042342917,1112800936,3.227,-9.176,-0.730,0.000,0.000,0.000,-221906
15.048204459,1112807157,3.227,-9.176,-0.730,0.000,0.000,0.000,-221918
15.052520917,1112811378,3.227,-9.176,-0.730,0.000,0.000,0.000,-222042
15.056612084,1112815599,3.227,-9.176,-0.730,0.000,0.000,0.000,-222046
15.062854917,1112821820,3.227,-9.176,-0.730,0.000,0.000,0.000,-221957
15.067072084,1112826041,3.227,-9.176,-0.730,0.000,0.000,0.000,-222210
15.070854917,1112829262,3.266,-9.133,-0.656,0.000,0.000,0.000,-221993
15.073867167,1112832483,3.266,-9.133,-0.656,0.000,0.000,0.000,-222031
15.078770834,1112837704,3.266,-9.133,-0.656,0.000,0.000,0.000,-222710
15.084003334,1112842925,3.266,-9.133,-0.656,0.000,0.000,0.000,-222525
15.088273917,1112847147,3.266,-9.133,-0.656,0.000,0.000,0.000,-222664
15.093744625,1112852368,3.266,-9.133,-0.656,0.000,0.000,0.000,-222770
15.097857667,1112856589,3.266,-9.133,-0.656,0.000,0.000,0.000,-221933
15.104427584,1112861810,3.266,-9.176,-0.656,0.000,0.000,0.000,-222312
15.105081459,1112864031,3.266,-9.176,-0.656,0.000,0.000,0.000,-222796
15.109221375,1112868252,3.266,-9.176,-0.656,0.000,0.000,0.000,-222421
15.113507167,1112872473,3.266,-9.176,-0.656,0.000,0.000,0.000,-221963
15.117716834,1112876694,3.266,-9.176,-0.656,0.000,0.000,0.000,-222765
15.122977209,1112881915,3.266,-9.176,-0.656,0.000,0.000,0.000,-223030
15.127681084,1112886136,3.266,-9.176,-0.656,0.000,0.000,0.000,-222250
15.131614667,1112890357,3.305,-9.137,-0.691,0.000,0.000,0.000,-222657
15.134851875,1112893578,3.305,-9.137,-0.691,0.000,0.000,0.000,-222453
15.14103325,1112899799,3.305,-9.137,-0.691,0.000,0.000,0.000,-222328
15.146064,1112905020,3.305,-9.137,-0.691,0.000,0.000,0.000,-222697
15.150539875,1112909241,3.305,-9.137,-0.691,0.000,0.000,0.000,-222897
15.154580792,1112913462,3.305,-9.137,-0.691,0.000,0.000,0.000,-222627
15.158934959,1112917683,3.305,-9.137,-0.691,0.000,0.000,0.000,-222900
15.164154334,1112922904,3.266,-9.133,-0.656,0.000,0.000,0.000,-222622
15.167485584,1112926125,3.266,-9.133,-0.656,0.000,0.000,0.000,-222988
15.172373625,1112931347,3.266,-9.133,-0.656,0.000,0.000,0.000,-222656
15.176542375,1112935569,3.266,-9.133,-0.656,0.000,0.000,0.000,-222704
15.180881334,1112939789,3.266,-9.133,-0.656,0.000,0.000,0.000,-222061
15.186067667,1112945010,3.266,-9.133,-0.656,0.000,0.000,0.000,-223189
15.190367834,1112949231,3.266,-9.133,-0.656,0.000,0.000,0.000,-222383
15.194745417,1112953452,3.305,-9.133,-0.617,0.000,0.000,0.000,-221440
15.198059334,1112956673,3.305,-9.133,-0.617,0.000,0.000,0.000,-222061
15.204203542,1112962894,3.305,-9.133,-0.617,0.000,0.000,0.000,-222514
15.208263542,1112967115,3.305,-9.133,-0.617,0.000,0.000,0.000,-222021
15.213395792,1112972336,3.305,-9.133,-0.617,0.000,0.000,0.000,-220905
15.217563542,1112976557,3.305,-9.133,-0.617,0.000,0.000,0.000,-222267
15.222801792,1112981778,3.305,-9.133,-0.617,0.000,0.000,0.000,-222410
15.225984709,1112984999,3.266,-9.137,-0.691,0.000,0.000,0.000,-222571
15.231157542,1112990220,3.266,-9.137,-0.691,0.000,0.000,0.000,-221848
15.235417584,1112994441,3.266,-9.137,-0.691,0.000,0.000,0.000,-222082
15.239718709,1112998662,3.266,-9.137,-0.691,0.000,0.000,0.000,-222794
15.2449335,1113003883,3.266,-9.137,-0.691,0.000,0.000,0.000,-222208
15.249116084,1113008104,3.227,-9.094,-0.691,0.000,0.000,0.000,-222345
15.251306875,1113010325,3.227,-9.094,-0.691,0.000,0.000,0.000,-222363
15.256632292,1113015546,3.227,-9.094,-0.691,0.000,0.000,0.000,-222517
15.260855209,1113019767,3.227,-9.094,-0.691,0.000,0.000,0.000,-222334
15.264959667,1113023988,3.227,-9.094,-0.691,0.000,0.000,0.000,-222754
15.269555334,1113028209,3.227,-9.094,-0.691,0.000,0.000,0.000,-222391
15.273489584,1113032430,3.227,-9.094,-0.691,0.000,0.000,0.000,-221589
15.277647834,1113036651,3.266,-9.137,-0.691,0.000,0.000,0.000,-222010
15.279894709,1113038872,3.266,-9.137,-0.691,0.000,0.000,0.000,-222554
15.285115042,1113044093,3.266,-9.137,-0.691,0.000,0.000,0.000,-222666
15.288363584,1113047316,3.266,-9.137,-0.691,0.000,0.000,0.000,-223077
15.292562084,1113051536,3.266,-9.137,-0.691,0.000,0.000,0.000,-221461
15.29685575,1113055757,3.266,-9.137,-0.691,0.000,0.000,0.000,-222086
15.301012167,1113059978,3.266,-9.137,-0.691,0.000,0.000,0.000,-222294
15.306194,1113065199,3.227,-9.133,-0.691,0.000,0.000,0.000,-222079
15.3094045,1113068420,3.227,-9.133,-0.691,0.000,0.000,0.000,-221852
15.315627834,1113074641,3.227,-9.133,-0.691,0.000,0.000,0.000,-222601
15.319908375,1113078862,3.227,-9.133,-0.691,0.000,0.000,0.000,-222342
15.324033625,1113083083,3.227,-9.133,-0.691,0.000,0.000,0.000,-222840
15.32833275,1113087304,3.227,-9.133,-0.691,0.000,0.000,0.000,-222168
15.333594625,1113092525,3.227,-9.133,-0.691,0.000,0.000,0.000,-222192
15.337772584,1113096746,3.266,-9.137,-0.691,0.000,0.000,0.000,-222044
15.3410205,1113099967,3.266,-9.137,-0.691,0.000,0.000,0.000,-222501
15.346202584,1113105188,3.266,-9.137,-0.691,0.000,0.000,0.000,-222922
15.3514585,1113110409,3.266,-9.137,-0.691,0.000,0.000,0.000,-221726
15.355690084,1113114630,3.266,-9.137,-0.691,0.000,0.000,0.000,-222758
15.361226875,1113119851,3.266,-9.137,-0.691,0.000,0.000,0.000,-222242
15.365354375,1113124072,3.266,-9.137,-0.691,0.000,0.000,0.000,-221293
15.369693167,1113128293,3.266,-9.133,-0.656,0.000,0.000,0.000,-222433
15.372581459,1113131514,3.266,-9.133,-0.656,0.000,0.000,0.000,-222473
15.378720334,1113137735,3.266,-9.133,-0.656,0.000,0.000,0.000,-221457
15.383997792,1113142956,3.266,-9.133,-0.656,0.000,0.000,0.000,-221986
15.388210792,1113147177,3.266,-9.133,-0.656,0.000,0.000,0.000,-221954
15.395553167,1113154398,3.266,-9.133,-0.656,0.000,0.000,0.000,-221796
15.398925542,1113157619,3.266,-9.098,-0.691,0.000,0.000,0.000,-221904
15.402300375,1113160840,3.266,-9.098,-0.691,0.000,0.000,0.000,-222874
15.408241959,1113167061,3.266,-9.098,-0.691,0.000,0.000,0.000,-222718
15.41231775,1113171282,3.266,-9.098,-0.691,0.000,0.000,0.000,-222018
15.416533209,1113175503,3.266,-9.098,-0.691,0.000,0.000,0.000,-221940
15.4207805,1113179724,3.266,-9.098,-0.691,0.000,0.000,0.000,-222105
15.425960125,1113184945,3.266,-9.098,-0.691,0.000,0.000,0.000,-222080
15.43018475,1113189166,3.266,-9.137,-0.691,0.000,0.000,0.000,-222820
15.433471334,1113192387,3.266,-9.137,-0.691,0.000,0.000,0.000,-221948
15.438776375,1113197608,3.266,-9.137,-0.691,0.000,0.000,0.000,-223013
15.443870792,1113202829,3.266,-9.137,-0.691,0.000,0.000,0.000,-221986
15.448081917,1113207050,3.266,-9.137,-0.691,0.000,0.000,0.000,-222402
15.452742084,1113211271,3.266,-9.137,-0.691,0.000,0.000,0.000,-221768
15.455581417,1113214492,3.266,-9.137,-0.691,0.000,0.000,0.000,-222462
15.459725209,1113218713,3.266,-9.176,-0.656,0.000,0.000,0.000,-222428
15.462951834,1113221934,3.266,-9.176,-0.656,0.000,0.000,0.000,-222192
15.469531375,1113228155,3.266,-9.176,-0.656,0.000,0.000,0.000,-222746
15.473349917,1113232376,3.266,-9.176,-0.656,0.000,0.000,0.000,-222574
15.477598584,1113236597,3.266,-9.176,-0.656,0.000,0.000,0.000,-221935
15.482839584,1113241818,3.266,-9.176,-0.656,0.000,0.000,0.000,-222515
15.488077959,1113247039,3.266,-9.176,-0.656,0.000,0.000,0.000,-222928
15.491286167,1113250260,3.227,-9.133,-0.691,0.000,0.000,0.000,-222486
15.496803542,1113255481,3.227,-9.133,-0.691,0.000,0.000,0.000,-221926
15.500986167,1113259702,3.227,-9.133,-0.691,0.000,0.000,0.000,-222476
15.505331417,1113263923,3.227,-9.133,-0.691,0.000,0.000,0.000,-222138
15.509124125,1113268144,3.227,-9.133,-0.691,0.000,0.000,0.000,-222228
15.513377667,1113272365,3.227,-9.133,-0.691,0.000,0.000,0.000,-222557
15.518613,1113277586,3.266,-9.137,-0.691,0.000,0.000,0.000,-222660
15.522080084,1113280807,3.266,-9.137,-0.691,0.000,0.000,0.000,-222708
15.528114709,1113287028,3.266,-9.137,-0.691,0.000,0.000,0.000,-221505
15.532362209,1113291249,3.266,-9.137,-0.691,0.000,0.000,0.000,-222324
15.537600334,1113295470,3.266,-9.137,-0.691,0.000,0.000,0.000,-222050
15.541671,1113300691,3.266,-9.137,-0.691,0.000,0.000,0.000,-222917
15.546950334,1113305912,3.266,-9.137,-0.691,0.000,0.000,0.000,-221685
15.551250709,1113310133,3.227,-9.137,-0.656,0.000,0.000,0.000,-222054
15.553492209,1113312354,3.227,-9.137,-0.656,0.000,0.000,0.000,-222507
15.558824917,1113317575,3.227,-9.137,-0.656,0.000,0.000,0.000,-221745
15.564046167,1113322796,3.227,-9.137,-0.656,0.000,0.000,0.000,-221892
15.568517667,1113327017,3.227,-9.137,-0.656,0.000,0.000,0.000,-222279
15.572260459,1113331238,3.227,-9.137,-0.656,0.000,0.000,0.000,-222391
15.576483292,1113335459,3.227,-9.137,-0.656,0.000,0.000,0.000,-222455
15.581646209,1113340680,3.227,-9.137,-0.656,0.000,0.000,0.000,-223229
15.584889792,1113343901,3.227,-9.137,-0.656,0.000,0.000,0.000,-222436
15.591157667,1113350122,3.227,-9.137,-0.656,0.000,0.000,0.000,-222396
15.59547825,1113354344,3.227,-9.137,-0.656,0.000,0.000,0.000,-221472
15.598835417,1113357565,3.227,-9.137,-0.656,0.000,0.000,0.000,-222545
15.60410225,1113362786,3.227,-9.137,-0.656,0.000,0.000,0.000,-222927
15.608050875,1113367007,3.227,-9.137,-0.656,0.000,0.000,0.000,-221992
15.611210542,1113370228,3.227,-9.094,-0.730,0.000,0.000,0.000,-222178
15.616486292,1113375449,3.227,-9.094,-0.730,0.000,0.000,0.000,-222792
15.620706209,1113379655,3.227,-9.094,-0.730,0.000,0.000,0.000,-222792
15.624901959,1113383875,3.227,-9.094,-0.730,0.000,0.000,0.000,-223205
15.629134459,1113388096,3.227,-9.094,-0.730,0.000,0.000,0.000,-222399
15.634380542,1113393317,3.227,-9.094,-0.730,0.000,0.000,0.000,-221801
15.638752375,1113397538,3.266,-9.094,-0.617,0.000,0.000,0.000,-222896
15.64174675,1113400759,3.266,-9.094,-0.617,0.000,0.000,0.000,-221891
15.648002292,1113406980,3.266,-9.094,-0.617,0.000,0.000,0.000,-221903
15.654352167,1113413201,3.266,-9.094,-0.617,0.000,0.000,0.000,-222749
15.65842625,1113417422,3.266,-9.094,-0.617,0.000,0.000,0.000,-222587
15.663711875,1113422643,3.266,-9.094,-0.617,0.000,0.000,0.000,-221717
15.667878792,1113426864,3.266,-9.094,-0.617,0.000,0.000,0.000,-222229
15.672134042,1113431085,3.266,-9.176,-0.770,0.000,0.000,0.000,-222301
15.675281834,1113434306,3.266,-9.176,-0.770,0.000,0.000,0.000,-223300
15.680556834,1113439527,3.266,-9.176,-0.770,0.000,0.000,0.000,-222260
15.684996125,1113443748,3.266,-9.176,-0.770,0.000,0.000,0.000,-222706
15.689049084,1113447969,3.266,-9.176,-0.770,0.000,0.000,0.000,-222362
15.693237917,1113452190,3.266,-9.176,-0.770,0.000,0.000,0.000,-222609
15.697558959,1113456411,3.266,-9.176,-0.770,0.000,0.000,0.000,-222032
15.701895542,1113460632,3.266,-9.098,-0.730,0.000,0.000,0.000,-222882
15.704369584,1113462853,3.266,-9.098,-0.730,0.000,0.000,0.000,-222537
15.709158167,1113468074,3.266,-9.098,-0.730,0.000,0.000,0.000,-221545
15.713341667,1113472295,3.266,-9.098,-0.730,0.000,0.000,0.000,-221756
15.717567459,1113476516,3.266,-9.098,-0.730,0.000,0.000,0.000,-222812
15.7228745,1113481737,3.266,-9.098,-0.730,0.000,0.000,0.000,-222820
15.728251875,1113486958,3.266,-9.098,-0.730,0.000,0.000,0.000,-222553
15.732498625,1113491179,3.266,-9.176,-0.578,0.000,0.000,0.000,-222494
15.735817417,1113494400,3.266,-9.176,-0.578,0.000,0.000,0.000,-222375
15.740613709,1113499621,3.266,-9.176,-0.578,0.000,0.000,0.000,-222072
15.745918292,1113504842,3.266,-9.176,-0.578,0.000,0.000,0.000,-222381
15.751146834,1113510063,3.266,-9.176,-0.578,0.000,0.000,0.000,-222981
15.756424084,1113515284,3.227,-9.098,-0.656,0.000,0.000,0.000,-222422
15.758624792,1113517505,3.227,-9.098,-0.656,0.000,0.000,0.000,-222048
15.764274584,1113522726,3.227,-9.098,-0.656,0.000,0.000,0.000,-221231
15.768457667,1113526947,3.227,-9.098,-0.656,0.000,0.000,0.000,-222926
15.773172959,1113532168,3.227,-9.098,-0.656,0.000,0.000,0.000,-222252
15.77840675,1113537389,3.266,-9.137,-0.691,0.000,0.000,0.000,-221159
15.781627417,1113540610,3.266,-9.137,-0.691,0.000,0.000,0.000,-222892
15.787899167,1113546831,3.266,-9.137,-0.691,0.000,0.000,0.000,-222726
15.7920195,1113551052,3.266,-9.137,-0.691,0.000,0.000,0.000,-222884
15.795323834,1113554273,3.266,-9.137,-0.691,0.000,0.000,0.000,-222056
15.799512834,1113558494,3.266,-9.137,-0.691,0.000,0.000,0.000,-221775
15.803841959,1113562715,3.266,-9.137,-0.691,0.000,0.000,0.000,-222273
15.808272334,1113566936,3.266,-9.137,-0.691,0.000,0.000,0.000,-222621
15.81118375,1113570157,3.266,-9.137,-0.691,0.000,0.000,0.000,-222602
15.816418709,1113575378,3.266,-9.137,-0.691,0.000,0.000,0.000,-221608
15.820649042,1113579599,3.266,-9.137,-0.691,0.000,0.000,0.000,-222691
15.825884084,1113584820,3.266,-9.137,-0.691,0.000,0.000,0.000,-221831
15.83011825,1113589041,3.266,-9.137,-0.691,0.000,0.000,0.000,-222208
15.834271709,1113593262,3.266,-9.137,-0.691,0.000,0.000,0.000,-221495
15.838796625,1113597483,3.266,-9.094,-0.578,0.000,0.000,0.000,-221811
15.841739125,1113600704,3.266,-9.094,-0.578,0.000,0.000,0.000,-222622
15.847423334,1113605925,3.266,-9.094,-0.578,0.000,0.000,0.000,-222353
15.851185834,1113610146,3.266,-9.094,-0.578,0.000,0.000,0.000,-223288
15.855398625,1113614367,3.266,-9.094,-0.578,0.000,0.000,0.000,-222136
15.859615167,1113618588,3.266,-9.094,-0.578,0.000,0.000,0.000,-221491
15.864952834,1113623809,3.266,-9.094,-0.578,0.000,0.000,0.000,-221892
15.869647709,1113628030,3.266,-9.137,-0.730,0.000,0.000,0.000,-223159
15.872317084,1113631251,3.266,-9.137,-0.730,0.000,0.000,0.000,-221728
15.878570792,1113637472,3.266,-9.137,-0.730,0.000,0.000,0.000,-221886
15.882794417,1113641693,3.266,-9.137,-0.730,0.000,0.000,0.000,-222627
15.88808725,1113645914,3.266,-9.137,-0.730,0.000,0.000,0.000,-223015
15.892251625,1113651136,3.266,-9.137,-0.730,0.000,0.000,0.000,-222286
15.896624375,1113655356,3.266,-9.137,-0.730,0.000,0.000,0.000,-221948
15.900884584,1113659579,3.266,-9.137,-0.691,0.000,0.000,0.000,-222948
15.905594667,1113662800,3.266,-9.137,-0.691,0.000,0.000,0.000,-222501
15.910072875,1113669021,3.266,-9.137,-0.691,0.000,0.000,0.000,-222031
15.916322125,1113675242,3.266,-9.137,-0.691,0.000,0.000,0.000,-222549
15.92161025,1113680463,3.266,-9.137,-0.691,0.000,0.000,0.000,-222092
15.925985834,1113684684,3.266,-9.137,-0.691,0.000,0.000,0.000,-222115
15.930220959,1113688905,3.266,-9.137,-0.691,0.000,0.000,0.000,-222629
15.934386334,1113693127,3.305,-9.094,-0.656,0.000,0.000,0.000,-221784
15.937927709,1113696347,3.305,-9.094,-0.656,0.000,0.000,0.000,-222169
15.94359975,1113702568,3.305,-9.094,-0.656,0.000,0.000,0.000,-221753
15.947824542,1113706789,3.305,-9.094,-0.656,0.000,0.000,0.000,-221483
15.951084417,1113710010,3.305,-9.094,-0.656,0.000,0.000,0.000,-222136
15.955363084,1113714231,3.305,-9.094,-0.656,0.000,0.000,0.000,-222795
15.959714334,1113718452,3.305,-9.094,-0.656,0.000,0.000,0.000,-222628
15.964980417,1113723673,3.266,-9.137,-0.730,0.000,0.000,0.000,-222878
15.968165667,1113726894,3.266,-9.137,-0.730,0.000,0.000,0.000,-222636
15.9731805,1113732115,3.266,-9.137,-0.730,0.000,0.000,0.000,-222643
15.977389459,1113736339,3.266,-9.137,-0.730,0.000,0.000,0.000,-221750
15.98060225,1113739560,3.266,-9.137,-0.730,0.000,0.000,0.000,-221572
15.985831292,1113744781,3.266,-9.137,-0.730,0.000,0.000,0.000,-222140
15.991137167,1113750002,3.266,-9.137,-0.730,0.000,0.000,0.000,-222270
15.996485375,1113755223,3.266,-9.133,-0.770,0.000,0.000,0.000,-222304
15.998738875,1113757444,3.266,-9.133,-0.770,0.000,0.000,0.000,-221759
16.004727042,1113762665,3.266,-9.133,-0.770,0.000,0.000,0.000,-221928
16.008000667,1113766886,3.266,-9.133,-0.770,0.000,0.000,0.000,-222071
16.013147709,1113772107,3.266,-9.133,-0.770,0.000,0.000,0.000,-222165
16.01737325,1113776328,3.266,-9.133,-0.770,0.000,0.000,0.000,-222393
16.022582834,1113781549,3.266,-9.094,-0.656,0.000,0.000,0.000,-222633
16.024781209,1113783770,3.266,-9.094,-0.656,0.000,0.000,0.000,-222703
16.030004875,1113788991,3.266,-9.094,-0.656,0.000,0.000,0.000,-222890
16.03429125,1113793212,3.266,-9.094,-0.656,0.000,0.000,0.000,-222329
16.0385565,1113797433,3.266,-9.094,-0.656,0.000,0.000,0.000,-222415
16.043715709,1113802654,3.266,-9.094,-0.656,0.000,0.000,0.000,-222461
16.047926834,1113806875,3.266,-9.094,-0.656,0.000,0.000,0.000,-222272
16.052134875,1113811096,3.266,-9.133,-0.656,0.000,0.000,0.000,-222958
16.055318584,1113814317,3.266,-9.133,-0.656,0.000,0.000,0.000,-221726
16.06058975,1113819538,3.266,-9.133,-0.656,0.000,0.000,0.000,-222047
16.064757167,1113823759,3.266,-9.133,-0.656,0.000,0.000,0.000,-222093
16.069229334,1113827980,3.266,-9.133,-0.656,0.000,0.000,0.000,-222177
16.073206292,1113832201,3.266,-9.133,-0.656,0.000,0.000,0.000,-222419
16.077539084,1113836422,3.266,-9.133,-0.656,0.000,0.000,0.000,-222201
16.080705209,1113839643,3.266,-9.055,-0.691,0.000,0.000,0.000,-223162
16.083903959,1113842864,3.266,-9.055,-0.691,0.000,0.000,0.000,-222574
16.089161459,1113848085,3.266,-9.055,-0.691,0.000,0.000,0.000,-222557
16.093425167,1113852307,3.266,-9.055,-0.691,0.000,0.000,0.000,-221798
16.09666575,1113855513,3.266,-9.055,-0.691,0.000,0.000,0.000,-221798
16.100865292,1113859733,3.266,-9.055,-0.691,0.000,0.000,0.000,-221998
16.10499325,1113863954,3.266,-9.055,-0.691,0.000,0.000,0.000,-222626
16.109207042,1113868175,3.266,-9.137,-0.730,0.000,0.000,0.000,-221949
16.111438125,1113870396,3.266,-9.137,-0.730,0.000,0.000,0.000,-222513
16.116686,1113875617,3.266,-9.137,-0.730,0.000,0.000,0.000,-221951
16.121004834,1113879838,3.266,-9.137,-0.730,0.000,0.000,0.000,-221833
16.125625125,1113884059,3.266,-9.137,-0.730,0.000,0.000,0.000,-221951
16.129600334,1113888280,3.266,-9.137,-0.730,0.000,0.000,0.000,-222249
16.134772125,1113893501,3.266,-9.137,-0.730,0.000,0.000,0.000,-222072
16.138858792,1113897722,3.266,-9.172,-0.691,0.000,0.000,0.000,-222429
16.14191525,1113900943,3.266,-9.172,-0.691,0.000,0.000,0.000,-222438
16.148231,1113907164,3.266,-9.172,-0.691,0.000,0.000,0.000,-222436
16.152479084,1113911385,3.266,-9.172,-0.691,0.000,0.000,0.000,-222438
16.15576325,1113914606,3.266,-9.172,-0.691,0.000,0.000,0.000,-222158
16.160068292,1113918827,3.266,-9.172,-0.691,0.000,0.000,0.000,-222385
16.166290417,1113925048,3.266,-9.172,-0.691,0.000,0.000,0.000,-222069
16.171427917,1113929269,3.266,-9.137,-0.730,0.000,0.000,0.000,-223054
16.173455334,1113932490,3.266,-9.137,-0.730,0.000,0.000,0.000,-222351
16.178698792,1113937696,3.266,-9.137,-0.730,0.000,0.000,0.000,-222351
16.184094834,1113942916,3.266,-9.137,-0.730,0.000,0.000,0.000,-222807
16.188137792,1113947137,3.266,-9.137,-0.730,0.000,0.000,0.000,-222986
16.192398875,1113951358,3.227,-9.176,-0.730,0.000,0.000,0.000,-222737
16.196729084,1113955579,3.227,-9.176,-0.730,0.000,0.000,0.000,-221997
16.201101834,1113959800,3.227,-9.176,-0.730,0.000,0.000,0.000,-222591
16.206374,1113965021,3.227,-9.176,-0.730,0.000,0.000,0.000,-222589
16.211274459,1113970242,3.266,-9.137,-0.691,0.000,0.000,0.000,-221859
16.214486334,1113973463,3.266,-9.137,-0.691,0.000,0.000,0.000,-222554
16.220715792,1113979684,3.266,-9.137,-0.691,0.000,0.000,0.000,-222147
16.225920959,1113984905,3.266,-9.137,-0.691,0.000,0.000,0.000,-221886
16.230510959,1113989127,3.266,-9.137,-0.691,0.000,0.000,0.000,-222865
16.234353709,1113993347,3.266,-9.137,-0.691,0.000,0.000,0.000,-222025
16.238584292,1113997570,3.266,-9.137,-0.691,0.000,0.000,0.000,-222449
16.243867375,1114002791,3.227,-9.137,-0.656,0.000,0.000,0.000,-221755
16.246016042,1114005012,3.227,-9.137,-0.656,0.000,0.000,0.000,-222059
16.250223834,1114009233,3.227,-9.137,-0.656,0.000,0.000,0.000,-222865
16.254485334,1114013454,3.227,-9.137,-0.656,0.000,0.000,0.000,-222619
16.258713625,1114017675,3.227,-9.137,-0.656,0.000,0.000,0.000,-222705
16.263922667,1114022896,3.227,-9.137,-0.656,0.000,0.000,0.000,-222033
16.268168,1114027118,3.227,-9.137,-0.656,0.000,0.000,0.000,-222713
16.272390042,1114031338,3.266,-9.137,-0.691,0.000,0.000,0.000,-222457
16.275570334,1114034559,3.266,-9.137,-0.691,0.000,0.000,0.000,-221551
16.280777459,1114039780,3.266,-9.137,-0.691,0.000,0.000,0.000,-221770
16.285992167,1114045003,3.266,-9.137,-0.691,0.000,0.000,0.000,-222554
16.289236834,1114048224,3.266,-9.137,-0.691,0.000,0.000,0.000,-221711
16.293431,1114052445,3.266,-9.137,-0.691,0.000,0.000,0.000,-221940
16.297651792,1114056666,3.266,-9.137,-0.691,0.000,0.000,0.000,-222012
16.301924625,1114060887,3.266,-9.133,-0.770,0.000,0.000,0.000,-222391
16.304131334,1114063108,3.266,-9.133,-0.770,0.000,0.000,0.000,-221932
16.309356584,1114068330,3.266,-9.133,-0.770,0.000,0.000,0.000,-222397
16.313562334,1114072551,3.266,-9.133,-0.770,0.000,0.000,0.000,-222581
16.316971459,1114075772,3.266,-9.133,-0.770,0.000,0.000,0.000,-222513
16.321063209,1114079993,3.266,-9.133,-0.770,0.000,0.000,0.000,-221678
16.32624675,1114085214,3.266,-9.133,-0.770,0.000,0.000,0.000,-221978
16.329549125,1114088435,3.305,-9.133,-0.656,0.000,0.000,0.000,-222371
16.334853709,1114093656,3.305,-9.133,-0.656,0.000,0.000,0.000,-222503
16.338921625,1114097877,3.305,-9.133,-0.656,0.000,0.000,0.000,-222289
16.344132917,1114103083,3.305,-9.133,-0.656,0.000,0.000,0.000,-222289
16.348347125,1114107303,3.305,-9.133,-0.656,0.000,0.000,0.000,-222437
16.352555042,1114111524,3.305,-9.133,-0.656,0.000,0.000,0.000,-221797
16.356968292,1114115745,3.266,-9.137,-0.691,0.000,0.000,0.000,-222551
16.359086959,1114117966,3.266,-9.137,-0.691,0.000,0.000,0.000,-222367
16.364432834,1114123187,3.266,-9.137,-0.691,0.000,0.000,0.000,-222339
16.368680917,1114127408,3.266,-9.137,-0.691,0.000,0.000,0.000,-222727
16.372737959,1114131629,3.266,-9.137,-0.691,0.000,0.000,0.000,-222773
16.377026084,1114135850,3.266,-9.137,-0.691,0.000,0.000,0.000,-221983
16.382209917,1114141071,3.266,-9.137,-0.691,0.000,0.000,0.000,-222333
16.386601917,1114145294,3.266,-9.098,-0.691,0.000,0.000,0.000,-221780
16.389762709,1114148514,3.266,-9.098,-0.691,0.000,0.000,0.000,-221645
16.3960195,1114154735,3.266,-9.098,-0.691,0.000,0.000,0.000,-221886
16.400247417,1114158956,3.266,-9.098,-0.691,0.000,0.000,0.000,-222241
16.405062,1114163177,3.266,-9.098,-0.691,0.000,0.000,0.000,-222442
16.4093755,1114168398,3.266,-9.098,-0.691,0.000,0.000,0.000,-222402
16.415662584,1114174619,3.266,-9.098,-0.691,0.000,0.000,0.000,-223018
16.418882167,1114177840,3.266,-9.133,-0.578,0.000,0.000,0.000,-222331
16.422087084,1114181061,3.266,-9.133,-0.578,0.000,0.000,0.000,-222519
16.427407667,1114186282,3.266,-9.133,-0.578,0.000,0.000,0.000,-222015
16.431473459,1114190503,3.266,-9.133,-0.578,0.000,0.000,0.000,-222573
16.435868959,1114194724,3.266,-9.133,-0.578,0.000,0.000,0.000,-221916
16.4402375,1114198945,3.266,-9.133,-0.578,0.000,0.000,0.000,-222018
16.446189375,1114205166,3.266,-9.133,-0.578,0.000,0.000,0.000,-222975
16.450449084,1114209387,3.227,-9.133,-0.691,0.000,0.000,0.000,-222554
16.453680792,1114212608,3.227,-9.133,-0.691,0.000,0.000,0.000,-222037
16.458915125,1114217829,3.227,-9.133,-0.691,0.000,0.000,0.000,-222891
16.464158917,1114223050,3.227,-9.133,-0.691,0.000,0.000,0.000,-223292
16.469119042,1114227271,3.227,-9.133,-0.691,0.000,0.000,0.000,-222576
16.473506542,1114232492,3.227,-9.133,-0.691,0.000,0.000,0.000,-221489
16.477813292,1114236713,3.227,-9.133,-0.691,0.000,0.000,0.000,-222479
16.484098375,1114242934,3.266,-9.098,-0.691,0.000,0.000,0.000,-222727
16.48747475,1114246155,3.266,-9.098,-0.691,0.000,0.000,0.000,-222518
16.492647542,1114251376,3.266,-9.098,-0.691,0.000,0.000,0.000,-222276
16.496993042,1114255597,3.266,-9.098,-0.691,0.000,0.000,0.000,-222665
16.501085375,1114259818,3.266,-9.098,-0.691,0.000,0.000,0.000,-223141
16.50508975,1114264039,3.266,-9.098,-0.691,0.000,0.000,0.000,-222203
16.509308334,1114268260,3.266,-9.094,-0.617,0.000,0.000,0.000,-221630
16.51148075,1114270481,3.266,-9.094,-0.617,0.000,0.000,0.000,-221857
16.516779584,1114275702,3.266,-9.094,-0.617,0.000,0.000,0.000,-222384
16.522018542,1114280923,3.266,-9.094,-0.617,0.000,0.000,0.000,-222767
16.526276292,1114285144,3.266,-9.094,-0.617,0.000,0.000,0.000,-221499
16.530624167,1114289365,3.266,-9.094,-0.617,0.000,0.000,0.000,-222380
16.536686542,1114294586,3.266,-9.094,-0.617,0.000,0.000,0.000,-222255
16.539792334,1114298807,3.227,-9.094,-0.730,0.000,0.000,0.000,-222659
16.543040834,1114302028,3.227,-9.094,-0.730,0.000,0.000,0.000,-221736
16.549277625,1114308249,3.227,-9.094,-0.730,0.000,0.000,0.000,-222737
16.55346225,1114312470,3.227,-9.094,-0.730,0.000,0.000,0.000,-221126
16.556785459,1114315691,3.227,-9.094,-0.730,0.000,0.000,0.000,-222302
16.561057209,1114319912,3.227,-9.094,-0.730,0.000,0.000,0.000,-222061
16.565399667,1114324133,3.227,-9.094,-0.730,0.000,0.000,0.000,-222074
16.568621959,1114327354,3.305,-9.176,-0.656,0.000,0.000,0.000,-222751
16.571863,1114329575,3.305,-9.176,-0.656,0.000,0.000,0.000,-222198
16.574919167,1114333796,3.305,-9.176,-0.656,0.000,0.000,0.000,-222201
16.57915325,1114338017,3.305,-9.176,-0.656,0.000,0.000,0.000,-221828
16.584300792,1114343238,3.305,-9.176,-0.656,0.000,0.000,0.000,-221890
16.588584667,1114347460,3.305,-9.176,-0.656,0.000,0.000,0.000,-222575
16.592945417,1114351666,3.305,-9.176,-0.656,0.000,0.000,0.000,-222575
16.596186292,1114354886,3.227,-9.137,-0.656,0.000,0.000,0.000,-221985
16.598367,1114357107,3.227,-9.137,-0.656,0.000,0.000,0.000,-221686
16.603754125,1114362329,3.227,-9.137,-0.656,0.000,0.000,0.000,-223353
16.608709417,1114367550,3.227,-9.137,-0.656,0.000,0.000,0.000,-222509
16.61177825,1114370771,3.227,-9.137,-0.656,0.000,0.000,0.000,-222332
16.615962584,1114374992,3.227,-9.137,-0.656,0.000,0.000,0.000,-222313
16.6202465,1114379213,3.227,-9.137,-0.656,0.000,0.000,0.000,-222327
16.624478834,1114383434,3.227,-9.133,-0.691,0.000,0.000,0.000,-222664
16.6266575,1114385655,3.227,-9.133,-0.691,0.000,0.000,0.000,-221909
16.631849875,1114390876,3.227,-9.133,-0.691,0.000,0.000,0.000,-222534
16.637185,1114395097,3.227,-9.133,-0.691,0.000,0.000,0.000,-222700
16.639342584,1114398318,3.227,-9.133,-0.691,0.000,0.000,0.000,-221961
16.644612667,1114403539,3.227,-9.133,-0.691,0.000,0.000,0.000,-222984
16.6489245,1114407760,3.227,-9.133,-0.691,0.000,0.000,0.000,-222622
16.6519525,1114410981,3.305,-9.133,-0.656,0.000,0.000,0.000,-222517
16.657211292,1114416202,3.305,-9.133,-0.656,0.000,0.000,0.000,-222640
16.661512125,1114420423,3.305,-9.133,-0.656,0.000,0.000,0.000,-222218
16.66681575,1114425644,3.305,-9.133,-0.656,0.000,0.000,0.000,-222268
16.671691375,1114429865,3.305,-9.133,-0.656,0.000,0.000,0.000,-222897
16.677159125,1114436086,3.305,-9.133,-0.656,0.000,0.000,0.000,-222244
16.681305959,1114440307,3.227,-9.094,-0.730,0.000,0.000,0.000,-222270
16.683621,1114442528,3.227,-9.094,-0.730,0.000,0.000,0.000,-221593
16.688944667,1114447749,3.227,-9.094,-0.730,0.000,0.000,0.000,-222550
16.693523459,1114451970,3.227,-9.094,-0.730,0.000,0.000,0.000,-221779
16.696448667,1114455191,3.227,-9.094,-0.730,0.000,0.000,0.000,-222043
16.700676125,1114459412,3.227,-9.094,-0.730,0.000,0.000,0.000,-222356
16.705188042,1114463633,3.227,-9.094,-0.730,0.000,0.000,0.000,-222569
16.708937459,1114467854,3.305,-9.137,-0.691,0.000,0.000,0.000,-222574
16.712086625,1114471075,3.305,-9.137,-0.691,0.000,0.000,0.000,-222072
16.718379875,1114477296,3.305,-9.137,-0.691,0.000,0.000,0.000,-222829
16.722655709,1114481517,3.305,-9.137,-0.691,0.000,0.000,0.000,-222736
16.727031375,1114485738,3.305,-9.137,-0.691,0.000,0.000,0.000,-222615
16.732276375,1114490959,3.305,-9.137,-0.691,0.000,0.000,0.000,-221982
16.736516084,1114495180,3.305,-9.137,-0.691,0.000,0.000,0.000,-222986
16.739419667,1114498401,3.266,-9.137,-0.730,0.000,0.000,0.000,-221362
16.741592417,1114500622,3.266,-9.137,-0.730,0.000,0.000,0.000,-222725
16.746939917,1114505843,3.266,-9.137,-0.730,0.000,0.000,0.000,-222089
16.751203834,1114510064,3.266,-9.137,-0.730,0.000,0.000,0.000,-222266
16.756465709,1114515285,3.266,-9.137,-0.730,0.000,0.000,0.000,-222092
16.760786834,1114519506,3.266,-9.137,-0.730,0.000,0.000,0.000,-222391
16.765029375,1114523727,3.266,-9.137,-0.730,0.000,0.000,0.000,-221569
16.769064,1114527948,3.266,-9.098,-0.691,0.000,0.000,0.000,-222484
16.771192875,1114530169,3.266,-9.098,-0.691,0.000,0.000,0.000,-222244
16.776468542,1114535390,3.266,-9.098,-0.691,0.000,0.000,0.000,-222137
16.780654625,1114539611,3.266,-9.098,-0.691,0.000,0.000,0.000,-222716
16.787047292,1114545832,3.266,-9.098,-0.691,0.000,0.000,0.000,-222984
16.791096959,1114550053,3.266,-9.098,-0.691,0.000,0.000,0.000,-221578
16.79524925,1114554274,3.266,-9.098,-0.691,0.000,0.000,0.000,-222101
16.799549917,1114558495,3.227,-9.133,-0.730,0.000,0.000,0.000,-222843
16.80297775,1114561716,3.227,-9.133,-0.730,0.000,0.000,0.000,-222093
16.808030167,1114566937,3.227,-9.133,-0.730,0.000,0.000,0.000,-222648
16.812174709,1114571158,3.227,-9.133,-0.730,0.000,0.000,0.000,-222483
16.816414334,1114575379,3.227,-9.133,-0.730,0.000,0.000,0.000,-222027
16.820636334,1114579600,3.227,-9.133,-0.730,0.000,0.000,0.000,-222127
16.824864042,1114583821,3.227,-9.133,-0.730,0.000,0.000,0.000,-222572
16.829122959,1114588042,3.266,-9.137,-0.691,0.000,0.000,0.000,-222818
16.832277917,1114591264,3.266,-9.137,-0.691,0.000,0.000,0.000,-222087
16.838579417,1114597485,3.266,-9.137,-0.691,0.000,0.000,0.000,-222303
16.842774709,1114601706,3.266,-9.137,-0.691,0.000,0.000,0.000,-222637
16.846998834,1114605927,3.266,-9.137,-0.691,0.000,0.000,0.000,-221870
16.851219625,1114610148,3.266,-9.137,-0.691,0.000,0.000,0.000,-222717
16.856519584,1114615369,3.266,-9.137,-0.691,0.000,0.000,0.000,-222243
16.860627542,1114619590,3.305,-9.133,-0.656,0.000,0.000,0.000,-222630
16.863863167,1114622811,3.305,-9.133,-0.656,0.000,0.000,0.000,-222678
16.871009542,1114629032,3.305,-9.133,-0.656,0.000,0.000,0.000,-223095
16.874340542,1114633253,3.305,-9.133,-0.656,0.000,0.000,0.000,-222838
16.877484584,1114636474,3.305,-9.133,-0.656,0.000,0.000,0.000,-222413
16.881734959,1114640695,3.305,-9.133,-0.656,0.000,0.000,0.000,-221497
16.886878125,1114645916,3.305,-9.133,-0.656,0.000,0.000,0.000,-222150
16.891125042,1114650137,3.266,-9.133,-0.617,0.000,0.000,0.000,-222241
16.894296542,1114653358,3.266,-9.133,-0.617,0.000,0.000,0.000,-221845
16.899503375,1114658579,3.266,-9.133,-0.617,0.000,0.000,0.000,-222207
16.904708375,1114663800,3.266,-9.133,-0.617,0.000,0.000,0.000,-223281
16.909012125,1114668021,3.266,-9.133,-0.617,0.000,0.000,0.000,-222634
16.913173167,1114672242,3.266,-9.133,-0.617,0.000,0.000,0.000,-221893
16.917347875,1114676463,3.266,-9.133,-0.617,0.000,0.000,0.000,-222262
16.921571709,1114680684,3.266,-9.137,-0.691,0.000,0.000,0.000,-222339
16.933570334,1114682905,3.266,-9.137,-0.691,0.000,0.000,0.000,-222498
16.933645375,1114690128,3.266,-9.137,-0.691,0.000,0.000,0.000,-222336
16.935301,1114694348,3.266,-9.137,-0.691,0.000,0.000,0.000,-222596
16.938503959,1114697569,3.266,-9.137,-0.691,0.000,0.000,0.000,-222945
16.943710209,1114702790,3.266,-9.137,-0.691,0.000,0.000,0.000,-222564
16.946964542,1114706011,3.227,-9.133,-0.691,0.000,0.000,0.000,-221842
16.952189209,1114711232,3.227,-9.133,-0.691,0.000,0.000,0.000,-223081
16.956406542,1114715453,3.227,-9.133,-0.691,0.000,0.000,0.000,-221708
16.960535042,1114719674,3.227,-9.133,-0.691,0.000,0.000,0.000,-222348
16.96695625,1114723895,3.227,-9.133,-0.691,0.000,0.000,0.000,-222732
16.969027292,1114728117,3.266,-9.137,-0.691,0.000,0.000,0.000,-221543
16.971293792,1114730337,3.266,-9.137,-0.691,0.000,0.000,0.000,-222337
16.97646825,1114735558,3.266,-9.137,-0.691,0.000,0.000,0.000,-222198
16.980755792,1114739779,3.266,-9.137,-0.691,0.000,0.000,0.000,-222282
16.985967375,1114745000,3.266,-9.137,-0.691,0.000,0.000,0.000,-221676
16.990174125,1114749221,3.266,-9.137,-0.691,0.000,0.000,0.000,-222404
16.994308625,1114753442,3.266,-9.137,-0.691,0.000,0.000,0.000,-222352
17.000360792,1114757663,3.227,-9.133,-0.691,0.000,0.000,0.000,-222185
17.00070425,1114759884,3.227,-9.133,-0.691,0.000,0.000,0.000,-222901
17.007028792,1114766106,3.227,-9.133,-0.691,0.000,0.000,0.000,-221826
17.011214584,1114770327,3.227,-9.133,-0.691,0.000,0.000,0.000,-222985
17.015513292,1114774548,3.227,-9.133,-0.691,0.000,0.000,0.000,-223114
17.019931834,1114778769,3.227,-9.133,-0.691,0.000,0.000,0.000,-221508
17.02488725,1114783990,3.227,-9.133,-0.691,0.000,0.000,0.000,-222554
17.029198917,1114788211,3.266,-9.172,-0.730,0.000,0.000,0.000,-222884
17.033792625,1114791432,3.266,-9.172,-0.730,0.000,0.000,0.000,-221665
17.037665375,1114796653,3.266,-9.172,-0.730,0.000,0.000,0.000,-222526
17.041811959,1114800874,3.266,-9.172,-0.730,0.000,0.000,0.000,-222083
17.04707,1114806095,3.266,-9.172,-0.730,0.000,0.000,0.000,-222693
17.0523175,1114811318,3.266,-9.172,-0.730,0.000,0.000,0.000,-222416
17.056505834,1114815539,3.266,-9.172,-0.730,0.000,0.000,0.000,-222824
17.060719459,1114819760,3.266,-9.137,-0.691,0.000,0.000,0.000,-222137
17.063886875,1114822981,3.266,-9.137,-0.691,0.000,0.000,0.000,-222087
17.070203375,1114829202,3.266,-9.137,-0.691,0.000,0.000,0.000,-222667
17.074424667,1114833423,3.266,-9.137,-0.691,0.000,0.000,0.000,-222218
17.078630084,1114837644,3.266,-9.137,-0.691,0.000,0.000,0.000,-222970
17.083847125,1114842865,3.266,-9.137,-0.691,0.000,0.000,0.000,-222536
17.089101667,1114848086,3.266,-9.137,-0.691,0.000,0.000,0.000,-222426
17.092280959,1114851307,3.266,-9.176,-0.578,0.000,0.000,0.000,-222150
17.094464125,1114853528,3.266,-9.176,-0.578,0.000,0.000,0.000,-222584
17.100274625,1114858749,3.266,-9.176,-0.578,0.000,0.000,0.000,-222792
17.104928667,1114863970,3.266,-9.176,-0.578,0.000,0.000,0.000,-222984
17.109158375,1114868191,3.266,-9.176,-0.578,0.000,0.000,0.000,-222344
17.11443975,1114873412,3.266,-9.176,-0.578,0.000,0.000,0.000,-222269
17.11962675,1114878633,3.305,-9.137,-0.730,0.000,0.000,0.000,-222234
17.122840584,1114881854,3.305,-9.137,-0.730,0.000,0.000,0.000,-221952
17.1290035,1114888075,3.305,-9.137,-0.730,0.000,0.000,0.000,-221595
17.133621625,1114892296,3.305,-9.137,-0.730,0.000,0.000,0.000,-222332
17.137556375,1114896517,3.305,-9.137,-0.730,0.000,0.000,0.000,-222545
17.142759417,1114901738,3.305,-9.137,-0.730,0.000,0.000,0.000,-222072
17.147983292,1114906959,3.305,-9.137,-0.730,0.000,0.000,0.000,-222279
17.15215075,1114911180,3.266,-9.133,-0.617,0.000,0.000,0.000,-222808
17.154386125,1114913401,3.266,-9.133,-0.617,0.000,0.000,0.000,-221967
17.15966275,1114918622,3.266,-9.133,-0.617,0.000,0.000,0.000,-222469
17.166958,1114923843,3.266,-9.133,-0.617,0.000,0.000,0.000,-223028
17.169018417,1114928064,3.266,-9.133,-0.617,0.000,0.000,0.000,-223212
17.175269125,1114934285,3.266,-9.133,-0.617,0.000,0.000,0.000,-222831
17.179515292,1114938506,3.266,-9.133,-0.617,0.000,0.000,0.000,-222531
17.184749375,1114943727,3.266,-9.098,-0.730,0.000,0.000,0.000,-223074
17.187955792,1114946948,3.266,-9.098,-0.730,0.000,0.000,0.000,-222142
17.193168625,1114952169,3.266,-9.098,-0.730,0.000,0.000,0.000,-221801
17.197346792,1114956390,3.266,-9.098,-0.730,0.000,0.000,0.000,-222198
17.202572584,1114961611,3.266,-9.098,-0.730,0.000,0.000,0.000,-222781
17.206820459,1114965832,3.266,-9.098,-0.730,0.000,0.000,0.000,-222649
17.211109959,1114970054,3.266,-9.098,-0.730,0.000,0.000,0.000,-221694
17.21629975,1114975275,3.227,-9.133,-0.691,0.000,0.000,0.000,-222542
17.219518292,1114978496,3.227,-9.133,-0.691,0.000,0.000,0.000,-222826
17.22675575,1114985717,3.227,-9.133,-0.691,0.000,0.000,0.000,-222857
17.23365325,1114989938,3.227,-9.133,-0.691,0.000,0.000,0.000,-222124
17.235152167,1114994159,3.227,-9.133,-0.691,0.000,0.000,0.000,-222190
17.239364042,1114998380,3.227,-9.133,-0.691,0.000,0.000,0.000,-222507
17.243618584,1115002601,3.227,-9.133,-0.691,0.000,0.000,0.000,-221885
17.246837792,1115005822,3.266,-9.137,-0.730,0.000,0.000,0.000,-222127
17.249064834,1115008043,3.266,-9.137,-0.730,0.000,0.000,0.000,-222247
17.25428875,1115013264,3.266,-9.137,-0.730,0.000,0.000,0.000,-222699
17.258486709,1115017485,3.266,-9.137,-0.730,0.000,0.000,0.000,-222217
17.266928209,1115023706,3.266,-9.137,-0.730,0.000,0.000,0.000,-222718
17.268932167,1115027927,3.266,-9.137,-0.730,0.000,0.000,0.000,-222154
17.273189834,1115032148,3.266,-9.137,-0.730,0.000,0.000,0.000,-222158
17.277322542,1115036369,3.266,-9.137,-0.691,0.000,0.000,0.000,-221961
17.279596667,1115038590,3.266,-9.137,-0.691,0.000,0.000,0.000,-222417
17.284808042,1115043811,3.266,-9.137,-0.691,0.000,0.000,0.000,-222938
17.289086209,1115048032,3.266,-9.137,-0.691,0.000,0.000,0.000,-222646
17.292266209,1115051253,3.266,-9.137,-0.691,0.000,0.000,0.000,-222193
17.300710292,1115055474,3.266,-9.137,-0.691,0.000,0.000,0.000,-221153
17.300894209,1115059695,3.266,-9.137,-0.691,0.000,0.000,0.000,-222105
17.304945625,1115063916,3.266,-9.133,-0.656,0.000,0.000,0.000,-223251
17.307112709,1115066137,3.266,-9.133,-0.656,0.000,0.000,0.000,-222349
17.3123705,1115071358,3.266,-9.133,-0.656,0.000,0.000,0.000,-221780
17.316574875,1115075579,3.266,-9.133,-0.656,0.000,0.000,0.000,-222051
17.319796042,1115078800,3.266,-9.133,-0.656,0.000,0.000,0.000,-222249
17.325048334,1115084021,3.266,-9.133,-0.656,0.000,0.000,0.000,-222862
17.329279625,1115088242,3.266,-9.133,-0.656,0.000,0.000,0.000,-222220
17.333919417,1115091463,3.305,-9.137,-0.691,0.000,0.000,0.000,-222628
17.337701209,1115096684,3.305,-9.137,-0.691,0.000,0.000,0.000,-222812
17.34191325,1115100905,3.305,-9.137,-0.691,0.000,0.000,0.000,-222875
17.347165375,1115106126,3.305,-9.137,-0.691,0.000,0.000,0.000,-222007
17.351364167,1115110347,3.305,-9.137,-0.691,0.000,0.000,0.000,-222385
17.355681917,1115114568,3.305,-9.137,-0.691,0.000,0.000,0.000,-222373
17.359865375,1115118789,3.305,-9.133,-0.656,0.000,0.000,0.000,-222533
17.36305075,1115122010,3.305,-9.133,-0.656,0.000,0.000,0.000,-222468
17.369331667,1115128231,3.305,-9.133,-0.656,0.000,0.000,0.000,-222535
17.37345675,1115132452,3.305,-9.133,-0.656,0.000,0.000,0.000,-222279
17.377660459,1115136673,3.305,-9.133,-0.656,0.000,0.000,0.000,-221591
17.382991292,1115141894,3.305,-9.133,-0.656,0.000,0.000,0.000,-222626
17.388275959,1115147117,3.305,-9.133,-0.656,0.000,0.000,0.000,-223143
17.392591917,1115151337,3.305,-9.133,-0.656,0.000,0.000,0.000,-222856
17.395016167,1115153558,3.305,-9.133,-0.656,0.000,0.000,0.000,-222115
17.399059459,1115157779,3.305,-9.133,-0.656,0.000,0.000,0.000,-222743
17.404137,1115162000,3.305,-9.133,-0.656,0.000,0.000,0.000,-222219
17.407232834,1115166221,3.305,-9.133,-0.656,0.000,0.000,0.000,-222159
17.412483959,1115171442,3.305,-9.133,-0.656,0.000,0.000,0.000,-222447
17.416721834,1115175663,3.305,-9.133,-0.656,0.000,0.000,0.000,-222803
17.420933125,1115179884,3.266,-9.137,-0.691,0.000,0.000,0.000,-222341
17.424153,1115183106,3.266,-9.137,-0.691,0.000,0.000,0.000,-221750
17.430369792,1115189326,3.266,-9.137,-0.691,0.000,0.000,0.000,-221988
17.436685959,1115195547,3.266,-9.137,-0.691,0.000,0.000,0.000,-221930
17.441811209,1115200768,3.266,-9.137,-0.691,0.000,0.000,0.000,-222782
17.447160542,1115205989,3.266,-9.137,-0.691,0.000,0.000,0.000,-222499
17.45230975,1115211210,3.266,-9.137,-0.691,0.000,0.000,0.000,-222387
17.456471625,1115215431,3.266,-9.137,-0.691,0.000,0.000,0.000,-221824
17.459703792,1115218652,3.266,-9.137,-0.691,0.000,0.000,0.000,-221562
17.465990125,1115224873,3.266,-9.137,-0.691,0.000,0.000,0.000,-222081
17.47109975,1115229094,3.266,-9.137,-0.691,0.000,0.000,0.000,-222465
17.474338292,1115233316,3.266,-9.137,-0.691,0.008,0.000,-0.016,-222187
17.479623834,1115238537,3.266,-9.137,-0.691,0.000,0.006,-0.002,-222251
17.484875334,1115243758,3.266,-9.137,-0.691,0.000,-0.008,-0.006,-222308
17.489141834,1115247979,3.305,-9.098,-0.691,0.000,-0.008,-0.006,-222444
17.491331042,1115250200,3.305,-9.098,-0.691,0.008,0.010,-0.012,-222469
17.496860042,1115255421,3.305,-9.098,-0.691,0.010,0.008,-0.012,-222102
17.500973875,1115259642,3.266,-9.094,-0.656,0.010,0.008,-0.012,-221546
17.505301084,1115262863,3.266,-9.094,-0.656,0.000,0.000,0.008,-222456
17.50908025,1115268084,3.266,-9.094,-0.656,0.000,-0.008,-0.010,-221847
17.513382542,1115272305,3.266,-9.094,-0.656,-0.002,0.012,0.004,-222019
17.51661775,1115275526,3.266,-9.094,-0.656,0.000,0.006,-0.004,-221960
17.520842542,1115279747,3.266,-9.094,-0.656,0.006,-0.006,-0.006,-222724
17.526261667,1115284970,3.266,-9.094,-0.656,0.002,-0.002,-0.006,-222935
17.530973334,1115289191,3.266,-9.137,-0.691,0.002,-0.002,-0.006,-222670
17.532707334,1115291412,3.266,-9.137,-0.691,-0.008,-0.012,-0.004,-221802
17.537165542,1115295633,3.266,-9.137,-0.691,0.012,0.002,-0.002,-222754
17.540918542,1115299854,3.266,-9.137,-0.691,0.002,-0.008,-0.002,-221881
17.545120042,1115304075,3.266,-9.137,-0.691,0.008,-0.004,0.002,-222248
17.549360667,1115308296,3.266,-9.137,-0.691,-0.014,0.006,0.012,-222518
17.554749875,1115313517,3.266,-9.137,-0.691,0.000,-0.004,0.000,-222148
17.558913375,1115317738,3.266,-9.094,-0.656,0.000,-0.004,0.000,-222132
17.562241917,1115320959,3.266,-9.094,-0.656,-0.002,-0.006,0.008,-221523
17.568468125,1115327180,3.266,-9.094,-0.656,0.000,0.000,0.000,-221906
17.572462292,1115331402,3.266,-9.094,-0.656,-0.008,-0.004,0.006,-223009
17.577045959,1115335622,3.266,-9.094,-0.656,-0.004,-0.016,-0.002,-221567
17.580894334,1115339843,3.266,-9.094,-0.656,0.000,0.010,0.000,-221802
17.586075417,1115345064,3.266,-9.094,-0.656,0.004,0.006,0.002,-221464
17.589394167,1115348285,3.266,-9.133,-0.656,0.004,0.006,0.002,-222716
17.591511709,1115350506,3.266,-9.133,-0.656,-0.012,-0.002,-0.014,-222203
17.597504042,1115355727,3.266,-9.133,-0.656,0.010,0.008,-0.006,-221742
17.60109625,1115359948,3.227,-9.133,-0.691,0.010,0.008,-0.006,-222366
17.604457459,1115363169,3.227,-9.133,-0.691,-0.004,-0.004,0.010,-222254
17.609432375,1115368390,3.227,-9.133,-0.691,0.002,0.000,0.002,-221814
17.6136525,1115372611,3.227,-9.133,-0.691,0.002,0.000,-0.014,-222207
17.616868459,1115375832,3.227,-9.133,-0.691,0.010,-0.004,0.008,-222653
17.6211665,1115380053,3.227,-9.133,-0.691,-0.016,0.000,0.002,-222505
17.625318875,1115384276,3.227,-9.133,-0.691,-0.008,0.002,0.006,-221082
17.628541334,1115387497,3.266,-9.133,-0.617,-0.008,0.002,0.006,-222026
17.630906042,1115389718,3.266,-9.133,-0.617,0.000,0.000,-0.008,-222702
17.635289875,1115393939,3.266,-9.133,-0.617,0.008,0.004,-0.012,-222401
17.639422667,1115398160,3.266,-9.133,-0.617,0.006,-0.006,0.004,-222143
17.644474459,1115403381,3.266,-9.133,-0.617,0.000,0.004,0.006,-222764
17.648667959,1115407602,3.266,-9.133,-0.617,0.004,0.008,0.000,-222561
17.652881417,1115411823,3.266,-9.133,-0.617,0.008,0.002,-0.004,-222600
17.656161959,1115415044,3.227,-9.172,-0.656,0.008,0.002,-0.004,-221935
17.658466125,1115417265,3.227,-9.172,-0.656,-0.006,-0.002,0.002,-222083
17.663540084,1115422486,3.227,-9.172,-0.656,-0.002,-0.002,0.000,-222479
17.668860042,1115427707,3.227,-9.172,-0.656,0.002,0.002,0.004,-221405
17.672963584,1115431928,3.227,-9.172,-0.656,-0.004,0.008,0.004,-222096
17.677200042,1115436149,3.227,-9.172,-0.656,0.008,0.000,-0.012,-222193
17.682432959,1115441370,3.227,-9.172,-0.656,0.006,0.004,0.000,-222598
17.686643459,1115445591,3.227,-9.133,-0.691,0.006,0.004,0.000,-222574
17.688861334,1115447812,3.227,-9.133,-0.691,-0.004,0.000,-0.004,-222809
17.694074667,1115453033,3.227,-9.133,-0.691,-0.008,0.008,0.012,-222409
17.698325375,1115457254,3.227,-9.133,-0.691,0.004,-0.002,-0.002,-222161
17.703699667,1115462475,3.227,-9.133,-0.691,0.020,0.006,0.004,-221966
17.708026292,1115466696,3.227,-9.133,-0.691,-0.004,0.008,0.000,-222468
17.711954292,1115470917,3.227,-9.133,-0.691,-0.012,0.000,0.014,-222624
17.717195084,1115476138,3.266,-9.137,-0.691,-0.012,0.000,0.014,-222750
17.719449542,1115478359,3.266,-9.137,-0.691,0.010,-0.002,-0.010,-222704
17.72476125,1115483580,3.266,-9.137,-0.691,0.006,0.006,0.002,-222205
17.728971667,1115487801,3.266,-9.137,-0.691,-0.008,0.000,-0.004,-222162
17.734314792,1115493022,3.266,-9.137,-0.691,-0.002,0.002,-0.006,-222072
17.739041,1115497243,3.266,-9.137,-0.691,0.004,0.002,0.006,-222431
17.743474875,1115502464,3.266,-9.137,-0.691,0.006,0.000,0.000,-221760
17.747739375,1115506685,3.305,-9.172,-0.691,0.006,0.000,0.000,-222751
17.751236625,1115509906,3.305,-9.172,-0.691,0.008,-0.002,-0.004,-222778
17.75632425,1115515127,3.305,-9.172,-0.691,0.000,-0.002,-0.002,-223068
17.760647542,1115519348,3.305,-9.172,-0.691,0.002,-0.004,-0.004,-222176
17.765621709,1115524569,3.305,-9.172,-0.691,0.004,0.000,0.002,-222235
17.771334625,1115528790,3.305,-9.172,-0.691,-0.002,0.000,-0.012,-222120
17.774062209,1115533011,3.191,-9.133,-0.656,-0.002,0.000,-0.012,-222356
17.776274584,1115535232,3.191,-9.133,-0.656,-0.004,0.004,0.000,-221975
17.781464709,1115540453,3.191,-9.133,-0.656,0.004,-0.006,0.006,-222078
17.78677325,1115545674,3.191,-9.133,-0.656,0.012,0.000,-0.002,-221307
17.791947209,1115550895,3.191,-9.133,-0.656,0.000,-0.004,-0.008,-222330
17.796163,1115555116,3.191,-9.133,-0.656,0.000,0.008,-0.004,-221864
17.800391792,1115559337,3.191,-9.133,-0.656,0.006,-0.004,-0.002,-222529
17.805645292,1115564558,3.305,-9.133,-0.656,0.006,-0.004,-0.002,-222454
17.808874834,1115567779,3.305,-9.133,-0.656,0.000,0.006,-0.010,-222731
17.816040292,1115575000,3.305,-9.133,-0.656,0.006,0.006,-0.004,-222264
17.821298417,1115580221,3.305,-9.133,-0.656,-0.004,0.004,-0.002,-222446
17.826494625,1115585442,3.305,-9.133,-0.656,-0.008,-0.008,-0.002,-221840
17.829711,1115588663,3.266,-9.133,-0.617,-0.008,-0.008,-0.002,-221594
17.835000209,1115593884,3.266,-9.133,-0.617,0.002,-0.004,0.006,-221873
17.8402755,1115599105,3.266,-9.133,-0.617,-0.004,0.004,0.000,-222349
17.84540825,1115604326,3.266,-9.133,-0.617,-0.002,0.008,-0.002,-222345
17.850638625,1115609547,3.266,-9.133,-0.617,0.004,0.006,0.006,-222346
17.854807625,1115613768,3.266,-9.133,-0.617,-0.002,0.010,-0.008,-222562
17.85911225,1115617989,3.305,-9.137,-0.691,-0.002,0.010,-0.008,-221643
17.86226,1115621210,3.305,-9.137,-0.691,0.000,0.002,0.000,-222177
17.868455167,1115627431,3.305,-9.137,-0.691,-0.004,-0.008,0.002,-222580
17.87396825,1115632652,3.305,-9.137,-0.691,0.002,-0.008,0.002,-221086
17.876964417,1115635873,3.305,-9.137,-0.691,-0.004,0.002,-0.012,-222425
17.882211959,1115641095,3.305,-9.137,-0.691,-0.012,0.012,0.008,-221969
17.887446667,1115646315,3.305,-9.137,-0.691,-0.008,-0.004,0.002,-223376
17.892652292,1115651537,3.266,-9.172,-0.691,-0.008,-0.004,0.002,-222031
17.895851459,1115654758,3.266,-9.172,-0.691,-0.004,0.002,0.008,-221620
17.901375292,1115659979,3.266,-9.172,-0.691,0.000,-0.010,-0.006,-221925
17.906328834,1115665202,3.266,-9.172,-0.691,-0.002,-0.006,0.000,-222724
17.909416625,1115668423,3.266,-9.172,-0.691,0.000,-0.004,-0.010,-221496
17.914641,1115673644,3.266,-9.172,-0.691,0.006,0.004,-0.004,-221946
17.919963459,1115678865,3.227,-9.137,-0.656,0.006,0.004,-0.004,-221748
17.92318575,1115682086,3.227,-9.137,-0.656,-0.006,0.002,-0.002,-222204
17.928477292,1115687308,3.227,-9.137,-0.656,0.000,0.012,-0.010,-222663
17.932842834,1115691529,3.227,-9.137,-0.656,0.002,0.002,0.002,-222588
17.937263584,1115695750,3.227,-9.137,-0.656,-0.006,-0.002,-0.010,-222360
17.941446542,1115699971,3.227,-9.137,-0.656,0.006,0.000,0.002,-221720
17.947251125,1115706192,3.227,-9.137,-0.656,-0.008,0.006,-0.004,-221873
17.951467959,1115710413,3.266,-9.172,-0.730,-0.008,0.006,-0.004,-222126
17.9547005,1115713634,3.266,-9.172,-0.730,-0.002,0.004,-0.004,-222565
17.960209167,1115718855,3.266,-9.172,-0.730,-0.002,0.000,0.012,-222190
17.965260584,1115724076,3.266,-9.172,-0.730,0.000,-0.002,0.000,-222431
17.96962125,1115728297,3.266,-9.172,-0.730,0.002,0.004,0.002,-223081
17.97475,1115733518,3.266,-9.172,-0.730,0.000,0.002,-0.004,-221886
17.978745709,1115737739,3.266,-9.172,-0.730,-0.002,0.000,0.006,-221754
17.984034792,1115742962,3.266,-9.137,-0.691,-0.002,0.000,0.006,-222356
17.986235042,1115745183,3.266,-9.137,-0.691,0.008,0.010,-0.012,-222623
17.990515125,1115749404,3.266,-9.137,-0.691,-0.010,0.000,-0.002,-222608
17.995022542,1115753625,3.266,-9.137,-0.691,0.002,0.018,-0.012,-222476
17.9992255,1115757846,3.266,-9.137,-0.691,0.002,-0.006,-0.002,-222962
18.004244,1115763067,3.266,-9.137,-0.691,0.000,0.000,0.016,-222573
18.008418709,1115767288,3.266,-9.137,-0.730,0.000,0.000,0.016,-222732
18.011502375,1115770509,3.266,-9.137,-0.730,-0.008,-0.002,0.010,-221943
18.016744625,1115775730,3.266,-9.137,-0.730,0.004,0.016,-0.006,-223362
18.020995042,1115779951,3.266,-9.137,-0.730,0.000,0.000,0.010,-222615
18.025200084,1115784172,3.266,-9.137,-0.730,0.004,0.006,-0.016,-222478
18.030460584,1115789393,3.266,-9.137,-0.730,-0.004,0.012,-0.004,-221859
18.034630292,1115793614,3.266,-9.137,-0.730,-0.004,-0.004,0.004,-222917
18.039239959,1115797835,3.227,-9.133,-0.691,-0.004,-0.004,0.004,-221442
18.041078917,1115800056,3.227,-9.133,-0.691,-0.002,0.000,0.000,-221832
18.046330292,1115805277,3.227,-9.133,-0.691,0.012,0.004,0.008,-222262
18.050585959,1115809498,3.227,-9.133,-0.691,-0.002,0.002,0.012,-222746
18.054809792,1115813719,3.227,-9.133,-0.691,0.004,-0.002,0.000,-222739
18.058994584,1115817940,3.227,-9.133,-0.691,0.004,0.004,-0.016,-222388
18.064250584,1115823161,3.227,-9.133,-0.691,-0.004,-0.008,0.002,-222036
18.067400917,1115826382,3.266,-9.133,-0.617,-0.004,-0.008,0.002,-222286
18.069687,1115828603,3.266,-9.133,-0.617,-0.012,-0.004,-0.004,-222587
18.074837042,1115833824,3.266,-9.133,-0.617,-0.002,0.000,0.018,-222088
18.079173292,1115838045,3.266,-9.133,-0.617,0.010,-0.004,-0.012,-222477
18.084334667,1115843266,3.266,-9.133,-0.617,0.008,0.010,0.000,-221650
18.088553584,1115847487,3.227,-9.094,-0.730,0.008,0.010,0.000,-221605
18.090816875,1115849708,3.227,-9.094,-0.730,-0.002,-0.012,-0.004,-222262
18.095070417,1115853929,3.227,-9.094,-0.730,-0.004,0.008,0.008,-222154
18.0997035,1115858150,3.227,-9.094,-0.730,0.004,0.004,0.000,-221456
18.105135334,1115863371,3.227,-9.094,-0.730,-0.002,0.000,-0.002,-222442
18.10958075,1115868592,3.227,-9.094,-0.730,-0.012,0.000,0.006,-221623
18.11480275,1115873813,3.266,-9.172,-0.691,-0.012,0.000,0.006,-222156
18.118095042,1115877034,3.266,-9.172,-0.691,-0.008,0.000,0.008,-222727
18.124359792,1115883255,3.266,-9.172,-0.691,0.006,-0.008,0.002,-222274
18.128723667,1115887476,3.266,-9.172,-0.691,0.004,0.010,0.002,-222305
18.132982875,1115891697,3.266,-9.172,-0.691,0.006,-0.006,0.000,-221903
18.137552834,1115895918,3.266,-9.172,-0.691,0.006,0.000,0.012,-222858
18.141824417,1115900139,3.266,-9.172,-0.691,0.004,0.000,0.002,-222376
18.146437209,1115905360,3.266,-9.133,-0.770,0.004,0.000,0.002,-222368
18.149625375,1115908581,3.266,-9.133,-0.770,0.004,0.002,-0.006,-222865
18.155982167,1115914803,3.266,-9.133,-0.770,-0.004,0.004,-0.002,-222597
18.160294917,1115919023,3.266,-9.133,-0.770,0.006,-0.006,-0.010,-222432
18.164539209,1115923244,3.266,-9.133,-0.770,-0.002,0.000,0.002,-222474
18.169081834,1115927465,3.266,-9.133,-0.770,-0.008,0.010,-0.006,-222964
18.171794875,1115930686,3.266,-9.133,-0.770,-0.004,-0.002,0.000,-221554
18.17589625,1115934907,3.266,-9.137,-0.691,-0.004,-0.002,0.000,-222287
18.179237584,1115938128,3.266,-9.137,-0.691,-0.006,0.004,-0.002,-221947
18.185430584,1115944349,3.266,-9.137,-0.691,0.010,-0.010,-0.010,-222547
18.189671334,1115948570,3.266,-9.137,-0.691,0.000,0.004,0.006,-222399
18.193956709,1115952791,3.266,-9.137,-0.691,0.004,-0.004,0.002,-222141
18.198285625,1115957012,3.266,-9.137,-0.691,0.000,0.006,-0.004,-222461
18.2027315,1115961233,3.266,-9.137,-0.691,-0.004,0.006,0.002,-222978
18.207515209,1115966456,3.266,-9.133,-0.656,-0.004,0.006,0.002,-222632
18.210801125,1115969677,3.266,-9.133,-0.656,0.002,-0.004,-0.008,-222569
18.215986,1115974898,3.266,-9.133,-0.656,0.010,-0.002,0.004,-222335
18.220214084,1115979119,3.266,-9.133,-0.656,0.006,0.000,-0.010,-222146
18.225370667,1115984340,3.266,-9.133,-0.656,0.010,-0.006,0.004,-222635
18.229623542,1115988561,3.266,-9.133,-0.656,0.008,0.008,-0.002,-222475
18.234040875,1115992782,3.266,-9.133,-0.656,0.002,-0.002,0.008,-222291
18.239580917,1115998003,3.266,-9.133,-0.656,0.002,-0.002,0.008,-221535
18.242278417,1116001224,3.266,-9.133,-0.656,0.004,-0.004,0.000,-222327
18.248530792,1116007445,3.266,-9.133,-0.656,0.002,0.012,-0.010,-222381
18.252712875,1116011666,3.266,-9.133,-0.656,0.000,0.006,-0.006,-223199
18.256886542,1116015887,3.266,-9.133,-0.656,0.004,0.002,0.000,-222208
18.261155459,1116020108,3.266,-9.133,-0.656,0.004,0.012,-0.018,-221555
18.266365292,1116025329,3.266,-9.133,-0.656,0.002,-0.002,0.000,-222517
18.27075075,1116029550,3.227,-9.137,-0.656,0.002,-0.002,0.000,-222114
18.274041709,1116032771,3.227,-9.137,-0.656,-0.006,-0.004,-0.006,-221983
18.280019167,1116038992,3.227,-9.137,-0.656,0.000,-0.004,0.006,-221933
18.285601417,1116044213,3.227,-9.137,-0.656,-0.004,0.002,-0.010,-223021
18.289490667,1116048434,3.227,-9.137,-0.656,0.002,0.002,0.014,-222720
18.293700209,1116052655,3.227,-9.137,-0.656,-0.004,-0.004,0.014,-222224
18.297931625,1116056876,3.227,-9.137,-0.656,0.008,0.006,0.000,-222045
18.3022405,1116061098,3.266,-9.137,-0.691,0.008,0.006,0.000,-223346
18.304366167,1116063318,3.266,-9.137,-0.691,0.000,-0.004,-0.006,-222553
18.309581709,1116068539,3.266,-9.137,-0.691,0.006,-0.002,0.004,-222158
18.314818959,1116073760,3.266,-9.137,-0.691,-0.004,-0.004,0.006,-222168
18.319080084,1116077981,3.266,-9.137,-0.691,-0.006,-0.006,0.018,-222235
18.325233917,1116084202,3.266,-9.137,-0.691,-0.002,-0.004,-0.006,-221879
18.3295015,1116088423,3.266,-9.137,-0.691,0.008,0.000,0.008,-222319
18.333756709,1116092644,3.266,-9.176,-0.656,0.008,0.000,0.008,-222246
18.337017542,1116095865,3.266,-9.176,-0.656,0.006,-0.010,-0.002,-221960
18.34338575,1116102088,3.266,-9.176,-0.656,0.000,-0.002,0.008,-221940
18.347315167,1116106308,3.266,-9.176,-0.656,0.000,0.000,-0.002,-222673
18.352608417,1116111529,3.266,-9.176,-0.656,-0.010,0.006,0.010,-223470
18.35681375,1116115750,3.266,-9.176,-0.656,-0.002,0.000,0.004,-221780
18.361138584,1116119971,3.266,-9.176,-0.656,-0.008,0.000,0.002,-222135
18.365544875,1116124192,3.227,-9.137,-0.656,-0.008,0.000,0.002,-221544
18.368923667,1116127413,3.227,-9.137,-0.656,0.008,-0.004,-0.016,-222826
18.373725209,1116132634,3.227,-9.137,-0.656,0.000,-0.002,0.002,-221971
18.376870542,1116135855,3.227,-9.137,-0.656,0.004,0.006,0.008,-222273
18.380124334,1116139076,3.227,-9.137,-0.656,0.004,0.000,0.002,-222573
18.385409292,1116144297,3.227,-9.137,-0.656,0.010,0.002,0.000,-222195
18.390842084,1116149518,3.227,-9.137,-0.656,-0.014,-0.008,0.006,-222453
18.395084125,1116153739,3.266,-9.137,-0.691,-0.014,-0.008,0.006,-222255
18.398252584,1116156960,3.266,-9.137,-0.691,0.012,-0.004,-0.014,-221862
18.404314334,1116163181,3.266,-9.137,-0.691,0.002,0.008,0.002,-222930
18.408611417,1116167402,3.266,-9.137,-0.691,0.010,-0.002,-0.002,-222396
18.411615209,1116170623,3.266,-9.137,-0.691,-0.006,0.006,0.006,-222181
18.416922834,1116175844,3.266,-9.137,-0.691,0.012,-0.004,0.006,-222799
18.422140417,1116181065,3.266,-9.137,-0.691,0.006,0.008,-0.010,-222683
18.427345417,1116186286,3.266,-9.098,-0.730,0.006,0.008,-0.010,-221678
18.429556334,1116188507,3.266,-9.098,-0.730,0.000,0.006,0.004,-222250
18.434885667,1116193728,3.266,-9.098,-0.730,0.004,-0.006,0.002,-222441
18.439943417,1116197949,3.266,-9.098,-0.730,0.000,0.004,0.002,-221637
18.444318959,1116203170,3.266,-9.098,-0.730,-0.006,-0.006,-0.004,-222043
18.448473584,1116207391,3.266,-9.137,-0.691,-0.006,-0.006,-0.004,-222604
18.451689959,1116210612,3.266,-9.137,-0.691,0.006,0.010,-0.002,-222007
18.45795175,1116216833,3.266,-9.137,-0.691,-0.004,-0.004,0.002,-221457
18.463140334,1116222054,3.266,-9.137,-0.691,-0.008,-0.002,0.004,-221949
18.467315167,1116226275,3.266,-9.137,-0.691,-0.002,0.000,-0.002,-220765
18.4726245,1116231496,3.266,-9.137,-0.691,0.000,-0.006,-0.008,-222951
18.476756125,1116235717,3.266,-9.137,-0.691,0.004,0.002,0.002,-222403
18.480984292,1116239938,3.266,-9.137,-0.730,0.004,0.002,0.002,-222217
18.484208959,1116243159,3.266,-9.137,-0.730,0.006,-0.002,-0.006,-222527
18.49047975,1116249380,3.266,-9.137,-0.730,-0.004,0.000,0.002,-223026
18.494766334,1116253601,3.266,-9.137,-0.730,0.004,0.002,-0.012,-222167
18.499207209,1116257822,3.266,-9.137,-0.730,-0.008,-0.002,-0.002,-221814
18.505440292,1116263043,3.266,-9.137,-0.730,-0.002,0.006,0.006,-222950
18.508707584,1116267264,3.266,-9.137,-0.730,-0.004,-0.002,0.010,-221730
18.512582875,1116271485,3.266,-9.172,-0.691,-0.004,-0.002,0.010,-222825
18.515919542,1116274706,3.266,-9.172,-0.691,-0.002,0.006,-0.004,-222209
18.52211725,1116280929,3.266,-9.172,-0.691,-0.002,0.000,0.000,-221957
18.527414209,1116286150,3.266,-9.172,-0.691,0.012,0.002,0.000,-222512
18.532677834,1116291371,3.266,-9.172,-0.691,-0.002,-0.010,0.008,-221912
18.538954584,1116296592,3.305,-9.172,-0.691,-0.002,-0.010,0.008,-222720
18.540939459,1116299813,3.305,-9.172,-0.691,-0.004,-0.002,0.016,-222215
18.5470965,1116306034,3.305,-9.172,-0.691,-0.006,-0.002,0.002,-222982
18.551358875,1116310255,3.305,-9.172,-0.691,0.004,-0.002,0.004,-222265
18.555666375,1116314476,3.305,-9.172,-0.691,-0.006,0.000,-0.008,-221606
18.559986542,1116318697,3.305,-9.172,-0.691,0.004,0.006,-0.006,-221375
18.5652095,1116323918,3.266,-9.172,-0.691,0.004,0.006,-0.006,-222793
18.568450584,1116327139,3.266,-9.172,-0.691,0.006,-0.008,-0.002,-222642
18.573612709,1116332360,3.266,-9.172,-0.691,-0.004,0.006,0.000,-222375
18.577655459,1116336581,3.266,-9.172,-0.691,-0.002,0.004,-0.004,-221272
18.581909167,1116340802,3.266,-9.172,-0.691,0.000,-0.008,-0.008,-222967
18.587622917,1116346023,3.266,-9.172,-0.691,-0.008,0.008,-0.006,-222549
18.591552375,1116350244,3.266,-9.172,-0.691,-0.016,-0.002,-0.018,-222313
18.594753709,1116353465,3.266,-9.133,-0.656,-0.016,-0.002,-0.018,-222951
18.597154209,1116355686,3.266,-9.133,-0.656,0.000,-0.002,0.000,-222290
18.601271542,1116359907,3.266,-9.133,-0.656,-0.012,0.002,0.010,-222240
18.605524375,1116364128,3.266,-9.133,-0.656,-0.004,-0.006,-0.002,-222125
18.609811542,1116368349,3.266,-9.133,-0.656,-0.004,0.000,-0.012,-222249
18.613618,1116372570,3.266,-9.137,-0.691,-0.004,0.000,-0.012,-221483
18.617873709,1116376791,3.266,-9.137,-0.691,0.008,0.006,-0.002,-222285
18.622274167,1116381012,3.266,-9.137,-0.691,0.000,0.000,0.010,-222717
18.626311875,1116385233,3.266,-9.137,-0.691,-0.002,-0.006,0.004,-223010
18.630499375,1116389454,3.266,-9.137,-0.691,0.008,0.004,0.000,-221891
18.634748417,1116393675,3.266,-9.137,-0.691,-0.002,0.004,0.004,-222935
18.637928667,1116396896,3.266,-9.137,-0.691,-0.002,0.004,0.004,-222261
18.641177625,1116400117,3.266,-9.137,-0.691,-0.004,-0.002,-0.016,-222696
18.64742525,1116406338,3.266,-9.137,-0.691,-0.006,0.008,-0.002,-222828
18.651630542,1116410559,3.266,-9.137,-0.691,-0.004,-0.012,0.002,-222883
18.655914792,1116414780,3.266,-9.137,-0.691,0.000,0.000,0.010,-222174
18.660039459,1116419001,3.266,-9.137,-0.691,0.004,0.002,-0.016,-222597
18.665295834,1116424222,3.266,-9.137,-0.691,0.004,0.002,-0.016,-222054
18.667463125,1116426443,3.266,-9.137,-0.691,0.006,0.002,0.000,-222175
18.672771584,1116431649,3.266,-9.137,-0.691,-0.004,0.004,-0.002,-222175
18.677936667,1116436869,3.266,-9.137,-0.691,0.000,0.004,0.002,-222473
18.682150334,1116441090,3.266,-9.137,-0.691,0.008,-0.006,0.006,-222424
18.686394542,1116445311,3.266,-9.137,-0.691,0.002,0.006,-0.002,-223615
18.690647167,1116449532,3.266,-9.137,-0.730,0.002,0.006,-0.002,-223093
18.692929,1116451753,3.266,-9.137,-0.730,0.002,0.006,0.000,-222372
18.697296209,1116455976,3.266,-9.137,-0.730,0.004,0.008,0.008,-222384
18.70154575,1116460197,3.266,-9.137,-0.730,0.008,0.002,-0.010,-222148
18.706864917,1116465418,3.266,-9.137,-0.730,0.000,0.016,0.000,-222190
18.710721792,1116469639,3.266,-9.137,-0.730,0.012,0.006,0.002,-221930
18.715006667,1116473860,3.266,-9.137,-0.730,-0.002,-0.006,0.008,-221663
18.719262875,1116478082,3.266,-9.133,-0.656,-0.002,-0.006,0.008,-222640
18.721377667,1116480303,3.266,-9.133,-0.656,0.010,-0.004,0.008,-222572
18.726787084,1116485524,3.266,-9.133,-0.656,-0.002,0.000,0.006,-222725
18.731063084,1116489745,3.266,-9.133,-0.656,-0.014,-0.002,0.020,-222880
18.735757834,1116493966,3.266,-9.133,-0.656,-0.004,-0.004,-0.004,-221804
18.739553125,1116498187,3.266,-9.133,-0.656,0.012,0.000,0.000,-222919
18.745553167,1116504408,3.266,-9.133,-0.656,-0.002,-0.006,-0.002,-222482
18.749770834,1116508629,3.266,-9.137,-0.730,-0.002,-0.006,-0.002,-222872
18.751968125,1116510850,3.266,-9.137,-0.730,-0.004,-0.002,-0.006,-222065
18.756254375,1116515071,3.266,-9.137,-0.730,-0.016,0.000,-0.014,-221862
18.76058575,1116519294,3.266,-9.137,-0.730,0.004,-0.002,-0.014,-221814
18.766379,1116524515,3.266,-9.137,-0.730,0.000,0.008,0.000,-222110
18.769873667,1116528736,3.266,-9.137,-0.730,0.006,-0.010,0.006,-222504
18.775035667,1116533957,3.266,-9.137,-0.730,0.000,-0.004,0.000,-222518
18.77923,1116538178,3.227,-9.172,-0.656,0.000,-0.004,0.000,-221993
18.781481459,1116540399,3.227,-9.172,-0.656,0.000,0.004,-0.006,-222318
18.786682667,1116545620,3.227,-9.172,-0.656,0.000,-0.008,-0.004,-222009
18.790919542,1116549841,3.227,-9.172,-0.656,0.006,0.008,-0.004,-222187
18.795117042,1116554062,3.227,-9.172,-0.656,-0.008,-0.002,0.010,-221344
18.799336292,1116558283,3.227,-9.172,-0.656,-0.008,-0.006,-0.006,-222197
18.804821,1116563504,3.227,-9.172,-0.656,0.004,-0.002,-0.002,-223052
18.808865542,1116567726,3.266,-9.133,-0.656,0.004,-0.002,-0.002,-222657
18.811963417,1116570947,3.266,-9.133,-0.656,0.006,-0.004,-0.012,-222178
18.817192,1116576168,3.266,-9.133,-0.656,-0.002,0.004,0.000,-222283
18.821454542,1116580389,3.266,-9.133,-0.656,-0.004,0.000,-0.002,-222324
18.82561975,1116584610,3.266,-9.133,-0.656,0.000,-0.002,0.008,-222419
18.831194459,1116589831,3.266,-9.133,-0.656,-0.004,0.000,0.008,-222384
18.835038959,1116594052,3.266,-9.133,-0.656,-0.006,-0.002,-0.004,-222100
18.840374334,1116599273,3.266,-9.137,-0.691,-0.006,-0.002,-0.004,-222648
18.843483834,1116602494,3.266,-9.137,-0.691,-0.006,-0.002,-0.004,-222419
18.849675875,1116608715,3.266,-9.137,-0.691,0.004,0.002,0.000,-222541
18.854113042,1116612936,3.266,-9.137,-0.691,0.002,0.010,-0.004,-222623
18.858145917,1116617157,3.266,-9.137,-0.691,0.006,0.004,0.002,-222244
18.867160625,1116621378,3.266,-9.137,-0.691,-0.004,0.000,-0.006,-221644
18.867526792,1116626599,3.266,-9.176,-0.656,-0.004,0.000,-0.006,-222244
18.86972975,1116628821,3.266,-9.176,-0.656,0.006,0.008,0.000,-222177
18.874971917,1116634041,3.266,-9.176,-0.656,0.008,-0.006,0.008,-222391
18.879319042,1116638262,3.266,-9.176,-0.656,0.004,0.008,-0.002,-222099
18.885478667,1116644483,3.266,-9.176,-0.656,0.004,0.008,-0.006,-222921
18.900642625,1116648704,3.266,-9.176,-0.656,0.004,-0.004,0.004,-222001
18.900821084,1116652925,3.266,-9.176,-0.656,-0.006,0.004,-0.023,-222505
18.900985042,1116656146,3.266,-9.133,-0.578,-0.006,0.004,-0.023,-222690
18.90114625,1116658367,3.266,-9.133,-0.578,-0.008,0.002,0.004,-222508
18.90452675,1116663588,3.266,-9.133,-0.578,-0.002,0.004,0.004,-222974
18.909854625,1116668809,3.266,-9.133,-0.578,0.000,-0.006,0.008,-220552
18.913978959,1116673030,3.305,-9.137,-0.691,0.000,-0.006,0.008,-221235
18.916258792,1116675251,3.305,-9.137,-0.691,-0.004,-0.012,0.010,-222602
18.920543334,1116679474,3.305,-9.137,-0.691,-0.002,-0.002,0.008,-222215
18.924665959,1116683695,3.305,-9.137,-0.691,0.002,0.004,-0.010,-221841
18.933629625,1116688916,3.305,-9.137,-0.691,-0.006,-0.012,-0.012,-222009
18.93379025,1116692137,3.227,-9.137,-0.617,-0.006,-0.012,-0.012,-223155
18.936275334,1116695358,3.227,-9.137,-0.617,0.004,0.010,0.012,-222309
18.9425315,1116701579,3.227,-9.137,-0.617,-0.002,0.000,0.006,-222419
18.9470875,1116705800,3.227,-9.137,-0.617,0.004,-0.002,-0.006,-222562
18.950030292,1116709021,3.227,-9.137,-0.617,0.002,-0.002,0.004,-222543
18.958210875,1116717242,3.227,-9.137,-0.617,-0.006,0.000,0.000,-222398
18.966944209,1116721463,3.266,-9.137,-0.691,-0.006,0.000,0.000,-221968
18.9670865,1116724684,3.266,-9.137,-0.691,-0.002,0.008,0.006,-222304
18.970967417,1116729905,3.266,-9.137,-0.691,-0.002,0.002,-0.010,-222146
18.975115459,1116734126,3.266,-9.137,-0.691,-0.008,-0.004,-0.006,-222074
18.979382334,1116738347,3.266,-9.137,-0.691,0.000,0.000,0.000,-222376
18.985574875,1116744568,3.266,-9.137,-0.691,0.000,0.000,0.000,-222548
18.99079675,1116749789,3.266,-9.137,-0.691,0.000,0.000,0.000,-221448
18.994985375,1116754010,3.266,-9.137,-0.730,0.000,0.000,0.000,-221386
19.000280459,1116756231,3.266,-9.137,-0.730,0.000,0.000,0.000,-222437
19.001436709,1116760452,3.266,-9.137,-0.730,0.000,0.000,0.000,-222446
19.005663834,1116764673,3.266,-9.137,-0.730,0.000,0.000,0.000,-223042
19.009944625,1116768895,3.266,-9.137,-0.730,0.000,0.000,0.000,-221828
19.015124459,1116774118,3.266,-9.137,-0.730,0.000,0.000,0.000,-221712
19.0203385,1116779339,3.266,-9.137,-0.730,0.000,0.000,0.000,-222215
19.02552575,1116784560,3.305,-9.137,-0.691,0.000,0.000,0.000,-221475
19.028739667,1116787781,3.305,-9.137,-0.691,0.000,0.000,0.000,-222857
19.033961542,1116793002,3.305,-9.137,-0.691,0.000,0.000,0.000,-222331
19.038215125,1116797223,3.305,-9.137,-0.691,0.000,0.000,0.000,-222794
19.043428125,1116802444,3.305,-9.137,-0.691,0.000,0.000,0.000,-222731
19.04764125,1116806665,3.305,-9.137,-0.691,0.000,0.000,0.000,-222409
19.052902959,1116811886,3.305,-9.137,-0.691,0.000,0.000,0.000,-222616
19.057132917,1116816107,3.266,-9.094,-0.656,0.000,0.000,0.000,-222035
19.060361667,1116819328,3.266,-9.094,-0.656,0.000,0.000,0.000,-221690
19.066984959,1116825549,3.266,-9.094,-0.656,0.000,0.000,0.000,-222767
19.070751292,1116829770,3.266,-9.094,-0.656,0.000,0.000,0.000,-222685
19.074966334,1116833991,3.266,-9.094,-0.656,0.000,0.000,0.000,-222288
19.079245042,1116838212,3.266,-9.094,-0.656,0.000,0.000,0.000,-222340
19.083454709,1116842433,3.266,-9.094,-0.656,0.000,0.000,0.000,-221904
19.088663167,1116847654,3.227,-9.133,-0.691,0.000,0.000,0.000,-222819
19.091877125,1116850875,3.227,-9.133,-0.691,0.000,0.000,0.000,-222140
19.10056375,1116857096,3.227,-9.133,-0.691,0.000,0.000,0.000,-221939
19.102333584,1116861317,3.227,-9.133,-0.691,0.000,0.000,0.000,-222196
19.106591084,1116865538,3.227,-9.133,-0.691,0.000,0.000,0.000,-222663
19.110825834,1116869759,3.227,-9.133,-0.691,0.000,0.000,0.000,-222534
19.115050834,1116873980,3.227,-9.133,-0.691,0.000,0.000,0.000,-222256
19.118207,1116877201,3.227,-9.133,-0.691,0.000,0.000,0.000,-222657
19.123476334,1116882422,3.227,-9.133,-0.691,0.000,0.000,0.000,-222482
19.127698709,1116886643,3.227,-9.133,-0.691,0.000,0.000,0.000,-222543
19.131895625,1116890864,3.227,-9.133,-0.691,0.000,0.000,0.000,-222152
19.136117334,1116895086,3.227,-9.133,-0.691,0.000,0.000,0.000,-222564
19.140426667,1116899307,3.227,-9.133,-0.691,0.000,0.000,0.000,-221674
19.145605667,1116904528,3.266,-9.094,-0.656,0.000,0.000,0.000,-222315
19.14882125,1116907749,3.266,-9.094,-0.656,0.000,0.000,0.000,-223351
19.154113125,1116912970,3.266,-9.094,-0.656,0.000,0.000,0.000,-222204
19.158281625,1116917191,3.266,-9.094,-0.656,0.000,0.000,0.000,-222639
19.163461584,1116922412,3.266,-9.094,-0.656,0.000,0.000,0.000,-222170
19.167831125,1116926633,3.266,-9.094,-0.656,0.000,0.000,0.000,-221797
19.171956834,1116930854,3.266,-9.094,-0.656,0.000,0.000,0.000,-222030
19.175166375,1116934076,3.266,-9.137,-0.691,0.000,0.000,0.000,-222195
19.177401584,1116936297,3.266,-9.137,-0.691,0.000,0.000,0.000,-222583
19.182852709,1116941518,3.266,-9.137,-0.691,0.000,0.000,0.000,-222624
19.18701525,1116945739,3.266,-9.137,-0.691,0.000,0.000,0.000,-222700
19.190248709,1116948960,3.266,-9.137,-0.691,0.000,0.000,0.000,-222303
19.195450209,1116954181,3.266,-9.137,-0.691,0.000,0.000,0.000,-222288
19.20073125,1116959402,3.266,-9.133,-0.656,0.000,0.000,0.000,-222150
19.204155334,1116962623,3.266,-9.133,-0.656,0.000,0.000,0.000,-221667
19.208903459,1116967844,3.266,-9.133,-0.656,0.000,0.000,0.000,-222290
19.213053875,1116972065,3.266,-9.133,-0.656,0.000,0.000,0.000,-221740
19.220395542,1116979288,3.266,-9.133,-0.656,0.000,0.000,0.000,-222092
19.225952042,1116984509,3.266,-9.133,-0.656,0.000,0.000,0.000,-222613
19.229826542,1116988730,3.266,-9.133,-0.656,0.000,0.000,0.000,-222066
19.234996167,1116993951,3.305,-9.133,-0.656,0.000,0.000,0.000,-222274
19.2373915,1116996172,3.305,-9.133,-0.656,0.000,0.000,0.000,-222193
19.2424445,1117001393,3.305,-9.133,-0.656,0.000,0.000,0.000,-221549
19.246667542,1117005614,3.305,-9.133,-0.656,0.000,0.000,0.000,-222854
19.249885709,1117008835,3.305,-9.133,-0.656,0.000,0.000,0.000,-222749
19.254095167,1117013056,3.305,-9.133,-0.656,0.000,0.000,0.000,-222012
19.25729,1117016277,3.305,-9.133,-0.656,0.000,0.000,0.000,-222681
19.261536,1117020498,3.266,-9.172,-0.730,0.000,0.000,0.000,-221993
19.264783459,1117023719,3.266,-9.172,-0.730,0.000,0.000,0.000,-222070
19.271042792,1117029940,3.266,-9.172,-0.730,0.000,0.000,0.000,-223017
19.275257959,1117034161,3.266,-9.172,-0.730,0.000,0.000,0.000,-221425
19.27843075,1117037382,3.266,-9.172,-0.730,0.000,0.000,0.000,-221600
19.284045917,1117042603,3.266,-9.172,-0.730,0.000,0.000,0.000,-222614
19.288929875,1117047824,3.266,-9.172,-0.730,0.000,0.000,0.000,-222394
19.293129709,1117052045,3.266,-9.133,-0.656,0.000,0.000,0.000,-222986
19.296338209,1117055266,3.266,-9.133,-0.656,0.000,0.000,0.000,-222299
19.301583875,1117060487,3.266,-9.133,-0.656,0.000,0.000,0.000,-222570
19.307208917,1117065708,3.266,-9.133,-0.656,0.000,0.000,0.000,-222289
19.31099675,1117069929,3.266,-9.133,-0.656,0.000,0.000,0.000,-222072
19.315195417,1117074150,3.266,-9.133,-0.656,0.000,0.000,0.000,-222694
19.319426792,1117078371,3.266,-9.133,-0.656,0.000,0.000,0.000,-221827
19.32473875,1117083592,3.266,-9.176,-0.770,0.000,0.000,0.000,-221978
19.327875667,1117086813,3.266,-9.176,-0.770,0.000,0.000,0.000,-221580
19.333136792,1117092034,3.266,-9.176,-0.770,0.000,0.000,0.000,-222356
19.338316125,1117097240,3.266,-9.176,-0.770,0.000,0.000,0.000,-222356
19.342526584,1117101460,3.266,-9.176,-0.770,0.000,0.000,0.000,-222589
19.347700042,1117106681,3.266,-9.176,-0.770,0.000,0.000,0.000,-222293
19.351993,1117110902,3.266,-9.176,-0.770,0.000,0.000,0.000,-222019
19.356228667,1117115123,3.266,-9.137,-0.730,0.000,0.000,0.000,-221952
19.359413042,1117118344,3.266,-9.137,-0.730,0.000,0.000,0.000,-222041
19.365875167,1117124565,3.266,-9.137,-0.730,0.000,0.000,0.000,-222856
19.370227542,1117128786,3.266,-9.137,-0.730,0.000,0.000,0.000,-222872
19.374077209,1117133007,3.266,-9.137,-0.730,0.000,0.000,0.000,-222776
19.378315834,1117137228,3.266,-9.137,-0.730,0.000,0.000,0.000,-221720
19.38356175,1117142449,3.266,-9.137,-0.730,0.000,0.000,0.000,-222205
19.388072542,1117146672,3.266,-9.137,-0.691,0.000,0.000,0.000,-223092
19.390030084,1117148893,3.266,-9.137,-0.691,0.000,0.000,0.000,-222688
19.395511542,1117154114,3.266,-9.137,-0.691,0.000,0.000,0.000,-222051
19.399957084,1117158335,3.266,-9.137,-0.691,0.000,0.000,0.000,-222772
19.404008459,1117162556,3.266,-9.137,-0.691,0.000,0.000,0.000,-222415
19.407804792,1117166777,3.266,-9.137,-0.691,0.000,0.000,0.000,-223000
19.412021667,1117170998,3.266,-9.137,-0.691,0.000,0.000,0.000,-222038
19.417329,1117176219,3.305,-9.172,-0.691,0.000,0.000,0.000,-221623
19.420491625,1117179425,3.305,-9.172,-0.691,0.000,0.000,0.000,-221623
19.427731625,1117186645,3.305,-9.172,-0.691,0.000,0.000,0.000,-222192
19.432068167,1117190866,3.305,-9.172,-0.691,0.000,0.000,0.000,-222360
19.436153584,1117195089,3.305,-9.172,-0.691,0.000,0.000,0.000,-222151
19.440533042,1117199309,3.305,-9.172,-0.691,0.000,0.000,0.000,-222024
19.445684417,1117204530,3.305,-9.172,-0.691,0.000,0.000,0.000,-222293
19.449847875,1117208751,3.266,-9.133,-0.656,0.000,0.000,0.000,-222554
19.452053834,1117210972,3.266,-9.133,-0.656,0.000,0.000,0.000,-222379
19.456317542,1117215193,3.266,-9.133,-0.656,0.000,0.000,0.000,-222514
19.460465167,1117219414,3.266,-9.133,-0.656,0.000,0.000,0.000,-221385
19.46771025,1117226635,3.266,-9.133,-0.656,0.000,0.000,0.000,-222376
19.472010167,1117230856,3.266,-9.133,-0.656,0.000,0.000,0.000,-223470
19.476100667,1117235077,3.266,-9.133,-0.656,0.000,0.000,0.000,-222354
19.480354875,1117239298,3.266,-9.133,-0.617,0.000,0.000,0.000,-221667
19.48357925,1117242519,3.266,-9.133,-0.617,0.000,0.000,0.000,-221755
19.489874792,1117248740,3.266,-9.133,-0.617,0.000,0.000,0.000,-222819
19.494133042,1117252961,3.266,-9.133,-0.617,0.000,0.000,0.000,-222420
19.497468167,1117256182,3.266,-9.133,-0.617,0.000,0.000,0.000,-222236
19.501867917,1117260403,3.266,-9.133,-0.617,0.000,0.000,0.000,-222299
19.505743084,1117264624,3.266,-9.133,-0.617,0.000,0.000,0.000,-222466
19.508854792,1117267845,3.266,-9.137,-0.730,0.000,0.000,0.000,-222483
19.51110175,1117270066,3.266,-9.137,-0.730,0.000,0.000,0.000,-222315
19.515318334,1117274288,3.266,-9.137,-0.730,0.000,0.000,0.000,-222061
19.520560334,1117279509,3.266,-9.137,-0.730,0.000,0.000,0.000,-222772
19.525809709,1117284730,3.266,-9.137,-0.730,0.000,0.000,0.000,-222740
19.531280167,1117289951,3.266,-9.137,-0.730,0.000,0.000,0.000,-222539
19.535609459,1117294172,3.266,-9.137,-0.730,0.000,0.000,0.000,-222017
19.539138667,1117297393,3.305,-9.176,-0.617,0.000,0.000,0.000,-222467
19.540629875,1117299614,3.305,-9.176,-0.617,0.000,0.000,0.000,-222403
19.545907209,1117304835,3.305,-9.176,-0.617,0.000,0.000,0.000,-222588
19.550117792,1117309056,3.305,-9.176,-0.617,0.000,0.000,0.000,-222488
19.55539675,1117314277,3.305,-9.176,-0.617,0.000,0.000,0.000,-222280
19.559595334,1117318498,3.305,-9.176,-0.617,0.000,0.000,0.000,-221663
19.565102459,1117323719,3.305,-9.176,-0.617,0.000,0.000,0.000,-222816
19.569379375,1117327940,3.266,-9.137,-0.691,0.000,0.000,0.000,-222124
19.572432792,1117331161,3.266,-9.137,-0.691,0.000,0.000,0.000,-222119
19.577413,1117336382,3.266,-9.137,-0.691,0.000,0.000,0.000,-222420
19.581686084,1117340603,3.266,-9.137,-0.691,0.000,0.000,0.000,-222477
19.584932959,1117343824,3.266,-9.137,-0.691,0.000,0.000,0.000,-222167
19.590207084,1117349045,3.266,-9.137,-0.691,0.000,0.000,0.000,-221937
19.594642875,1117353266,3.266,-9.137,-0.691,0.000,0.000,0.000,-222283
19.597786834,1117356487,3.266,-9.137,-0.691,0.000,0.000,0.000,-222556
19.602023584,1117360708,3.266,-9.137,-0.691,0.000,0.000,0.000,-222012
19.606020959,1117364929,3.266,-9.137,-0.691,0.000,0.000,0.000,-222960
19.6101625,1117369150,3.266,-9.137,-0.730,0.000,0.000,0.000,-222230
19.613418084,1117372371,3.266,-9.137,-0.730,0.000,0.000,0.000,-222135
19.619709292,1117378592,3.266,-9.137,-0.730,0.000,0.000,0.000,-222210
19.623873459,1117382813,3.266,-9.137,-0.730,0.000,0.000,0.000,-222758
19.628107459,1117387034,3.266,-9.137,-0.730,0.000,0.000,0.000,-222828
19.632355125,1117391255,3.266,-9.137,-0.730,0.000,0.000,0.000,-221881
19.637576667,1117396476,3.266,-9.137,-0.730,0.000,0.000,0.000,-221891
19.640956417,1117399697,3.266,-9.176,-0.617,0.000,0.000,0.000,-222276
19.644054542,1117402918,3.266,-9.176,-0.617,0.000,0.000,0.000,-222597
19.650216209,1117409139,3.266,-9.176,-0.617,0.000,0.000,0.000,-222218
19.65552725,1117414360,3.266,-9.176,-0.617,0.000,0.000,0.000,-222884
19.65967975,1117418581,3.305,-9.137,-0.730,0.000,0.000,0.000,-222266
19.662894834,1117421802,3.305,-9.137,-0.730,0.000,0.000,0.000,-222242
19.669145709,1117428008,3.305,-9.137,-0.730,0.000,0.000,0.000,-222242
19.673299084,1117432228,3.305,-9.137,-0.730,0.000,0.000,0.000,-221530
19.678687167,1117437449,3.305,-9.137,-0.730,0.000,0.000,0.000,-223018
19.682895584,1117441670,3.305,-9.137,-0.730,0.000,0.000,0.000,-223097
19.686974667,1117445891,3.305,-9.137,-0.730,0.000,0.000,0.000,-222705
19.690369625,1117449112,3.305,-9.133,-0.656,0.000,0.000,0.000,-222578
19.692625917,1117451333,3.305,-9.133,-0.656,0.000,0.000,0.000,-222362
19.696872875,1117455554,3.305,-9.133,-0.656,0.000,0.000,0.000,-221878
19.701386375,1117459775,3.305,-9.133,-0.656,0.000,0.000,0.000,-223079
19.706389625,1117464996,3.305,-9.133,-0.656,0.000,0.000,0.000,-222211
19.710304292,1117469217,3.305,-9.133,-0.656,0.000,0.000,0.000,-222180
19.714515709,1117473438,3.305,-9.133,-0.656,0.000,0.000,0.000,-222282
19.717794,1117476661,3.305,-9.172,-0.691,0.000,0.000,0.000,-222470
19.7209875,1117479882,3.305,-9.172,-0.691,0.000,0.000,0.000,-221880
19.728478167,1117487103,3.305,-9.172,-0.691,0.000,0.000,0.000,-223240
19.733616667,1117492324,3.305,-9.172,-0.691,0.000,0.000,0.000,-223066
19.738118667,1117496545,3.305,-9.172,-0.691,0.000,0.000,0.000,-222098
19.742151167,1117500766,3.305,-9.172,-0.691,0.000,0.000,0.000,-222672
19.746039875,1117504987,3.305,-9.172,-0.691,0.000,0.000,0.000,-222734
19.750283084,1117509208,3.305,-9.137,-0.691,0.000,0.000,0.000,-222408
19.752611292,1117511429,3.305,-9.137,-0.691,0.000,0.000,0.000,-222979
19.757841667,1117516650,3.305,-9.137,-0.691,0.000,0.000,0.000,-222019
19.762186917,1117520871,3.305,-9.137,-0.691,0.000,0.000,0.000,-222058
19.766129292,1117525092,3.305,-9.137,-0.691,0.000,0.000,0.000,-223272
19.771500667,1117529313,3.305,-9.137,-0.691,0.000,0.000,0.000,-222165
19.774604375,1117533534,3.305,-9.133,-0.578,0.000,0.000,0.000,-222150
19.777802959,1117536755,3.305,-9.133,-0.578,0.000,0.000,0.000,-222421
19.783465,1117541976,3.305,-9.133,-0.578,0.000,0.000,0.000,-223234
19.78823,1117547197,3.305,-9.133,-0.578,0.000,0.000,0.000,-222069
19.792487292,1117551418,3.305,-9.133,-0.578,0.000,0.000,0.000,-221836
19.797750167,1117556639,3.305,-9.133,-0.578,0.000,0.000,0.000,-222485
19.802919584,1117561860,3.305,-9.133,-0.578,0.000,0.000,0.000,-222921
19.808524667,1117567083,3.266,-9.172,-0.730,0.000,0.000,0.000,-222213
19.810333417,1117569303,3.266,-9.172,-0.730,0.000,0.000,0.000,-222161
19.81555625,1117574524,3.266,-9.172,-0.730,0.000,0.000,0.000,-222314
19.81980575,1117578745,3.266,-9.172,-0.730,0.000,0.000,0.000,-222603
19.824995834,1117583966,3.266,-9.172,-0.730,0.000,0.000,0.000,-222610
19.829546542,1117588187,3.227,-9.172,-0.656,0.000,0.000,0.000,-222131
19.832477625,1117591408,3.227,-9.172,-0.656,0.000,0.000,0.000,-221890
19.8376985,1117596629,3.227,-9.172,-0.656,0.000,0.000,0.000,-222349
19.841981959,1117600850,3.227,-9.172,-0.656,0.000,0.000,0.000,-222681
19.846109917,1117605072,3.227,-9.172,-0.656,0.000,0.000,0.000,-221588
19.850352209,1117609292,3.227,-9.172,-0.656,0.000,0.000,0.000,-222782
19.853589792,1117612513,3.227,-9.172,-0.656,0.000,0.000,0.000,-222058
19.8578125,1117616734,3.266,-9.137,-0.691,0.000,0.000,0.000,-222582
19.8600145,1117618955,3.266,-9.137,-0.691,0.000,0.000,0.000,-222511
19.865238667,1117624176,3.266,-9.137,-0.691,0.000,0.000,0.000,-222781
19.869573625,1117628397,3.266,-9.137,-0.691,0.000,0.000,0.000,-222397
19.873746209,1117632618,3.266,-9.137,-0.691,0.000,0.000,0.000,-222254
19.877916625,1117636839,3.266,-9.137,-0.691,0.000,0.000,0.000,-222655
19.881171209,1117640062,3.266,-9.137,-0.691,0.000,0.000,0.000,-222645
19.886435834,1117645284,3.266,-9.098,-0.691,0.000,0.000,0.000,-221921
19.888592542,1117647505,3.266,-9.098,-0.691,0.000,0.000,0.000,-222682
19.892818917,1117651726,3.266,-9.098,-0.691,0.000,0.000,0.000,-222114
19.897068084,1117655947,3.266,-9.098,-0.691,0.000,0.000,0.000,-221793
19.901297417,1117660168,3.266,-9.098,-0.691,0.000,0.000,0.000,-222077
19.907494959,1117666389,3.266,-9.098,-0.691,0.000,0.000,0.000,-221976
19.910765375,1117669610,3.266,-9.098,-0.691,0.000,0.000,0.000,-222804
19.914918042,1117673831,3.227,-9.133,-0.691,0.000,0.000,0.000,-222515
19.917159917,1117676052,3.227,-9.133,-0.691,0.000,0.000,0.000,-221633
19.92135325,1117680273,3.227,-9.133,-0.691,0.000,0.000,0.000,-221728
19.926693834,1117685494,3.227,-9.133,-0.691,0.000,0.000,0.000,-222471
19.931028334,1117689715,3.227,-9.133,-0.691,0.000,0.000,0.000,-222361
19.936263875,1117694936,3.227,-9.133,-0.691,0.000,0.000,0.000,-222716
19.94051275,1117699157,3.227,-9.133,-0.691,0.000,0.000,0.000,-222897
19.945583167,1117704378,3.266,-9.137,-0.691,0.000,0.000,0.000,-222025
19.947681,1117706599,3.266,-9.137,-0.691,0.000,0.000,0.000,-221965
19.952022542,1117710820,3.266,-9.137,-0.691,0.000,0.000,0.000,-222578
19.95615125,1117715041,3.266,-9.137,-0.691,0.000,0.000,0.000,-222570
19.960438042,1117719262,3.266,-9.137,-0.691,0.000,0.000,0.000,-222743
19.965800125,1117724483,3.266,-9.137,-0.691,0.000,0.000,0.000,-222430
19.970057625,1117728704,3.266,-9.137,-0.691,0.000,0.000,0.000,-222386
19.97597125,1117734925,3.305,-9.133,-0.656,0.000,0.000,0.000,-222349
19.978223209,1117737146,3.305,-9.133,-0.656,0.000,0.000,0.000,-221322
19.98349275,1117742367,3.305,-9.133,-0.656,0.000,0.000,0.000,-223108
19.987724084,1117746588,3.305,-9.133,-0.656,0.000,0.000,0.000,-222317
19.990841167,1117749809,3.305,-9.133,-0.656,0.000,0.000,0.000,-222121
19.99507075,1117754030,3.305,-9.133,-0.656,0.000,0.000,0.000,-222049
19.999547167,1117758251,3.305,-9.133,-0.656,0.000,0.000,0.000,-222239
20.004653625,1117762472,3.266,-9.137,-0.730,0.000,0.000,0.000,-222154
20.007067542,1117764693,3.266,-9.137,-0.730,0.000,0.000,0.000,-222761
20.011035917,1117769914,3.266,-9.137,-0.730,0.000,0.000,0.000,-222105
20.015324,1117774135,3.266,-9.137,-0.730,0.000,0.000,0.000,-222258
20.018409667,1117777356,3.266,-9.137,-0.730,0.000,0.000,0.000,-222414
20.022632792,1117781577,3.266,-9.137,-0.730,0.000,0.000,0.000,-222449
20.026976625,1117785798,3.266,-9.137,-0.730,0.000,0.000,0.000,-222741
20.030046375,1117789019,3.305,-9.133,-0.656,0.000,0.000,0.000,-222237
20.032241959,1117791242,3.305,-9.133,-0.656,0.000,0.000,0.000,-222661
20.03657425,1117795463,3.305,-9.133,-0.656,0.000,0.000,0.000,-221876
20.040705292,1117799684,3.305,-9.133,-0.656,0.000,0.000,0.000,-223200
20.045954792,1117804905,3.305,-9.133,-0.656,0.000,0.000,0.000,-222682
20.050289959,1117809126,3.305,-9.133,-0.656,0.000,0.000,0.000,-222432
20.054436,1117813347,3.305,-9.133,-0.656,0.000,0.000,0.000,-222075
20.058604375,1117817568,3.266,-9.098,-0.691,0.000,0.000,0.000,-221712
20.060847959,1117819789,3.266,-9.098,-0.691,0.000,0.000,0.000,-221658
20.066101917,1117825010,3.266,-9.098,-0.691,0.000,0.000,0.000,-221971
20.070525209,1117829231,3.266,-9.098,-0.691,0.000,0.000,0.000,-221615
20.073990959,1117832452,3.266,-9.098,-0.691,0.000,0.000,0.000,-223363
20.077751375,1117836673,3.266,-9.098,-0.691,0.000,0.000,0.000,-220786
20.082058584,1117840894,3.266,-9.098,-0.691,0.000,0.000,0.000,-222766
20.087232542,1117846115,3.266,-9.094,-0.656,0.000,0.000,0.000,-222228
20.090525209,1117849336,3.266,-9.094,-0.656,0.000,0.000,0.000,-223366
20.095860959,1117854557,3.266,-9.094,-0.656,0.000,0.000,0.000,-222569
20.100070375,1117858778,3.266,-9.094,-0.656,0.000,0.000,0.000,-222643
20.105418917,1117863999,3.266,-9.094,-0.656,0.000,0.000,0.000,-222827
20.109342417,1117868220,3.266,-9.094,-0.656,0.000,0.000,0.000,-222474
20.113525167,1117872441,3.266,-9.094,-0.656,0.000,0.000,0.000,-221744
20.118789292,1117877662,3.266,-9.133,-0.656,0.000,0.000,0.000,-222547
20.121034375,1117879883,3.266,-9.133,-0.656,0.000,0.000,0.000,-222815
20.12642825,1117885104,3.266,-9.133,-0.656,0.000,0.000,0.000,-222127
20.13062075,1117889325,3.266,-9.133,-0.656,0.000,0.000,0.000,-221855
20.136507209,1117894546,3.266,-9.133,-0.656,0.000,0.000,0.000,-222097
20.139879042,1117898767,3.266,-9.133,-0.656,0.000,0.000,0.000,-222133
20.145045292,1117903988,3.266,-9.133,-0.656,0.000,0.000,0.000,-222437
20.149278584,1117908209,3.266,-9.137,-0.691,0.000,0.000,0.000,-223291
20.152488,1117911430,3.266,-9.137,-0.691,0.000,0.000,0.000,-222488
20.15778,1117916651,3.266,-9.137,-0.691,0.000,0.000,0.000,-221861
20.162005459,1117920872,3.266,-9.137,-0.691,0.000,0.000,0.000,-222830
20.166302625,1117925093,3.227,-9.094,-0.730,0.000,0.000,0.000,-222251
20.168604125,1117927314,3.227,-9.094,-0.730,0.000,0.000,0.000,-223043
20.173574875,1117932535,3.227,-9.094,-0.730,0.000,0.000,0.000,-222506
20.177907417,1117936756,3.227,-9.094,-0.730,0.000,0.000,0.000,-221685
20.181989125,1117940977,3.227,-9.094,-0.730,0.000,0.000,0.000,-222211
20.187223417,1117946198,3.227,-9.094,-0.730,0.000,0.000,0.000,-222345
20.191534792,1117950419,3.191,-9.133,-0.656,0.000,0.000,0.000,-222230
20.193804834,1117952640,3.191,-9.133,-0.656,0.000,0.000,0.000,-222440
20.198174792,1117956861,3.191,-9.133,-0.656,0.000,0.000,0.000,-221741
20.202545917,1117961082,3.191,-9.133,-0.656,0.000,0.000,0.000,-222932
20.207892125,1117966303,3.191,-9.133,-0.656,0.000,0.000,0.000,-222445
20.211678834,1117970524,3.191,-9.133,-0.656,0.000,0.000,0.000,-221737
20.215765084,1117974745,3.191,-9.133,-0.656,0.000,0.000,0.000,-222958
20.220027167,1117978951,3.227,-9.172,-0.656,0.000,0.000,0.000,-222958
20.223215042,1117982171,3.227,-9.172,-0.656,0.000,0.000,0.000,-223083
20.231556834,1117990392,3.227,-9.172,-0.656,0.000,0.000,0.000,-222058
20.235858959,1117994613,3.227,-9.172,-0.656,0.000,0.000,0.000,-222439
20.238923042,1117997834,3.227,-9.172,-0.656,0.000,0.000,0.000,-222613
20.2431575,1118002055,3.227,-9.172,-0.656,0.000,0.000,0.000,-222608
20.2486545,1118007277,3.227,-9.172,-0.656,0.000,0.000,0.000,-222666
20.251606875,1118010498,3.227,-9.133,-0.691,0.000,0.000,0.000,-221966
20.255807584,1118014719,3.227,-9.133,-0.691,0.000,0.000,0.000,-222144
20.260011625,1118018940,3.305,-9.137,-0.691,0.000,0.000,0.000,-222168
20.2662225,1118025161,3.305,-9.137,-0.691,0.000,0.000,0.000,-222499
20.27100275,1118029382,3.305,-9.137,-0.691,0.000,0.000,0.000,-221908
20.274560667,1118033603,3.305,-9.137,-0.691,0.000,0.000,0.000,-221608
20.279744459,1118038824,3.305,-9.137,-0.691,0.000,0.000,0.000,-221925
20.2841435,1118043045,3.305,-9.137,-0.691,0.000,0.000,0.000,-222367
20.288415459,1118047266,3.227,-9.133,-0.730,0.000,0.000,0.000,-222226
20.291515375,1118050487,3.227,-9.133,-0.730,0.000,0.000,0.000,-222492
20.296755625,1118055708,3.227,-9.133,-0.730,0.000,0.000,0.000,-222912
20.301177042,1118059929,3.227,-9.133,-0.730,0.000,0.000,0.000,-221974
20.306306459,1118065150,3.227,-9.133,-0.730,0.000,0.000,0.000,-222555
20.310506125,1118069371,3.227,-9.133,-0.730,0.000,0.000,0.000,-222521
20.314728375,1118073592,3.227,-9.133,-0.730,0.000,0.000,0.000,-222449
20.318973959,1118077813,3.266,-9.137,-0.691,0.000,0.000,0.000,-222127
20.321136334,1118080034,3.266,-9.137,-0.691,0.000,0.000,0.000,-222007
20.327363625,1118086255,3.266,-9.137,-0.691,0.000,0.000,0.000,-222518
20.331609292,1118090476,3.266,-9.137,-0.691,0.000,0.000,0.000,-221944
20.335852125,1118094697,3.266,-9.137,-0.691,0.000,0.000,0.000,-222173
20.3402255,1118098918,3.266,-9.137,-0.691,0.000,0.000,0.000,-222127
20.344298167,1118103140,3.266,-9.137,-0.691,0.000,0.000,0.000,-222992
20.3494855,1118108361,3.266,-9.137,-0.730,0.000,0.000,0.000,-222350
20.352790584,1118111582,3.266,-9.137,-0.730,0.000,0.000,0.000,-222248
20.359122584,1118117805,3.266,-9.137,-0.730,0.000,0.000,0.000,-222424
20.363643292,1118122010,3.266,-9.137,-0.730,0.000,0.000,0.000,-222424
20.367545584,1118126230,3.266,-9.137,-0.730,0.000,0.000,0.000,-222351
20.371631,1118130451,3.266,-9.137,-0.730,0.000,0.000,0.000,-222301
20.376722459,1118135672,3.266,-9.137,-0.730,0.000,0.000,0.000,-222505
20.381019459,1118139893,3.227,-9.172,-0.656,0.000,0.000,0.000,-222115
20.384229292,1118143114,3.227,-9.172,-0.656,0.000,0.000,0.000,-222228
20.390603792,1118149335,3.227,-9.172,-0.656,0.000,0.000,0.000,-222648
20.394866334,1118153556,3.227,-9.172,-0.656,0.000,0.000,0.000,-222170
20.398434792,1118156777,3.227,-9.172,-0.656,0.000,0.000,0.000,-221559
20.4025405,1118160998,3.227,-9.172,-0.656,0.000,0.000,0.000,-222291
20.406275917,1118165219,3.227,-9.172,-0.656,0.000,0.000,0.000,-222804
20.410563375,1118169440,3.266,-9.133,-0.656,0.000,0.000,0.000,-222894
20.413711375,1118172661,3.266,-9.133,-0.656,0.000,0.000,0.000,-222019
20.418999125,1118177882,3.266,-9.133,-0.656,0.000,0.000,0.000,-222467
20.423184,1118182103,3.266,-9.133,-0.656,0.000,0.000,0.000,-223014
20.428446125,1118187324,3.266,-9.133,-0.656,0.000,0.000,0.000,-222060
20.432673334,1118191545,3.266,-9.133,-0.656,0.000,0.000,0.000,-222619
20.436977917,1118195766,3.266,-9.133,-0.656,0.000,0.000,0.000,-222227
20.441139542,1118199987,3.266,-9.098,-0.691,0.000,0.000,0.000,-222084
20.444279667,1118203208,3.266,-9.098,-0.691,0.000,0.000,0.000,-223082
20.449525875,1118208429,3.266,-9.098,-0.691,0.000,0.000,0.000,-223003
20.453806584,1118212650,3.266,-9.098,-0.691,0.000,0.000,0.000,-222618
20.457978,1118216871,3.266,-9.098,-0.691,0.000,0.000,0.000,-222309
20.462162334,1118221092,3.266,-9.098,-0.691,0.000,0.000,0.000,-222798
20.467357625,1118226313,3.266,-9.098,-0.691,0.000,0.000,0.000,-222562
20.471664042,1118230534,3.266,-9.137,-0.691,0.000,0.000,0.000,-222662
20.474201959,1118232755,3.266,-9.137,-0.691,0.000,0.000,0.000,-222909
20.481050167,1118239976,3.266,-9.137,-0.691,0.000,0.000,0.000,-221503
20.486314542,1118245197,3.266,-9.137,-0.691,0.000,0.000,0.000,-221838
20.490545792,1118249418,3.266,-9.137,-0.691,0.000,0.000,0.000,-222410
20.494999584,1118253639,3.266,-9.133,-0.656,0.000,0.000,0.000,-222344
20.498146459,1118256860,3.266,-9.133,-0.656,0.000,0.000,0.000,-222336
20.504159584,1118262081,3.266,-9.133,-0.656,0.000,0.000,0.000,-222114
20.508339084,1118267302,3.266,-9.133,-0.656,0.000,0.000,0.000,-222127
20.513653667,1118272523,3.266,-9.133,-0.656,0.000,0.000,0.000,-221927
20.51788925,1118276744,3.266,-9.133,-0.656,0.000,0.000,0.000,-221781
20.522160959,1118280965,3.266,-9.133,-0.656,0.000,0.000,0.000,-222605
20.525426167,1118284186,3.266,-9.133,-0.656,0.000,0.000,0.000,-222438
20.530717167,1118289407,3.266,-9.133,-0.656,0.000,0.000,0.000,-223145
20.534937917,1118293628,3.266,-9.133,-0.656,0.000,0.000,0.000,-222667
20.538910792,1118297849,3.266,-9.133,-0.656,0.000,0.000,0.000,-222417
20.54414825,1118303071,3.266,-9.133,-0.656,0.000,0.000,0.000,-222127
20.549476334,1118308291,3.266,-9.133,-0.656,0.000,0.000,0.000,-222548
20.553536209,1118312512,3.266,-9.133,-0.617,0.000,0.000,0.000,-222518
20.556813917,1118315733,3.266,-9.133,-0.617,0.000,0.000,0.000,-222424
20.562052584,1118320954,3.266,-9.133,-0.617,0.000,0.000,0.000,-221791
20.567251917,1118326175,3.266,-9.133,-0.617,0.000,0.000,0.000,-222452
20.571490375,1118330396,3.266,-9.133,-0.617,0.000,0.000,0.000,-222331
20.576713209,1118335617,3.266,-9.133,-0.617,0.000,0.000,0.000,-222566
20.581017084,1118339838,3.266,-9.133,-0.617,0.000,0.000,0.000,-222470
20.585145875,1118344059,3.227,-9.098,-0.770,0.000,0.000,0.000,-223045
20.58843925,1118347280,3.227,-9.098,-0.770,0.000,0.000,0.000,-222336
20.593699625,1118352501,3.227,-9.098,-0.770,0.000,0.000,0.000,-222036
20.598018792,1118356722,3.227,-9.098,-0.770,0.000,0.000,0.000,-222382
20.601298459,1118359943,3.227,-9.098,-0.770,0.000,0.000,0.000,-222214
20.607612084,1118365164,3.227,-9.098,-0.770,0.000,0.000,0.000,-222885
20.610408,1118369385,3.227,-9.133,-0.691,0.000,0.000,0.000,-222490
20.615704375,1118374606,3.227,-9.133,-0.691,0.000,0.000,0.000,-222101
20.619883834,1118378827,3.227,-9.133,-0.691,0.000,0.000,0.000,-222520
20.626134292,1118385048,3.227,-9.133,-0.691,0.000,0.000,0.000,-222789
20.6313825,1118390270,3.227,-9.133,-0.691,0.000,0.000,0.000,-222491
20.635613,1118394491,3.266,-9.172,-0.691,0.000,0.000,0.000,-223135
20.637825417,1118396712,3.266,-9.172,-0.691,0.000,0.000,0.000,-222773
20.644083834,1118402933,3.266,-9.172,-0.691,0.000,0.000,0.000,-222015
20.648317709,1118407154,3.266,-9.172,-0.691,0.000,0.000,0.000,-222507
20.652543334,1118411375,3.266,-9.172,-0.691,0.000,0.000,0.000,-222409
20.6567545,1118415596,3.266,-9.172,-0.691,0.000,0.000,0.000,-221831
20.661979167,1118420817,3.266,-9.172,-0.691,0.000,0.000,0.000,-221870
20.666240375,1118425038,3.266,-9.137,-0.691,0.000,0.000,0.000,-222238
20.6694435,1118428259,3.266,-9.137,-0.691,0.000,0.000,0.000,-222431
20.675533417,1118434480,3.266,-9.137,-0.691,0.000,0.000,0.000,-221939
20.679801709,1118438701,3.266,-9.137,-0.691,0.000,0.000,0.000,-222592
20.682986459,1118441922,3.266,-9.137,-0.691,0.000,0.000,0.000,-222600
20.688401334,1118447143,3.266,-9.137,-0.691,0.000,0.000,0.000,-222623
20.69247225,1118451364,3.266,-9.137,-0.691,0.000,0.000,0.000,-222456
20.696779667,1118455585,3.266,-9.094,-0.617,0.000,0.000,0.000,-222124
20.699098334,1118457806,3.266,-9.094,-0.617,0.000,0.000,0.000,-221394
20.703569625,1118462027,3.266,-9.094,-0.617,0.000,0.000,0.000,-221968
20.707511459,1118466248,3.266,-9.094,-0.617,0.000,0.000,0.000,-222229
20.710487125,1118469469,3.266,-9.094,-0.617,0.000,0.000,0.000,-222218
20.714764459,1118473690,3.266,-9.094,-0.617,0.000,0.000,0.000,-222097
20.719109292,1118477911,3.266,-9.094,-0.617,0.000,0.000,0.000,-221867
20.723566042,1118482132,3.266,-9.098,-0.730,0.000,0.000,0.000,-222877
20.726688084,1118485353,3.266,-9.098,-0.730,0.000,0.000,0.000,-222250
20.732897417,1118491574,3.266,-9.098,-0.730,0.000,0.000,0.000,-222425
20.739395584,1118497795,3.266,-9.098,-0.730,0.000,0.000,0.000,-222170
20.743049709,1118502016,3.266,-9.098,-0.730,0.000,0.000,0.000,-222146
20.748331792,1118507237,3.266,-9.098,-0.730,0.000,0.000,0.000,-222557
20.753593625,1118512458,3.266,-9.098,-0.730,0.000,0.000,0.000,-222798
20.758871917,1118517679,3.227,-9.137,-0.656,0.000,0.000,0.000,-221779
20.762224625,1118520900,3.227,-9.137,-0.656,0.000,0.000,0.000,-222635
20.768149042,1118527121,3.227,-9.137,-0.656,0.000,0.000,0.000,-222140
20.772419792,1118531342,3.227,-9.137,-0.656,0.000,0.000,0.000,-222196
20.775673542,1118534563,3.227,-9.137,-0.656,0.000,0.000,0.000,-221548
20.77985975,1118538784,3.227,-9.137,-0.656,0.000,0.000,0.000,-222352
20.7840975,1118543005,3.227,-9.137,-0.656,0.000,0.000,0.000,-222697
20.788344292,1118547227,3.227,-9.133,-0.730,0.000,0.000,0.000,-222292
20.790550667,1118549448,3.227,-9.133,-0.730,0.000,0.000,0.000,-222968
20.795801875,1118554669,3.227,-9.133,-0.730,0.000,0.000,0.000,-222374
20.799937125,1118558890,3.227,-9.133,-0.730,0.000,0.000,0.000,-222629
20.804893959,1118563111,3.227,-9.133,-0.730,0.000,0.000,0.000,-222650
20.809377417,1118568332,3.227,-9.133,-0.730,0.000,0.000,0.000,-222939
20.813614125,1118572553,3.227,-9.133,-0.730,0.000,0.000,0.000,-222369
20.817844917,1118576774,3.227,-9.133,-0.691,0.000,0.000,0.000,-222717
20.821089292,1118579995,3.227,-9.133,-0.691,0.000,0.000,0.000,-221905
20.827293167,1118586216,3.227,-9.133,-0.691,0.000,0.000,0.000,-222621
20.831493667,1118590437,3.227,-9.133,-0.691,0.000,0.000,0.000,-222173
20.836730334,1118595658,3.227,-9.133,-0.691,0.000,0.000,0.000,-222159
20.840977042,1118599879,3.227,-9.133,-0.691,0.000,0.000,0.000,-221685
20.846200834,1118605100,3.227,-9.133,-0.691,0.000,0.000,0.000,-222146
20.849427,1118608322,3.305,-9.133,-0.656,0.000,0.000,0.000,-223240
20.854627292,1118613542,3.305,-9.133,-0.656,0.000,0.000,0.000,-221850
20.85888825,1118617763,3.305,-9.133,-0.656,0.000,0.000,0.000,-222050
20.863121709,1118621984,3.305,-9.133,-0.656,0.000,0.000,0.000,-221849
20.867277292,1118626205,3.305,-9.133,-0.656,0.000,0.000,0.000,-222913
20.87146925,1118629426,3.266,-9.098,-0.730,0.000,0.000,0.000,-222218
20.874286417,1118632647,3.266,-9.098,-0.730,0.000,0.000,0.000,-222951
20.878966084,1118637868,3.266,-9.098,-0.730,0.000,0.000,0.000,-221947
20.883170625,1118642089,3.266,-9.098,-0.730,0.000,0.000,0.000,-221880
20.888560375,1118647310,3.266,-9.098,-0.730,0.000,0.000,0.000,-222659
20.892890167,1118651531,3.266,-9.098,-0.730,0.000,0.000,0.000,-222411
20.897106584,1118655752,3.266,-9.098,-0.730,0.000,0.000,0.000,-221754
20.902274584,1118660973,3.266,-9.133,-0.617,0.000,0.000,0.000,-222131
20.905952792,1118664194,3.266,-9.133,-0.617,0.000,0.000,0.000,-221860
20.911507959,1118670415,3.266,-9.133,-0.617,0.000,0.000,0.000,-221495
20.915695709,1118674636,3.266,-9.133,-0.617,0.000,0.000,0.000,-222847
20.920037459,1118678857,3.266,-9.133,-0.617,0.000,0.000,0.000,-221492
20.924274917,1118683078,3.266,-9.133,-0.617,0.000,0.000,0.000,-221498
20.929627625,1118688299,3.266,-9.133,-0.617,0.000,0.000,0.000,-222323
20.933830292,1118692520,3.266,-9.094,-0.656,0.000,0.000,0.000,-222483
20.937207625,1118695741,3.266,-9.094,-0.656,0.000,0.000,0.000,-221811
20.942284667,1118700962,3.266,-9.094,-0.656,0.000,0.000,0.000,-222004
20.948288,1118707183,3.266,-9.094,-0.656,0.000,0.000,0.000,-222235
20.952528792,1118711404,3.266,-9.094,-0.656,0.000,0.000,0.000,-222850
20.956845459,1118715625,3.266,-9.094,-0.656,0.000,0.000,0.000,-222670
20.961206417,1118719846,3.266,-9.094,-0.656,0.000,0.000,0.000,-222007
20.966429,1118725068,3.266,-9.133,-0.770,0.000,0.000,0.000,-222805
20.968369709,1118727288,3.266,-9.133,-0.770,0.000,0.000,0.000,-222968
20.972583417,1118731509,3.266,-9.133,-0.770,0.000,0.000,0.000,-222662
20.976809042,1118735730,3.266,-9.133,-0.770,0.000,0.000,0.000,-222350
20.981129834,1118739951,3.266,-9.133,-0.770,0.000,0.000,0.000,-221804
20.988323875,1118747172,3.266,-9.133,-0.770,0.000,0.000,0.000,-221942
20.993527709,1118752393,3.266,-9.133,-0.770,0.000,0.000,0.000,-221886
20.998782709,1118757614,3.344,-9.172,-0.617,0.000,0.000,0.000,-222744
21.00256675,1118760835,3.344,-9.172,-0.617,0.000,0.000,0.000,-222078
21.008266625,1118767056,3.344,-9.172,-0.617,0.000,0.000,0.000,-222182
21.01233775,1118771277,3.344,-9.172,-0.617,0.000,0.000,0.000,-222286
21.016619167,1118775498,3.344,-9.172,-0.617,0.000,0.000,0.000,-222295
21.021808375,1118780719,3.344,-9.172,-0.617,0.000,0.000,0.000,-222201
21.02705025,1118785940,3.344,-9.172,-0.617,0.000,0.000,0.000,-222280
21.031267042,1118790161,3.266,-9.137,-0.691,0.000,0.000,0.000,-222784
21.033468875,1118792382,3.266,-9.137,-0.691,0.000,0.000,0.000,-222400
21.038706875,1118797603,3.266,-9.137,-0.691,0.000,0.000,0.000,-221787
21.043208875,1118801809,3.266,-9.137,-0.691,0.000,0.000,0.000,-221787
21.048289792,1118807029,3.266,-9.137,-0.691,0.000,0.000,0.000,-221814
21.052340667,1118811251,3.266,-9.137,-0.691,0.000,0.000,0.000,-222671
21.056544625,1118815472,3.266,-9.137,-0.691,0.000,0.000,0.000,-223336
21.060059792,1118818693,3.266,-9.176,-0.656,0.000,0.000,0.000,-222942
21.065090167,1118823914,3.266,-9.176,-0.656,0.000,0.000,0.000,-222653
21.069460875,1118828135,3.266,-9.176,-0.656,0.000,0.000,0.000,-222799
21.073612542,1118832356,3.266,-9.176,-0.656,0.000,0.000,0.000,-222055
21.077660334,1118836577,3.266,-9.176,-0.656,0.000,0.000,0.000,-222441
21.081890292,1118840798,3.266,-9.176,-0.656,0.000,0.000,0.000,-221987
21.087380584,1118846019,3.227,-9.137,-0.617,0.000,0.000,0.000,-222965
21.0905475,1118849240,3.227,-9.137,-0.617,0.000,0.000,0.000,-222950
21.095774917,1118854461,3.227,-9.137,-0.617,0.000,0.000,0.000,-222174
21.099994542,1118858682,3.227,-9.137,-0.617,0.000,0.000,0.000,-222460
21.105288,1118863903,3.227,-9.137,-0.617,0.000,0.000,0.000,-221796
21.10923425,1118868124,3.227,-9.137,-0.617,0.000,0.000,0.000,-222400
21.114449667,1118873345,3.227,-9.137,-0.617,0.000,0.000,0.000,-222854
21.118691125,1118877566,3.305,-9.137,-0.691,0.000,0.000,0.000,-222521
21.121998542,1118880787,3.305,-9.137,-0.691,0.000,0.000,0.000,-222249
21.12885,1118887008,3.305,-9.137,-0.691,0.000,0.000,0.000,-221560
21.132530042,1118891229,3.305,-9.137,-0.691,0.000,0.000,0.000,-222293
21.1370865,1118895450,3.305,-9.137,-0.691,0.000,0.000,0.000,-222631
21.141797334,1118900671,3.305,-9.137,-0.691,0.000,0.000,0.000,-221435
21.146991334,1118905892,3.305,-9.137,-0.691,0.000,0.000,0.000,-222029
21.151242917,1118910113,3.266,-9.176,-0.656,0.000,0.000,0.000,-222932
21.153515875,1118912334,3.266,-9.176,-0.656,0.000,0.000,0.000,-223090
21.157754792,1118916555,3.266,-9.176,-0.656,0.000,0.000,0.000,-222411
21.162134917,1118920776,3.266,-9.176,-0.656,0.000,0.000,0.000,-221460
21.167306292,1118925998,3.266,-9.176,-0.656,0.000,0.000,0.000,-222975
21.172073084,1118930219,3.266,-9.176,-0.656,0.000,0.000,0.000,-222462
21.175466959,1118934440,3.266,-9.176,-0.656,0.000,0.000,0.000,-222500
21.179759417,1118938661,3.305,-9.094,-0.656,0.000,0.000,0.000,-222088
21.183044917,1118941882,3.305,-9.094,-0.656,0.000,0.000,0.000,-221837
21.189219,1118948103,3.305,-9.094,-0.656,0.000,0.000,0.000,-222429
21.193420584,1118952324,3.305,-9.094,-0.656,0.000,0.000,0.000,-222288
21.197863875,1118956545,3.305,-9.094,-0.656,0.000,0.000,0.000,-222234
21.203082917,1118961766,3.305,-9.094,-0.656,0.000,0.000,0.000,-222151
21.207080167,1118965987,3.305,-9.094,-0.656,0.000,0.000,0.000,-222074
21.211338667,1118970208,3.227,-9.133,-0.691,0.000,0.000,0.000,-222090
21.214495792,1118973429,3.227,-9.133,-0.691,0.000,0.000,0.000,-221863
21.219771375,1118978650,3.227,-9.133,-0.691,0.000,0.000,0.000,-222749
21.224022459,1118982871,3.227,-9.133,-0.691,0.000,0.000,0.000,-221933
21.228188625,1118987092,3.227,-9.133,-0.691,0.000,0.000,0.000,-222615
21.232449667,1118991313,3.227,-9.133,-0.691,0.000,0.000,0.000,-222584
21.238652459,1118997534,3.227,-9.133,-0.691,0.000,0.000,0.000,-222388
21.241815542,1119000755,3.227,-9.133,-0.691,0.000,0.000,0.000,-221669
21.2451365,1119003976,3.227,-9.133,-0.691,0.000,0.000,0.000,-223351
21.25028875,1119009197,3.227,-9.133,-0.691,0.000,0.000,0.000,-222209
21.254506875,1119013418,3.227,-9.133,-0.691,0.000,0.000,0.000,-221982
21.25982575,1119018639,3.227,-9.133,-0.691,0.000,0.000,0.000,-222100
21.264041042,1119022860,3.227,-9.133,-0.691,0.000,0.000,0.000,-221915
21.269486125,1119028081,3.227,-9.133,-0.691,0.000,0.000,0.000,-222815
21.272412042,1119031302,3.305,-9.133,-0.656,0.000,0.000,0.000,-222499
21.276629709,1119035523,3.305,-9.133,-0.656,0.000,0.000,0.000,-222711
21.279826709,1119038744,3.227,-9.137,-0.656,0.000,0.000,0.000,-221618
21.284033667,1119042965,3.227,-9.137,-0.656,0.000,0.000,0.000,-223373
21.289311292,1119048186,3.227,-9.137,-0.656,0.000,0.000,0.000,-222770
21.293489542,1119052408,3.227,-9.137,-0.656,0.000,0.000,0.000,-221509
21.297699625,1119056628,3.227,-9.137,-0.656,0.000,0.000,0.000,-222682
21.301824,1119060849,3.227,-9.137,-0.656,0.000,0.000,0.000,-222734
21.307321125,1119066070,3.266,-9.137,-0.730,0.000,0.000,0.000,-222277
21.310333417,1119069291,3.266,-9.137,-0.730,0.000,0.000,0.000,-223260
21.315763667,1119074512,3.266,-9.137,-0.730,0.000,0.000,0.000,-221959
21.318679834,1119077733,3.266,-9.137,-0.730,0.000,0.000,0.000,-221972
21.323041084,1119081954,3.266,-9.137,-0.730,0.000,0.000,0.000,-222016
21.328294167,1119087175,3.266,-9.137,-0.730,0.000,0.000,0.000,-222146
21.332528625,1119091396,3.266,-9.137,-0.730,0.000,0.000,0.000,-221836
21.335810959,1119094617,3.266,-9.137,-0.691,0.000,0.000,0.000,-222396
21.337982167,1119096838,3.266,-9.137,-0.691,0.000,0.000,0.000,-222967
21.342135167,1119101061,3.266,-9.137,-0.691,0.000,0.000,0.000,-222072
21.34629175,1119105281,3.266,-9.137,-0.691,0.000,0.000,0.000,-222187
21.350580875,1119109502,3.266,-9.137,-0.691,0.000,0.000,0.000,-223320
21.354885334,1119113723,3.266,-9.137,-0.691,0.000,0.000,0.000,-222709
21.359047667,1119117944,3.266,-9.137,-0.691,0.000,0.000,0.000,-221896
21.362265167,1119121165,3.266,-9.133,-0.656,0.000,0.000,0.000,-222697
21.365514959,1119124386,3.266,-9.133,-0.656,0.000,0.000,0.000,-222730
21.371775084,1119130607,3.266,-9.133,-0.656,0.000,0.000,0.000,-222816
21.375875292,1119134828,3.266,-9.133,-0.656,0.000,0.000,0.000,-221749
21.380115084,1119139049,3.266,-9.133,-0.656,0.000,0.000,0.000,-222459
21.3854175,1119144270,3.266,-9.133,-0.656,0.000,0.000,0.000,-221918
21.390762292,1119149491,3.266,-9.133,-0.656,0.000,0.000,0.000,-222810
21.393899625,1119152712,3.266,-9.172,-0.691,0.000,0.000,0.000,-222822
21.397312542,1119155918,3.266,-9.172,-0.691,0.000,0.000,0.000,-222822
21.402621375,1119161138,3.266,-9.172,-0.691,0.000,0.000,0.000,-221885
21.407450625,1119166359,3.266,-9.172,-0.691,0.000,0.000,0.000,-222250
21.411626834,1119170580,3.266,-9.172,-0.691,0.000,0.000,0.000,-222346
21.416773834,1119175801,3.266,-9.172,-0.691,0.000,0.000,0.000,-221846
21.42112425,1119180022,3.266,-9.172,-0.691,0.000,0.000,0.000,-222114
21.426311459,1119185243,3.266,-9.137,-0.691,0.000,0.000,0.000,-222089
21.428536542,1119187464,3.266,-9.137,-0.691,0.000,0.000,0.000,-222422
21.434799917,1119193685,3.266,-9.137,-0.691,0.000,0.000,0.000,-222121
21.439,1119197906,3.266,-9.137,-0.691,0.000,0.000,0.000,-222429
21.443462792,1119202127,3.266,-9.137,-0.691,0.000,0.000,0.000,-221982
21.448455209,1119207348,3.266,-9.137,-0.691,0.000,0.000,0.000,-221863
21.452668167,1119211569,3.266,-9.137,-0.691,0.000,0.000,0.000,-222185
21.456897292,1119215790,3.266,-9.176,-0.656,0.000,0.000,0.000,-222270
21.460072625,1119219011,3.266,-9.176,-0.656,0.000,0.000,0.000,-221878
21.466506125,1119225232,3.266,-9.176,-0.656,0.000,0.000,0.000,-223204
21.4715835,1119229453,3.266,-9.176,-0.656,0.000,0.000,0.000,-222368
21.474801334,1119233674,3.266,-9.176,-0.656,0.000,0.000,0.000,-222074
21.478964292,1119237895,3.266,-9.176,-0.656,0.000,0.000,0.000,-222371
21.482130375,1119241116,3.266,-9.176,-0.656,0.000,0.000,0.000,-222138
21.487427042,1119246337,3.266,-9.133,-0.656,0.000,0.000,0.000,-222566
21.489769542,1119248558,3.266,-9.133,-0.656,0.000,0.000,0.000,-222923
21.493964959,1119252779,3.266,-9.133,-0.656,0.000,0.000,0.000,-222545
21.500326042,1119259000,3.266,-9.133,-0.656,0.000,0.000,0.000,-222055
21.505588917,1119263222,3.266,-9.133,-0.656,0.000,0.000,0.000,-221093
21.509493334,1119268443,3.266,-9.133,-0.656,0.000,0.000,0.000,-222236
21.513785292,1119272664,3.266,-9.133,-0.656,0.000,0.000,0.000,-222464
21.518014584,1119276885,3.266,-9.055,-0.730,0.000,0.000,0.000,-222517
21.521207792,1119280106,3.266,-9.055,-0.730,0.000,0.000,0.000,-222349
21.527496875,1119286327,3.266,-9.055,-0.730,0.000,0.000,0.000,-223129
21.531989834,1119290548,3.266,-9.055,-0.730,0.000,0.000,0.000,-222441
21.53649725,1119294769,3.266,-9.055,-0.730,0.000,0.000,0.000,-222473
21.540053292,1119298975,3.266,-9.055,-0.730,0.000,0.000,0.000,-222473
21.545252625,1119304195,3.266,-9.055,-0.730,0.000,0.000,0.000,-222632
21.548468875,1119307416,3.266,-9.137,-0.730,0.000,0.000,0.000,-221791
21.550744792,1119309637,3.266,-9.137,-0.730,0.000,0.000,0.000,-222646
21.555017459,1119313858,3.266,-9.137,-0.730,0.000,0.000,0.000,-222543
21.559539459,1119318079,3.266,-9.137,-0.730,0.000,0.000,0.000,-221714
21.563530584,1119322300,3.266,-9.137,-0.730,0.000,0.000,0.000,-222553
21.568972167,1119327521,3.266,-9.137,-0.730,0.000,0.000,0.000,-222864
21.572837334,1119331742,3.266,-9.137,-0.730,0.000,0.000,0.000,-222672
21.577048917,1119335963,3.266,-9.176,-0.617,0.000,0.000,0.000,-222117
21.579288459,1119338184,3.266,-9.176,-0.617,0.000,0.000,0.000,-222095
21.584524167,1119343405,3.266,-9.176,-0.617,0.000,0.000,0.000,-222762
21.588844125,1119347626,3.266,-9.176,-0.617,0.000,0.000,0.000,-222504
21.592040042,1119350847,3.266,-9.176,-0.617,0.000,0.000,0.000,-221933
21.596404709,1119355068,3.266,-9.176,-0.617,0.000,0.000,0.000,-221723
21.6005965,1119359289,3.266,-9.176,-0.617,0.000,0.000,0.000,-222667
21.604608917,1119363510,3.305,-9.137,-0.691,0.000,0.000,0.000,-222274
21.607097292,1119365731,3.305,-9.137,-0.691,0.000,0.000,0.000,-222838
21.612075667,1119370952,3.305,-9.137,-0.691,0.000,0.000,0.000,-222865
21.616295334,1119375173,3.305,-9.137,-0.691,0.000,0.000,0.000,-222403
21.619488375,1119378394,3.305,-9.137,-0.691,0.000,0.000,0.000,-222631
21.623693625,1119382615,3.305,-9.137,-0.691,0.000,0.000,0.000,-222614
21.627923,1119386836,3.305,-9.137,-0.691,0.000,0.000,0.000,-221798
21.631210084,1119390058,3.227,-9.137,-0.656,0.000,0.000,0.000,-222488
21.633357334,1119392279,3.227,-9.137,-0.656,0.000,0.000,0.000,-223001
21.6375845,1119396500,3.227,-9.137,-0.656,0.000,0.000,0.000,-222340
21.642046834,1119400721,3.227,-9.137,-0.656,0.000,0.000,0.000,-221736
21.647035584,1119405942,3.227,-9.137,-0.656,0.000,0.000,0.000,-222116
21.651255375,1119410163,3.227,-9.137,-0.656,0.000,0.000,0.000,-223184
21.655500792,1119414384,3.227,-9.137,-0.656,0.000,0.000,0.000,-222819
21.659764084,1119418605,3.266,-9.133,-0.656,0.000,0.000,0.000,-222035
21.661844375,1119420826,3.266,-9.133,-0.656,0.000,0.000,0.000,-222305
21.667137875,1119426047,3.266,-9.133,-0.656,0.000,0.000,0.000,-222875
21.671766125,1119430268,3.266,-9.133,-0.656,0.000,0.000,0.000,-222572
21.674675792,1119433489,3.266,-9.133,-0.656,0.000,0.000,0.000,-222551
21.678797125,1119437710,3.266,-9.133,-0.656,0.000,0.000,0.000,-222159
21.683051542,1119441931,3.266,-9.133,-0.656,0.000,0.000,0.000,-222077
21.688209584,1119447154,3.266,-9.133,-0.617,0.000,0.000,0.000,-222235
21.69149375,1119450374,3.266,-9.133,-0.617,0.000,0.000,0.000,-222094
21.696797459,1119455595,3.266,-9.133,-0.617,0.000,0.000,0.000,-222652
21.7011385,1119459816,3.266,-9.133,-0.617,0.000,0.000,0.000,-222592
21.706250959,1119465037,3.266,-9.133,-0.617,0.000,0.000,0.000,-222506
21.710362125,1119469259,3.266,-9.133,-0.617,0.000,0.000,0.000,-221813
21.714574292,1119473480,3.266,-9.133,-0.617,0.000,0.000,0.000,-222173
21.719873042,1119478701,3.266,-9.133,-0.617,0.000,0.000,0.000,-222305
21.722075,1119480922,3.266,-9.133,-0.617,0.000,0.000,0.000,-221982
21.727320209,1119486143,3.266,-9.133,-0.617,0.000,0.000,0.000,-221811
21.731765125,1119490364,3.266,-9.133,-0.617,0.000,0.000,0.000,-222836
21.736934042,1119495585,3.266,-9.133,-0.617,0.000,0.000,0.000,-222110
21.741253709,1119499806,3.266,-9.133,-0.617,0.000,0.000,0.000,-222016
21.74713475,1119506027,3.266,-9.133,-0.617,0.000,0.000,0.000,-222814
21.750384709,1119509248,3.266,-9.133,-0.770,0.000,0.000,0.000,-222383
21.75556475,1119514469,3.266,-9.133,-0.770,0.000,0.000,0.000,-222864
21.760029792,1119518690,3.266,-9.133,-0.770,0.000,0.000,0.000,-221202
21.76322375,1119521912,3.266,-9.133,-0.770,0.000,0.000,0.000,-222518
21.767186084,1119526133,3.266,-9.133,-0.770,0.000,0.000,0.000,-222225
21.771462125,1119530354,3.266,-9.137,-0.691,0.000,0.000,0.000,-222800
21.77468475,1119533575,3.266,-9.137,-0.691,0.000,0.000,0.000,-222786
21.7801555,1119538796,3.266,-9.137,-0.691,0.000,0.000,0.000,-222755
21.784988625,1119544017,3.266,-9.137,-0.691,0.000,0.000,0.000,-221872
21.789312292,1119548238,3.266,-9.137,-0.691,0.000,0.000,0.000,-222266
21.794569125,1119553459,3.266,-9.137,-0.691,0.000,0.000,0.000,-222177
21.799779292,1119558680,3.266,-9.137,-0.691,0.000,0.000,0.000,-222056
21.804050209,1119562901,3.227,-9.094,-0.691,0.000,0.000,0.000,-222209
21.807202167,1119566122,3.227,-9.094,-0.691,0.000,0.000,0.000,-222477
21.812419084,1119571343,3.227,-9.094,-0.691,0.000,0.000,0.000,-222666
21.816641584,1119575564,3.227,-9.094,-0.691,0.000,0.000,0.000,-221759
21.819856792,1119578785,3.227,-9.094,-0.691,0.000,0.000,0.000,-222588
21.824093792,1119583006,3.227,-9.094,-0.691,0.000,0.000,0.000,-222408
21.829300917,1119588227,3.227,-9.094,-0.691,0.000,0.000,0.000,-222392
21.832512875,1119591448,3.266,-9.098,-0.691,0.000,0.000,0.000,-222057
21.836752917,1119595669,3.266,-9.098,-0.691,0.000,0.000,0.000,-222053
21.8410295,1119599890,3.266,-9.098,-0.691,0.000,0.000,0.000,-221691
21.844219584,1119603111,3.266,-9.098,-0.691,0.000,0.000,0.000,-222043
21.849888,1119608332,3.266,-9.098,-0.691,0.000,0.000,0.000,-222870
21.854752459,1119613553,3.266,-9.098,-0.691,0.000,0.000,0.000,-223533
21.859871459,1119618774,3.305,-9.098,-0.730,0.000,0.000,0.000,-222132
21.863077584,1119621995,3.305,-9.098,-0.730,0.000,0.000,0.000,-222383
21.869305417,1119628217,3.305,-9.098,-0.730,0.000,0.000,0.000,-222632
21.8735325,1119632438,3.305,-9.098,-0.730,0.000,0.000,0.000,-222805
21.877740334,1119636659,3.305,-9.098,-0.730,0.000,0.000,0.000,-222129
21.881929709,1119640880,3.305,-9.098,-0.730,0.000,0.000,0.000,-222645
21.887127334,1119646101,3.305,-9.098,-0.730,0.000,0.000,0.000,-223249
21.891350084,1119650322,3.305,-9.098,-0.730,0.000,0.000,0.000,-222733
21.894533084,1119653543,3.305,-9.098,-0.730,0.000,0.000,0.000,-222203
21.899736125,1119658764,3.305,-9.098,-0.730,0.000,0.000,0.000,-222347
21.904967667,1119663985,3.305,-9.098,-0.730,0.000,0.000,0.000,-222756
21.90915575,1119668206,3.305,-9.098,-0.730,0.000,0.000,0.000,-222526
21.914377542,1119673427,3.305,-9.098,-0.730,0.000,0.000,0.000,-222390
21.919595417,1119678648,3.305,-9.098,-0.730,0.000,0.000,0.000,-221985
21.923816875,1119682869,3.305,-9.094,-0.656,0.000,0.000,0.000,-222255
21.933565209,1119686090,3.305,-9.094,-0.656,0.000,0.000,0.000,-221832
21.933639417,1119692311,3.305,-9.094,-0.656,0.000,0.000,0.000,-222013
21.937534084,1119696532,3.305,-9.094,-0.656,0.000,0.000,0.000,-221956
21.941661667,1119700753,3.305,-9.094,-0.656,0.000,0.000,0.000,-222062
21.94698375,1119705974,3.305,-9.094,-0.656,0.000,0.000,0.000,-222539
21.951145417,1119710195,3.305,-9.094,-0.656,0.000,0.000,0.000,-222263
21.955424917,1119714416,3.266,-9.133,-0.656,0.000,0.000,0.000,-222876
21.957632209,1119716637,3.266,-9.133,-0.656,0.000,0.000,0.000,-222405
21.967108292,1119720858,3.266,-9.133,-0.656,0.000,0.000,0.000,-222318
21.967207459,1119726079,3.266,-9.133,-0.656,0.000,0.000,0.000,-222382
21.970269,1119729300,3.266,-9.133,-0.656,0.000,0.000,0.000,-222529
21.974550375,1119733521,3.266,-9.133,-0.656,0.000,0.000,0.000,-223005
21.978754917,1119737742,3.266,-9.133,-0.656,0.000,0.000,0.000,-222817
21.982908875,1119741963,3.227,-9.172,-0.656,0.000,0.000,0.000,-221999
21.985198334,1119744184,3.227,-9.172,-0.656,0.000,0.000,0.000,-222898
21.991364209,1119750405,3.227,-9.172,-0.656,0.000,0.000,0.000,-221550
22.000497125,1119756626,3.227,-9.172,-0.656,0.000,0.000,0.000,-222378
22.001861709,1119760847,3.227,-9.172,-0.656,0.000,0.000,0.000,-222301
22.008053917,1119767068,3.227,-9.172,-0.656,0.000,0.000,0.000,-221902
22.012449959,1119771289,3.227,-9.172,-0.656,0.000,0.000,0.000,-222510
22.015521459,1119774510,3.266,-9.176,-0.656,0.000,0.000,0.000,-222431
22.0187495,1119777731,3.266,-9.176,-0.656,0.000,0.000,0.000,-222167
22.024898834,1119783952,3.266,-9.176,-0.656,0.000,0.000,0.000,-221946
22.0301775,1119789173,3.266,-9.176,-0.656,0.000,0.000,0.000,-222138
22.034405,1119793394,3.266,-9.176,-0.656,0.000,0.000,0.000,-222759
22.038619709,1119797615,3.266,-9.176,-0.656,0.000,0.000,0.000,-221639
22.042889375,1119801836,3.266,-9.176,-0.656,0.000,0.000,0.000,-221939
22.048114917,1119807057,3.266,-9.137,-0.691,0.000,0.000,0.000,-222403
22.05130225,1119810278,3.266,-9.137,-0.691,0.000,0.000,0.000,-222781
22.056515792,1119815499,3.266,-9.137,-0.691,0.000,0.000,0.000,-222204
22.060737084,1119819720,3.266,-9.137,-0.691,0.000,0.000,0.000,-221964
22.063918042,1119822941,3.266,-9.137,-0.691,0.000,0.000,0.000,-222454
22.069182625,1119828162,3.266,-9.137,-0.691,0.000,0.000,0.000,-222930
22.073462375,1119832383,3.266,-9.137,-0.691,0.000,0.000,0.000,-222627
22.077641875,1119836604,3.266,-9.137,-0.691,0.000,0.000,0.000,-222914
22.079845125,1119838825,3.266,-9.137,-0.691,0.000,0.000,0.000,-222234
22.084104042,1119843046,3.266,-9.137,-0.691,0.000,0.000,0.000,-222711
22.088303417,1119847267,3.266,-9.137,-0.691,0.000,0.000,0.000,-222372
22.091454542,1119850488,3.266,-9.137,-0.691,0.000,0.000,0.000,-222696
22.096683375,1119855709,3.266,-9.137,-0.691,0.000,0.000,0.000,-222190
22.101070334,1119859930,3.266,-9.137,-0.691,0.000,0.000,0.000,-222314
22.106195375,1119865151,3.266,-9.137,-0.691,0.000,0.000,0.000,-222333
22.108330917,1119867372,3.266,-9.137,-0.691,0.000,0.000,0.000,-221257
22.112629334,1119871593,3.266,-9.137,-0.691,0.000,0.000,0.000,-222353
22.116857375,1119875814,3.266,-9.137,-0.691,0.000,0.000,0.000,-222465
22.121067334,1119880036,3.266,-9.137,-0.691,0.000,0.000,0.000,-222140
22.12629,1119885256,3.266,-9.137,-0.691,0.000,0.000,0.000,-221557
22.133589292,1119889477,3.266,-9.137,-0.691,0.000,0.000,0.000,-222310
22.134696834,1119893698,3.266,-9.098,-0.730,0.000,0.000,0.000,-222531
22.137982667,1119896919,3.266,-9.098,-0.730,0.000,0.000,0.000,-222443
22.1431625,1119902140,3.266,-9.098,-0.730,0.000,0.000,0.000,-222044
22.148438042,1119907361,3.266,-9.098,-0.730,0.000,0.000,0.000,-222686
22.152627375,1119911582,3.266,-9.098,-0.730,0.000,0.000,0.000,-222648
22.15687125,1119915803,3.266,-9.098,-0.730,0.000,0.000,0.000,-222591
22.161077709,1119920024,3.266,-9.098,-0.730,0.000,0.000,0.000,-222220
22.166993875,1119925247,3.266,-9.094,-0.617,0.000,0.000,0.000,-222608
22.168521209,1119927468,3.266,-9.094,-0.617,0.000,0.000,0.000,-222064
22.172762959,1119931689,3.266,-9.094,-0.617,0.000,0.000,0.000,-222046
22.176984792,1119935910,3.266,-9.094,-0.617,0.000,0.000,0.000,-222917
22.180192792,1119939131,3.266,-9.094,-0.617,0.000,0.000,0.000,-223183
22.184411167,1119943352,3.266,-9.094,-0.617,0.000,0.000,0.000,-222883
22.188658625,1119947573,3.266,-9.137,-0.691,0.000,0.000,0.000,-222433
22.191879917,1119950794,3.266,-9.137,-0.691,0.000,0.000,0.000,-222010
22.198082625,1119957015,3.266,-9.137,-0.691,0.000,0.000,0.000,-222615
22.202308084,1119961236,3.266,-9.137,-0.691,0.000,0.000,0.000,-222474
22.207509709,1119966457,3.266,-9.137,-0.691,0.000,0.000,0.000,-222792
22.211730167,1119970663,3.266,-9.137,-0.691,0.000,0.000,0.000,-222792
22.216008709,1119974883,3.266,-9.137,-0.691,0.000,0.000,0.000,-221733
22.220189875,1119979104,3.344,-9.137,-0.656,0.000,0.000,0.000,-222828
22.222425375,1119981325,3.344,-9.137,-0.656,0.000,0.000,0.000,-222923
22.227628584,1119986546,3.344,-9.137,-0.656,0.000,0.000,0.000,-222171
22.231930709,1119990767,3.344,-9.137,-0.656,0.000,0.000,0.000,-222340
22.235231709,1119993988,3.344,-9.137,-0.656,0.000,0.000,0.000,-221811
22.239314584,1119998209,3.344,-9.137,-0.656,0.000,0.000,0.000,-222191
22.243554875,1120002430,3.344,-9.137,-0.656,0.000,0.000,0.000,-222560
22.247752334,1120006651,3.266,-9.137,-0.691,0.000,0.000,0.000,-222843
22.24999375,1120008872,3.266,-9.137,-0.691,0.000,0.000,0.000,-222496
22.257284292,1120016093,3.266,-9.137,-0.691,0.000,0.000,0.000,-222939
22.261401625,1120020314,3.266,-9.137,-0.691,0.000,0.000,0.000,-222378
22.265722334,1120024535,3.266,-9.137,-0.691,0.000,0.000,0.000,-222146
22.269893,1120028756,3.266,-9.137,-0.691,0.000,0.000,0.000,-222567
22.274052584,1120032977,3.266,-9.137,-0.691,0.000,0.000,0.000,-223212
22.279335084,1120038198,3.305,-9.137,-0.691,0.000,0.000,0.000,-222294
22.282525125,1120041419,3.305,-9.137,-0.691,0.000,0.000,0.000,-221792
22.288764917,1120047640,3.305,-9.137,-0.691,0.000,0.000,0.000,-222011
22.292920125,1120051861,3.305,-9.137,-0.691,0.000,0.000,0.000,-222725
22.2972435,1120056082,3.305,-9.137,-0.691,0.000,0.000,0.000,-222318
22.301411042,1120060303,3.305,-9.137,-0.691,0.000,0.000,0.000,-222657
22.306631417,1120065524,3.305,-9.137,-0.691,0.000,0.000,0.000,-222680
22.309840959,1120068745,3.266,-9.133,-0.656,0.000,0.000,0.000,-222341
22.312044084,1120070966,3.266,-9.133,-0.656,0.000,0.000,0.000,-221856
22.317278709,1120076187,3.266,-9.133,-0.656,0.000,0.000,0.000,-222895
22.321496417,1120080408,3.266,-9.133,-0.656,0.000,0.000,0.000,-222075
22.32775225,1120086629,3.266,-9.133,-0.656,0.000,0.000,0.000,-222299
22.331957084,1120090850,3.266,-9.133,-0.656,0.000,0.000,0.000,-222594
22.336089959,1120095071,3.266,-9.133,-0.656,0.000,0.000,0.000,-222462
22.339383542,1120098292,3.266,-9.098,-0.691,0.000,0.000,0.000,-222529
22.341545625,1120100513,3.266,-9.098,-0.691,0.000,0.000,0.000,-222241
22.347854167,1120106734,3.266,-9.098,-0.691,0.000,0.000,0.000,-221920
22.351996709,1120110955,3.266,-9.098,-0.691,0.000,0.000,0.000,-222193
22.355273042,1120114176,3.266,-9.098,-0.691,0.000,0.000,0.000,-223956
22.359471834,1120118397,3.266,-9.098,-0.691,0.000,0.000,0.000,-221922
22.363729542,1120122618,3.266,-9.098,-0.691,0.000,0.000,0.000,-222276
22.367934917,1120126839,3.227,-9.094,-0.691,0.000,0.000,0.000,-222162
22.370549875,1120129060,3.227,-9.094,-0.691,0.000,0.000,0.000,-223101
22.375394167,1120134281,3.227,-9.094,-0.691,0.000,0.000,0.000,-222670
22.37962825,1120138502,3.227,-9.094,-0.691,0.000,0.000,0.000,-222068
22.383128709,1120141723,3.227,-9.094,-0.691,0.000,0.000,0.000,-222167
22.388145292,1120146944,3.227,-9.094,-0.691,0.000,0.000,0.000,-222856
22.392223667,1120151165,3.227,-9.094,-0.691,0.000,0.000,0.000,-222071
22.395479584,1120154386,3.227,-9.176,-0.730,0.000,0.000,0.000,-222274
22.400744917,1120159607,3.227,-9.176,-0.730,0.000,0.000,0.000,-222087
22.404966584,1120163828,3.227,-9.176,-0.730,0.000,0.000,0.000,-222729
22.410149917,1120169049,3.227,-9.176,-0.730,0.000,0.000,0.000,-222394
22.414417042,1120173270,3.227,-9.176,-0.730,0.000,0.000,0.000,-223262
22.418700459,1120177491,3.227,-9.176,-0.730,0.000,0.000,0.000,-222512
22.422809209,1120181712,3.266,-9.098,-0.691,0.000,0.000,0.000,-222253
22.426090917,1120184933,3.266,-9.098,-0.691,0.000,0.000,0.000,-221781
22.43225325,1120191154,3.266,-9.098,-0.691,0.000,0.000,0.000,-222065
22.436486792,1120195375,3.266,-9.098,-0.691,0.000,0.000,0.000,-222217
22.439747625,1120198596,3.266,-9.098,-0.691,0.000,0.000,0.000,-222658
22.443878417,1120202817,3.266,-9.098,-0.691,0.000,0.000,0.000,-222044
22.448215584,1120207038,3.266,-9.098,-0.691,0.000,0.000,0.000,-222191
22.452371417,1120211259,3.305,-9.133,-0.656,0.000,0.000,0.000,-223207
22.455530667,1120214480,3.305,-9.133,-0.656,0.000,0.000,0.000,-222821
22.460806084,1120219701,3.305,-9.133,-0.656,0.000,0.000,0.000,-222296
22.466073042,1120224922,3.305,-9.133,-0.656,0.000,0.000,0.000,-222951
22.471039584,1120229143,3.305,-9.133,-0.656,0.000,0.000,0.000,-222048
22.475430042,1120234364,3.305,-9.133,-0.656,0.000,0.000,0.000,-223169
22.479682625,1120238585,3.305,-9.133,-0.656,0.000,0.000,0.000,-222321
22.483976625,1120242806,3.227,-9.094,-0.691,0.000,0.000,0.000,-222342
22.48717925,1120246027,3.227,-9.094,-0.691,0.000,0.000,0.000,-221846
22.493451584,1120252249,3.227,-9.094,-0.691,0.000,0.000,0.000,-222970
22.497805584,1120256470,3.227,-9.094,-0.691,0.000,0.000,0.000,-222707
22.503017792,1120261691,3.227,-9.094,-0.691,0.000,0.000,0.000,-222118
22.509981292,1120268912,3.227,-9.094,-0.691,0.000,0.000,0.000,-222011
22.514339875,1120273133,3.227,-9.094,-0.691,0.000,0.000,0.000,-222236
22.519501,1120278354,3.227,-9.094,-0.730,0.000,0.000,0.000,-222610
22.522995042,1120281575,3.227,-9.094,-0.730,0.000,0.000,0.000,-222798
22.529144959,1120287796,3.227,-9.094,-0.730,0.000,0.000,0.000,-222191
22.533315042,1120292017,3.227,-9.094,-0.730,0.000,0.000,0.000,-222981
22.538283667,1120296238,3.227,-9.094,-0.730,0.000,0.000,0.000,-222282
22.541480709,1120300459,3.227,-9.094,-0.730,0.000,0.000,0.000,-221950
22.546777625,1120305680,3.227,-9.094,-0.730,0.000,0.000,0.000,-222400
22.550000417,1120308901,3.266,-9.137,-0.691,0.000,0.000,0.000,-222066
22.553242167,1120312122,3.266,-9.137,-0.691,0.000,0.000,0.000,-222725
22.558441834,1120317343,3.266,-9.137,-0.691,0.000,0.000,0.000,-222278
22.562753917,1120321564,3.266,-9.137,-0.691,0.000,0.000,0.000,-222782
22.568097584,1120326785,3.266,-9.137,-0.691,0.000,0.000,0.000,-222533
22.572196042,1120331006,3.266,-9.137,-0.691,0.000,0.000,0.000,-221797
22.576279709,1120335227,3.266,-9.137,-0.691,0.000,0.000,0.000,-222171
22.579572875,1120338448,3.266,-9.137,-0.730,0.000,0.000,0.000,-222513
22.582757084,1120341669,3.266,-9.137,-0.730,0.000,0.000,0.000,-222105
22.587988334,1120346890,3.266,-9.137,-0.730,0.000,0.000,0.000,-222558
22.592694459,1120351111,3.266,-9.137,-0.730,0.000,0.000,0.000,-222569
22.595651959,1120354332,3.266,-9.137,-0.730,0.000,0.000,0.000,-221834
22.60088775,1120359553,3.266,-9.137,-0.730,0.000,0.000,0.000,-222285
22.606453917,1120364774,3.266,-9.137,-0.730,0.000,0.000,0.000,-222017
22.610032625,1120368995,3.266,-9.133,-0.617,0.000,0.000,0.000,-222342
22.612306917,1120371216,3.266,-9.133,-0.617,0.000,0.000,0.000,-222753
22.616551209,1120375437,3.266,-9.133,-0.617,0.000,0.000,0.000,-222417
22.621767667,1120380658,3.266,-9.133,-0.617,0.000,0.000,0.000,-222552
22.624969542,1120383879,3.266,-9.133,-0.617,0.000,0.000,0.000,-222448
22.630234917,1120389100,3.266,-9.133,-0.617,0.000,0.000,0.000,-222600
22.633363584,1120392321,3.266,-9.098,-0.691,0.000,0.000,0.000,-222994
22.640066542,1120397542,3.266,-9.098,-0.691,0.000,0.000,0.000,-222571
22.643305,1120401763,3.266,-9.098,-0.691,0.000,0.000,0.000,-223096
22.647099292,1120405984,3.266,-9.098,-0.691,0.000,0.000,0.000,-222583
22.651317792,1120410206,3.266,-9.098,-0.691,0.000,0.000,0.000,-222598
22.65559775,1120414428,3.266,-9.098,-0.691,0.000,0.000,0.000,-222965
22.659731334,1120418649,3.266,-9.133,-0.617,0.000,0.000,0.000,-222829
22.662136542,1120420870,3.266,-9.133,-0.617,0.000,0.000,0.000,-222280
22.666253125,1120425091,3.266,-9.133,-0.617,0.000,0.000,0.000,-222486
22.671388917,1120429312,3.266,-9.133,-0.617,0.000,0.000,0.000,-222906
22.674576,1120433533,3.266,-9.133,-0.617,0.000,0.000,0.000,-223057
22.678852709,1120437754,3.266,-9.133,-0.617,0.000,0.000,0.000,-221162
22.683164917,1120441975,3.266,-9.133,-0.617,0.000,0.000,0.000,-222269
22.688399292,1120447196,3.305,-9.137,-0.730,0.000,0.000,0.000,-222763
22.691548584,1120450417,3.305,-9.137,-0.730,0.000,0.000,0.000,-222906
22.697124084,1120455638,3.305,-9.137,-0.730,0.000,0.000,0.000,-221583
22.70118575,1120459859,3.305,-9.137,-0.730,0.000,0.000,0.000,-222598
22.70668275,1120465080,3.305,-9.137,-0.730,0.000,0.000,0.000,-223101
22.710358542,1120469301,3.305,-9.137,-0.730,0.000,0.000,0.000,-222501
22.715588084,1120474522,3.305,-9.137,-0.730,0.000,0.000,0.000,-222838
22.719952875,1120478743,3.266,-9.137,-0.691,0.000,0.000,0.000,-222894
22.723172584,1120481964,3.266,-9.137,-0.691,0.000,0.000,0.000,-222842
22.7294985,1120488185,3.266,-9.137,-0.691,0.000,0.000,0.000,-222665
22.733803542,1120492406,3.266,-9.137,-0.691,0.000,0.000,0.000,-222651
22.737966375,1120496627,3.266,-9.137,-0.691,0.000,0.000,0.000,-222831
22.742922584,1120501848,3.266,-9.137,-0.691,0.000,0.000,0.000,-222447
22.748235042,1120507069,3.266,-9.137,-0.691,0.000,0.000,0.000,-221659
22.752432375,1120511290,3.266,-9.176,-0.617,0.000,0.000,0.000,-222642
22.754601,1120513511,3.266,-9.176,-0.617,0.000,0.000,0.000,-222939
22.761053375,1120519732,3.266,-9.176,-0.617,0.000,0.000,0.000,-221660
22.765489334,1120523953,3.266,-9.176,-0.617,0.000,0.000,0.000,-222423
22.77092675,1120529176,3.266,-9.176,-0.617,0.000,0.000,0.000,-222499
22.774525292,1120533397,3.266,-9.176,-0.617,0.000,0.000,0.000,-222560
22.778746167,1120537618,3.266,-9.176,-0.617,0.000,0.000,0.000,-222328
22.782960542,1120541839,3.266,-9.172,-0.691,0.000,0.000,0.000,-222581
22.786166709,1120545060,3.266,-9.172,-0.691,0.000,0.000,0.000,-222056
22.792384792,1120551281,3.266,-9.172,-0.691,0.000,0.000,0.000,-221772
22.797677542,1120556502,3.266,-9.172,-0.691,0.000,0.000,0.000,-222302
22.8018,1120560723,3.266,-9.172,-0.691,0.000,0.000,0.000,-221976
22.807294167,1120565944,3.266,-9.172,-0.691,0.000,0.000,0.000,-222414
22.812262375,1120571165,3.266,-9.172,-0.691,0.000,0.000,0.000,-221656
22.816486167,1120575386,3.266,-9.172,-0.730,0.000,0.000,0.000,-222800
22.819688959,1120578607,3.266,-9.172,-0.730,0.000,0.000,0.000,-222986
22.825083625,1120583828,3.266,-9.172,-0.730,0.000,0.000,0.000,-222500
22.829133,1120588049,3.266,-9.172,-0.730,0.000,0.000,0.000,-222268
22.833363709,1120592270,3.266,-9.172,-0.730,0.000,0.000,0.000,-222671
22.837703792,1120596491,3.266,-9.172,-0.730,0.000,0.000,0.000,-222795
22.841875375,1120600712,3.266,-9.172,-0.730,0.000,0.000,0.000,-222301
22.847064,1120605933,3.266,-9.133,-0.617,0.000,0.000,0.000,-222155
22.850301042,1120609154,3.266,-9.133,-0.617,0.000,0.000,0.000,-223525
22.855478667,1120614375,3.266,-9.133,-0.617,0.000,0.000,0.000,-223233
22.859830875,1120618596,3.266,-9.133,-0.617,0.000,0.000,0.000,-221551
22.862874334,1120621817,3.266,-9.133,-0.617,0.000,0.000,0.000,-222480
22.86810925,1120627040,3.266,-9.133,-0.617,0.000,0.000,0.000,-223343
22.872369292,1120631260,3.266,-9.098,-0.691,0.000,0.000,0.000,-222880
22.87452075,1120633481,3.266,-9.098,-0.691,0.000,0.000,0.000,-222623
22.878798417,1120637702,3.266,-9.098,-0.691,0.000,0.000,0.000,-221395
22.883130084,1120641923,3.266,-9.098,-0.691,0.000,0.000,0.000,-222451
22.8882185,1120647144,3.266,-9.098,-0.691,0.000,0.000,0.000,-222609
22.892477792,1120651365,3.266,-9.098,-0.691,0.000,0.000,0.000,-222681
22.896730542,1120655586,3.266,-9.098,-0.691,0.000,0.000,0.000,-222221
22.899942709,1120658807,3.266,-9.137,-0.691,0.000,0.000,0.000,-222208
22.902257042,1120661029,3.266,-9.137,-0.691,0.000,0.000,0.000,-222614
22.907352667,1120666250,3.266,-9.137,-0.691,0.000,0.000,0.000,-222625
22.912622584,1120671471,3.266,-9.137,-0.691,0.000,0.000,0.000,-222626
22.916859334,1120675692,3.266,-9.098,-0.691,0.000,0.000,0.000,-222396
22.919051959,1120677913,3.266,-9.098,-0.691,0.000,0.000,0.000,-222708
22.923337792,1120682134,3.266,-9.098,-0.691,0.000,0.000,0.000,-222376
22.928692625,1120687355,3.266,-9.098,-0.691,0.000,0.000,0.000,-223008
22.932971,1120691576,3.266,-9.098,-0.691,0.000,0.000,0.000,-222481
22.937390709,1120695797,3.266,-9.098,-0.691,0.000,0.000,0.000,-222420
22.942106334,1120701020,3.266,-9.098,-0.691,0.000,0.000,0.000,-222528
22.94734425,1120706242,3.305,-9.133,-0.656,0.000,0.000,0.000,-223134
22.950579125,1120709463,3.305,-9.133,-0.656,0.000,0.000,0.000,-222775
22.955840959,1120714684,3.305,-9.133,-0.656,0.000,0.000,0.000,-222137
22.960053459,1120718905,3.305,-9.133,-0.656,0.000,0.000,0.000,-222429
22.963317959,1120722126,3.305,-9.133,-0.656,0.000,0.000,0.000,-221957
22.968810542,1120727347,3.305,-9.133,-0.656,0.000,0.000,0.000,-222560
22.972723125,1120731568,3.227,-9.133,-0.730,0.000,0.000,0.000,-222160
22.975068459,1120733789,3.227,-9.133,-0.730,0.000,0.000,0.000,-223070
22.980123292,1120739010,3.227,-9.133,-0.730,0.000,0.000,0.000,-222731
22.984391834,1120743231,3.227,-9.133,-0.730,0.000,0.000,0.000,-222075
22.989691125,1120748452,3.227,-9.133,-0.730,0.000,0.000,0.000,-221916
22.99502775,1120753673,3.227,-9.133,-0.730,0.000,0.000,0.000,-222702
23.0002215,1120758894,3.227,-9.133,-0.730,0.000,0.000,0.000,-221974
23.004555292,1120763115,3.266,-9.098,-0.691,0.000,0.000,0.000,-221970
23.007503459,1120766336,3.266,-9.098,-0.691,0.000,0.000,0.000,-223056
23.012689625,1120771557,3.266,-9.098,-0.691,0.000,0.000,0.000,-222616
23.018928625,1120777778,3.266,-9.098,-0.691,0.000,0.000,0.000,-222839
23.022414667,1120780999,3.266,-9.098,-0.691,0.000,0.000,0.000,-222760
23.027301875,1120786220,3.266,-9.098,-0.691,0.000,0.000,0.000,-222515
23.0326025,1120791441,3.266,-9.098,-0.691,0.000,0.000,0.000,-222107
23.03676075,1120795662,3.266,-9.172,-0.691,0.000,0.000,0.000,-221979
23.040511084,1120798883,3.266,-9.172,-0.691,0.000,0.000,0.000,-223275
23.045628417,1120804104,3.266,-9.172,-0.691,0.000,0.000,0.000,-222130
23.049411834,1120808325,3.266,-9.172,-0.691,0.000,0.000,0.000,-222642
23.053643375,1120812546,3.266,-9.172,-0.691,0.000,0.000,0.000,-222763
23.05791325,1120816767,3.266,-9.172,-0.691,0.000,0.000,0.000,-222101
23.063090625,1120821988,3.266,-9.172,-0.691,0.000,0.000,0.000,-222066
23.0685305,1120827209,3.266,-9.098,-0.730,0.000,0.000,0.000,-222340
23.0705205,1120829430,3.266,-9.098,-0.730,0.000,0.000,0.000,-223196
23.075724875,1120834651,3.266,-9.098,-0.730,0.000,0.000,0.000,-222566
23.080235334,1120838872,3.266,-9.098,-0.730,0.000,0.000,0.000,-221776
23.0831905,1120842093,3.266,-9.098,-0.730,0.000,0.000,0.000,-222054
23.088523792,1120847299,3.266,-9.098,-0.730,0.000,0.000,0.000,-222054
23.092868292,1120851519,3.305,-9.176,-0.656,0.000,0.000,0.000,-221927
23.09513275,1120853740,3.305,-9.176,-0.656,0.000,0.000,0.000,-222650
23.100322209,1120858962,3.305,-9.176,-0.656,0.000,0.000,0.000,-222926
23.104557042,1120863183,3.305,-9.176,-0.656,0.000,0.000,0.000,-222779
23.108835334,1120867404,3.305,-9.176,-0.656,0.000,0.000,0.000,-222705
23.112764584,1120871625,3.305,-9.176,-0.656,0.000,0.000,0.000,-222310
23.116963834,1120875846,3.305,-9.176,-0.656,0.000,0.000,0.000,-222463
23.121215375,1120880067,3.266,-9.098,-0.730,0.000,0.000,0.000,-222626
23.124520584,1120883288,3.266,-9.098,-0.730,0.000,0.000,0.000,-222657
23.130842209,1120889509,3.266,-9.098,-0.730,0.000,0.000,0.000,-222409
23.135258417,1120893730,3.266,-9.098,-0.730,0.000,0.000,0.000,-222163
23.138394542,1120896951,3.266,-9.098,-0.730,0.000,0.000,0.000,-221523
23.142220209,1120901172,3.266,-9.098,-0.730,0.000,0.000,0.000,-222037
23.147431334,1120906393,3.266,-9.098,-0.730,0.000,0.000,0.000,-222281
23.152733792,1120911614,3.227,-9.137,-0.656,0.000,0.000,0.000,-222657
23.156003584,1120914835,3.227,-9.137,-0.656,0.000,0.000,0.000,-222349
23.162293792,1120921056,3.227,-9.137,-0.656,0.000,0.000,0.000,-222018
23.166601,1120925277,3.227,-9.137,-0.656,0.000,0.000,0.000,-222145
23.170891167,1120929483,3.227,-9.137,-0.656,0.000,0.000,0.000,-222145
23.174855792,1120933703,3.227,-9.137,-0.656,0.000,0.000,0.000,-222543
23.180060625,1120938924,3.227,-9.137,-0.656,0.000,0.000,0.000,-221832
23.18326025,1120942145,3.266,-9.133,-0.617,0.000,0.000,0.000,-222168
23.186512917,1120945366,3.266,-9.133,-0.617,0.000,0.000,0.000,-222532
23.192809709,1120951587,3.266,-9.133,-0.617,0.000,0.000,0.000,-221789
23.198153709,1120956808,3.266,-9.133,-0.617,0.000,0.000,0.000,-221718
23.203877875,1120962029,3.266,-9.098,-0.691,0.000,0.000,0.000,-222656
23.206361542,1120965250,3.266,-9.098,-0.691,0.000,0.000,0.000,-223032
23.212593125,1120971471,3.266,-9.098,-0.691,0.000,0.000,0.000,-222257
23.217830542,1120976692,3.266,-9.098,-0.691,0.000,0.000,0.000,-222697
23.221216,1120979913,3.266,-9.098,-0.691,0.000,0.000,0.000,-221860
23.226228209,1120985134,3.266,-9.098,-0.691,0.000,0.000,0.000,-222503
23.231496459,1120990355,3.266,-9.098,-0.691,0.000,0.000,0.000,-221940
23.235859917,1120994576,3.266,-9.133,-0.578,0.000,0.000,0.000,-222434
23.237931084,1120996797,3.266,-9.133,-0.578,0.000,0.000,0.000,-223050
23.243170167,1121002019,3.266,-9.133,-0.578,0.000,0.000,0.000,-222397
23.248352375,1121007241,3.266,-9.133,-0.578,0.000,0.000,0.000,-222304
23.252585334,1121011461,3.266,-9.133,-0.578,0.000,0.000,0.000,-223262
23.257817375,1121016682,3.266,-9.133,-0.578,0.000,0.000,0.000,-222571
23.263106459,1121021903,3.266,-9.133,-0.578,0.000,0.000,0.000,-221870
23.270223417,1121029124,3.266,-9.133,-0.656,0.000,0.000,0.000,-222881
23.273492125,1121032345,3.266,-9.133,-0.656,0.000,0.000,0.000,-222814
23.278655709,1121037566,3.266,-9.133,-0.656,0.000,0.000,0.000,-221919
23.282921542,1121041787,3.266,-9.133,-0.656,0.000,0.000,0.000,-223084
23.288132917,1121047008,3.266,-9.133,-0.656,0.000,0.000,0.000,-222884
23.293323,1121052233,3.266,-9.133,-0.656,0.000,0.000,0.000,-222154
23.297579709,1121056454,3.266,-9.133,-0.656,0.000,0.000,0.000,-222089
23.301944125,1121060675,3.305,-9.094,-0.656,0.000,0.000,0.000,-222573
23.305194709,1121063896,3.305,-9.094,-0.656,0.000,0.000,0.000,-223021
23.311222917,1121070117,3.305,-9.094,-0.656,0.000,0.000,0.000,-221875
23.315729042,1121074338,3.305,-9.094,-0.656,0.000,0.000,0.000,-222786
23.319685542,1121078559,3.305,-9.094,-0.656,0.000,0.000,0.000,-221409
23.324131875,1121082780,3.305,-9.094,-0.656,0.000,0.000,0.000,-222435
23.329131125,1121088001,3.305,-9.094,-0.656,0.000,0.000,0.000,-222667
23.33331975,1121092222,3.266,-9.176,-0.617,0.000,0.000,0.000,-222789
23.336758667,1121095443,3.266,-9.176,-0.617,0.000,0.000,0.000,-222591
23.341743042,1121100664,3.266,-9.176,-0.617,0.000,0.000,0.000,-221862
23.346008209,1121104885,3.266,-9.176,-0.617,0.000,0.000,0.000,-222044
23.351147709,1121110091,3.266,-9.176,-0.617,0.000,0.000,0.000,-222044
23.355416084,1121114311,3.266,-9.176,-0.617,0.000,0.000,0.000,-222934
23.359093875,1121117532,3.266,-9.176,-0.617,0.000,0.000,0.000,-221998
23.36286725,1121121753,3.266,-9.137,-0.691,0.000,0.000,0.000,-222476
23.366081,1121124974,3.266,-9.137,-0.691,0.000,0.000,0.000,-222661
23.372322459,1121131196,3.266,-9.137,-0.691,0.000,0.000,0.000,-222181
23.376437084,1121135417,3.266,-9.137,-0.691,0.000,0.000,0.000,-222725
23.38073225,1121139638,3.266,-9.137,-0.691,0.000,0.000,0.000,-221790
23.385960792,1121144859,3.266,-9.137,-0.691,0.000,0.000,0.000,-223332
23.390261542,1121149080,3.266,-9.137,-0.691,0.000,0.000,0.000,-221773
23.394441834,1121153301,3.227,-9.137,-0.656,0.000,0.000,0.000,-222469
23.397627125,1121156522,3.227,-9.137,-0.656,0.000,0.000,0.000,-222058
23.402880042,1121161743,3.227,-9.137,-0.656,0.000,0.000,0.000,-222240
23.407110209,1121165964,3.227,-9.137,-0.656,0.000,0.000,0.000,-222325
23.411297917,1121170185,3.227,-9.137,-0.656,0.000,0.000,0.000,-222759
23.415423709,1121174406,3.227,-9.137,-0.656,0.000,0.000,0.000,-222723
23.419715959,1121178627,3.227,-9.137,-0.656,0.000,0.000,0.000,-223272
23.423966834,1121182848,3.266,-9.133,-0.656,0.000,0.000,0.000,-222502
23.42715525,1121186069,3.266,-9.133,-0.656,0.000,0.000,0.000,-222646
23.433385084,1121192275,3.266,-9.133,-0.656,0.000,0.000,0.000,-222646
23.437591667,1121196495,3.266,-9.133,-0.656,0.000,0.000,0.000,-222128
23.441924084,1121200716,3.266,-9.133,-0.656,-0.002,-0.002,0.006,-222271
23.447056959,1121205937,3.266,-9.133,-0.656,-0.004,-0.004,-0.006,-221913
23.451327167,1121210158,3.266,-9.133,-0.656,-0.004,-0.006,-0.002,-222511
23.455532875,1121214379,3.266,-9.094,-0.656,-0.004,-0.006,-0.002,-222490
23.458667292,1121217600,3.266,-9.094,-0.656,-0.006,-0.006,0.000,-222266
23.463961584,1121222821,3.266,-9.094,-0.656,-0.006,-0.004,-0.004,-222856
23.469189917,1121228042,3.266,-9.094,-0.656,-0.012,0.000,0.002,-222410
23.473560292,1121232263,3.266,-9.094,-0.656,0.000,0.004,-0.012,-222256
23.47856625,1121237484,3.266,-9.094,-0.656,-0.002,0.010,-0.012,-222569
23.482867667,1121241705,3.266,-9.094,-0.656,0.002,-0.008,0.008,-222885
23.487162625,1121245926,3.266,-9.137,-0.691,0.002,-0.008,0.008,-222657
23.489219917,1121248148,3.266,-9.137,-0.691,0.006,-0.004,-0.002,-222113
23.493471,1121252368,3.266,-9.137,-0.691,0.004,0.004,-0.010,-222496
23.498792167,1121257589,3.266,-9.137,-0.691,0.002,0.000,0.000,-222341
23.503348167,1121261810,3.266,-9.137,-0.691,-0.002,0.006,0.000,-222383
23.508486542,1121267032,3.266,-9.137,-0.691,0.000,-0.002,-0.006,-223216
23.512393792,1121271253,3.266,-9.137,-0.691,-0.004,-0.002,0.000,-222582
23.516707459,1121275474,3.227,-9.133,-0.691,-0.004,-0.002,0.000,-222274
23.519852042,1121278695,3.227,-9.133,-0.691,-0.004,-0.006,-0.002,-222940
23.526359709,1121284916,3.227,-9.133,-0.691,-0.004,0.002,0.006,-222379
23.530481917,1121289137,3.227,-9.133,-0.691,0.000,-0.008,-0.012,-222664
23.536091875,1121294358,3.227,-9.133,-0.691,0.000,0.000,-0.006,-222459
23.53972975,1121298579,3.227,-9.133,-0.691,0.008,-0.004,-0.002,-221881
23.543863959,1121302800,3.227,-9.133,-0.691,-0.004,0.012,0.002,-222125
23.548128167,1121307021,3.266,-9.137,-0.691,-0.004,0.012,0.002,-222476
23.550357917,1121309242,3.266,-9.137,-0.691,0.006,-0.006,-0.006,-222561
23.555712834,1121314463,3.266,-9.137,-0.691,-0.006,0.008,0.012,-222655
23.560067292,1121318684,3.266,-9.137,-0.691,0.016,-0.002,-0.004,-221973
23.563322917,1121321905,3.266,-9.137,-0.691,0.012,-0.004,-0.004,-222887
23.568455584,1121327126,3.266,-9.137,-0.691,0.004,0.000,0.008,-222417
23.572749584,1121331347,3.266,-9.137,-0.691,0.016,-0.002,-0.006,-222211
23.575629042,1121334568,3.305,-9.176,-0.617,0.016,-0.002,-0.006,-222643
23.580926709,1121339789,3.305,-9.176,-0.617,0.000,-0.004,0.006,-222793
23.585163084,1121344010,3.305,-9.176,-0.617,-0.008,0.006,0.008,-222286
23.590444042,1121349232,3.305,-9.176,-0.617,0.012,0.000,0.002,-222837
23.595815084,1121354453,3.305,-9.176,-0.617,-0.002,0.000,0.000,-222269
23.601019792,1121359674,3.266,-9.137,-0.691,-0.002,0.000,0.000,-222546
23.604349584,1121362895,3.266,-9.137,-0.691,0.006,-0.004,0.002,-222463
23.610234542,1121369116,3.266,-9.137,-0.691,-0.002,0.000,-0.012,-222765
23.614497917,1121373337,3.266,-9.137,-0.691,0.004,-0.004,0.006,-222664
23.618707792,1121377558,3.266,-9.137,-0.691,-0.002,-0.006,-0.012,-221772
23.622877375,1121381779,3.266,-9.137,-0.691,0.000,0.000,-0.010,-222447
23.628101167,1121387000,3.266,-9.137,-0.691,0.004,0.004,0.006,-222442
23.632391,1121391221,3.266,-9.094,-0.656,0.004,0.004,0.006,-222437
23.635799209,1121394442,3.266,-9.094,-0.656,0.012,0.004,0.002,-223025
23.640850584,1121399663,3.266,-9.094,-0.656,-0.010,0.004,0.000,-222072
23.646003084,1121404885,3.266,-9.094,-0.656,0.012,0.002,0.008,-221996
23.650243417,1121409106,3.266,-9.094,-0.656,-0.004,-0.002,-0.010,-222773
23.655570292,1121414327,3.266,-9.094,-0.656,0.004,0.002,-0.008,-222795
23.659577375,1121418533,3.266,-9.094,-0.656,0.000,-0.008,-0.010,-222795
23.663887084,1121422753,3.266,-9.133,-0.656,0.000,-0.008,-0.010,-222137
23.667075792,1121425974,3.266,-9.133,-0.656,0.002,0.004,0.006,-221848
23.673343292,1121432195,3.266,-9.133,-0.656,-0.004,-0.002,0.006,-221580
23.677600417,1121436416,3.266,-9.133,-0.656,0.004,-0.002,-0.012,-222365
23.68183775,1121440637,3.266,-9.133,-0.656,0.006,-0.006,-0.002,-222149
23.687020084,1121445858,3.266,-9.133,-0.656,0.004,0.006,0.002,-222807
23.691244584,1121450079,3.266,-9.133,-0.656,-0.004,0.012,0.004,-222171
23.695592875,1121454300,3.266,-9.176,-0.617,-0.004,0.012,0.004,-222034
23.698719,1121457521,3.266,-9.176,-0.617,0.010,0.000,-0.004,-221350
23.705686875,1121463742,3.266,-9.176,-0.617,-0.004,-0.004,-0.004,-222661
23.710076834,1121468963,3.266,-9.176,-0.617,-0.002,0.006,0.006,-222357
23.714315292,1121473184,3.266,-9.176,-0.617,-0.006,0.008,-0.012,-221995
23.71886075,1121477405,3.266,-9.176,-0.617,-0.002,-0.006,-0.002,-223177
23.722817042,1121481626,3.266,-9.176,-0.617,0.002,0.002,0.000,-222711
23.728175209,1121486847,3.305,-9.133,-0.617,0.002,0.002,0.000,-222159
23.730742209,1121489068,3.305,-9.133,-0.617,0.000,0.008,-0.004,-222310
23.736014834,1121494289,3.305,-9.133,-0.617,0.000,-0.006,-0.010,-222036
23.739673,1121498510,3.305,-9.133,-0.617,0.014,0.000,-0.004,-222351
23.743839625,1121502731,3.305,-9.133,-0.617,0.010,-0.002,-0.004,-222344
23.748127375,1121506952,3.305,-9.133,-0.617,-0.004,0.000,0.006,-223293
23.7523335,1121511173,3.305,-9.133,-0.617,0.008,0.004,-0.008,-222198
23.75661075,1121515394,3.227,-9.133,-0.691,0.008,0.004,-0.008,-222075
23.759963167,1121518615,3.227,-9.133,-0.691,-0.012,0.002,0.008,-221999
23.766008792,1121524836,3.227,-9.133,-0.691,0.004,-0.006,-0.018,-223005
23.771568542,1121530057,3.227,-9.133,-0.691,-0.004,0.004,0.010,-222578
23.775367292,1121534278,3.227,-9.133,-0.691,0.010,0.000,0.004,-222168
23.779622667,1121538499,3.227,-9.133,-0.691,-0.006,-0.002,0.000,-222185
23.783824792,1121542720,3.227,-9.133,-0.691,0.000,-0.002,0.002,-222278
23.789090875,1121547941,3.266,-9.137,-0.730,0.000,-0.002,0.002,-221950
23.792314042,1121551162,3.266,-9.137,-0.730,0.002,0.004,-0.006,-222196
23.797547292,1121556383,3.266,-9.137,-0.730,0.004,-0.004,-0.004,-221851
23.801760042,1121560604,3.266,-9.137,-0.730,-0.002,0.008,0.002,-222651
23.805262084,1121563825,3.266,-9.137,-0.730,0.012,-0.002,-0.016,-222501
23.810233709,1121569046,3.266,-9.137,-0.730,-0.006,-0.006,-0.006,-222695
23.814367042,1121573267,3.266,-9.137,-0.730,0.000,0.000,-0.006,-222194
23.818608,1121577488,3.305,-9.133,-0.617,0.000,0.000,-0.006,-222258
23.820819042,1121579709,3.305,-9.133,-0.617,-0.002,-0.006,-0.010,-221761
23.825001959,1121583915,3.305,-9.133,-0.617,0.008,0.002,-0.021,-221761
23.829206,1121588135,3.305,-9.133,-0.617,0.010,0.014,0.014,-221679
23.832425292,1121591356,3.305,-9.133,-0.617,0.006,-0.008,-0.002,-221945
23.837638125,1121596577,3.305,-9.133,-0.617,0.000,-0.008,-0.008,-222341
23.841863375,1121600798,3.305,-9.133,-0.617,0.012,0.004,-0.004,-222168
23.8481145,1121607021,3.266,-9.137,-0.691,0.012,0.004,-0.004,-222462
23.850363125,1121609241,3.266,-9.137,-0.691,0.000,-0.006,0.006,-223263
23.8545685,1121613462,3.266,-9.137,-0.691,0.010,0.006,0.000,-222334
23.858829625,1121617683,3.266,-9.137,-0.691,-0.006,-0.006,0.000,-221603
23.863104459,1121621904,3.266,-9.137,-0.691,-0.006,0.006,-0.010,-222559
23.86822875,1121627125,3.266,-9.137,-0.691,-0.004,-0.002,0.008,-222338
23.872605334,1121631346,3.266,-9.137,-0.691,0.008,0.010,0.008,-222451
23.875677125,1121634567,3.227,-9.176,-0.691,0.008,0.010,0.008,-222528
23.877909375,1121636788,3.227,-9.176,-0.691,0.004,0.006,-0.004,-222329
23.882101667,1121641010,3.227,-9.176,-0.691,0.004,0.000,0.014,-222852
23.886412167,1121645231,3.227,-9.176,-0.691,0.006,0.004,-0.010,-223032
23.890590542,1121649452,3.227,-9.176,-0.691,-0.008,0.000,-0.008,-222888
23.895813917,1121654673,3.227,-9.133,-0.730,-0.008,0.000,-0.008,-222041
23.899056709,1121657894,3.227,-9.133,-0.730,0.000,-0.002,0.008,-221875
23.904859209,1121663115,3.227,-9.133,-0.730,0.016,0.008,-0.010,-222276
23.909416167,1121668336,3.227,-9.133,-0.730,0.006,0.000,-0.010,-222540
23.913649,1121672557,3.227,-9.133,-0.730,0.004,-0.008,0.002,-221855
23.919069459,1121677778,3.227,-9.133,-0.730,-0.002,0.006,0.002,-222758
23.924161334,1121682999,3.227,-9.133,-0.730,-0.006,-0.008,-0.002,-222466
23.9296055,1121688222,3.305,-9.137,-0.691,-0.006,-0.008,-0.002,-222128
23.932898125,1121691443,3.305,-9.137,-0.691,0.006,0.004,-0.004,-223713
23.939780459,1121697664,3.305,-9.137,-0.691,-0.012,-0.006,0.010,-222322
23.943023292,1121701885,3.305,-9.137,-0.691,-0.002,0.008,0.012,-221916
23.948276667,1121707106,3.305,-9.137,-0.691,0.006,-0.004,-0.004,-222681
23.952557209,1121711327,3.305,-9.137,-0.691,0.002,0.004,-0.002,-222626
23.958765667,1121717548,3.305,-9.137,-0.691,0.004,-0.002,0.000,-221721
23.963033625,1121721769,3.344,-9.176,-0.691,0.004,-0.002,0.000,-221807
23.96647525,1121724990,3.344,-9.176,-0.691,0.004,0.004,-0.010,-222001
23.9727495,1121731211,3.344,-9.176,-0.691,-0.004,-0.008,0.012,-222951
23.976528625,1121735432,3.344,-9.176,-0.691,0.010,-0.008,-0.006,-222892
23.9809165,1121739653,3.344,-9.176,-0.691,0.004,-0.004,0.004,-222623
23.98610425,1121744874,3.344,-9.176,-0.691,-0.008,-0.006,-0.006,-222631
23.990308334,1121749095,3.344,-9.176,-0.691,0.008,0.006,0.002,-222810
23.994654459,1121753316,3.227,-9.094,-0.730,0.008,0.006,0.002,-222588
23.997870709,1121756537,3.227,-9.094,-0.730,-0.006,0.014,0.000,-223202
24.003316292,1121761758,3.227,-9.094,-0.730,0.008,-0.006,0.002,-222894
24.008123334,1121766979,3.227,-9.094,-0.730,0.012,0.008,0.006,-222269
24.013328875,1121772200,3.227,-9.094,-0.730,0.000,-0.002,0.012,-221774
24.017570417,1121776421,3.227,-9.094,-0.730,0.004,-0.002,0.004,-221684
24.021794959,1121780642,3.227,-9.094,-0.730,0.000,-0.002,0.002,-222534
24.026976375,1121785863,3.305,-9.133,-0.770,0.000,-0.002,0.002,-221453
24.029169834,1121788084,3.305,-9.133,-0.770,-0.002,-0.008,0.002,-221740
24.033463625,1121792305,3.305,-9.133,-0.770,-0.010,0.002,-0.014,-223331
24.0380565,1121796526,3.305,-9.133,-0.770,-0.006,-0.014,0.006,-223160
24.040900125,1121799747,3.305,-9.133,-0.770,-0.002,-0.006,0.006,-221969
24.045237542,1121803968,3.305,-9.133,-0.770,-0.006,0.004,0.012,-222478
24.049310042,1121808189,3.266,-9.137,-0.691,-0.006,0.004,0.012,-222429
24.051554834,1121810410,3.266,-9.137,-0.691,0.004,0.006,0.002,-222865
24.055825834,1121814631,3.266,-9.137,-0.691,0.000,-0.004,0.002,-222457
24.06004675,1121818852,3.266,-9.137,-0.691,-0.002,0.006,-0.002,-221711
24.063179625,1121822073,3.266,-9.137,-0.691,-0.006,0.000,-0.004,-222379
24.06838775,1121827294,3.266,-9.137,-0.691,0.010,0.002,0.010,-222905
24.07270125,1121831515,3.266,-9.137,-0.691,0.000,-0.006,-0.002,-222191
24.076829125,1121835736,3.266,-9.137,-0.691,0.000,-0.006,-0.002,-221962
24.079117709,1121837957,3.266,-9.137,-0.691,-0.004,0.002,0.004,-222552
24.083303917,1121842178,3.266,-9.137,-0.691,0.004,0.016,0.008,-221442
24.088639667,1121847399,3.266,-9.137,-0.691,0.004,-0.004,0.002,-221661
24.092852542,1121851620,3.266,-9.137,-0.691,-0.006,0.006,0.006,-222031
24.097189792,1121855841,3.266,-9.137,-0.691,0.002,0.008,0.000,-222362
24.100434125,1121859062,3.266,-9.137,-0.691,-0.004,-0.002,-0.010,-222912
24.105409209,1121863283,3.227,-9.137,-0.656,-0.004,-0.002,-0.010,-222014
24.107569,1121866504,3.227,-9.137,-0.656,0.000,-0.002,-0.002,-223523
24.113857167,1121872725,3.227,-9.137,-0.656,0.000,-0.004,0.006,-221804
24.118090709,1121876946,3.227,-9.137,-0.656,-0.004,-0.004,-0.006,-222666
24.122317417,1121881167,3.227,-9.137,-0.656,0.002,0.008,0.010,-222384
24.127608375,1121886388,3.227,-9.137,-0.656,-0.002,0.004,0.000,-222260
24.132978292,1121891609,3.227,-9.137,-0.656,-0.002,-0.004,0.010,-222507
24.137454917,1121895830,3.266,-9.137,-0.730,-0.002,-0.004,0.010,-222874
24.140159792,1121899051,3.266,-9.137,-0.730,0.006,-0.004,0.000,-222154
24.145410209,1121904272,3.266,-9.137,-0.730,-0.008,-0.006,0.008,-222406
24.150648,1121909493,3.266,-9.137,-0.730,0.000,0.002,-0.002,-222812
24.155983125,1121914714,3.266,-9.137,-0.730,0.006,0.000,-0.014,-222249
24.1612685,1121919935,3.266,-9.137,-0.691,0.006,0.000,-0.014,-223193
24.163499334,1121922156,3.266,-9.137,-0.691,0.000,0.008,-0.010,-222420
24.168715209,1121927377,3.266,-9.137,-0.691,0.008,0.010,0.006,-222163
24.173096125,1121931598,3.266,-9.137,-0.691,-0.002,-0.012,-0.014,-223007
24.177897125,1121936819,3.266,-9.137,-0.691,0.000,-0.004,-0.016,-222248
24.182143459,1121941040,3.266,-9.137,-0.691,0.014,-0.006,0.006,-222356
24.18844175,1121947261,3.266,-9.137,-0.691,-0.004,-0.002,0.000,-222636
24.1927155,1121951482,3.227,-9.098,-0.656,-0.004,-0.002,0.000,-222626
24.1960775,1121954703,3.227,-9.098,-0.656,0.004,0.006,0.000,-222370
24.201277042,1121959924,3.227,-9.098,-0.656,0.004,0.004,0.006,-221999
24.207737667,1121965145,3.227,-9.098,-0.656,-0.002,0.002,-0.006,-222589
24.210936042,1121969366,3.227,-9.098,-0.656,0.010,-0.006,0.000,-222272
24.215666875,1121974587,3.227,-9.098,-0.656,0.014,0.000,0.002,-222387
24.219928125,1121978808,3.227,-9.137,-0.656,0.014,0.000,0.002,-223197
24.223130292,1121982029,3.227,-9.137,-0.656,0.004,-0.002,0.008,-222267
24.228398584,1121987250,3.227,-9.137,-0.656,-0.006,0.002,0.004,-222101
24.232582875,1121991471,3.227,-9.137,-0.656,-0.004,0.014,0.002,-222254
24.236860167,1121995692,3.227,-9.137,-0.656,0.002,-0.004,-0.012,-222400
24.242053792,1122000913,3.227,-9.137,-0.656,0.000,0.008,-0.012,-222534
24.246229334,1122005134,3.227,-9.137,-0.656,-0.012,0.000,-0.010,-221713
24.251600167,1122010355,3.266,-9.094,-0.656,-0.012,0.000,-0.010,-222929
24.253653667,1122012576,3.266,-9.094,-0.656,0.000,0.008,0.010,-222755
24.2578735,1122016797,3.266,-9.094,-0.656,-0.016,-0.002,0.010,-222127
24.262167125,1122021019,3.266,-9.094,-0.656,-0.006,0.002,0.006,-222127
24.265299167,1122024239,3.266,-9.094,-0.656,0.008,0.000,0.000,-222600
24.270598417,1122029460,3.266,-9.094,-0.656,0.000,-0.004,-0.002,-221988
24.274835334,1122033681,3.266,-9.094,-0.656,0.006,0.004,-0.004,-222706
24.279054459,1122037902,3.266,-9.098,-0.730,0.006,0.004,-0.004,-222461
24.281241084,1122040123,3.266,-9.098,-0.730,-0.002,0.006,-0.002,-222028
24.28555975,1122044344,3.266,-9.098,-0.730,-0.002,0.000,0.000,-222695
24.289754125,1122048565,3.266,-9.098,-0.730,0.010,-0.002,-0.014,-222375
24.292917292,1122051786,3.266,-9.098,-0.730,-0.006,0.012,0.014,-222194
24.298130334,1122057007,3.266,-9.098,-0.730,0.000,0.000,0.002,-222470
24.303411292,1122062228,3.266,-9.098,-0.730,0.002,-0.002,0.008,-223166
24.308580417,1122067449,3.227,-9.137,-0.578,0.002,-0.002,0.008,-221848
24.310980542,1122069670,3.227,-9.137,-0.578,-0.002,-0.004,0.006,-222223
24.315979834,1122074891,3.227,-9.137,-0.578,-0.002,0.008,0.004,-222573
24.3202705,1122079112,3.227,-9.137,-0.578,-0.002,-0.004,-0.002,-222721
24.325455292,1122084333,3.227,-9.137,-0.578,0.008,0.002,0.008,-222457
24.330762125,1122089554,3.227,-9.137,-0.578,-0.004,0.008,0.002,-222572
24.335374042,1122093775,3.227,-9.137,-0.578,0.012,0.002,-0.014,-222611
24.339456084,1122097996,3.266,-9.137,-0.691,0.012,0.002,-0.014,-222445
24.341394334,1122100218,3.266,-9.137,-0.691,0.000,0.004,-0.002,-222278
24.346633459,1122105439,3.266,-9.137,-0.691,-0.006,-0.010,0.010,-221842
24.350779459,1122109660,3.266,-9.137,-0.691,-0.006,-0.002,-0.002,-222706
24.354169375,1122112881,3.266,-9.137,-0.691,0.004,-0.002,0.002,-222229
24.359249834,1122118102,3.266,-9.137,-0.691,0.004,0.010,-0.004,-222462
24.364374625,1122123323,3.266,-9.137,-0.691,-0.002,0.008,0.012,-222612
24.370766417,1122128544,3.266,-9.094,-0.656,-0.002,0.008,0.012,-222741
24.37336475,1122131765,3.266,-9.094,-0.656,0.004,-0.012,0.002,-223423
24.37816825,1122136986,3.266,-9.094,-0.656,0.006,0.002,-0.002,-222268
24.3824065,1122141207,3.266,-9.094,-0.656,0.008,-0.002,-0.014,-222641
24.385580125,1122144428,3.266,-9.094,-0.656,-0.002,-0.008,-0.002,-222287
24.390824834,1122149649,3.266,-9.094,-0.656,0.010,0.004,0.006,-222558
24.3960685,1122154870,3.266,-9.094,-0.656,0.006,-0.006,-0.012,-222801
24.401304917,1122160091,3.305,-9.176,-0.617,0.006,-0.006,-0.012,-222460
24.404711542,1122163312,3.305,-9.176,-0.617,-0.002,-0.008,-0.010,-222784
24.410669875,1122169533,3.305,-9.176,-0.617,0.000,-0.006,0.014,-222358
24.414847917,1122173754,3.305,-9.176,-0.617,0.010,0.006,-0.002,-222608
24.419112459,1122177975,3.305,-9.176,-0.617,0.006,0.000,-0.004,-222883
24.423382584,1122182196,3.305,-9.176,-0.617,-0.004,0.004,0.002,-222043
24.428523709,1122187417,3.305,-9.176,-0.617,-0.002,-0.002,0.002,-221857
24.432838334,1122191638,3.266,-9.137,-0.730,-0.002,-0.002,0.002,-222885
24.435975625,1122194859,3.266,-9.137,-0.730,0.004,0.004,-0.002,-222885
24.441599834,1122200080,3.266,-9.137,-0.730,0.010,-0.010,0.010,-222852
24.446355417,1122205301,3.266,-9.137,-0.730,-0.008,-0.006,0.006,-222632
24.45068275,1122209522,3.266,-9.137,-0.730,0.000,0.008,0.002,-222378
24.455932667,1122214743,3.266,-9.137,-0.730,0.008,0.000,0.002,-221833
24.464101709,1122222964,3.266,-9.137,-0.730,-0.002,0.004,-0.006,-221991
24.469373334,1122228185,3.227,-9.133,-0.730,-0.002,0.004,-0.006,-222857
24.472130042,1122230406,3.227,-9.133,-0.730,0.000,-0.002,0.002,-223571
24.475719625,1122234627,3.227,-9.133,-0.730,0.010,0.004,0.006,-222439
24.479961875,1122238848,3.227,-9.133,-0.730,-0.006,0.000,0.004,-222466
24.484192875,1122243069,3.227,-9.133,-0.730,0.000,0.000,0.000,-221878
24.490378875,1122249290,3.227,-9.133,-0.730,0.000,0.000,0.000,-222527
24.494677917,1122253511,3.227,-9.133,-0.730,0.000,0.000,0.000,-222432
24.498956084,1122257732,3.266,-9.094,-0.656,0.000,0.000,0.000,-221665
24.501303334,1122259953,3.266,-9.094,-0.656,0.000,0.000,0.000,-222108
24.505292792,1122264174,3.266,-9.094,-0.656,0.000,0.000,0.000,-222506
24.5105185,1122269395,3.266,-9.094,-0.656,0.000,0.000,0.000,-222221
24.514792375,1122273616,3.266,-9.094,-0.656,0.000,0.000,0.000,-222446
24.519025542,1122277837,3.266,-9.094,-0.656,0.000,0.000,0.000,-222357
24.523276167,1122282058,3.266,-9.094,-0.656,0.000,0.000,0.000,-221955
24.528688167,1122287279,3.266,-9.137,-0.691,0.000,0.000,0.000,-222035
24.530834375,1122289500,3.266,-9.137,-0.691,0.000,0.000,0.000,-222658
24.535068,1122293721,3.266,-9.137,-0.691,0.000,0.000,0.000,-222361
24.539255167,1122297942,3.266,-9.137,-0.691,0.000,0.000,0.000,-222467
24.543212459,1122302163,3.266,-9.137,-0.691,0.000,0.000,0.000,-221628
24.548508542,1122307384,3.266,-9.137,-0.691,0.000,0.000,0.000,-221695
24.552746292,1122311605,3.266,-9.137,-0.691,0.000,0.000,0.000,-222241
24.5570275,1122315826,3.305,-9.133,-0.656,0.000,0.000,0.000,-222310
24.560190792,1122319047,3.305,-9.133,-0.656,0.000,0.000,0.000,-221998
24.566628084,1122325268,3.305,-9.133,-0.656,0.000,0.000,0.000,-222349
24.572627875,1122330489,3.305,-9.133,-0.656,0.000,0.000,0.000,-222877
24.57608325,1122334710,3.305,-9.133,-0.656,0.000,0.000,0.000,-222239
24.580034709,1122338931,3.305,-9.133,-0.656,0.000,0.000,0.000,-222875
24.584297417,1122343152,3.305,-9.133,-0.656,0.000,0.000,0.000,-222551
24.589598084,1122348373,3.266,-9.137,-0.730,0.000,0.000,0.000,-222921
24.592818917,1122351594,3.266,-9.137,-0.730,0.000,0.000,0.000,-222383
24.598166584,1122356815,3.266,-9.137,-0.730,0.000,0.000,0.000,-222590
24.602565917,1122361036,3.266,-9.137,-0.730,0.000,0.000,0.000,-221692
24.605415709,1122364257,3.266,-9.137,-0.730,0.000,0.000,0.000,-222357
24.610720209,1122369478,3.266,-9.137,-0.730,0.000,0.000,0.000,-222114
24.614811792,1122373699,3.266,-9.137,-0.730,0.000,0.000,0.000,-222209
24.619048292,1122377920,3.266,-9.137,-0.730,0.000,0.000,0.000,-222273
24.621260709,1122380141,3.266,-9.137,-0.730,0.000,0.000,0.000,-222884
24.626486042,1122385362,3.266,-9.137,-0.730,0.000,0.000,0.000,-222234
24.631764834,1122390583,3.266,-9.137,-0.730,0.000,0.000,0.000,-222312
24.6363645,1122394804,3.266,-9.137,-0.730,0.000,0.000,0.000,-222406
24.64023525,1122399025,3.266,-9.137,-0.730,0.000,0.000,0.000,-222056
24.645385792,1122404246,3.266,-9.137,-0.730,0.000,0.000,0.000,-222324
24.649600334,1122408467,3.305,-9.133,-0.656,0.000,0.000,0.000,-221988
24.651854,1122410688,3.305,-9.133,-0.656,0.000,0.000,0.000,-221843
24.65712775,1122415909,3.305,-9.133,-0.656,0.000,0.000,0.000,-222198
24.66123775,1122420130,3.305,-9.133,-0.656,0.000,0.000,0.000,-222327
24.666509292,1122425351,3.305,-9.133,-0.656,0.000,0.000,0.000,-222610
24.671697084,1122429572,3.305,-9.133,-0.656,0.000,0.000,0.000,-222428
24.674890084,1122433793,3.305,-9.133,-0.656,0.000,0.000,0.000,-221635
24.679150375,1122438016,3.266,-9.137,-0.691,0.000,0.000,0.000,-222465
24.682575375,1122441237,3.266,-9.137,-0.691,0.000,0.000,0.000,-222095
24.688626292,1122447458,3.266,-9.137,-0.691,0.000,0.000,0.000,-222524
24.694029542,1122452679,3.266,-9.137,-0.691,0.000,0.000,0.000,-222212
24.698185709,1122456900,3.266,-9.137,-0.691,0.000,0.000,0.000,-222727
24.702589959,1122461121,3.266,-9.137,-0.691,0.000,0.000,0.000,-222292
24.708464959,1122467342,3.266,-9.137,-0.691,0.000,0.000,0.000,-221995
24.712686042,1122471563,3.305,-9.098,-0.730,0.000,0.000,0.000,-222241
24.714924459,1122473784,3.305,-9.098,-0.730,0.000,0.000,0.000,-221960
24.720220792,1122479005,3.305,-9.098,-0.730,0.000,0.000,0.000,-222445
24.724479167,1122483226,3.305,-9.098,-0.730,0.000,0.000,0.000,-222233
24.729823834,1122488447,3.305,-9.098,-0.730,0.000,0.000,0.000,-223205
24.734019,1122492668,3.305,-9.098,-0.730,0.000,0.000,0.000,-222655
24.738306834,1122496889,3.305,-9.098,-0.730,0.000,0.000,0.000,-221724
24.741543334,1122500110,3.266,-9.133,-0.656,0.000,0.000,0.000,-222105
24.743456667,1122502331,3.266,-9.133,-0.656,0.000,0.000,0.000,-221073
24.748682667,1122507552,3.266,-9.133,-0.656,0.000,0.000,0.000,-222045
24.752954875,1122511773,3.266,-9.133,-0.656,0.000,0.000,0.000,-222222
24.758228084,1122516994,3.266,-9.133,-0.656,0.000,0.000,0.000,-222313
24.762561,1122521216,3.266,-9.133,-0.656,0.000,0.000,0.000,-221698
24.768744584,1122527437,3.266,-9.176,-0.656,0.000,0.000,0.000,-222130
24.770821375,1122529658,3.266,-9.176,-0.656,0.000,0.000,0.000,-222679
24.775411125,1122533879,3.266,-9.176,-0.656,0.000,0.000,0.000,-222367
24.77923575,1122538100,3.266,-9.176,-0.656,0.000,0.000,0.000,-222686
24.783449375,1122542321,3.266,-9.176,-0.656,0.000,0.000,0.000,-222730
24.78877925,1122547542,3.266,-9.176,-0.656,0.000,0.000,0.000,-223808
24.792896667,1122551763,3.266,-9.176,-0.656,0.000,0.000,0.000,-221745
24.796154917,1122554984,3.227,-9.137,-0.656,0.000,0.000,0.000,-222324
24.799378584,1122558205,3.227,-9.137,-0.656,0.000,0.000,0.000,-222484
24.80463325,1122563426,3.227,-9.137,-0.656,0.000,0.000,0.000,-222456
24.81026675,1122568647,3.227,-9.137,-0.656,0.000,0.000,0.000,-222278
24.814002959,1122572868,3.227,-9.137,-0.656,0.000,0.000,0.000,-222364
24.8182465,1122577089,3.227,-9.137,-0.656,0.000,0.000,0.000,-222592
24.822455,1122581310,3.227,-9.137,-0.656,0.000,0.000,0.000,-221941
24.8266735,1122585531,3.227,-9.133,-0.691,0.000,0.000,0.000,-222066
24.829867584,1122588752,3.227,-9.133,-0.691,0.000,0.000,0.000,-222534
24.836299959,1122594973,3.227,-9.133,-0.691,0.000,0.000,0.000,-222648
24.841351584,1122600194,3.227,-9.133,-0.691,0.000,0.000,0.000,-222807
24.84554575,1122604415,3.227,-9.133,-0.691,0.000,0.000,0.000,-222179
24.8517985,1122610636,3.227,-9.133,-0.691,0.000,0.000,0.000,-222288
24.856006542,1122614857,3.227,-9.133,-0.691,0.000,0.000,0.000,-222454
24.860203334,1122619078,3.305,-9.094,-0.656,0.000,0.000,0.000,-222429
24.862425375,1122621299,3.305,-9.094,-0.656,0.000,0.000,0.000,-222255
24.868678084,1122627520,3.305,-9.094,-0.656,0.000,0.000,0.000,-222505
24.872918625,1122631741,3.305,-9.094,-0.656,0.000,0.000,0.000,-222898
24.877056667,1122635962,3.305,-9.094,-0.656,0.000,0.000,0.000,-222265
24.881272459,1122640183,3.305,-9.094,-0.656,0.000,0.000,0.000,-222282
24.88552375,1122644404,3.305,-9.094,-0.656,0.000,0.000,0.000,-222306
24.887737792,1122646625,3.305,-9.094,-0.656,0.000,0.000,0.000,-222852
24.893028042,1122651846,3.305,-9.094,-0.656,0.000,0.000,0.000,-221894
24.897225375,1122656067,3.305,-9.094,-0.656,0.000,0.000,0.000,-223220
24.901412917,1122660288,3.305,-9.094,-0.656,0.000,0.000,0.000,-222022
24.907342334,1122665509,3.305,-9.094,-0.656,0.000,0.000,0.000,-222251
24.911870875,1122670730,3.305,-9.094,-0.656,0.000,0.000,0.000,-222365
24.916185875,1122674951,3.305,-9.094,-0.656,0.000,0.000,0.000,-223358
24.919366875,1122678174,3.305,-9.094,-0.656,0.000,0.000,0.000,-222020
24.924649709,1122683395,3.305,-9.094,-0.656,0.000,0.000,0.000,-222264
24.929884459,1122688616,3.305,-9.094,-0.656,0.000,0.000,0.000,-223044
24.934208375,1122692837,3.305,-9.094,-0.656,0.000,0.000,0.000,-222514
24.9381655,1122697058,3.305,-9.094,-0.656,0.000,0.000,0.000,-222011
24.942417459,1122701279,3.305,-9.094,-0.656,0.000,0.000,0.000,-222083
24.94563,1122704500,3.266,-9.137,-0.691,0.000,0.000,0.000,-222496
24.949471292,1122707721,3.266,-9.137,-0.691,0.000,0.000,0.000,-222380
24.954130667,1122712942,3.266,-9.137,-0.691,0.000,0.000,0.000,-222630
24.960382584,1122719163,3.266,-9.137,-0.691,0.000,0.000,0.000,-221916
24.963635792,1122722384,3.266,-9.137,-0.691,0.000,0.000,0.000,-222179
24.969261709,1122727605,3.266,-9.137,-0.691,0.000,0.000,0.000,-222692
24.973084334,1122731826,3.266,-9.137,-0.691,0.000,0.000,0.000,-222787
24.978135084,1122737047,3.227,-9.176,-0.730,0.000,0.000,0.000,-222106
24.981379917,1122740268,3.227,-9.176,-0.730,0.000,0.000,0.000,-222616
24.988710625,1122747489,3.227,-9.176,-0.730,0.000,0.000,0.000,-222363
24.992858875,1122751710,3.227,-9.176,-0.730,0.000,0.000,0.000,-222269
24.997236584,1122755931,3.227,-9.176,-0.730,0.000,0.000,0.000,-222535
25.001789,1122760152,3.227,-9.176,-0.730,0.000,0.000,0.000,-222404
25.007530042,1122765373,3.266,-9.137,-0.691,0.000,0.000,0.000,-222431
25.00889875,1122767596,3.266,-9.137,-0.691,0.000,0.000,0.000,-222472
25.013948875,1122772817,3.266,-9.137,-0.691,0.000,0.000,0.000,-222310
25.018193,1122777038,3.266,-9.137,-0.691,0.000,0.000,0.000,-222574
25.022370834,1122781259,3.266,-9.137,-0.691,0.000,0.000,0.000,-223014
25.027595375,1122786480,3.266,-9.137,-0.691,0.000,0.000,0.000,-222568
25.031870042,1122790701,3.266,-9.137,-0.691,0.000,0.000,0.000,-222158
25.036024,1122794922,3.266,-9.172,-0.730,0.000,0.000,0.000,-221698
25.039300375,1122798143,3.266,-9.172,-0.730,0.000,0.000,0.000,-222923
25.044529334,1122803364,3.266,-9.172,-0.730,0.000,0.000,0.000,-222159
25.049725084,1122808585,3.266,-9.172,-0.730,0.000,0.000,0.000,-221565
25.054275875,1122812806,3.266,-9.172,-0.730,0.000,0.000,0.000,-222853
25.058112834,1122817027,3.266,-9.172,-0.730,0.000,0.000,0.000,-222362
25.062318792,1122821248,3.266,-9.172,-0.730,0.000,0.000,0.000,-222085
25.066615125,1122825469,3.227,-9.133,-0.691,0.000,0.000,0.000,-222132
25.0689525,1122827690,3.227,-9.133,-0.691,0.000,0.000,0.000,-222673
25.074244959,1122832912,3.227,-9.133,-0.691,0.000,0.000,0.000,-222870
25.078233959,1122837133,3.227,-9.133,-0.691,0.000,0.000,0.000,-223028
25.081481084,1122840354,3.227,-9.133,-0.691,0.000,0.000,0.000,-222228
25.085764959,1122844575,3.227,-9.133,-0.691,0.000,0.000,0.000,-221962
25.090047167,1122848796,3.227,-9.133,-0.691,0.000,0.000,0.000,-222085
25.09322375,1122852017,3.266,-9.137,-0.691,0.000,0.000,0.000,-222296
25.095616792,1122854238,3.266,-9.137,-0.691,0.000,0.000,0.000,-222313
25.099944375,1122858459,3.266,-9.137,-0.691,0.000,0.000,0.000,-222166
25.103788125,1122862680,3.266,-9.137,-0.691,0.000,0.000,0.000,-223355
25.109314875,1122867901,3.266,-9.137,-0.691,0.000,0.000,0.000,-222645
25.113203667,1122872122,3.266,-9.137,-0.691,0.000,0.000,0.000,-222678
25.117508542,1122876343,3.266,-9.137,-0.691,0.000,0.000,0.000,-222293
25.120864542,1122879564,3.266,-9.098,-0.691,0.000,0.000,0.000,-222250
25.123963167,1122882785,3.266,-9.098,-0.691,0.000,0.000,0.000,-222130
25.129152542,1122888007,3.266,-9.098,-0.691,0.000,0.000,0.000,-222121
25.133453209,1122892227,3.266,-9.098,-0.691,0.000,0.000,0.000,-222643
25.137331875,1122895448,3.266,-9.098,-0.691,0.000,0.000,0.000,-222270
25.140753084,1122899670,3.266,-9.098,-0.691,0.000,0.000,0.000,-222071
25.145057459,1122903890,3.266,-9.098,-0.691,0.000,0.000,0.000,-221687
25.150290875,1122909111,3.266,-9.133,-0.656,0.000,0.000,0.000,-222230
25.153527042,1122912332,3.266,-9.133,-0.656,0.000,0.000,0.000,-222824
25.158916417,1122917553,3.266,-9.133,-0.656,0.000,0.000,0.000,-222308
25.163123542,1122921774,3.266,-9.133,-0.656,0.000,0.000,0.000,-221799
25.168330959,1122926995,3.266,-9.133,-0.656,0.000,0.000,0.000,-222147
25.172383167,1122931216,3.266,-9.133,-0.656,0.000,0.000,0.000,-223160
25.17651275,1122935437,3.266,-9.133,-0.656,0.000,0.000,0.000,-222447
25.181793709,1122940658,3.266,-9.098,-0.730,0.000,0.000,0.000,-222479
25.184063334,1122942879,3.266,-9.098,-0.730,0.000,0.000,0.000,-222763
25.189308709,1122948100,3.266,-9.098,-0.730,0.000,0.000,0.000,-222056
25.193666,1122952321,3.266,-9.098,-0.730,0.000,0.000,0.000,-222560
25.199022875,1122957542,3.266,-9.098,-0.730,0.000,0.000,0.000,-221987
25.203216542,1122961763,3.266,-9.098,-0.730,0.000,0.000,0.000,-222411
25.210462542,1122968984,3.266,-9.098,-0.730,0.000,0.000,0.000,-222673
25.213332292,1122972206,3.305,-9.172,-0.730,0.000,0.000,0.000,-222046
25.216657792,1122975428,3.305,-9.172,-0.730,0.000,0.000,0.000,-222605
25.221813209,1122980651,3.305,-9.172,-0.730,0.000,0.000,0.000,-222984
25.22601725,1122984872,3.305,-9.172,-0.730,0.000,0.000,0.000,-222450
25.230274084,1122989093,3.305,-9.172,-0.730,0.000,0.000,0.000,-222131
25.235421792,1122994314,3.305,-9.172,-0.730,0.000,0.000,0.000,-222981
25.241448625,1122999535,3.305,-9.172,-0.730,0.000,0.000,0.000,-222328
25.244907334,1123003756,3.305,-9.137,-0.730,0.000,0.000,0.000,-222658
25.247123917,1123005977,3.305,-9.137,-0.730,0.000,0.000,0.000,-221732
25.251386542,1123010198,3.305,-9.137,-0.730,0.000,0.000,0.000,-222426
25.25558225,1123014419,3.305,-9.137,-0.730,0.000,0.000,0.000,-222624
25.258781959,1123017640,3.305,-9.137,-0.730,0.000,0.000,0.000,-222649
25.2631465,1123021861,3.305,-9.137,-0.730,0.000,0.000,0.000,-222575
25.268160959,1123027082,3.305,-9.137,-0.730,0.000,0.000,0.000,-222881
25.272484167,1123031303,3.266,-9.133,-0.656,0.000,0.000,0.000,-223069
25.274832834,1123033524,3.266,-9.133,-0.656,0.000,0.000,0.000,-221922
25.27986475,1123038745,3.266,-9.133,-0.656,0.000,0.000,0.000,-221891
25.2840805,1123042966,3.266,-9.133,-0.656,0.000,0.000,0.000,-222319
25.288331917,1123047187,3.266,-9.133,-0.656,0.000,0.000,0.000,-222368
25.292535167,1123051408,3.266,-9.133,-0.656,0.000,0.000,0.000,-222503
25.296763167,1123055629,3.266,-9.133,-0.656,0.000,0.000,0.000,-222432
25.301962167,1123060850,3.266,-9.176,-0.656,0.000,0.000,0.000,-222273
25.305380292,1123064071,3.266,-9.176,-0.656,0.000,0.000,0.000,-221744
25.311420209,1123070292,3.266,-9.176,-0.656,0.000,0.000,0.000,-221940
25.315602459,1123074513,3.266,-9.176,-0.656,0.000,0.000,0.000,-222562
25.319866792,1123078734,3.266,-9.176,-0.656,0.000,0.000,0.000,-222288
25.324123625,1123082955,3.266,-9.176,-0.656,0.000,0.000,0.000,-222524
25.329438459,1123088176,3.266,-9.176,-0.656,0.000,0.000,0.000,-221730
25.333774459,1123092397,3.266,-9.137,-0.691,0.000,0.000,0.000,-222187
25.337027042,1123095618,3.266,-9.137,-0.691,0.000,0.000,0.000,-222429
25.341950417,1123100839,3.266,-9.137,-0.691,0.000,0.000,0.000,-221786
25.347224584,1123106060,3.266,-9.137,-0.691,0.000,0.000,0.000,-222290
25.351479209,1123110281,3.266,-9.137,-0.691,0.000,0.000,0.000,-222164
25.356751667,1123115502,3.266,-9.137,-0.691,0.000,0.000,0.000,-222913
25.361098084,1123119723,3.266,-9.137,-0.691,0.000,0.000,0.000,-221226
25.365309834,1123123944,3.266,-9.133,-0.656,0.000,0.000,0.000,-221927
25.368558667,1123127165,3.266,-9.133,-0.656,0.000,0.000,0.000,-222612
25.374793584,1123133386,3.266,-9.133,-0.656,0.000,0.000,0.000,-222300
25.3790225,1123137607,3.266,-9.133,-0.656,0.000,0.000,0.000,-221907
25.383112625,1123141828,3.266,-9.133,-0.656,0.000,0.000,0.000,-222346
25.388162584,1123147049,3.266,-9.133,-0.656,0.000,0.000,0.000,-222487
25.39238775,1123151270,3.266,-9.133,-0.656,0.000,0.000,0.000,-221335
25.396610709,1123155491,3.266,-9.133,-0.656,0.000,0.000,0.000,-222849
25.3997955,1123158712,3.266,-9.133,-0.656,0.000,0.000,0.000,-223135
25.406086792,1123164933,3.266,-9.133,-0.656,0.000,0.000,0.000,-222223
25.411283917,1123170154,3.266,-9.133,-0.656,0.000,0.000,0.000,-222248
25.414466792,1123173375,3.266,-9.133,-0.656,0.000,0.000,0.000,-221806
25.4197455,1123178596,3.266,-9.133,-0.656,0.000,0.000,0.000,-222982
25.423928542,1123182817,3.266,-9.133,-0.656,0.000,0.000,0.000,-222300
25.428155542,1123187038,3.266,-9.098,-0.691,0.000,0.000,0.000,-222711
25.430411959,1123189259,3.266,-9.098,-0.691,0.000,0.000,0.000,-222475
25.434600709,1123193480,3.266,-9.098,-0.691,0.000,0.000,0.000,-222716
25.439837209,1123198701,3.266,-9.098,-0.691,0.000,0.000,0.000,-222027
25.444087375,1123202922,3.266,-9.098,-0.691,0.000,0.000,0.000,-222449
25.449283125,1123208143,3.266,-9.098,-0.691,0.000,0.000,0.000,-223001
25.453491167,1123212364,3.266,-9.098,-0.691,0.000,0.000,0.000,-222355
25.459831334,1123218585,3.266,-9.133,-0.656,0.000,0.000,0.000,-222244
25.462937709,1123221806,3.266,-9.133,-0.656,0.000,0.000,0.000,-222445
25.4691375,1123228027,3.266,-9.133,-0.656,0.000,0.000,0.000,-222583
25.4734155,1123232248,3.266,-9.133,-0.656,0.000,0.000,0.000,-222052
25.476599625,1123235469,3.266,-9.133,-0.656,0.000,0.000,0.000,-222532
25.480812459,1123239690,3.266,-9.133,-0.656,0.000,0.000,0.000,-222310
25.485356375,1123243911,3.266,-9.133,-0.656,0.000,0.000,0.000,-222769
25.490273167,1123249132,3.266,-9.133,-0.770,0.000,0.000,0.000,-223071
25.493459209,1123252353,3.266,-9.133,-0.770,0.000,0.000,0.000,-223391
25.498708917,1123257574,3.266,-9.133,-0.770,0.000,0.000,0.000,-221354
25.503057917,1123261795,3.266,-9.133,-0.770,0.000,0.000,0.000,-222677
25.507713042,1123266016,3.266,-9.133,-0.770,0.000,0.000,0.000,-222950
25.512354375,1123271237,3.266,-9.133,-0.770,0.000,0.000,0.000,-222257
25.516632625,1123275458,3.266,-9.133,-0.770,0.000,0.000,0.000,-222362
25.520768459,1123279679,3.266,-9.133,-0.656,0.000,0.000,0.000,-222304
25.523026459,1123281900,3.266,-9.133,-0.656,0.000,0.000,0.000,-222130
25.527258917,1123286121,3.266,-9.133,-0.656,0.000,0.000,0.000,-222621
25.531538959,1123290342,3.266,-9.133,-0.656,0.000,0.000,0.000,-222335
25.536791334,1123295563,3.266,-9.133,-0.656,0.000,0.000,0.000,-222568
25.541998375,1123300784,3.305,-9.137,-0.691,0.000,0.000,0.000,-221853
25.545179709,1123304005,3.305,-9.137,-0.691,0.000,0.000,0.000,-222704
25.55138675,1123310226,3.305,-9.137,-0.691,0.000,0.000,0.000,-222949
25.555674292,1123314447,3.305,-9.137,-0.691,0.000,0.000,0.000,-223020
25.559929125,1123318668,3.305,-9.137,-0.691,0.000,0.000,0.000,-222644
25.564276125,1123322889,3.305,-9.137,-0.691,0.000,0.000,0.000,-222248
25.569484792,1123328110,3.266,-9.133,-0.656,0.000,0.000,0.000,-222335
25.572541584,1123330331,3.266,-9.133,-0.656,0.000,0.000,0.000,-221835
25.576649542,1123335552,3.266,-9.133,-0.656,0.000,0.000,0.000,-222380
25.580925542,1123339773,3.266,-9.133,-0.656,0.000,0.000,0.000,-221722
25.585161292,1123343994,3.266,-9.133,-0.656,0.000,0.000,0.000,-222713
25.589522875,1123348215,3.266,-9.133,-0.656,0.000,0.000,0.000,-223082
25.591643917,1123350436,3.266,-9.133,-0.656,0.000,0.000,0.000,-222779
25.597023459,1123355657,3.266,-9.133,-0.656,0.000,0.000,0.000,-223518
25.601244959,1123359878,3.266,-9.133,-0.656,0.000,0.000,0.000,-222660
25.604521375,1123363099,3.266,-9.133,-0.656,0.000,0.000,0.000,-222016
25.608479584,1123367320,3.266,-9.098,-0.691,0.000,0.000,0.000,-221848
25.613686375,1123372541,3.266,-9.098,-0.691,0.000,0.000,0.000,-221777
25.618911375,1123377762,3.266,-9.098,-0.691,0.000,0.000,0.000,-221660
25.623119667,1123381983,3.344,-9.137,-0.617,0.000,0.000,0.000,-221971
25.62632175,1123385205,3.344,-9.137,-0.617,0.000,0.000,0.000,-221807
25.632626125,1123391426,3.344,-9.137,-0.617,0.000,0.000,0.000,-222301
25.63687025,1123395647,3.344,-9.137,-0.617,0.000,0.000,0.000,-223136
25.642347,1123400868,3.344,-9.137,-0.617,0.000,0.000,0.000,-223123
25.646198,1123405089,3.344,-9.137,-0.617,0.000,0.000,0.000,-222221
25.651421042,1123410310,3.344,-9.137,-0.617,0.000,0.000,0.000,-222677
25.654693709,1123413531,3.227,-9.133,-0.691,0.000,0.000,0.000,-222718
25.659890875,1123418752,3.227,-9.133,-0.691,0.000,0.000,0.000,-222468
25.66415,1123422973,3.227,-9.133,-0.691,0.000,0.000,0.000,-222229
25.669429834,1123428194,3.227,-9.133,-0.691,0.000,0.000,0.000,-222441
25.673911917,1123432415,3.227,-9.133,-0.691,0.000,0.000,0.000,-222713
25.677795542,1123436636,3.227,-9.133,-0.691,0.000,0.000,0.000,-221965
25.682018084,1123440857,3.266,-9.137,-0.691,0.000,0.000,0.000,-221471
25.684208042,1123443078,3.266,-9.137,-0.691,0.000,0.000,0.000,-222836
25.690490084,1123449299,3.266,-9.137,-0.691,0.000,0.000,0.000,-222452
25.694771125,1123453520,3.266,-9.137,-0.691,0.000,0.000,0.000,-222171
25.699097875,1123457741,3.266,-9.137,-0.691,0.000,0.000,0.000,-221473
25.703381125,1123461962,3.266,-9.137,-0.691,0.000,0.000,0.000,-222437
25.707533375,1123466183,3.266,-9.137,-0.730,0.000,0.000,0.000,-222187
25.710475625,1123469404,3.266,-9.137,-0.730,0.000,0.000,0.000,-222024
25.717820125,1123476625,3.266,-9.137,-0.730,0.000,0.000,0.000,-222865
25.723087917,1123481846,3.266,-9.137,-0.730,0.000,0.000,0.000,-222066
25.727591625,1123486067,3.266,-9.137,-0.730,0.000,0.000,0.000,-222434
25.732652084,1123491288,3.266,-9.137,-0.730,0.000,0.000,0.000,-222636
25.736897584,1123495509,3.266,-9.137,-0.730,0.000,0.000,0.000,-222551
25.741072292,1123499730,3.266,-9.137,-0.691,0.000,0.000,0.000,-222192
25.744016334,1123502951,3.266,-9.137,-0.691,0.000,0.000,0.000,-222836
25.750616875,1123509172,3.266,-9.137,-0.691,0.000,0.000,0.000,-221829
25.754574334,1123513394,3.266,-9.137,-0.691,0.000,0.000,0.000,-222059
25.758876042,1123517615,3.266,-9.137,-0.691,0.000,0.000,0.000,-222161
25.764091834,1123521836,3.266,-9.137,-0.691,0.000,0.000,0.000,-222112
25.767150167,1123526057,3.266,-9.137,-0.691,0.000,0.000,0.000,-222786
25.772395792,1123531278,3.266,-9.133,-0.617,0.000,0.000,0.000,-222906
25.7756755,1123534499,3.266,-9.133,-0.617,0.000,0.000,0.000,-221964
25.781825959,1123540720,3.266,-9.133,-0.617,0.000,0.000,0.000,-222435
25.786011209,1123544941,3.266,-9.133,-0.617,0.000,0.000,0.000,-223013
25.790278625,1123549162,3.266,-9.133,-0.617,0.000,0.000,0.000,-222297
25.794502459,1123553383,3.266,-9.133,-0.617,0.000,0.000,0.000,-222642
25.799721125,1123558604,3.266,-9.133,-0.617,0.000,0.000,0.000,-222941
25.804070167,1123562825,3.266,-9.133,-0.656,0.000,0.000,0.000,-222748
25.80716525,1123566046,3.266,-9.133,-0.656,0.000,0.000,0.000,-222185
25.811449459,1123570267,3.266,-9.133,-0.656,0.000,0.000,0.000,-221889
25.815601625,1123574490,3.266,-9.133,-0.656,0.000,0.000,0.000,-223383
25.819913334,1123578710,3.266,-9.133,-0.656,0.000,0.000,0.000,-222486
25.824060084,1123582931,3.266,-9.133,-0.656,0.000,0.000,0.000,-222250
25.829340542,1123588152,3.266,-9.133,-0.656,0.000,0.000,0.000,-222613
25.83349775,1123592373,3.266,-9.098,-0.730,0.000,0.000,0.000,-222592
25.835716417,1123594594,3.266,-9.098,-0.730,0.000,0.000,0.000,-222473
25.840348209,1123598815,3.266,-9.098,-0.730,0.000,0.000,0.000,-223271
25.844233042,1123603036,3.266,-9.098,-0.730,0.000,0.000,0.000,-222783
25.8484425,1123607257,3.266,-9.098,-0.730,0.000,0.000,0.000,-222694
25.852747417,1123611478,3.266,-9.098,-0.730,0.000,0.000,0.000,-222987
25.856857167,1123615699,3.266,-9.098,-0.730,0.000,0.000,0.000,-223057
25.86103125,1123619920,3.305,-9.176,-0.656,0.000,0.000,0.000,-222029
25.863285667,1123622141,3.305,-9.176,-0.656,0.000,0.000,0.000,-222243
25.867513667,1123626362,3.305,-9.176,-0.656,0.000,0.000,0.000,-222936
25.871774875,1123630583,3.305,-9.176,-0.656,0.000,0.000,0.000,-222700
25.876939959,1123635804,3.305,-9.176,-0.656,0.000,0.000,0.000,-222007
25.882118,1123641025,3.266,-9.137,-0.730,0.000,0.000,0.000,-221860
25.885419584,1123644246,3.266,-9.137,-0.730,0.000,0.000,0.000,-222235
25.891611625,1123650467,3.266,-9.137,-0.730,0.000,0.000,0.000,-222012
25.896106625,1123654688,3.266,-9.137,-0.730,0.000,0.000,0.000,-222085
25.900281875,1123658909,3.266,-9.137,-0.730,0.000,0.000,0.000,-222621
25.904346959,1123663130,3.266,-9.137,-0.730,0.000,0.000,0.000,-222208
25.909578417,1123668351,3.305,-9.176,-0.617,0.000,0.000,0.000,-223209
25.912985459,1123671572,3.305,-9.176,-0.617,0.000,0.000,0.000,-222626
25.917981,1123676793,3.305,-9.176,-0.617,0.000,0.000,0.000,-222730
25.922178292,1123681014,3.305,-9.176,-0.617,0.000,0.000,0.000,-222043
25.926586417,1123685235,3.305,-9.176,-0.617,0.000,0.000,0.000,-222028
25.930833375,1123689456,3.305,-9.176,-0.617,0.000,0.000,0.000,-221885
25.935043,1123693677,3.266,-9.133,-0.770,0.000,0.000,0.000,-223046
25.937135042,1123695898,3.266,-9.133,-0.770,0.000,0.000,0.000,-222460
25.941209625,1123700119,3.266,-9.133,-0.770,0.000,0.000,0.000,-221538
25.945456459,1123704340,3.266,-9.133,-0.770,0.000,0.000,0.000,-222694
25.950707625,1123709561,3.266,-9.133,-0.770,0.000,0.000,0.000,-222802
25.954890292,1123713782,3.266,-9.133,-0.770,0.000,0.000,0.000,-223020
25.959423792,1123718003,3.266,-9.133,-0.770,0.000,0.000,0.000,-222198
25.963491542,1123722224,3.266,-9.094,-0.656,0.000,0.000,0.000,-221999
25.967078334,1123725445,3.266,-9.094,-0.656,0.000,0.000,0.000,-222740
25.975106625,1123733666,3.266,-9.094,-0.656,0.000,0.000,0.000,-222238
25.979070209,1123737887,3.266,-9.094,-0.656,0.000,0.000,0.000,-221727
25.982284834,1123741108,3.266,-9.094,-0.656,0.000,0.000,0.000,-221529
25.986527917,1123745329,3.266,-9.094,-0.656,0.000,0.000,0.000,-222509
25.990810667,1123749550,3.266,-9.094,-0.656,0.000,0.000,0.000,-222744
25.9951405,1123753771,3.266,-9.098,-0.691,0.000,0.000,0.000,-222241
25.997425542,1123755992,3.266,-9.098,-0.691,0.000,0.000,0.000,-222501
26.002784292,1123761213,3.266,-9.098,-0.691,0.000,0.000,0.000,-223399
26.006627084,1123765434,3.266,-9.098,-0.691,0.000,0.000,0.000,-221983
26.011048209,1123769655,3.266,-9.098,-0.691,0.000,0.000,0.000,-222442
26.015061542,1123773876,3.266,-9.098,-0.691,0.000,0.000,0.000,-222142
26.020277917,1123779097,3.266,-9.098,-0.691,0.000,0.000,0.000,-222403
26.024449959,1123783318,3.227,-9.094,-0.691,0.000,0.000,0.000,-222166
26.027664625,1123786539,3.227,-9.094,-0.691,0.000,0.000,0.000,-221792
26.033977375,1123792760,3.227,-9.094,-0.691,0.000,0.000,0.000,-222644
26.039419334,1123796981,3.227,-9.094,-0.691,0.000,0.000,0.000,-223205
26.041380334,1123800202,3.227,-9.094,-0.691,0.000,0.000,0.000,-222291
26.0455305,1123804423,3.227,-9.094,-0.691,0.000,0.000,0.000,-221934
26.04975975,1123808644,3.227,-9.094,-0.691,0.000,0.000,0.000,-222871
26.053990959,1123812865,3.227,-9.137,-0.656,0.000,0.000,0.000,-222244
26.057273459,1123816086,3.227,-9.137,-0.656,0.000,0.000,0.000,-221699
26.062465292,1123821307,3.227,-9.137,-0.656,0.000,0.000,0.000,-222428
26.066641417,1123825528,3.227,-9.137,-0.656,0.000,0.000,0.000,-222635
26.07149125,1123829749,3.227,-9.137,-0.656,0.000,0.000,0.000,-222833
26.075043709,1123833970,3.227,-9.137,-0.656,0.000,0.000,0.000,-222254
26.079328209,1123838192,3.227,-9.137,-0.656,0.000,0.000,0.000,-221983
26.083535834,1123842413,3.227,-9.133,-0.691,0.000,0.000,0.000,-222614
26.085829584,1123844634,3.227,-9.133,-0.691,0.000,0.000,0.000,-222260
26.091037792,1123849855,3.227,-9.133,-0.691,0.000,0.000,0.000,-222325
26.095328042,1123854076,3.227,-9.133,-0.691,0.000,0.000,0.000,-222367
26.099764917,1123858297,3.227,-9.133,-0.691,0.000,0.000,0.000,-221927
26.105668875,1123863518,3.305,-9.133,-0.656,0.000,0.000,0.000,-222257
26.107830167,1123866739,3.305,-9.133,-0.656,0.000,0.000,0.000,-222885
26.113092334,1123871960,3.305,-9.133,-0.656,0.000,0.000,0.000,-221987
26.117318834,1123876181,3.305,-9.133,-0.656,0.000,0.000,0.000,-222131
26.121495,1123880402,3.305,-9.133,-0.656,0.000,0.000,0.000,-222335
26.125817084,1123884623,3.305,-9.133,-0.656,0.000,0.000,0.000,-222204
26.130078,1123888844,3.266,-9.176,-0.617,0.000,0.000,0.000,-222873
26.133747084,1123892065,3.266,-9.176,-0.617,0.000,0.000,0.000,-221600
26.139077,1123897271,3.266,-9.176,-0.617,0.000,0.000,0.000,-221600
26.141830542,1123900491,3.266,-9.176,-0.617,0.000,0.000,0.000,-222001
26.14583725,1123904712,3.266,-9.176,-0.617,0.000,0.000,0.000,-221923
26.151081625,1123909933,3.266,-9.176,-0.617,0.000,0.000,0.000,-222756
26.155247375,1123914154,3.266,-9.176,-0.617,0.000,0.000,0.000,-222792
26.159584959,1123918375,3.266,-9.094,-0.656,0.000,0.000,0.000,-222531
26.162853709,1123921596,3.266,-9.094,-0.656,0.000,0.000,0.000,-222247
26.169441084,1123927817,3.266,-9.094,-0.656,0.000,0.000,0.000,-222860
26.17346375,1123932038,3.266,-9.094,-0.656,0.000,0.000,0.000,-222626
26.17736275,1123936259,3.266,-9.094,-0.656,0.000,0.000,0.000,-221872
26.181634167,1123940480,3.266,-9.094,-0.656,0.000,0.000,0.000,-222711
26.185925292,1123944701,3.266,-9.094,-0.656,0.000,0.000,0.000,-222589
26.19116225,1123949922,3.266,-9.137,-0.691,0.000,0.000,0.000,-222621
26.194502959,1123953143,3.266,-9.137,-0.691,0.000,0.000,0.000,-222141
26.199797292,1123958364,3.266,-9.137,-0.691,0.000,0.000,0.000,-221764
26.204147917,1123962585,3.266,-9.137,-0.691,0.000,0.000,0.000,-222267
26.209013834,1123967806,3.266,-9.137,-0.691,0.000,0.000,0.000,-222529
26.213242084,1123972027,3.266,-9.137,-0.691,0.000,0.000,0.000,-222097
26.217399667,1123976248,3.266,-9.137,-0.691,0.000,0.000,0.000,-222264
26.223650292,1123982469,3.266,-9.133,-0.656,0.000,0.000,0.000,-222043
26.225853209,1123984690,3.266,-9.133,-0.656,0.000,0.000,0.000,-222405
26.231089959,1123989911,3.266,-9.133,-0.656,0.000,0.000,0.000,-222451
26.235886834,1123994132,3.266,-9.133,-0.656,0.000,0.000,0.000,-222638
26.240674459,1123999353,3.266,-9.133,-0.656,0.000,0.000,0.000,-221910
26.244693792,1124003574,3.266,-9.133,-0.656,0.000,0.000,0.000,-221837
26.249987417,1124008795,3.266,-9.133,-0.656,0.000,0.000,0.000,-222760
26.254174084,1124013016,3.227,-9.172,-0.656,0.000,0.000,0.000,-222810
26.257380542,1124016237,3.227,-9.172,-0.656,0.000,0.000,0.000,-221907
26.262617917,1124021458,3.227,-9.172,-0.656,0.000,0.000,0.000,-222570
26.267789417,1124026681,3.227,-9.172,-0.656,0.000,0.000,0.000,-222088
26.272279625,1124030902,3.227,-9.172,-0.656,0.000,0.000,0.000,-222785
26.277248167,1124036123,3.227,-9.172,-0.656,0.000,0.000,0.000,-222424
26.281448709,1124040344,3.227,-9.172,-0.656,0.000,0.000,0.000,-222325
26.285600542,1124044565,3.305,-9.137,-0.730,0.000,0.000,0.000,-222261
26.288913584,1124047786,3.305,-9.137,-0.730,0.000,0.000,0.000,-222316
26.295133709,1124054007,3.305,-9.137,-0.730,0.000,0.000,0.000,-222078
26.299351917,1124058228,3.305,-9.137,-0.730,0.000,0.000,0.000,-222005
26.302561959,1124061449,3.305,-9.137,-0.730,0.000,0.000,0.000,-222393
26.306859959,1124065670,3.305,-9.137,-0.730,0.000,0.000,0.000,-222791
26.312047625,1124070891,3.305,-9.137,-0.730,0.000,0.000,0.000,-222394
26.315254375,1124074112,3.305,-9.133,-0.578,0.000,0.000,0.000,-221727
26.320544125,1124079333,3.305,-9.133,-0.578,0.000,0.000,0.000,-222681
26.32472825,1124083554,3.305,-9.133,-0.578,0.000,0.000,0.000,-222888
26.328914417,1124087775,3.305,-9.133,-0.578,0.000,0.000,0.000,-221643
26.333207334,1124091996,3.305,-9.133,-0.578,0.000,0.000,0.000,-222650
26.33747575,1124096217,3.305,-9.133,-0.578,0.000,0.000,0.000,-222434
26.341602625,1124100438,3.266,-9.172,-0.691,0.000,0.000,0.000,-222685
26.343775875,1124102659,3.266,-9.172,-0.691,0.000,0.000,0.000,-222112
26.348070084,1124106880,3.266,-9.172,-0.691,0.000,0.000,0.000,-222262
26.352299209,1124111101,3.266,-9.172,-0.691,0.000,0.000,0.000,-222202
26.356563042,1124115322,3.266,-9.172,-0.691,0.000,0.000,0.000,-222005
26.360910959,1124119543,3.266,-9.172,-0.691,0.000,0.000,0.000,-221811
26.365124709,1124123764,3.266,-9.172,-0.691,0.000,0.000,0.000,-222893
26.370671959,1124128985,3.266,-9.137,-0.730,0.000,0.000,0.000,-222436
26.373379917,1124132206,3.266,-9.137,-0.730,0.000,0.000,0.000,-222781
26.3785365,1124137427,3.266,-9.137,-0.730,0.000,0.000,0.000,-222963
26.381748459,1124140649,3.266,-9.137,-0.730,0.000,0.000,0.000,-222469
26.38503175,1124143870,3.266,-9.137,-0.730,0.000,0.000,0.000,-222711
26.39026825,1124149091,3.266,-9.137,-0.730,0.000,0.000,0.000,-221905
26.394492334,1124153312,3.266,-9.137,-0.730,0.000,0.000,0.000,-222708
26.397775959,1124156533,3.266,-9.133,-0.617,0.000,0.000,0.000,-222389
26.401122667,1124159754,3.266,-9.133,-0.617,0.000,0.000,0.000,-221731
26.407103667,1124165976,3.266,-9.133,-0.617,0.000,0.000,0.000,-222440
26.412395042,1124171196,3.266,-9.133,-0.617,0.000,0.000,0.000,-222357
26.416860375,1124175417,3.266,-9.133,-0.617,0.000,0.000,0.000,-222367
26.4207705,1124179638,3.266,-9.133,-0.617,0.000,0.000,0.000,-222500
26.424988584,1124183859,3.266,-9.172,-0.691,0.000,0.000,0.000,-222381
26.428193917,1124187080,3.266,-9.172,-0.691,0.000,0.000,0.000,-222642
26.434407459,1124193301,3.266,-9.172,-0.691,0.000,0.000,0.000,-222226
26.43866525,1124197522,3.266,-9.172,-0.691,0.000,0.000,0.000,-221762
26.442905792,1124201743,3.266,-9.172,-0.691,0.000,0.000,0.000,-220858
26.447278084,1124205964,3.266,-9.172,-0.691,0.000,0.000,0.000,-222514
26.45234525,1124211187,3.266,-9.133,-0.656,0.000,0.000,0.000,-222875
26.455660959,1124214408,3.266,-9.133,-0.656,0.000,0.000,0.000,-222366
26.460774834,1124219629,3.266,-9.133,-0.656,0.000,0.000,0.000,-222180
26.465026917,1124223850,3.266,-9.133,-0.656,0.000,0.000,0.000,-222344
26.472228917,1124231071,3.266,-9.133,-0.656,0.000,0.000,0.000,-223131
26.476396792,1124235292,3.266,-9.133,-0.656,0.000,0.000,0.000,-222519
26.48065475,1124239513,3.266,-9.133,-0.656,0.000,0.000,0.000,-222276
26.484903375,1124243734,3.266,-9.176,-0.656,0.000,0.000,0.000,-221829
26.488131917,1124246955,3.266,-9.176,-0.656,0.000,0.000,0.000,-222617
26.4944285,1124253176,3.266,-9.176,-0.656,0.000,0.000,0.000,-222839
26.498776959,1124257397,3.266,-9.176,-0.656,0.000,0.000,0.000,-221509
26.502019292,1124260618,3.266,-9.176,-0.656,0.000,0.000,0.000,-222209
26.507271167,1124265839,3.266,-9.176,-0.656,0.000,0.000,0.000,-222361
26.512152625,1124271060,3.266,-9.176,-0.656,0.000,0.000,0.000,-222798
26.517439125,1124276281,3.305,-9.137,-0.691,0.000,0.000,0.000,-222310
26.520690667,1124279502,3.305,-9.137,-0.691,0.000,0.000,0.000,-222451
26.526000209,1124284723,3.305,-9.137,-0.691,0.000,0.000,0.000,-221355
26.531315542,1124289944,3.305,-9.137,-0.691,0.000,0.000,0.000,-221523
26.535748792,1124294166,3.305,-9.137,-0.691,0.000,0.000,0.000,-222139
26.54048225,1124299387,3.305,-9.137,-0.691,0.000,0.000,0.000,-222189
26.545734167,1124304608,3.305,-9.137,-0.691,0.000,0.000,0.000,-222275
26.550972167,1124309829,3.266,-9.176,-0.578,0.000,0.000,0.000,-222353
26.554141959,1124313050,3.266,-9.176,-0.578,0.000,0.000,0.000,-223423
26.559394042,1124318271,3.266,-9.176,-0.578,0.000,0.000,0.000,-222005
26.563786959,1124322492,3.266,-9.176,-0.578,0.000,0.000,0.000,-222301
26.568096292,1124326713,3.266,-9.176,-0.578,0.000,0.000,0.000,-222719
26.573118834,1124331934,3.266,-9.176,-0.578,0.000,0.000,0.000,-222733
26.577307625,1124336155,3.266,-9.176,-0.578,0.000,0.000,0.000,-221682
26.581464167,1124340376,3.266,-9.133,-0.656,0.000,0.000,0.000,-222364
26.584755459,1124343597,3.266,-9.133,-0.656,0.000,0.000,0.000,-223159
26.5910445,1124349818,3.266,-9.133,-0.656,0.000,0.000,0.000,-222106
26.595276625,1124354039,3.266,-9.133,-0.656,0.000,0.000,0.000,-222148
26.599698584,1124358260,3.266,-9.133,-0.656,0.000,0.000,0.000,-221904
26.604863792,1124363481,3.266,-9.133,-0.656,0.000,0.000,0.000,-222560
26.6098235,1124368702,3.227,-9.094,-0.730,0.000,0.000,0.000,-222510
26.613207292,1124371923,3.227,-9.094,-0.730,0.000,0.000,0.000,-222432
26.618315875,1124377144,3.227,-9.094,-0.730,0.000,0.000,0.000,-222597
26.622536584,1124381365,3.227,-9.094,-0.730,0.000,0.000,0.000,-222787
26.626702584,1124385586,3.227,-9.094,-0.730,0.000,0.000,0.000,-221615
26.632027125,1124390807,3.227,-9.094,-0.730,0.000,0.000,0.000,-222937
26.6361365,1124395028,3.227,-9.094,-0.730,0.000,0.000,0.000,-222647
26.639423667,1124398249,3.305,-9.176,-0.656,0.000,0.000,0.000,-221755
26.642616,1124401470,3.305,-9.176,-0.656,0.000,0.000,0.000,-222325
26.648822792,1124407691,3.305,-9.176,-0.656,0.000,0.000,0.000,-222239
26.653112167,1124411912,3.305,-9.176,-0.656,0.000,0.000,0.000,-223444
26.65736625,1124416133,3.305,-9.176,-0.656,0.000,0.000,0.000,-222514
26.662464334,1124421354,3.305,-9.176,-0.656,0.000,0.000,0.000,-222504
26.666732959,1124425575,3.305,-9.176,-0.656,0.000,0.000,0.000,-222473
26.671994292,1124430796,3.305,-9.137,-0.691,0.000,0.000,0.000,-222386
26.674313709,1124433017,3.305,-9.137,-0.691,0.000,0.000,0.000,-222544
26.678367209,1124437238,3.305,-9.137,-0.691,0.000,0.000,0.000,-222957
26.682591292,1124441459,3.305,-9.137,-0.691,0.000,0.000,0.000,-221866
26.687043417,1124445680,3.305,-9.137,-0.691,0.000,0.000,0.000,-222544
26.692072875,1124450901,3.305,-9.137,-0.691,0.000,0.000,0.000,-222817
26.697498459,1124456122,3.305,-9.137,-0.691,0.000,0.000,0.000,-222636
26.703037667,1124461343,3.266,-9.137,-0.730,0.000,0.000,0.000,-222383
26.7061505,1124464564,3.266,-9.137,-0.730,0.000,0.000,0.000,-222613
26.711921334,1124470785,3.266,-9.137,-0.730,0.000,0.000,0.000,-221638
26.716160875,1124475006,3.266,-9.137,-0.730,0.000,0.000,0.000,-221764
26.721332167,1124480227,3.266,-9.137,-0.730,0.000,0.000,0.000,-222675
26.725811834,1124484448,3.266,-9.137,-0.730,0.000,0.000,0.000,-222625
26.730919042,1124489669,3.266,-9.137,-0.730,0.000,0.000,0.000,-222039
26.735528709,1124493875,3.266,-9.133,-0.617,0.000,0.000,0.000,-222039
26.737941875,1124496095,3.266,-9.133,-0.617,0.000,0.000,0.000,-222408
26.742599334,1124501316,3.266,-9.133,-0.617,0.000,0.000,0.000,-222054
26.747748625,1124506537,3.266,-9.133,-0.617,0.000,0.000,0.000,-222951
26.751950542,1124510758,3.266,-9.133,-0.617,0.000,0.000,0.000,-222256
26.756246625,1124514980,3.266,-9.133,-0.617,0.000,0.000,0.000,-222123
26.760830167,1124519200,3.266,-9.133,-0.617,0.000,0.000,0.000,-222271
26.765000584,1124523421,3.266,-9.172,-0.691,0.000,0.000,0.000,-221938
26.766869959,1124525642,3.266,-9.172,-0.691,0.000,0.000,0.000,-222122
26.772585584,1124530863,3.266,-9.172,-0.691,0.000,0.000,0.000,-222031
26.777264792,1124536084,3.266,-9.133,-0.617,0.000,0.000,0.000,-222208
26.780462125,1124539305,3.266,-9.133,-0.617,0.000,0.000,0.000,-222098
26.785722,1124544526,3.266,-9.133,-0.617,0.000,0.000,0.000,-222352
26.791012417,1124549747,3.266,-9.133,-0.617,0.000,0.000,0.000,-221958
26.795281709,1124553969,3.266,-9.133,-0.617,0.000,0.000,0.000,-221722
26.800367875,1124559190,3.266,-9.133,-0.617,0.000,0.000,0.000,-222898
26.804532542,1124563411,3.266,-9.133,-0.617,0.000,0.000,0.000,-221976
26.809826584,1124568632,3.266,-9.098,-0.730,0.000,0.000,0.000,-221981
26.811978709,1124570853,3.266,-9.098,-0.730,0.000,0.000,0.000,-222788
26.816175667,1124575074,3.266,-9.098,-0.730,0.000,0.000,0.000,-222315
26.820482625,1124579295,3.266,-9.098,-0.730,0.000,0.000,0.000,-222399
26.824652042,1124583516,3.266,-9.098,-0.730,0.000,0.000,0.000,-221877
26.829905709,1124588737,3.266,-9.098,-0.730,0.000,0.000,0.000,-222627
26.834081167,1124592958,3.266,-9.172,-0.691,0.000,0.000,0.000,-222704
26.837270209,1124596179,3.266,-9.172,-0.691,0.000,0.000,0.000,-222149
26.842603042,1124601400,3.266,-9.172,-0.691,0.000,0.000,0.000,-221714
26.847761625,1124606621,3.266,-9.172,-0.691,0.000,0.000,0.000,-222027
26.852016584,1124610842,3.266,-9.172,-0.691,0.000,0.000,0.000,-222835
26.856220667,1124615063,3.266,-9.172,-0.691,0.000,0.000,0.000,-222173
26.860420209,1124619284,3.266,-9.172,-0.691,0.000,0.000,0.000,-221980
26.86574725,1124624505,3.266,-9.137,-0.730,0.000,0.000,0.000,-222428
26.869003875,1124627726,3.266,-9.137,-0.730,0.000,0.000,0.000,-222650
26.875132459,1124633947,3.266,-9.137,-0.730,0.000,0.000,0.000,-222694
26.87929925,1124638168,3.266,-9.137,-0.730,0.000,0.000,0.000,-222714
26.883496875,1124642389,3.266,-9.137,-0.730,0.000,0.000,0.000,-223015
26.887678959,1124646610,3.266,-9.137,-0.730,0.000,0.000,0.000,-222195
26.892992417,1124651831,3.305,-9.137,-0.691,0.000,0.000,0.000,-222462
26.895109417,1124654052,3.305,-9.137,-0.691,0.000,0.000,0.000,-222868
26.900301042,1124659258,3.305,-9.137,-0.691,0.000,0.000,0.000,-222868
26.904542292,1124663478,3.305,-9.137,-0.691,0.000,0.000,0.000,-222803
26.909695792,1124668699,3.305,-9.137,-0.691,0.000,0.000,0.000,-222711
26.913932042,1124672920,3.227,-9.133,-0.691,0.000,0.000,0.000,-222061
26.918131792,1124677141,3.227,-9.133,-0.691,0.000,0.000,0.000,-222583
26.922377917,1124681362,3.227,-9.133,-0.691,0.000,0.000,0.000,-221839
26.933563459,1124685583,3.227,-9.133,-0.691,0.000,0.000,0.000,-222453
26.933662792,1124690804,3.227,-9.133,-0.691,0.000,0.000,0.000,-222031
26.936069792,1124695026,3.227,-9.133,-0.691,0.000,0.000,0.000,-223021
26.940319042,1124699246,3.266,-9.176,-0.656,0.000,0.000,0.000,-222123
26.943526959,1124702467,3.266,-9.176,-0.656,0.000,0.000,0.000,-222871
26.949746792,1124708688,3.266,-9.176,-0.656,0.000,0.000,0.000,-222077
26.9539695,1124712909,3.266,-9.176,-0.656,0.000,0.000,0.000,-222740
26.958131959,1124717130,3.266,-9.176,-0.656,0.000,0.000,0.000,-222109
26.962330334,1124721351,3.266,-9.176,-0.656,0.000,0.000,0.000,-221933
26.966900959,1124725572,3.266,-9.137,-0.730,0.000,0.000,0.000,-221793
26.969870709,1124728793,3.266,-9.137,-0.730,0.000,0.000,0.000,-222584
26.978097459,1124737014,3.266,-9.137,-0.730,0.000,0.000,0.000,-222143
26.982313209,1124741235,3.266,-9.137,-0.730,0.000,0.000,0.000,-222847
26.98550075,1124744456,3.266,-9.137,-0.730,0.000,0.000,0.000,-222857
26.991666875,1124750677,3.266,-9.137,-0.730,0.000,0.000,0.000,-222621
26.995918709,1124754898,3.266,-9.137,-0.730,0.000,0.000,0.000,-222399
27.00024025,1124759119,3.266,-9.137,-0.691,0.000,0.000,0.000,-222885
27.002325125,1124761340,3.266,-9.137,-0.691,0.000,0.000,0.000,-222005
27.007643917,1124766561,3.266,-9.137,-0.691,0.000,0.000,0.000,-222186
27.011865375,1124770782,3.266,-9.137,-0.691,0.000,0.000,0.000,-221965
27.0150635,1124774003,3.266,-9.137,-0.691,0.000,0.000,0.000,-221868
27.020287875,1124779224,3.266,-9.137,-0.691,0.000,0.000,0.000,-223308
27.024467292,1124783445,3.266,-9.137,-0.691,0.000,0.000,0.000,-222611
27.028676667,1124787666,3.305,-9.172,-0.691,0.000,0.000,0.000,-222562
27.03087375,1124789887,3.305,-9.172,-0.691,0.000,0.000,0.000,-222195
27.035162834,1124794108,3.305,-9.172,-0.691,0.000,0.000,0.000,-222615
27.040421292,1124799329,3.305,-9.172,-0.691,0.000,0.000,0.000,-222020
27.044647459,1124803552,3.305,-9.172,-0.691,0.000,0.000,0.000,-222429
27.050943417,1124809773,3.305,-9.172,-0.691,0.000,0.000,0.000,-222797
27.055085084,1124813994,3.305,-9.172,-0.691,0.000,0.000,0.000,-222264
27.058239084,1124817215,3.266,-9.137,-0.691,0.000,0.000,0.000,-221906
27.060511292,1124819436,3.266,-9.137,-0.691,0.000,0.000,0.000,-221378
27.066941667,1124824642,3.266,-9.137,-0.691,0.000,0.000,0.000,-221378
27.069947084,1124828862,3.266,-9.137,-0.691,0.000,0.000,0.000,-222022
27.074123792,1124833083,3.266,-9.137,-0.691,0.000,0.000,0.000,-222463
27.07838975,1124837304,3.266,-9.137,-0.691,0.000,0.000,0.000,-222497
27.082605584,1124841525,3.266,-9.137,-0.691,0.000,0.000,0.000,-221818
27.087818834,1124846746,3.266,-9.098,-0.691,0.000,0.000,0.000,-223107
27.090997084,1124849967,3.266,-9.098,-0.691,0.000,0.000,0.000,-222441
27.096267917,1124855188,3.266,-9.098,-0.691,0.000,0.000,0.000,-221791
27.100466584,1124859409,3.266,-9.098,-0.691,0.000,0.000,0.000,-222186
27.10470775,1124863630,3.266,-9.098,-0.691,0.000,0.000,0.000,-222666
27.1099685,1124868851,3.266,-9.098,-0.691,0.000,0.000,0.000,-222072
27.114220875,1124873072,3.266,-9.098,-0.691,0.000,0.000,0.000,-222878
27.117379917,1124876293,3.266,-9.137,-0.691,0.000,0.000,0.000,-222899
27.120620459,1124879514,3.266,-9.137,-0.691,0.000,0.000,0.000,-221833
27.125871,1124884735,3.266,-9.137,-0.691,0.000,0.000,0.000,-222510
27.131050084,1124889956,3.266,-9.137,-0.691,0.000,0.000,0.000,-222702
27.135255167,1124894178,3.266,-9.137,-0.691,0.000,0.000,0.000,-222953
27.140520459,1124899399,3.266,-9.137,-0.691,0.000,0.000,0.000,-222148
27.144728792,1124903620,3.266,-9.137,-0.691,0.000,0.000,0.000,-222693
27.150002417,1124908841,3.227,-9.176,-0.691,0.000,0.000,0.000,-222310
27.152186959,1124911062,3.227,-9.176,-0.691,0.000,0.000,0.000,-222632
27.157461,1124916283,3.227,-9.176,-0.691,0.000,0.000,0.000,-222099
27.161639459,1124920504,3.227,-9.176,-0.691,0.000,0.000,0.000,-222078
27.164944375,1124923725,3.227,-9.176,-0.691,0.000,0.000,0.000,-222475
27.170127125,1124928946,3.227,-9.176,-0.691,0.000,0.000,0.000,-221756
27.174320292,1124933167,3.266,-9.133,-0.656,0.000,0.000,0.000,-221771
27.176596625,1124935388,3.266,-9.133,-0.656,0.000,0.000,0.000,-221799
27.180791459,1124939609,3.266,-9.133,-0.656,0.000,0.000,0.000,-222391
27.185001792,1124943830,3.266,-9.133,-0.656,0.000,0.000,0.000,-222125
27.190289042,1124949051,3.266,-9.133,-0.656,0.000,0.000,0.000,-222606
27.194454375,1124953272,3.266,-9.133,-0.656,0.000,0.000,0.000,-221558
27.198846417,1124957493,3.266,-9.133,-0.656,0.000,0.000,0.000,-222206
27.203092959,1124961714,3.266,-9.055,-0.691,0.000,0.000,0.000,-222204
27.205064125,1124963935,3.266,-9.055,-0.691,0.000,0.000,0.000,-222513
27.211295375,1124970156,3.266,-9.055,-0.691,0.000,0.000,0.000,-222353
27.215493292,1124974377,3.266,-9.055,-0.691,0.000,0.000,0.000,-222023
27.220724042,1124979598,3.266,-9.055,-0.691,0.000,0.000,0.000,-222051
27.22537425,1124983819,3.266,-9.055,-0.691,0.000,0.000,0.000,-222277
27.230182334,1124989040,3.266,-9.055,-0.691,0.000,0.000,0.000,-221947
27.234401125,1124993261,3.266,-9.176,-0.656,0.000,0.000,0.000,-223251
27.237753542,1124996482,3.266,-9.176,-0.656,0.000,0.000,0.000,-222236
27.242882792,1125001703,3.266,-9.176,-0.656,0.000,0.000,0.000,-222441
27.247061334,1125005924,3.266,-9.176,-0.656,0.000,0.000,0.000,-221814
27.252727042,1125011145,3.266,-9.176,-0.656,0.000,0.000,0.000,-222839
27.256645834,1125015366,3.266,-9.176,-0.656,0.000,0.000,0.000,-222491
27.260752959,1125019587,3.266,-9.094,-0.656,0.000,0.000,0.000,-221279
27.262925334,1125021808,3.266,-9.094,-0.656,0.000,0.000,0.000,-221703
27.267136292,1125026029,3.266,-9.094,-0.656,0.000,0.000,0.000,-222313
27.271986542,1125030250,3.266,-9.094,-0.656,0.000,0.000,0.000,-222599
27.274673625,1125033471,3.266,-9.094,-0.656,0.000,0.000,0.000,-222006
27.279992292,1125038692,3.266,-9.094,-0.656,0.000,0.000,0.000,-222652
27.285151875,1125043913,3.266,-9.094,-0.656,0.000,0.000,0.000,-222271
27.290369542,1125049134,3.191,-9.137,-0.691,0.000,0.000,0.000,-223020
27.292486709,1125051355,3.191,-9.137,-0.691,0.000,0.000,0.000,-222618
27.297748417,1125056576,3.191,-9.137,-0.691,0.000,0.000,0.000,-221255
27.303050459,1125061797,3.191,-9.137,-0.691,0.000,0.000,0.000,-222252
27.308625667,1125067018,3.191,-9.137,-0.691,0.000,0.000,0.000,-222403
27.312413209,1125071239,3.191,-9.137,-0.691,0.000,0.000,0.000,-222924
27.316578209,1125075460,3.191,-9.137,-0.691,0.000,0.000,0.000,-222704
27.319909375,1125078681,3.266,-9.176,-0.617,0.000,0.000,0.000,-223035
27.323082959,1125081902,3.266,-9.176,-0.617,0.000,0.000,0.000,-222062
27.328504167,1125087123,3.266,-9.176,-0.617,0.000,0.000,0.000,-222859
27.332747375,1125091344,3.266,-9.176,-0.617,0.000,0.000,0.000,-222108
27.336200084,1125094565,3.266,-9.176,-0.617,0.000,0.000,0.000,-222211
27.339981417,1125098786,3.266,-9.176,-0.617,0.000,0.000,0.000,-222493
27.344171625,1125103007,3.266,-9.176,-0.617,0.000,0.000,0.000,-222931
27.347415875,1125106228,3.266,-9.133,-0.770,0.000,0.000,0.000,-222341
27.34973625,1125108449,3.266,-9.133,-0.770,0.000,0.000,0.000,-222081
27.355115875,1125113671,3.266,-9.133,-0.770,0.000,0.000,0.000,-222359
27.360252625,1125118892,3.266,-9.133,-0.770,0.000,0.000,0.000,-222318
27.36349875,1125122113,3.266,-9.133,-0.617,0.000,0.000,0.000,-222002
27.365835709,1125124334,3.266,-9.133,-0.617,0.000,0.000,0.000,-222550
27.371076542,1125129555,3.266,-9.133,-0.617,0.000,0.000,0.000,-222374
27.375068,1125133776,3.266,-9.133,-0.617,0.000,0.000,0.000,-222406
27.38016075,1125138997,3.266,-9.133,-0.617,0.000,0.000,0.000,-221892
27.384385542,1125143218,3.266,-9.133,-0.617,0.000,0.000,0.000,-222433
27.39071025,1125149439,3.266,-9.133,-0.617,0.000,0.000,0.000,-222262
27.395031542,1125153660,3.266,-9.133,-0.656,0.000,0.000,0.000,-222570
27.398251375,1125156881,3.266,-9.133,-0.656,0.000,0.000,0.000,-222679
27.403507667,1125162102,3.266,-9.133,-0.656,0.000,0.000,0.000,-222592
27.408465417,1125167323,3.266,-9.133,-0.656,0.000,0.000,0.000,-222961
27.412722292,1125171544,3.266,-9.133,-0.656,0.000,0.000,0.000,-222456
27.417929584,1125176765,3.266,-9.133,-0.656,0.000,0.000,0.000,-222513
27.423154875,1125181986,3.266,-9.133,-0.656,0.000,0.000,0.000,-222461
27.4273325,1125186207,3.266,-9.133,-0.656,0.000,0.000,0.000,-221676
27.430571167,1125189428,3.266,-9.133,-0.656,0.000,0.000,0.000,-222070
27.435784875,1125194649,3.266,-9.133,-0.656,0.000,0.000,0.000,-222411
27.440098209,1125198870,3.266,-9.133,-0.656,0.000,0.000,0.000,-222394
27.444226125,1125203091,3.266,-9.133,-0.656,0.000,0.000,0.000,-221877
27.449531167,1125208312,3.266,-9.133,-0.656,0.000,0.000,0.000,-221978
27.45473925,1125213533,3.266,-9.133,-0.656,0.000,0.000,0.000,-222727
27.458015625,1125216754,3.266,-9.137,-0.730,0.000,0.000,0.000,-222344
27.46110325,1125219977,3.266,-9.137,-0.730,0.000,0.000,0.000,-222321
27.466429792,1125225197,3.266,-9.137,-0.730,0.000,0.000,0.000,-222190
27.473669875,1125232418,3.266,-9.137,-0.730,0.000,0.000,0.000,-222580
27.477788875,1125236639,3.266,-9.137,-0.730,0.000,0.000,0.000,-222040
27.483030584,1125241860,3.266,-9.137,-0.730,0.000,0.000,0.000,-221970
27.488329334,1125247081,3.266,-9.137,-0.730,0.000,0.000,0.000,-222380
27.49342175,1125252304,3.227,-9.133,-0.691,0.000,0.000,0.000,-222985
27.496653417,1125255525,3.227,-9.133,-0.691,0.000,0.000,0.000,-222778
27.502975167,1125261746,3.227,-9.133,-0.691,0.000,0.000,0.000,-222444
27.50717075,1125265967,3.227,-9.133,-0.691,0.000,0.000,0.000,-222302
27.51132875,1125270188,3.227,-9.133,-0.691,0.000,0.000,0.000,-221945
27.515592459,1125274409,3.227,-9.133,-0.691,0.000,0.000,0.000,-222410
27.519834209,1125278630,3.227,-9.133,-0.691,0.000,0.000,0.000,-222357
27.525080167,1125283851,3.305,-9.176,-0.656,0.000,0.000,0.000,-223181
27.528259459,1125287072,3.305,-9.176,-0.656,0.000,0.000,0.000,-221857
27.532873125,1125291293,3.305,-9.176,-0.656,0.000,0.000,0.000,-222352
27.537067334,1125295514,3.305,-9.176,-0.656,0.000,0.000,0.000,-222463
27.540980209,1125299735,3.305,-9.176,-0.656,0.000,0.000,0.000,-222002
27.545085209,1125303956,3.305,-9.176,-0.656,0.000,0.000,0.000,-221969
27.550403209,1125309178,3.305,-9.176,-0.656,0.000,0.000,0.000,-222288
27.554573584,1125313399,3.266,-9.133,-0.656,0.000,0.000,0.000,-222153
27.556843125,1125315620,3.266,-9.133,-0.656,0.000,0.000,0.000,-222473
27.56122425,1125319841,3.266,-9.133,-0.656,0.000,0.000,0.000,-222263
27.565470584,1125324062,3.266,-9.133,-0.656,0.000,0.000,0.000,-222759
27.569686875,1125328283,3.266,-9.133,-0.656,0.000,0.000,0.000,-223027
27.57371775,1125332504,3.266,-9.133,-0.656,0.000,0.000,0.000,-223208
27.577876125,1125336725,3.266,-9.133,-0.656,0.000,0.000,0.000,-222355
27.582048834,1125340946,3.266,-9.176,-0.656,0.000,0.000,0.000,-222811
27.584359209,1125343167,3.266,-9.176,-0.656,0.000,0.000,0.000,-222205
27.588556542,1125347388,3.266,-9.176,-0.656,0.000,0.000,0.000,-222370
27.5937765,1125352609,3.266,-9.176,-0.656,0.000,0.000,0.000,-222479
27.598086542,1125356830,3.266,-9.176,-0.656,0.000,0.000,0.000,-222629
27.603903292,1125362051,3.266,-9.176,-0.656,0.000,0.000,0.000,-222111
27.607479584,1125366272,3.266,-9.176,-0.656,0.000,0.000,0.000,-222179
27.611612209,1125370493,3.305,-9.133,-0.656,0.000,0.000,0.000,-222577
27.61482675,1125373714,3.305,-9.133,-0.656,0.000,0.000,0.000,-222373
27.62113025,1125379935,3.305,-9.133,-0.656,0.000,0.000,0.000,-222190
27.62535625,1125384156,3.305,-9.133,-0.656,0.000,0.000,0.000,-222190
27.630517,1125389377,3.305,-9.133,-0.656,0.000,0.000,0.000,-221551
27.634722959,1125393598,3.305,-9.133,-0.656,0.000,0.000,0.000,-222531
27.639683542,1125397819,3.305,-9.133,-0.656,0.000,0.000,0.000,-222844
27.643317,1125402040,3.266,-9.133,-0.770,0.000,0.000,0.000,-222296
27.645407167,1125404261,3.266,-9.133,-0.770,0.000,0.000,0.000,-221914
27.650663875,1125409482,3.266,-9.133,-0.770,0.000,0.000,0.000,-222285
27.654924334,1125413703,3.266,-9.133,-0.770,0.000,0.000,0.000,-222295
27.65826,1125416924,3.266,-9.133,-0.770,0.000,0.000,0.000,-222450
27.662285667,1125421145,3.266,-9.133,-0.770,0.000,0.000,0.000,-222160
27.666505959,1125425366,3.266,-9.133,-0.770,0.000,0.000,0.000,-222809
27.671863084,1125430587,3.305,-9.133,-0.617,0.000,0.000,0.000,-222215
27.673911542,1125432808,3.305,-9.133,-0.617,0.000,0.000,0.000,-222121
27.678155625,1125437029,3.305,-9.133,-0.617,0.000,0.000,0.000,-221508
27.682329125,1125441250,3.305,-9.133,-0.617,0.000,0.000,0.000,-222302
27.685697584,1125444471,3.305,-9.133,-0.617,0.000,0.000,0.000,-222538
27.690895667,1125449692,3.305,-9.133,-0.617,0.000,0.000,0.000,-222340
27.695169209,1125453913,3.266,-9.133,-0.770,0.000,0.000,0.000,-222614
27.697403042,1125456136,3.266,-9.133,-0.770,0.000,0.000,0.000,-222189
27.701909084,1125460356,3.266,-9.133,-0.770,0.000,0.000,0.000,-222306
27.706358625,1125464577,3.266,-9.133,-0.770,0.000,0.000,0.000,-222395
27.710880584,1125469798,3.266,-9.133,-0.770,0.000,0.000,0.000,-222100
27.715174917,1125474004,3.266,-9.133,-0.770,0.000,0.000,0.000,-222100
27.722382667,1125481224,3.266,-9.133,-0.770,0.000,0.000,0.000,-222238
27.72665225,1125485445,3.266,-9.137,-0.691,0.000,0.000,0.000,-221999
27.729927042,1125488666,3.266,-9.137,-0.691,0.000,0.000,0.000,-222924
27.735942417,1125493887,3.266,-9.137,-0.691,0.000,0.000,0.000,-223360
27.7395365,1125498108,3.266,-9.137,-0.691,0.000,0.000,0.000,-222870
27.743434042,1125502329,3.266,-9.137,-0.691,0.000,0.000,0.000,-222725
27.748713875,1125507551,3.266,-9.137,-0.691,0.000,0.000,0.000,-222627
27.753925417,1125512772,3.266,-9.137,-0.691,0.000,0.000,0.000,-222317
27.758221625,1125516993,3.266,-9.133,-0.656,0.000,0.000,0.000,-221882
27.761579084,1125520214,3.266,-9.133,-0.656,0.000,0.000,0.000,-221915
27.766629542,1125525435,3.266,-9.133,-0.656,0.000,0.000,0.000,-223122
27.772204125,1125530656,3.266,-9.133,-0.656,0.000,0.000,0.000,-222290
27.776022709,1125534877,3.266,-9.133,-0.656,0.000,0.000,0.000,-222281
27.780290792,1125539098,3.266,-9.133,-0.656,0.000,0.000,0.000,-221596
27.784504375,1125543319,3.266,-9.133,-0.656,0.000,0.000,0.000,-222098
27.788670542,1125547540,3.266,-9.133,-0.809,0.000,0.000,0.000,-222038
27.790920584,1125549761,3.266,-9.133,-0.809,0.000,0.000,0.000,-222461
27.796208834,1125554982,3.266,-9.133,-0.809,0.000,0.000,0.000,-222393
27.8003685,1125559203,3.266,-9.133,-0.809,0.000,0.000,0.000,-222339
27.80382025,1125562424,3.266,-9.133,-0.809,0.000,0.000,0.000,-222224
27.807862959,1125566645,3.266,-9.133,-0.809,0.000,0.000,0.000,-222486
27.813139834,1125571866,3.266,-9.133,-0.809,0.000,0.000,0.000,-222849
27.81737575,1125576087,3.266,-9.133,-0.617,0.000,0.000,0.000,-221731
27.820483167,1125579308,3.266,-9.133,-0.617,0.000,0.000,0.000,-222891
27.825705834,1125584529,3.266,-9.133,-0.617,0.000,0.000,0.000,-222502
27.830924334,1125589750,3.266,-9.133,-0.617,0.000,0.000,0.000,-222671
27.835186792,1125593971,3.266,-9.133,-0.617,0.000,0.000,0.000,-221717
27.840713459,1125599192,3.266,-9.133,-0.617,0.000,0.000,0.000,-222933
27.844620209,1125603413,3.266,-9.133,-0.617,0.000,0.000,0.000,-221542
27.850819209,1125609634,3.305,-9.172,-0.691,0.000,0.000,0.000,-221872
27.853137042,1125611855,3.305,-9.172,-0.691,0.000,0.000,0.000,-223214
27.857236834,1125616076,3.305,-9.172,-0.691,0.000,0.000,0.000,-222370
27.86153325,1125620297,3.305,-9.172,-0.691,0.000,0.000,0.000,-222327
27.865724417,1125624518,3.305,-9.172,-0.691,0.000,0.000,0.000,-221985
27.870953,1125629739,3.305,-9.172,-0.691,0.000,0.000,0.000,-222185
27.875429917,1125633960,3.305,-9.172,-0.691,0.000,0.000,0.000,-222309
27.879337834,1125638181,3.227,-9.133,-0.730,0.000,0.000,0.000,-222859
27.882529584,1125641402,3.227,-9.133,-0.730,0.000,0.000,0.000,-222320
27.887826125,1125646623,3.227,-9.133,-0.730,0.000,0.000,0.000,-222604
27.892108584,1125650844,3.227,-9.133,-0.730,0.000,0.000,0.000,-222430
27.896446542,1125655065,3.227,-9.133,-0.730,0.000,0.000,0.000,-221586
27.900664834,1125659286,3.227,-9.133,-0.730,0.000,0.000,0.000,-221703
27.904701375,1125663507,3.227,-9.133,-0.730,0.000,0.000,0.000,-221835
27.910225834,1125667728,3.305,-9.133,-0.617,0.000,0.000,0.000,-222722
27.911019667,1125669949,3.305,-9.133,-0.617,0.000,0.000,0.000,-221893
27.916291459,1125675171,3.305,-9.133,-0.617,0.000,0.000,0.000,-222432
27.920647917,1125679392,3.305,-9.133,-0.617,0.000,0.000,0.000,-222363
27.924828542,1125683613,3.305,-9.133,-0.617,0.000,0.000,0.000,-221598
27.929029,1125687834,3.305,-9.133,-0.617,0.000,0.000,0.000,-222141
27.934430792,1125693055,3.305,-9.133,-0.617,0.000,0.000,0.000,-222592
27.938899875,1125697276,3.266,-9.172,-0.691,0.000,0.000,0.000,-222865
27.9416745,1125700497,3.266,-9.172,-0.691,0.000,0.000,0.000,-222574
27.9479035,1125706718,3.266,-9.172,-0.691,0.000,0.000,0.000,-221976
27.953161542,1125711939,3.266,-9.172,-0.691,0.000,0.000,0.000,-222350
27.956640459,1125715160,3.266,-9.172,-0.691,0.000,0.000,0.000,-221835
27.960790584,1125719381,3.266,-9.172,-0.691,0.000,0.000,0.000,-221886
27.964001625,1125722602,3.266,-9.137,-0.730,0.000,0.000,0.000,-222268
27.968420417,1125726823,3.266,-9.137,-0.730,0.000,0.000,0.000,-222951
27.972531959,1125731044,3.266,-9.137,-0.730,0.000,0.000,0.000,-222384
27.976892292,1125735265,3.266,-9.137,-0.730,0.000,0.000,0.000,-222209
27.982847084,1125741486,3.266,-9.137,-0.730,0.000,0.000,0.000,-221944
27.98801275,1125746707,3.266,-9.137,-0.730,0.000,0.000,0.000,-222855
27.993363709,1125751928,3.266,-9.133,-0.656,0.000,0.000,0.000,-221787
27.9965725,1125755149,3.266,-9.133,-0.656,0.000,0.000,0.000,-222172
28.001787709,1125760370,3.266,-9.133,-0.656,0.000,0.000,0.000,-222641
28.006033667,1125764591,3.266,-9.133,-0.656,0.000,0.000,0.000,-222574
28.011024125,1125769812,3.266,-9.133,-0.656,0.000,0.000,0.000,-222253
28.01615825,1125775033,3.266,-9.133,-0.656,0.000,0.000,0.000,-222783
28.020416167,1125779254,3.266,-9.133,-0.656,0.000,0.000,0.000,-222350
28.024659542,1125783475,3.266,-9.055,-0.691,0.000,0.000,0.000,-222161
28.027868959,1125786696,3.266,-9.055,-0.691,0.000,0.000,0.000,-222318
28.034191167,1125792917,3.266,-9.055,-0.691,0.000,0.000,0.000,-223075
28.038286334,1125797138,3.266,-9.055,-0.691,0.000,0.000,0.000,-221927
28.043534875,1125802359,3.266,-9.055,-0.691,0.000,0.000,0.000,-221900
28.047764834,1125806580,3.266,-9.055,-0.691,0.000,0.000,0.000,-222232
28.053197667,1125811801,3.266,-9.055,-0.691,0.000,0.000,0.000,-223279
28.056172,1125815022,3.266,-9.137,-0.691,0.000,0.000,0.000,-222106
28.061404792,1125820243,3.266,-9.137,-0.691,0.000,0.000,0.000,-222882
28.065763,1125824464,3.266,-9.137,-0.691,0.000,0.000,0.000,-222486
28.071542917,1125829685,3.266,-9.137,-0.691,0.000,0.000,0.000,-222895
28.075028709,1125833906,3.266,-9.137,-0.691,0.000,0.000,0.000,-222029
28.079300625,1125838127,3.266,-9.137,-0.691,0.000,0.000,0.000,-222693
28.082524667,1125841349,3.266,-9.137,-0.691,0.000,0.000,0.000,-221391
28.087850875,1125846569,3.266,-9.137,-0.691,0.000,0.000,0.000,-222381
28.093183292,1125851790,3.266,-9.137,-0.691,0.000,0.000,0.000,-222648
28.098446875,1125857011,3.266,-9.137,-0.691,0.000,0.000,0.000,-221717
28.104024667,1125862232,3.266,-9.137,-0.691,0.000,0.000,0.000,-223058
28.109046792,1125867455,3.266,-9.137,-0.691,0.000,0.000,0.000,-221897
28.112869875,1125871675,3.266,-9.133,-0.617,0.000,0.000,0.000,-221852
28.116017375,1125874896,3.266,-9.133,-0.617,0.000,0.000,0.000,-221911
28.121326084,1125880117,3.266,-9.133,-0.617,0.000,0.000,0.000,-222189
28.126738125,1125885338,3.266,-9.133,-0.617,0.000,0.000,0.000,-222697
28.130941,1125889559,3.266,-9.133,-0.617,0.000,0.000,0.000,-222894
28.136193417,1125894780,3.266,-9.133,-0.617,0.000,0.000,0.000,-221809
28.141479375,1125900001,3.266,-9.133,-0.617,0.000,0.000,0.000,-222190
28.145351209,1125904207,3.266,-9.137,-0.691,0.000,0.000,0.000,-222190
28.147620375,1125906427,3.266,-9.137,-0.691,0.000,0.000,0.000,-222774
28.152855167,1125911648,3.266,-9.137,-0.691,0.000,0.000,0.000,-222660
28.15725325,1125915869,3.266,-9.137,-0.691,0.000,0.000,0.000,-222086
28.161343459,1125920090,3.266,-9.137,-0.691,0.000,0.000,0.000,-221944
28.166117625,1125924311,3.266,-9.137,-0.691,0.000,0.000,0.000,-223097
28.172452542,1125930532,3.266,-9.137,-0.691,0.000,0.000,0.000,-222669
28.175864542,1125934753,3.266,-9.137,-0.691,0.000,0.000,0.000,-222028
28.179149417,1125937974,3.266,-9.137,-0.691,0.000,0.000,0.000,-222260
28.185467042,1125944195,3.266,-9.137,-0.691,0.000,0.000,0.000,-222067
28.189699709,1125948416,3.266,-9.137,-0.691,0.000,0.000,0.000,-222915
28.194023667,1125952637,3.266,-9.137,-0.691,0.000,0.000,0.000,-222209
28.19825175,1125956858,3.266,-9.137,-0.691,0.000,0.000,0.000,-221961
28.201472209,1125960079,3.266,-9.137,-0.691,0.000,0.000,0.000,-222070
28.205497209,1125964300,3.227,-9.137,-0.656,0.000,0.000,0.000,-222096
28.208645375,1125967521,3.227,-9.137,-0.656,0.000,0.000,0.000,-222340
28.214887667,1125973742,3.227,-9.137,-0.656,0.000,0.000,0.000,-222593
28.2191385,1125977965,3.227,-9.137,-0.656,0.000,0.000,0.000,-222112
28.223649167,1125982185,3.227,-9.137,-0.656,0.000,0.000,0.000,-223028
28.227542084,1125986391,3.227,-9.137,-0.656,0.000,0.000,0.000,-223028
28.232820834,1125991611,3.227,-9.137,-0.656,0.000,0.000,0.000,-221969
28.237100084,1125995832,3.266,-9.133,-0.656,0.000,0.000,0.000,-222219
28.240257084,1125999053,3.266,-9.133,-0.656,0.000,0.000,0.000,-222430
28.247469334,1126006274,3.266,-9.133,-0.656,0.000,0.000,0.000,-221757
28.252662334,1126011495,3.266,-9.133,-0.656,0.000,0.000,0.000,-222737
28.256972209,1126015716,3.266,-9.133,-0.656,0.000,0.000,0.000,-222419
28.261074542,1126019937,3.266,-9.133,-0.656,0.000,0.000,0.000,-221950
28.265464792,1126024158,3.266,-9.133,-0.656,0.000,0.000,0.000,-222309
28.270666709,1126029379,3.305,-9.137,-0.691,0.000,0.000,0.000,-222372
28.272795917,1126031600,3.305,-9.137,-0.691,0.000,0.000,0.000,-222057
28.277075167,1126035821,3.305,-9.137,-0.691,0.000,0.000,0.000,-222444
28.282237709,1126041042,3.305,-9.137,-0.691,0.000,0.000,0.000,-222814
28.286378625,1126045263,3.305,-9.137,-0.691,0.000,0.000,0.000,-222904
28.291649834,1126050484,3.305,-9.137,-0.691,0.000,0.000,0.000,-222177
28.295896209,1126054705,3.305,-9.137,-0.691,0.000,0.000,0.000,-221884
28.300148959,1126058926,3.305,-9.137,-0.691,0.000,0.000,0.000,-221934
28.302402542,1126061147,3.305,-9.137,-0.691,0.000,0.000,0.000,-222478
28.306548,1126065368,3.305,-9.137,-0.691,0.000,0.000,0.000,-222344
28.311763167,1126070589,3.305,-9.137,-0.691,0.000,0.000,0.000,-222526
28.316226875,1126074810,3.305,-9.137,-0.691,0.000,0.000,0.000,-222273
28.321195292,1126080031,3.305,-9.137,-0.691,0.000,0.000,0.000,-221786
28.325439917,1126084252,3.305,-9.137,-0.691,0.000,0.000,0.000,-222197
28.329683209,1126088473,3.227,-9.133,-0.691,0.000,0.000,0.000,-221567
28.331970334,1126090694,3.227,-9.133,-0.691,0.000,0.000,0.000,-222882
28.336170709,1126094915,3.227,-9.133,-0.691,0.000,0.000,0.000,-222284
28.34135275,1126100136,3.227,-9.133,-0.691,0.000,0.000,0.000,-222454
28.345461,1126104357,3.305,-9.137,-0.730,0.000,0.000,0.000,-222611
28.348724709,1126107578,3.305,-9.137,-0.730,0.000,0.000,0.000,-222765
28.35396375,1126112799,3.305,-9.137,-0.730,0.000,0.000,0.000,-221642
28.358133042,1126117020,3.305,-9.137,-0.730,0.000,0.000,0.000,-222146
28.362730334,1126121241,3.305,-9.137,-0.730,0.000,0.000,0.000,-221969
28.367024334,1126125462,3.305,-9.137,-0.730,0.000,0.000,0.000,-222354
28.370929334,1126129683,3.305,-9.137,-0.691,0.000,0.000,0.000,-222511
28.373143834,1126131904,3.305,-9.137,-0.691,0.000,0.000,0.000,-222543
28.377259709,1126136126,3.305,-9.137,-0.691,0.000,0.000,0.000,-222156
28.382812167,1126141347,3.305,-9.137,-0.691,0.000,0.000,0.000,-222013
28.386913875,1126145568,3.305,-9.137,-0.691,0.000,0.000,0.000,-223051
28.392192584,1126150789,3.305,-9.137,-0.691,0.000,0.000,0.000,-222292
28.396429167,1126155010,3.305,-9.137,-0.691,0.000,0.000,0.000,-222423
28.400634167,1126159231,3.266,-9.133,-0.656,0.000,0.000,0.000,-221893
28.403875667,1126162452,3.266,-9.133,-0.656,0.000,0.000,0.000,-222246
28.409832625,1126168673,3.266,-9.133,-0.656,0.000,0.000,0.000,-221978
28.414007792,1126172894,3.266,-9.133,-0.656,0.000,0.000,0.000,-221277
28.418257792,1126177115,3.266,-9.133,-0.656,0.000,0.000,0.000,-222468
28.422513167,1126181336,3.266,-9.133,-0.656,0.000,0.000,0.000,-222537
28.426691334,1126185557,3.266,-9.133,-0.656,0.000,0.000,0.000,-221995
28.431926167,1126190778,3.227,-9.133,-0.730,0.000,0.000,0.000,-222578
28.43537125,1126194000,3.227,-9.133,-0.730,0.000,0.000,0.000,-222824
28.440406667,1126199221,3.227,-9.133,-0.730,0.000,0.000,0.000,-222323
28.444594334,1126203442,3.266,-9.133,-0.656,0.000,0.000,0.000,-221882
28.447825167,1126206663,3.266,-9.133,-0.656,0.000,0.000,0.000,-222121
28.453156375,1126211884,3.266,-9.133,-0.656,0.000,0.000,0.000,-222758
28.45729875,1126216105,3.266,-9.133,-0.656,0.000,0.000,0.000,-222410
28.460474625,1126219326,3.266,-9.133,-0.656,0.000,0.000,0.000,-222136
28.464704417,1126223547,3.266,-9.133,-0.656,0.000,0.000,0.000,-222229
28.468883167,1126227768,3.266,-9.133,-0.656,0.000,0.000,0.000,-222853
28.473285375,1126231989,3.266,-9.137,-0.730,0.000,0.000,0.000,-222291
28.475374667,1126234210,3.266,-9.137,-0.730,0.000,0.000,0.000,-222839
28.479603417,1126238431,3.266,-9.137,-0.730,0.000,0.000,0.000,-222526
28.484845375,1126243652,3.266,-9.137,-0.730,0.000,0.000,0.000,-221756
28.488087625,1126246873,3.266,-9.137,-0.730,0.000,0.000,0.000,-222628
28.493250125,1126252094,3.266,-9.137,-0.730,0.000,0.000,0.000,-222721
28.496480667,1126255315,3.266,-9.137,-0.730,0.000,0.000,0.000,-222418
28.502733875,1126261536,3.266,-9.176,-0.656,0.000,0.000,0.000,-222206
28.504911417,1126263757,3.266,-9.176,-0.656,0.000,0.000,0.000,-222530
28.510110334,1126268978,3.266,-9.176,-0.656,0.000,0.000,0.000,-222566
28.514346417,1126273199,3.266,-9.176,-0.656,0.000,0.000,0.000,-222275
28.518616375,1126277420,3.266,-9.176,-0.656,0.000,0.000,0.000,-222826
28.523806667,1126282641,3.266,-9.176,-0.656,0.000,0.000,0.000,-222128
28.527996875,1126286862,3.266,-9.176,-0.656,0.000,0.000,0.000,-222041
28.53228725,1126291084,3.305,-9.137,-0.730,0.000,0.000,0.000,-222232
28.534506917,1126293305,3.305,-9.137,-0.730,0.000,0.000,0.000,-222759
28.539220292,1126297526,3.305,-9.137,-0.730,0.000,0.000,0.000,-222387
28.543865042,1126302747,3.266,-9.059,-0.656,0.000,0.000,0.000,-222362
28.547076959,1126305968,3.266,-9.059,-0.656,0.000,0.000,0.000,-221980
28.553408875,1126312189,3.266,-9.059,-0.656,0.000,0.000,0.000,-222431
28.557618334,1126316410,3.266,-9.059,-0.656,0.000,0.000,0.000,-222282
28.561909084,1126320631,3.266,-9.059,-0.656,0.000,0.000,0.000,-222305
28.56725875,1126325852,3.266,-9.059,-0.656,0.000,0.000,0.000,-222082
28.573107917,1126331073,3.266,-9.059,-0.656,0.000,0.000,0.000,-223163
28.576425459,1126335294,3.305,-9.133,-0.770,0.000,0.000,0.000,-221874
28.578684292,1126337515,3.305,-9.133,-0.770,0.000,0.000,0.000,-221974
28.584182292,1126342736,3.305,-9.133,-0.770,0.000,0.000,0.000,-222157
28.589282292,1126347958,3.305,-9.133,-0.770,0.000,0.000,0.000,-222372
28.593561,1126352181,3.305,-9.133,-0.770,0.000,0.000,0.000,-223213
28.597800417,1126356402,3.305,-9.133,-0.770,0.000,0.000,0.000,-222294
28.602039584,1126360623,3.305,-9.133,-0.770,0.000,0.000,0.000,-222736
28.606115292,1126364844,3.266,-9.137,-0.691,0.000,0.000,0.000,-221643
28.609211209,1126368065,3.266,-9.137,-0.691,0.000,0.000,0.000,-222302
28.6144415,1126373286,3.266,-9.137,-0.691,0.000,0.000,0.000,-221940
28.618723584,1126377507,3.266,-9.137,-0.691,0.000,0.000,0.000,-222261
28.623906459,1126382728,3.266,-9.137,-0.691,0.000,0.000,0.000,-221950
28.628103667,1126386949,3.266,-9.137,-0.691,0.000,0.000,0.000,-221346
28.633380709,1126392170,3.266,-9.137,-0.691,0.000,0.000,0.000,-222682
28.637649542,1126396391,3.266,-9.172,-0.691,0.000,0.000,0.000,-222909
28.641324334,1126399612,3.266,-9.172,-0.691,0.000,0.000,0.000,-222022
28.646001792,1126404833,3.266,-9.172,-0.691,0.000,0.000,0.000,-222137
28.651241959,1126410054,3.266,-9.172,-0.691,0.000,0.000,0.000,-222561
28.656492625,1126415275,3.266,-9.172,-0.691,0.000,0.000,0.000,-222411
28.661649792,1126420496,3.305,-9.098,-0.691,0.000,0.000,0.000,-222596
28.664868584,1126423702,3.305,-9.098,-0.691,0.000,0.000,0.000,-222596
28.671181209,1126429922,3.305,-9.098,-0.691,0.000,0.000,0.000,-222214
28.675471875,1126434143,3.305,-9.098,-0.691,0.000,0.000,0.000,-221725
28.679524209,1126438364,3.305,-9.098,-0.691,0.000,0.000,0.000,-222366
28.683768625,1126442585,3.305,-9.098,-0.691,0.000,0.000,0.000,-223043
28.689013542,1126447806,3.305,-9.098,-0.691,0.000,0.000,0.000,-222764
28.693235625,1126452027,3.227,-9.172,-0.656,0.000,0.000,0.000,-222537
28.69651925,1126455248,3.227,-9.172,-0.656,0.000,0.000,0.000,-221886
28.701867917,1126460469,3.227,-9.172,-0.656,0.000,0.000,0.000,-222120
28.706909709,1126465690,3.227,-9.172,-0.656,0.000,0.000,0.000,-222554
28.711111625,1126469911,3.227,-9.172,-0.656,0.000,0.000,0.000,-222356
28.715283125,1126474132,3.227,-9.172,-0.656,0.000,0.000,0.000,-222271
28.71853,1126477353,3.227,-9.172,-0.656,0.000,0.000,0.000,-222136
28.722943167,1126481574,3.305,-9.137,-0.691,0.000,0.000,0.000,-222456
28.726062209,1126484795,3.305,-9.137,-0.691,0.000,0.000,0.000,-221634
28.732392584,1126491016,3.305,-9.137,-0.691,0.000,0.000,0.000,-222855
28.736384209,1126495237,3.305,-9.137,-0.691,0.000,0.000,0.000,-223563
28.7407645,1126499458,3.305,-9.137,-0.691,0.000,0.000,0.000,-221936
28.744825,1126503679,3.305,-9.137,-0.691,0.000,0.000,0.000,-222030
28.752094417,1126510900,3.305,-9.137,-0.691,0.000,0.000,0.000,-222918
28.755422834,1126514121,3.227,-9.137,-0.656,0.000,0.000,0.000,-222268
28.757709209,1126516342,3.227,-9.137,-0.656,0.000,0.000,0.000,-222104
28.761953125,1126520563,3.227,-9.137,-0.656,0.000,0.000,0.000,-222084
28.765952084,1126524784,3.227,-9.137,-0.656,0.000,0.000,0.000,-222147
28.771425375,1126530005,3.227,-9.137,-0.656,0.000,0.000,0.000,-222120
28.776395917,1126535226,3.227,-9.137,-0.656,0.000,0.000,0.000,-222314
28.78161875,1126540447,3.266,-9.137,-0.730,0.000,0.000,0.000,-222286
28.784839667,1126543668,3.266,-9.137,-0.730,0.000,0.000,0.000,-222945
28.791052542,1126549889,3.266,-9.137,-0.730,0.000,0.000,0.000,-222507
28.795378792,1126554110,3.266,-9.137,-0.730,0.000,0.000,0.000,-222678
28.799516,1126558331,3.266,-9.137,-0.730,0.000,0.000,0.000,-223082
28.804063625,1126562552,3.266,-9.137,-0.730,0.000,0.000,0.000,-222427
28.807987834,1126566758,3.266,-9.137,-0.730,0.000,0.000,0.000,-222427
28.813136125,1126571978,3.266,-9.137,-0.730,0.000,0.000,0.000,-221930
28.816376625,1126575199,3.266,-9.137,-0.730,0.000,0.000,0.000,-221490
28.822607959,1126581420,3.266,-9.137,-0.730,0.000,0.000,0.000,-222315
28.826813417,1126585641,3.266,-9.137,-0.730,0.000,0.000,0.000,-222150
28.831081,1126589862,3.266,-9.137,-0.730,0.000,0.000,0.000,-222703
28.8357035,1126594083,3.266,-9.137,-0.730,0.000,0.000,0.000,-222249
28.838714334,1126597304,3.266,-9.137,-0.730,0.000,0.000,0.000,-222748
28.84273125,1126601525,3.227,-9.133,-0.691,0.000,0.000,0.000,-222032
28.845938792,1126604746,3.227,-9.133,-0.691,0.000,0.000,0.000,-221323
28.852187375,1126610967,3.227,-9.133,-0.691,0.000,0.000,0.000,-222539
28.856343292,1126615188,3.227,-9.133,-0.691,0.000,0.000,0.000,-222420
28.860567917,1126619409,3.227,-9.133,-0.691,0.000,0.000,0.000,-222054
28.8648325,1126623630,3.227,-9.133,-0.691,0.000,0.000,0.000,-222172
28.86910225,1126627851,3.227,-9.133,-0.691,0.000,0.000,0.000,-222954
28.873963417,1126632072,3.266,-9.098,-0.691,0.000,0.000,0.000,-222845
28.875468584,1126634293,3.266,-9.098,-0.691,0.000,0.000,0.000,-221387
28.879671334,1126638514,3.266,-9.098,-0.691,0.000,0.000,0.000,-222503
28.884022667,1126642735,3.266,-9.098,-0.691,0.000,0.000,0.000,-222704
28.888134125,1126646957,3.266,-9.098,-0.691,0.000,0.000,0.000,-222186
28.893358,1126652177,3.266,-9.098,-0.691,0.000,0.000,0.000,-222333
28.898602334,1126657398,3.344,-9.098,-0.656,0.000,0.000,0.000,-221863
28.902063584,1126660619,3.344,-9.098,-0.656,0.000,0.000,0.000,-222896
28.907254125,1126665840,3.344,-9.098,-0.656,0.000,0.000,0.000,-221799
28.91223875,1126671061,3.344,-9.098,-0.656,0.000,0.000,0.000,-222301
28.916462584,1126675282,3.344,-9.098,-0.656,0.000,0.000,0.000,-222922
28.921726959,1126680503,3.266,-9.098,-0.691,0.000,0.000,0.000,-222312
28.924001542,1126682724,3.266,-9.098,-0.691,0.000,0.000,0.000,-222195
28.929363917,1126687945,3.266,-9.098,-0.691,0.000,0.000,0.000,-221549
28.933616542,1126692166,3.266,-9.098,-0.691,0.000,0.000,0.000,-221659
28.937077459,1126695387,3.266,-9.098,-0.691,0.000,0.000,0.000,-222395
28.941849084,1126700608,3.266,-9.098,-0.691,0.000,0.000,0.000,-222425
28.946019917,1126704829,3.227,-9.176,-0.691,0.000,0.000,0.000,-222391
28.948224625,1126707050,3.227,-9.176,-0.691,0.000,0.000,0.000,-222993
28.953493125,1126712271,3.227,-9.176,-0.691,0.000,0.000,0.000,-222163
28.956675792,1126715492,3.227,-9.176,-0.691,0.000,0.000,0.000,-222090
28.961058375,1126719713,3.227,-9.176,-0.691,0.000,0.000,0.000,-221616
28.965507875,1126723934,3.227,-9.176,-0.691,0.000,0.000,0.000,-222744
28.969554167,1126728156,3.227,-9.176,-0.691,0.000,0.000,0.000,-223095
28.974926375,1126733377,3.305,-9.133,-0.617,0.000,0.000,0.000,-222328
28.977747625,1126736598,3.305,-9.133,-0.617,0.000,0.000,0.000,-222287
28.984010292,1126742819,3.305,-9.133,-0.617,0.000,0.000,0.000,-222406
28.988261667,1126747040,3.305,-9.133,-0.617,0.000,0.000,0.000,-222145
28.992525792,1126751261,3.305,-9.133,-0.617,0.000,0.000,0.000,-222409
28.996901542,1126755483,3.305,-9.133,-0.617,0.000,0.000,0.000,-221874
29.00334025,1126761704,3.305,-9.133,-0.617,0.000,0.000,0.000,-221762
29.007525792,1126765925,3.227,-9.094,-0.691,0.000,0.000,0.000,-222500
29.010415084,1126769146,3.227,-9.094,-0.691,0.000,0.000,0.000,-222184
29.016537417,1126775367,3.227,-9.094,-0.691,0.000,0.000,0.000,-222019
29.020795875,1126779588,3.227,-9.094,-0.691,0.000,0.000,0.000,-221630
29.026004584,1126784809,3.227,-9.094,-0.691,0.000,0.000,0.000,-221597
29.031208875,1126790030,3.227,-9.094,-0.691,0.000,0.000,0.000,-222778
29.036406,1126794251,3.227,-9.094,-0.691,0.000,0.000,0.000,-222638
29.039722167,1126798472,3.305,-9.137,-0.691,0.000,0.000,0.000,-223072
29.042850959,1126801693,3.305,-9.137,-0.691,0.000,0.000,0.000,-222152
29.048111334,1126806914,3.305,-9.137,-0.691,0.000,0.000,0.000,-222083
29.053374417,1126812135,3.305,-9.137,-0.691,0.000,0.000,0.000,-223140
29.056513,1126815356,3.305,-9.137,-0.691,0.000,0.000,0.000,-221819
29.061757125,1126820577,3.305,-9.137,-0.691,0.000,0.000,0.000,-221993
29.0660095,1126824798,3.227,-9.094,-0.691,0.000,0.000,0.000,-221995
29.068343875,1126827019,3.227,-9.094,-0.691,0.000,0.000,0.000,-222675
29.073645417,1126832240,3.227,-9.094,-0.691,0.000,0.000,0.000,-222059
29.078657125,1126837461,3.227,-9.094,-0.691,0.000,0.000,0.000,-222539
29.082854959,1126841682,3.227,-9.094,-0.691,0.000,0.000,0.000,-222239
29.087288,1126845905,3.227,-9.094,-0.691,0.000,0.000,0.000,-222515
29.09240075,1126851126,3.227,-9.094,-0.691,0.000,0.000,0.000,-222141
29.096735167,1126855347,3.266,-9.137,-0.730,0.000,0.000,0.000,-222260
29.099968167,1126858568,3.266,-9.137,-0.730,0.000,0.000,0.000,-222990
29.105322084,1126863789,3.266,-9.137,-0.730,0.000,0.000,0.000,-222504
29.109176792,1126868010,3.266,-9.137,-0.730,0.000,0.000,0.000,-222131
29.114531959,1126873231,3.266,-9.137,-0.730,0.000,0.000,0.000,-221703
29.118767792,1126877452,3.266,-9.137,-0.730,0.000,0.000,0.000,-221968
29.1220545,1126880673,3.266,-9.137,-0.730,0.000,0.000,0.000,-221868
29.126296125,1126884894,3.266,-9.133,-0.617,0.000,0.000,0.000,-222683
29.129576125,1126888115,3.266,-9.133,-0.617,0.000,0.000,0.000,-222104
29.135929917,1126894336,3.266,-9.133,-0.617,0.000,0.000,0.000,-223396
29.1401155,1126898542,3.266,-9.133,-0.617,0.000,0.000,0.000,-223396
29.143883167,1126902762,3.266,-9.133,-0.617,0.000,0.000,0.000,-221589
29.1481585,1126906983,3.266,-9.133,-0.617,0.000,0.000,0.000,-222522
29.153497709,1126912204,3.266,-9.133,-0.617,0.000,0.000,0.000,-222263
29.15771725,1126916425,3.266,-9.098,-0.691,0.000,0.000,0.000,-222538
29.161044042,1126919646,3.266,-9.098,-0.691,0.000,0.000,0.000,-222030
29.167354959,1126925867,3.266,-9.098,-0.691,0.000,0.000,0.000,-222225
29.172946042,1126931088,3.266,-9.098,-0.691,0.000,0.000,0.000,-222409
29.1764355,1126935309,3.266,-9.098,-0.691,0.000,0.000,0.000,-223147
29.181812125,1126940530,3.266,-9.098,-0.691,0.000,0.000,0.000,-221468
29.185955917,1126944751,3.266,-9.137,-0.730,0.000,0.000,0.000,-222347
29.188202375,1126946972,3.266,-9.137,-0.730,0.000,0.000,0.000,-221763
29.192478625,1126951193,3.266,-9.137,-0.730,0.000,0.000,0.000,-222425
29.196815167,1126955414,3.266,-9.137,-0.730,0.000,0.000,0.000,-222975
29.201041917,1126959635,3.266,-9.137,-0.730,0.000,0.000,0.000,-222035
29.205501042,1126963856,3.266,-9.137,-0.730,0.000,0.000,0.000,-222137
29.2092155,1126968077,3.266,-9.137,-0.730,0.000,0.000,0.000,-221518
29.214443667,1126973298,3.266,-9.172,-0.730,0.000,0.000,0.000,-222371
29.21769,1126976521,3.266,-9.172,-0.730,0.000,0.000,0.000,-222506
29.222902125,1126981742,3.266,-9.172,-0.730,0.000,0.000,0.000,-222326
29.227115209,1126985963,3.266,-9.172,-0.730,0.000,0.000,0.000,-221540
29.232339959,1126991184,3.266,-9.172,-0.730,0.000,0.000,0.000,-221964
29.236628125,1126995405,3.266,-9.172,-0.730,0.000,0.000,0.000,-222485
29.241341292,1126999626,3.266,-9.172,-0.730,0.000,0.000,0.000,-222814
29.245238167,1127003847,3.305,-9.133,-0.770,0.000,0.000,0.000,-222546
29.24731575,1127006068,3.305,-9.133,-0.770,0.000,0.000,0.000,-222292
29.254495792,1127013289,3.305,-9.133,-0.770,0.000,0.000,0.000,-222348
29.25969,1127018510,3.305,-9.133,-0.770,0.000,0.000,0.000,-222524
29.2639085,1127022731,3.305,-9.133,-0.770,0.000,0.000,0.000,-221802
29.268403042,1127026952,3.305,-9.133,-0.770,0.000,0.000,0.000,-222644
29.273407167,1127032173,3.305,-9.133,-0.770,0.000,0.000,0.000,-222887
29.2775895,1127036394,3.266,-9.133,-0.617,0.000,0.000,0.000,-222134
29.280796417,1127039615,3.266,-9.133,-0.617,0.000,0.000,0.000,-221738
29.287027917,1127045836,3.266,-9.133,-0.617,0.000,0.000,0.000,-221863
29.29221825,1127051057,3.266,-9.133,-0.617,0.000,0.000,0.000,-221961
29.296522834,1127055278,3.266,-9.133,-0.617,0.000,0.000,0.000,-222954
29.301664792,1127060499,3.266,-9.133,-0.617,0.000,0.000,0.000,-223238
29.305957542,1127064720,3.266,-9.137,-0.730,0.000,0.000,0.000,-221623
29.308364834,1127066941,3.266,-9.137,-0.730,0.000,0.000,0.000,-221635
29.312363959,1127071162,3.266,-9.137,-0.730,0.000,0.000,0.000,-222157
29.316577875,1127075383,3.266,-9.137,-0.730,0.000,0.000,0.000,-222735
29.319781125,1127078604,3.266,-9.137,-0.730,0.000,0.000,0.000,-222536
29.324004125,1127082825,3.266,-9.137,-0.730,0.000,0.000,0.000,-221443
29.328297292,1127087046,3.266,-9.094,-0.656,0.000,0.000,0.000,-221856
29.331557042,1127090267,3.266,-9.094,-0.656,0.000,0.000,0.000,-222531
29.33688875,1127095488,3.266,-9.094,-0.656,0.000,0.000,0.000,-222174
29.341838542,1127100709,3.266,-9.094,-0.656,0.000,0.000,0.000,-221820
29.3460915,1127104930,3.266,-9.094,-0.656,0.000,0.000,0.000,-222018
29.351348584,1127110152,3.266,-9.094,-0.656,0.000,0.000,0.000,-222222
29.35454875,1127113373,3.266,-9.098,-0.730,0.000,0.000,0.000,-222140
29.358837917,1127117594,3.266,-9.098,-0.730,0.000,0.000,0.000,-222248
29.362085209,1127120815,3.266,-9.094,-0.617,0.000,0.000,0.000,-222410
29.366308209,1127125036,3.266,-9.094,-0.617,0.000,0.000,0.000,-222123
29.371481542,1127130257,3.266,-9.094,-0.617,0.000,0.000,0.000,-222210
29.374736292,1127133478,3.266,-9.094,-0.617,0.000,0.000,0.000,-222092
29.378912,1127137699,3.266,-9.094,-0.617,0.000,0.000,0.000,-222124
29.38458575,1127142920,3.266,-9.094,-0.617,0.000,0.000,0.000,-221956
29.388520334,1127147126,3.266,-9.098,-0.730,0.000,0.000,0.000,-221956
29.39176875,1127150346,3.266,-9.098,-0.730,0.000,0.000,0.000,-222719
29.397959625,1127156567,3.266,-9.098,-0.730,0.000,0.000,0.000,-222465
29.402332125,1127160788,3.266,-9.098,-0.730,0.000,0.000,0.000,-222883
29.406707,1127165009,3.266,-9.098,-0.730,0.000,0.000,0.000,-222328
29.411369292,1127170230,3.266,-9.098,-0.730,0.000,0.000,0.000,-222460
29.414581625,1127173451,3.266,-9.133,-0.656,0.000,0.000,0.000,-222346
29.416830584,1127175672,3.266,-9.133,-0.656,0.000,0.000,0.000,-221694
29.422080875,1127180893,3.266,-9.133,-0.656,0.000,0.000,0.000,-222308
29.426267084,1127185114,3.266,-9.133,-0.656,0.000,0.000,0.000,-222527
29.431525584,1127190335,3.266,-9.133,-0.656,0.000,0.000,0.000,-222544
29.434690125,1127193556,3.227,-9.137,-0.656,0.000,0.000,0.000,-223042
29.439239125,1127197777,3.227,-9.137,-0.656,0.000,0.000,0.000,-222152
29.443132459,1127201998,3.227,-9.137,-0.656,0.000,0.000,0.000,-221618
29.4464095,1127205219,3.227,-9.137,-0.656,0.000,0.000,0.000,-222942
29.452678292,1127211440,3.227,-9.137,-0.656,0.000,0.000,0.000,-221990
29.4569475,1127215661,3.227,-9.137,-0.656,0.000,0.000,0.000,-222726
29.461144125,1127219883,3.266,-9.172,-0.730,0.000,0.000,0.000,-221463
29.463499667,1127222104,3.266,-9.172,-0.730,0.000,0.000,0.000,-222265
29.467738459,1127226325,3.266,-9.172,-0.730,0.000,0.000,0.000,-222110
29.473023792,1127231546,3.266,-9.172,-0.730,0.000,0.000,0.000,-222795
29.477219167,1127235767,3.266,-9.172,-0.730,0.000,0.000,0.000,-222332
29.482117334,1127240988,3.266,-9.133,-0.656,0.000,0.000,0.000,-221483
29.485458375,1127244209,3.266,-9.133,-0.656,0.000,0.000,0.000,-221642
29.491657625,1127250430,3.266,-9.133,-0.656,0.000,0.000,0.000,-222887
29.495843584,1127254651,3.266,-9.133,-0.656,0.000,0.000,0.000,-222057
29.500015917,1127258872,3.266,-9.133,-0.656,0.000,0.000,0.000,-222063
29.504311042,1127263093,3.266,-9.133,-0.656,0.000,0.000,0.000,-222779
29.508497917,1127267314,3.266,-9.133,-0.656,0.000,0.000,0.000,-222154
29.515792875,1127274535,3.266,-9.098,-0.691,0.000,0.000,0.000,-222415
29.517935167,1127276756,3.266,-9.098,-0.691,0.000,0.000,0.000,-222966
29.522193792,1127280979,3.266,-9.098,-0.691,0.000,0.000,0.000,-222521
29.526413084,1127285200,3.266,-9.098,-0.691,0.000,0.000,0.000,-222397
29.532713375,1127291421,3.266,-9.098,-0.691,0.000,0.000,0.000,-221846
29.53794725,1127295642,3.266,-9.098,-0.691,0.000,0.000,0.000,-221866
29.541083625,1127299863,3.266,-9.098,-0.691,0.000,0.000,0.000,-222103
29.545300667,1127304084,3.305,-9.094,-0.656,0.000,0.000,0.000,-221951
29.548436667,1127307305,3.305,-9.094,-0.656,0.000,0.000,0.000,-222286
29.554755542,1127313526,3.305,-9.094,-0.656,0.000,0.000,0.000,-222032
29.559060209,1127317747,3.305,-9.094,-0.656,0.000,0.000,0.000,-222400
29.562366209,1127320968,3.305,-9.094,-0.656,0.000,0.000,0.000,-222366
29.566696584,1127325189,3.305,-9.094,-0.656,0.000,0.000,0.000,-221945
29.571863084,1127330410,3.305,-9.094,-0.656,0.000,0.000,0.000,-222201
29.57476725,1127333631,3.266,-9.137,-0.730,0.000,0.000,0.000,-222288
29.58003325,1127338852,3.266,-9.137,-0.730,0.000,0.000,0.000,-222171
29.584328709,1127343073,3.266,-9.137,-0.730,0.000,0.000,0.000,-221466
29.58843025,1127347294,3.266,-9.137,-0.730,0.000,0.000,0.000,-221644
29.592977,1127351515,3.266,-9.137,-0.730,0.000,0.000,0.000,-222222
29.597151,1127355736,3.266,-9.137,-0.730,0.000,0.000,0.000,-222384
29.599386,1127357957,3.266,-9.137,-0.730,0.000,0.000,0.000,-221915
29.604831709,1127363178,3.266,-9.137,-0.730,0.000,0.000,0.000,-222421
29.610321167,1127368399,3.266,-9.137,-0.730,0.000,0.000,0.000,-221603
29.613783042,1127372620,3.266,-9.137,-0.730,0.000,0.000,0.000,-221979
29.617022709,1127375841,3.305,-9.094,-0.656,0.000,0.000,0.000,-222088
29.619252375,1127378062,3.305,-9.094,-0.656,0.000,0.000,0.000,-222683
29.624478292,1127383283,3.305,-9.094,-0.656,0.000,0.000,0.000,-221308
29.628675167,1127387504,3.305,-9.094,-0.656,0.000,0.000,0.000,-222431
29.633972459,1127392725,3.305,-9.094,-0.656,0.000,0.000,0.000,-223051
29.637257792,1127395946,3.305,-9.094,-0.656,0.000,0.000,0.000,-222529
29.642370334,1127401167,3.305,-9.094,-0.656,0.000,0.000,0.000,-221941
29.646601709,1127405388,3.266,-9.176,-0.617,0.000,0.000,0.000,-221674
29.648788125,1127407609,3.266,-9.176,-0.617,0.000,0.000,0.000,-222022
29.654025542,1127412830,3.266,-9.176,-0.617,0.000,0.000,0.000,-222141
29.6592935,1127418036,3.266,-9.176,-0.617,0.000,0.000,0.000,-222141
29.663539,1127422256,3.266,-9.137,-0.691,0.000,0.000,0.000,-221645
29.665643625,1127424477,3.266,-9.137,-0.691,0.000,0.000,0.000,-222149
29.67256725,1127430698,3.266,-9.137,-0.691,0.000,0.000,0.000,-222321
29.677089917,1127435919,3.266,-9.137,-0.691,0.000,0.000,0.000,-222234
29.682342959,1127441142,3.305,-9.137,-0.730,0.000,0.000,0.000,-221691
29.684543667,1127443363,3.305,-9.137,-0.730,0.000,0.000,0.000,-221485
29.689780792,1127448584,3.305,-9.137,-0.730,0.000,0.000,0.000,-223207
29.693998334,1127452805,3.305,-9.137,-0.730,0.000,0.000,0.000,-222001
29.698254917,1127457026,3.305,-9.137,-0.730,0.000,0.000,0.000,-221989
29.7025765,1127461247,3.305,-9.137,-0.730,0.000,0.000,0.000,-222491
29.706820417,1127465468,3.305,-9.137,-0.730,0.000,0.000,0.000,-222791
29.7118695,1127470689,3.305,-9.172,-0.691,0.000,0.000,0.000,-222228
29.715105709,1127473910,3.305,-9.172,-0.691,0.000,0.000,0.000,-223108
29.720383334,1127479131,3.305,-9.172,-0.691,0.000,0.000,0.000,-222448
29.724606625,1127483352,3.305,-9.172,-0.691,0.000,0.000,0.000,-221759
29.727886,1127486573,3.305,-9.172,-0.691,0.000,0.000,0.000,-222980
29.734206125,1127492794,3.305,-9.172,-0.691,0.000,0.000,0.000,-222528
29.738236,1127497015,3.305,-9.172,-0.691,0.000,0.000,0.000,-222910
29.742460667,1127501236,3.266,-9.133,-0.770,0.000,0.000,0.000,-221333
29.744613542,1127503457,3.266,-9.133,-0.770,0.000,0.000,0.000,-222160
29.749809417,1127508678,3.266,-9.133,-0.770,0.000,0.000,0.000,-222877
29.75514325,1127513899,3.266,-9.133,-0.770,0.000,0.000,0.000,-223168
29.759334625,1127518120,3.266,-9.133,-0.770,0.000,0.000,0.000,-222705
29.766484875,1127525341,3.266,-9.133,-0.770,0.000,0.000,0.000,-223018
29.772908917,1127531562,3.266,-9.133,-0.770,0.000,0.000,0.000,-222698
29.776916834,1127535783,3.227,-9.133,-0.691,0.000,0.000,0.000,-221983
29.78021025,1127539004,3.227,-9.133,-0.691,0.000,0.000,0.000,-221846
29.785410625,1127544225,3.227,-9.133,-0.691,0.000,0.000,0.000,-222561
29.789646584,1127548446,3.227,-9.133,-0.691,0.000,0.000,0.000,-221960
29.794910084,1127553667,3.227,-9.133,-0.691,0.000,0.000,0.000,-222050
29.799050959,1127557888,3.227,-9.133,-0.691,0.000,0.000,0.000,-222251
29.803394292,1127562109,3.227,-9.133,-0.691,0.000,0.000,0.000,-222472
29.806851709,1127565330,3.266,-9.137,-0.691,0.000,0.000,0.000,-221649
29.809765875,1127568551,3.266,-9.137,-0.691,0.000,0.000,0.000,-222425
29.814919209,1127573772,3.266,-9.137,-0.691,0.000,0.000,0.000,-222456
29.820168084,1127578993,3.266,-9.137,-0.691,0.000,0.000,0.000,-221807
29.824370334,1127583214,3.266,-9.137,-0.691,0.000,0.000,0.000,-222144
29.829602792,1127588435,3.266,-9.137,-0.691,0.000,0.000,0.000,-222572
29.835808,1127594656,3.266,-9.137,-0.691,0.000,0.000,0.000,-222634
29.840710125,1127598877,3.266,-9.133,-0.617,0.000,0.000,0.000,-222611
29.843493667,1127602098,3.266,-9.133,-0.617,0.000,0.000,0.000,-222778
29.849540667,1127608319,3.266,-9.133,-0.617,0.000,0.000,0.000,-222275
29.854825917,1127613540,3.266,-9.133,-0.617,0.000,0.000,0.000,-222259
29.858930459,1127617761,3.266,-9.133,-0.617,0.000,0.000,0.000,-222335
29.863173834,1127621982,3.266,-9.133,-0.617,0.000,0.000,0.000,-221924
29.867428667,1127626203,3.266,-9.133,-0.617,0.000,0.000,0.000,-222297
29.8708955,1127629424,3.266,-9.133,-0.617,0.000,0.000,0.000,-222370
29.876801292,1127635645,3.266,-9.133,-0.617,0.000,0.000,0.000,-221467
29.881003959,1127639866,3.266,-9.133,-0.617,0.000,0.000,0.000,-222076
29.885327834,1127644087,3.266,-9.133,-0.617,0.000,0.000,0.000,-222433
29.890536625,1127649308,3.266,-9.133,-0.617,0.000,0.000,0.000,-222769
29.895765,1127654529,3.266,-9.133,-0.617,0.000,0.000,0.000,-222584
29.899878584,1127658750,3.305,-9.176,-0.656,0.000,0.000,0.000,-222448
29.902307125,1127660971,3.305,-9.176,-0.656,0.000,0.000,0.000,-222636
29.907455667,1127666192,3.305,-9.176,-0.656,0.000,0.000,0.000,-222184
29.912702959,1127671413,3.305,-9.176,-0.656,0.000,0.000,0.000,-222392
29.917053667,1127675634,3.305,-9.176,-0.656,0.000,0.000,0.000,-222467
29.922182584,1127680855,3.305,-9.176,-0.656,0.000,0.000,0.000,-221649
29.927497625,1127686076,3.305,-9.176,-0.656,0.000,0.000,0.000,-222400
29.932729459,1127691297,3.266,-9.137,-0.691,0.000,0.000,0.000,-222545
29.935754167,1127694518,3.266,-9.137,-0.691,0.000,0.000,0.000,-222518
29.941273542,1127699739,3.266,-9.137,-0.691,0.000,0.000,0.000,-222352
29.945154292,1127703960,3.266,-9.137,-0.691,0.000,0.000,0.000,-222266
29.949318625,1127708181,3.266,-9.137,-0.691,0.000,0.000,0.000,-221976
29.953621959,1127712402,3.266,-9.137,-0.691,0.000,0.000,0.000,-221963
29.957910459,1127716623,3.266,-9.137,-0.691,0.000,0.000,0.000,-222402
29.962285709,1127720844,3.266,-9.137,-0.691,0.000,0.000,0.000,-222002
29.965606375,1127724065,3.266,-9.137,-0.691,0.000,0.000,0.000,-222098
29.971651292,1127730286,3.266,-9.137,-0.691,0.000,0.000,0.000,-222050
29.975637959,1127734507,3.266,-9.137,-0.691,0.000,0.000,0.000,-221636
29.979909959,1127738728,3.266,-9.137,-0.691,0.000,0.000,0.000,-222243
29.985280875,1127743949,3.266,-9.137,-0.691,0.000,0.000,0.000,-222500
29.989486667,1127748170,3.266,-9.137,-0.691,0.000,0.000,0.000,-222290
29.994840417,1127753391,3.305,-9.133,-0.578,0.000,0.000,0.000,-223085
29.997023834,1127755612,3.305,-9.133,-0.578,0.000,0.000,0.000,-222059
30.002401334,1127760833,3.305,-9.133,-0.578,0.000,0.000,0.000,-222703
30.006472084,1127765039,3.305,-9.133,-0.578,0.000,0.000,0.000,-222703
30.013401,1127772259,3.305,-9.133,-0.578,0.000,0.000,0.000,-221558
