85932571,2.809,-9.020,2.219,0.000,-0.002,-0.004,-223768
85935792,2.809,-9.020,2.219,0.004,0.006,0.004,-223377
85943225,2.844,-9.020,2.293,-0.002,0.012,0.016,-223003
85946446,2.809,-9.020,2.293,-0.002,0.012,0.016,-223424
85952879,2.809,-9.020,2.293,0.004,0.004,-0.004,-223143
85957100,2.809,-9.059,2.258,0.004,0.004,-0.004,-223294
85960321,2.809,-9.059,2.258,0.006,0.014,0.006,-223074
85966753,2.809,-9.059,2.258,-0.004,0.021,0.006,-223033
85970974,2.809,-9.059,2.258,-0.006,0.018,-0.002,-223056
85977407,2.730,-9.055,2.258,-0.006,0.006,-0.006,-223072
85980628,2.730,-9.098,2.293,-0.006,0.006,-0.006,-223249
85987061,2.730,-9.098,2.293,0.002,0.006,0.004,-222474
85991281,2.730,-9.098,2.293,0.004,0.000,0.004,-223460
85996715,2.730,-9.098,2.293,0.016,-0.006,0.004,-222823
86002149,2.770,-9.059,2.258,0.012,-0.014,0.002,-223394
86005370,2.809,-9.020,2.219,0.012,-0.014,0.002,-223069
86011803,2.809,-9.020,2.219,0.006,-0.006,-0.002,-223413
86015024,2.809,-9.020,2.219,0.006,-0.012,0.008,-223657
86022457,2.844,-9.059,2.219,0.002,-0.004,0.004,-221857
86025678,2.844,-9.059,2.219,0.004,-0.002,0.016,-223350
86032111,2.844,-9.059,2.219,0.000,-0.004,0.000,-223842
86036332,2.809,-9.059,2.293,0.000,-0.004,0.000,-222605
86042765,2.809,-9.059,2.293,0.004,0.008,-0.008,-223896
86045986,2.809,-9.059,2.293,0.000,0.016,0.008,-223118
86051419,2.844,-9.094,2.258,-0.006,0.025,0.031,-222412
86055640,2.691,-9.055,2.219,-0.006,0.025,0.031,-222422
86062074,2.691,-9.055,2.219,0.002,0.012,0.010,-223093
86066294,2.691,-9.055,2.219,0.002,0.012,0.010,-223144
86071727,2.691,-9.055,2.219,-0.004,-0.006,-0.029,-223198
86075948,2.770,-9.094,2.258,-0.004,-0.006,-0.029,-222932
86081382,2.770,-9.094,2.258,0.000,0.002,0.020,-222841
86086816,2.730,-9.098,2.258,0.004,-0.014,0.020,-222742
86091037,2.770,-9.094,2.293,0.004,-0.014,0.020,-223426
86096470,2.770,-9.094,2.293,0.006,-0.031,-0.012,-222500
86100691,2.770,-9.094,2.293,0.002,-0.025,-0.012,-222693
86107124,2.844,-9.020,2.332,0.014,-0.006,-0.002,-224219
86111345,2.844,-9.020,2.219,0.014,-0.006,-0.002,-223287
86117778,2.844,-9.020,2.219,-0.008,-0.002,0.012,-223230
86120999,2.844,-9.020,2.219,-0.006,-0.002,0.004,-223931
86127433,2.844,-9.016,2.180,-0.010,0.008,-0.002,-223443
86130654,2.844,-9.016,2.180,-0.012,0.025,0.008,-223390
86137088,2.809,-9.059,2.258,-0.016,0.023,0.004,-222822
86141309,2.809,-9.059,2.258,0.002,0.010,-0.004,-223663
86146741,2.730,-9.055,2.258,0.000,0.004,-0.006,-222359
86150962,2.770,-9.094,2.219,0.000,0.004,-0.006,-223216
86156395,2.770,-9.094,2.219,-0.004,0.021,0.021,-223339
86162828,2.770,-9.059,2.258,0.000,0.014,0.010,-222773
86166048,2.652,-9.094,2.219,0.000,0.014,0.010,-222579
86173466,2.652,-9.094,2.219,0.002,-0.012,-0.002,-223041
86176687,2.652,-9.094,2.219,0.002,-0.010,-0.004,-223235
86180908,2.770,-9.094,2.293,0.002,-0.010,-0.004,-223211
86186341,2.730,-9.055,2.293,0.002,-0.002,0.000,-222720
86192759,2.730,-9.055,2.293,0.008,-0.012,0.002,-223201
86196980,2.809,-9.059,2.219,0.008,-0.012,0.002,-223261
86200201,2.809,-9.059,2.219,0.016,-0.016,0.008,-224185
86207635,2.809,-9.059,2.219,0.002,-0.014,-0.012,-224076
86211856,2.809,-9.020,2.219,0.002,-0.014,-0.012,-222780
86217290,2.809,-9.020,2.219,0.000,-0.012,-0.018,-222756
86220511,2.883,-9.020,2.293,0.000,-0.012,-0.018,-223433
86226944,2.883,-9.020,2.293,0.000,-0.008,-0.006,-223738
86230165,2.883,-9.020,2.293,-0.002,-0.010,0.008,-223795
86237599,2.809,-9.020,2.219,-0.002,0.000,0.002,-223447
86240820,2.809,-9.020,2.219,0.004,0.006,0.000,-223651
86247254,2.809,-9.020,2.219,-0.006,0.012,-0.016,-223201
86251475,2.809,-9.020,2.219,-0.012,0.018,-0.014,-223347
86257909,2.809,-9.094,2.258,-0.012,0.014,-0.008,-224043
86261130,2.770,-9.094,2.332,-0.012,0.014,-0.008,-221915
86266564,2.770,-9.094,2.332,-0.006,0.010,-0.008,-223491
86271996,2.770,-9.094,2.332,0.000,0.002,0.004,-224166
86276217,2.691,-9.137,2.258,0.000,0.002,0.004,-223038
86281649,2.691,-9.137,2.258,0.006,0.000,0.012,-223166
86287082,2.691,-9.098,2.258,0.006,-0.012,-0.006,-222997
86291303,2.691,-9.098,2.258,0.004,-0.018,-0.016,-223197
86295524,2.770,-9.020,2.293,0.004,-0.018,-0.016,-223276
86301957,2.770,-9.020,2.293,0.008,-0.004,-0.006,-223307
86305178,2.809,-9.094,2.293,0.008,-0.004,-0.006,-223850
86311612,2.809,-9.094,2.293,0.004,-0.012,0.004,-223413
86315833,2.770,-9.020,2.219,0.004,-0.012,0.004,-222411
86321266,2.770,-9.020,2.219,0.000,-0.010,0.002,-223183
86327699,2.844,-9.059,2.258,0.006,-0.018,-0.002,-223190
86330920,2.844,-9.059,2.258,0.002,0.000,-0.006,-223130
86337352,2.883,-9.020,2.293,0.006,0.010,0.010,-222447
86340573,2.883,-9.020,2.293,-0.004,0.012,0.006,-223458
86347007,2.844,-9.020,2.258,-0.010,0.018,0.004,-223330
86351228,2.770,-9.055,2.180,-0.010,0.018,0.004,-223173
86356661,2.770,-9.055,2.180,-0.004,0.020,0.002,-223479
86362094,2.770,-9.055,2.180,-0.012,0.012,-0.014,-223191
86366315,2.730,-9.098,2.293,-0.012,0.012,-0.014,-222982
86372749,2.730,-9.098,2.293,-0.016,0.006,-0.004,-223598
86375970,2.730,-9.098,2.293,-0.004,0.004,-0.010,-223237
86383403,2.730,-9.098,2.293,0.000,-0.004,-0.012,-224017
86386624,2.730,-9.137,2.332,0.000,-0.004,-0.012,-223007
86392058,2.730,-9.137,2.332,0.000,-0.014,-0.006,-223308
86396279,2.730,-9.137,2.332,0.004,-0.006,0.000,-223337
86402712,2.770,-9.059,2.258,0.004,-0.006,0.006,-223105
86405933,2.770,-9.059,2.293,0.004,-0.006,0.006,-223556
86412366,2.770,-9.059,2.293,0.012,-0.021,-0.016,-223065
86416587,2.770,-9.059,2.293,-0.004,-0.025,-0.014,-222353
86422021,2.809,-9.020,2.219,-0.006,-0.018,-0.010,-222943
86425242,2.883,-8.977,2.258,-0.006,-0.018,-0.010,-222982
86432676,2.883,-8.977,2.258,-0.006,-0.006,0.012,-222469
86436897,2.844,-9.020,2.258,-0.006,-0.006,0.012,-223658
86440118,2.844,-9.020,2.258,-0.002,-0.008,0.010,-223586
86447551,2.883,-9.020,2.332,-0.004,-0.006,0.002,-223446
86450772,2.883,-9.020,2.332,-0.002,0.000,-0.006,-224055
86458206,2.844,-9.059,2.219,-0.002,0.012,0.004,-223167
86461427,2.844,-9.059,2.219,-0.006,0.021,0.010,-223359
86467861,2.844,-9.059,2.219,0.000,0.020,0.010,-223058
86472082,2.844,-9.059,2.219,-0.004,0.018,0.008,-223401
86475303,2.730,-9.098,2.219,-0.004,0.018,0.008,-222833
86481737,2.691,-9.137,2.258,-0.008,0.020,-0.004,-222937
86487170,2.691,-9.137,2.258,0.000,0.010,-0.020,-222732
86491391,2.691,-9.098,2.293,0.000,0.010,-0.020,-222941
86496824,2.691,-9.098,2.293,0.014,0.000,0.004,-223733
86501045,2.652,-9.059,2.258,0.014,0.000,0.004,-222727
86507478,2.652,-9.059,2.258,0.014,-0.020,-0.002,-223707
86511699,2.730,-9.055,2.219,0.014,-0.020,-0.002,-223191
86518132,2.730,-9.055,2.219,0.004,-0.018,-0.006,-223039
86522353,2.809,-9.020,2.258,0.004,-0.018,-0.006,-223225
86525574,2.809,-9.020,2.258,0.002,-0.014,0.002,-223440
86532008,2.809,-9.020,2.258,0.008,-0.025,0.004,-223666
86536229,2.883,-8.977,2.332,0.008,-0.025,0.004,-223796
86541662,2.883,-8.977,2.332,0.008,-0.008,0.008,-222953
86547095,2.883,-8.977,2.258,0.006,0.002,0.020,-223720
86551315,2.883,-8.977,2.258,-0.004,-0.006,0.020,-223673
86557749,2.883,-9.020,2.219,-0.012,0.002,0.006,-223196
86560970,2.883,-9.020,2.219,-0.018,0.012,0.008,-223326
86567403,2.844,-9.016,2.180,-0.014,0.012,0.004,-223271
86571624,2.809,-9.059,2.293,-0.014,0.012,0.004,-223105
86577057,2.809,-9.059,2.293,-0.020,0.014,0.002,-223077
86582490,2.809,-9.094,2.258,-0.008,0.021,0.004,-223699
86585711,2.730,-9.137,2.258,-0.008,0.021,0.004,-223454
86593144,2.730,-9.137,2.258,0.000,0.012,-0.008,-223657
86597365,2.730,-9.137,2.258,0.006,0.006,-0.018,-222736
86600586,2.691,-9.098,2.293,0.006,0.006,-0.018,-222318
86607019,2.691,-9.098,2.293,0.012,-0.004,-0.014,-223294
86610240,2.691,-9.098,2.258,0.012,-0.004,-0.014,-222947
86616674,2.730,-9.098,2.219,0.012,-0.004,0.000,-223303
86623107,2.730,-9.098,2.219,0.012,-0.002,0.008,-224004
86626328,2.770,-9.059,2.258,0.012,-0.002,0.008,-223504
86632762,2.770,-9.059,2.258,0.020,-0.012,-0.004,-222860
86635983,2.770,-9.059,2.258,0.018,-0.021,-0.006,-222874
86643417,2.809,-9.020,2.293,0.012,0.000,-0.010,-223796
86646638,2.844,-9.020,2.258,0.012,0.000,-0.010,-223436
86653071,2.844,-9.020,2.258,0.006,-0.006,-0.006,-223185
86657292,2.844,-9.016,2.180,0.006,-0.006,-0.006,-222477
86660513,2.844,-9.016,2.180,0.010,0.010,0.000,-223821
86667945,2.883,-9.020,2.258,0.006,0.010,-0.002,-223407
86671166,2.883,-9.020,2.258,-0.004,0.016,0.000,-223096
86678599,2.809,-9.059,2.293,-0.002,0.014,-0.006,-222648
86681820,2.809,-9.059,2.293,-0.010,0.020,-0.020,-222427
86685041,2.809,-9.059,2.293,-0.012,0.020,-0.006,-222965
86692474,2.809,-9.059,2.293,-0.006,0.002,-0.010,-223719
86695695,2.770,-9.094,2.293,-0.006,0.002,-0.010,-223193
86702113,2.730,-9.055,2.258,0.004,0.006,-0.002,-223052
86705333,2.730,-9.055,2.258,0.002,0.002,0.000,-223213
86711766,2.730,-9.055,2.258,0.004,-0.008,0.004,-223968
86718184,2.770,-9.055,2.180,-0.002,-0.012,0.000,-223324
86721404,2.770,-9.098,2.180,-0.002,-0.012,0.000,-223092
86726837,2.770,-9.098,2.180,0.000,-0.014,-0.010,-222669
86732270,2.770,-9.020,2.219,-0.006,-0.012,-0.012,-223589
86736491,2.844,-9.094,2.293,-0.006,-0.012,-0.012,-222210
86742924,2.844,-9.094,2.293,0.008,-0.010,0.004,-222760
86746145,2.844,-9.094,2.293,0.012,-0.008,0.012,-222567
86751579,2.883,-9.094,2.293,0.012,-0.006,0.023,-223262
86755800,2.883,-9.055,2.141,0.012,-0.006,0.023,-223715
86762234,2.844,-9.016,2.180,0.004,-0.004,0.010,-222410
86768668,2.844,-9.016,2.180,0.000,0.008,-0.006,-223924
86771891,2.844,-9.059,2.293,0.000,0.008,-0.006,-223675
86775112,2.844,-9.059,2.293,-0.010,0.020,-0.012,-223321
86781546,2.844,-9.059,2.293,-0.008,0.020,-0.006,-222798
86787979,2.809,-9.059,2.371,-0.004,0.020,0.002,-222900
86791200,2.809,-9.059,2.371,0.002,0.012,0.012,-223819
86797632,2.809,-9.094,2.293,0.010,0.012,0.002,-222894
86801852,2.809,-9.094,2.293,0.010,0.000,0.006,-222401
86808285,2.691,-9.098,2.219,0.008,-0.002,-0.002,-223182
86812506,2.730,-9.055,2.219,0.008,-0.002,-0.002,-222831
86815727,2.730,-9.055,2.219,0.004,-0.010,-0.020,-223656
86822160,2.730,-9.055,2.219,0.000,-0.006,-0.010,-223300
86825381,2.809,-9.020,2.332,0.000,-0.006,-0.010,-223308
86831815,2.809,-9.020,2.332,0.002,-0.004,0.012,-223138
86835036,2.809,-9.020,2.258,0.002,-0.004,0.012,-222894
86841469,2.809,-9.020,2.219,0.008,-0.008,0.008,-223287
86847902,2.844,-9.020,2.219,0.010,-0.010,0.010,-222277
86852123,2.844,-9.020,2.219,0.002,0.002,0.000,-223147
86856343,2.844,-9.020,2.219,-0.004,0.002,-0.010,-223232
86862776,2.844,-9.020,2.219,-0.010,0.004,-0.012,-222852
86865997,2.844,-9.059,2.293,-0.010,0.004,-0.012,-223341
86872430,2.844,-9.059,2.293,-0.012,-0.002,-0.010,-222899
86876651,2.844,-9.059,2.293,-0.006,0.000,-0.006,-222837
86883084,2.809,-9.059,2.293,0.000,0.002,-0.006,-222613
86886305,2.809,-9.059,2.293,0.000,0.002,-0.006,-222588
86893738,2.809,-9.059,2.293,-0.002,0.000,0.012,-222837
86897959,2.770,-9.020,2.219,-0.002,0.000,0.012,-222827
86901180,2.770,-9.020,2.219,0.004,0.006,0.006,-222759
86907613,2.770,-9.020,2.219,-0.004,0.006,0.010,-222859
86911834,2.770,-9.020,2.219,0.000,0.012,0.010,-222739
86918266,2.770,-9.094,2.258,-0.002,0.002,-0.016,-222940
86921487,2.730,-9.098,2.258,-0.002,0.002,-0.016,-223196
86927920,2.730,-9.098,2.258,0.002,-0.002,-0.016,-222795
86931141,2.730,-9.098,2.258,0.004,-0.002,-0.006,-222548
86938574,2.770,-9.094,2.293,0.012,0.000,-0.006,-222782
86941795,2.770,-9.059,2.258,0.012,0.000,-0.006,-222957
86947228,2.770,-9.059,2.258,0.018,-0.027,-0.016,-223642
86952661,2.691,-9.016,2.219,0.018,-0.016,-0.006,-223012
86956882,2.809,-9.016,2.180,0.018,-0.016,-0.006,-223022
86960103,2.809,-9.016,2.180,0.012,-0.004,0.012,-222744
86966537,2.809,-9.016,2.180,0.006,-0.016,-0.014,-222520
86971970,2.770,-8.977,2.219,0.004,-0.021,-0.025,-222959
86976191,2.883,-8.977,2.332,0.004,-0.021,-0.025,-223307
86982624,2.844,-8.977,2.332,0.000,-0.010,-0.023,-221988
86987057,2.844,-8.977,2.332,0.000,0.010,0.012,-222568
86991277,2.809,-9.020,2.293,0.000,0.010,0.012,-223078
86997709,2.809,-9.020,2.293,0.000,0.006,0.012,-222720
87000929,2.809,-9.016,2.180,0.000,0.006,0.012,-222419
87006362,2.809,-9.016,2.180,-0.008,0.010,-0.008,-222557
87012795,2.844,-9.059,2.219,-0.012,0.020,-0.004,-222900
87016016,2.730,-9.055,2.332,-0.012,0.020,-0.004,-223166
87021449,2.730,-9.055,2.332,-0.004,-0.002,-0.010,-222621
87027882,2.770,-9.094,2.293,0.006,-0.006,-0.004,-222758
87032103,2.770,-9.059,2.258,0.006,-0.006,-0.004,-223132
87037536,2.770,-9.059,2.258,0.002,-0.004,0.008,-222766
87040757,2.770,-9.094,2.219,0.002,-0.004,0.008,-222953
87046191,2.770,-9.055,2.180,0.000,-0.008,0.006,-222052
87053624,2.770,-9.055,2.180,-0.006,-0.010,0.000,-223840
87056845,2.809,-9.059,2.258,-0.006,-0.010,0.000,-223699
87062279,2.809,-9.059,2.258,-0.004,-0.012,-0.018,-222688
87066500,2.809,-9.094,2.332,-0.004,-0.012,-0.018,-222458
87072934,2.809,-9.094,2.332,0.006,-0.012,0.004,-222936
87077155,2.809,-9.094,2.332,0.004,-0.002,0.000,-223065
87083589,2.883,-9.020,2.219,-0.002,0.004,0.016,-222313
87086811,2.844,-9.016,2.180,-0.002,0.004,0.016,-223300
87093245,2.844,-9.016,2.180,-0.004,-0.008,0.000,-222974
87096466,2.844,-9.016,2.180,-0.002,-0.002,-0.004,-223585
87103900,2.844,-9.020,2.258,-0.008,0.006,-0.004,-222915
87107121,2.844,-9.059,2.258,-0.008,0.006,-0.004,-223064
87113554,2.844,-9.059,2.258,-0.006,0.016,0.008,-222466
87117775,2.770,-9.059,2.293,-0.006,0.016,0.008,-222640
87120996,2.770,-9.059,2.293,0.000,0.008,0.004,-222317
87128429,2.809,-9.059,2.258,0.004,0.006,0.000,-222618
87131649,2.809,-9.059,2.258,-0.002,0.008,-0.004,-223120
87139083,2.770,-9.094,2.219,0.000,0.008,0.000,-222916
87142303,2.770,-9.094,2.219,-0.002,0.000,-0.004,-222457
87145524,2.770,-9.094,2.219,0.000,-0.008,-0.006,-223751
87152957,2.770,-9.094,2.219,0.006,0.002,-0.002,-222631
87156178,2.809,-9.059,2.219,0.006,0.002,-0.002,-222907
87162596,2.770,-9.059,2.258,0.002,-0.004,-0.006,-223580
87165816,2.770,-9.059,2.258,0.002,-0.012,0.006,-222585
87172250,2.770,-9.059,2.258,0.008,-0.010,-0.008,-222750
87175471,2.844,-9.059,2.258,0.008,-0.010,-0.008,-223548
87181905,2.883,-9.020,2.258,0.006,-0.006,-0.004,-221944
87187338,2.883,-9.020,2.258,0.000,0.000,0.006,-223596
87192771,2.809,-9.020,2.258,-0.002,0.000,-0.002,-223511
87196992,2.844,-9.059,2.219,-0.002,0.000,-0.002,-223528
87200213,2.844,-9.059,2.219,0.002,0.002,-0.002,-222682
87206646,2.844,-9.059,2.219,-0.004,0.008,0.004,-223388
87213079,2.809,-9.059,2.258,0.000,0.000,-0.004,-222345
87217300,2.809,-9.059,2.258,0.000,0.000,-0.004,-222419
87220520,2.809,-9.059,2.258,0.000,0.000,0.000,-222817
87226953,2.730,-9.059,2.180,-0.002,0.004,0.002,-223098
87231174,2.730,-9.059,2.180,-0.002,0.006,0.010,-223015
87237607,2.809,-9.059,2.219,0.000,-0.004,0.006,-223398
87240828,2.809,-9.059,2.219,0.000,-0.004,-0.002,-223404
87247261,2.809,-9.059,2.293,0.000,0.006,-0.006,-222877
87251481,2.809,-9.059,2.293,-0.004,-0.006,-0.008,-223797
87257914,2.809,-9.059,2.293,-0.002,-0.008,-0.006,-224370
87262135,2.809,-9.059,2.293,0.000,0.002,0.002,-222781
87267568,2.844,-9.059,2.258,0.000,0.004,0.016,-223250
87271788,2.809,-9.094,2.258,0.000,0.004,0.016,-223204
87278221,2.809,-9.094,2.258,0.004,-0.002,0.004,-223615
87281442,2.809,-9.094,2.258,-0.006,0.000,-0.004,-222968
87287875,2.844,-9.020,2.258,0.002,0.002,-0.012,-222810
87292096,2.809,-9.059,2.258,0.002,0.002,-0.012,-222177
87297530,2.809,-9.059,2.258,0.000,0.002,0.000,-222814
87302964,2.844,-9.059,2.219,0.002,0.002,0.000,-222618
87306184,2.844,-9.059,2.293,0.002,0.002,0.000,-223269
87313617,2.844,-9.059,2.293,0.002,0.002,-0.004,-223008
87316823,2.844,-9.059,2.293,0.004,0.004,0.002,-223008
87320043,2.809,-9.020,2.293,0.004,0.004,0.002,-222861
87327476,2.770,-9.059,2.293,0.002,0.004,-0.006,-223732
87330697,2.770,-9.059,2.293,-0.006,0.000,0.000,-222704
87338130,2.809,-9.020,2.219,0.002,0.004,-0.004,-223748
87341351,2.809,-9.020,2.219,0.002,0.002,0.004,-223409
87348785,2.809,-9.055,2.180,-0.002,-0.002,0.002,-222767
87352006,2.809,-9.055,2.180,0.000,0.000,0.004,-223221
87355226,2.809,-9.055,2.180,0.000,-0.002,0.006,-223359
87362660,2.770,-9.059,2.293,0.000,0.002,0.004,-222870
87365880,2.770,-9.059,2.293,-0.004,0.000,-0.006,-222783
87373313,2.770,-9.059,2.293,0.006,-0.008,-0.006,-223390
87376534,2.844,-9.020,2.219,0.006,-0.008,-0.006,-223307
87382968,2.844,-9.059,2.258,0.008,-0.006,-0.004,-222465
87386189,2.844,-9.059,2.258,0.004,-0.004,-0.002,-223094
87392622,2.844,-9.059,2.258,-0.006,-0.002,0.008,-222953
87395843,2.770,-9.059,2.258,-0.006,-0.002,0.008,-223013
87402276,2.809,-9.059,2.293,-0.004,-0.006,0.004,-223222
87407710,2.809,-9.059,2.293,-0.002,-0.004,-0.006,-222619
87410931,2.809,-9.059,2.293,-0.002,-0.004,-0.006,-223050
87418364,2.844,-9.020,2.219,0.002,0.000,-0.004,-223069
87421585,2.844,-9.020,2.219,-0.004,0.002,0.004,-223210
87428019,2.844,-9.020,2.219,-0.004,0.010,0.016,-223458
87432240,2.844,-9.020,2.219,-0.004,0.008,-0.002,-222809
87435461,2.809,-9.059,2.219,-0.004,0.008,-0.002,-222599
87441894,2.809,-9.059,2.219,-0.004,0.006,-0.002,-222759
87447327,2.770,-9.094,2.332,-0.002,0.002,0.000,-223245
87450548,2.770,-9.094,2.332,0.002,0.004,-0.006,-223824
87456981,2.809,-9.094,2.293,0.000,-0.004,-0.004,-223111
87460202,2.809,-9.094,2.293,0.006,0.000,-0.002,-223427
87466636,2.809,-9.094,2.293,0.002,-0.002,0.010,-222932
87472069,2.770,-9.059,2.258,0.002,-0.002,-0.002,-222759
87476290,2.844,-9.059,2.258,0.002,-0.002,-0.002,-222620
87482723,2.844,-9.059,2.258,0.004,0.002,0.000,-222215
87488156,2.809,-9.020,2.219,0.000,-0.002,-0.004,-223099
87492377,2.809,-9.020,2.219,0.004,-0.002,0.002,-223392
87496598,2.844,-9.059,2.293,0.004,-0.002,0.002,-223013
87502032,2.844,-9.059,2.293,0.004,0.010,-0.002,-223111
87508465,2.844,-9.059,2.258,0.000,0.010,0.002,-223198
87511685,2.844,-9.059,2.258,0.002,-0.004,-0.008,-222566
87518119,2.809,-9.059,2.293,-0.004,-0.002,-0.006,-222835
87521340,2.809,-9.059,2.293,0.000,0.002,-0.004,-222996
87527774,2.844,-9.020,2.332,0.000,0.010,-0.002,-222357
87531995,2.770,-9.059,2.258,0.000,0.010,-0.002,-223229
87537429,2.770,-9.059,2.258,0.004,-0.004,-0.008,-223201
87542862,2.770,-9.059,2.219,0.002,0.002,0.000,-222996
87547082,2.809,-9.094,2.293,0.002,0.002,0.000,-222920
87550302,2.809,-9.094,2.293,0.000,0.008,0.006,-221865
87557735,2.809,-9.094,2.293,0.004,-0.006,-0.014,-223496
87561956,2.770,-9.059,2.293,0.004,-0.006,-0.014,-223228
87565177,2.770,-9.059,2.293,0.006,-0.006,-0.002,-222591
87571611,2.770,-9.059,2.293,0.002,-0.002,-0.002,-222211
87577044,2.770,-9.059,2.258,0.008,-0.006,-0.010,-222916
87580265,2.770,-9.020,2.219,0.008,-0.006,-0.010,-223046
87586698,2.770,-9.059,2.219,0.008,-0.006,-0.008,-222791
87593131,2.770,-9.059,2.219,-0.004,-0.008,0.000,-221871
87597352,2.770,-9.059,2.219,0.004,-0.006,0.002,-223139
87602786,2.844,-9.059,2.258,0.002,0.006,0.008,-222596
87606006,2.844,-9.020,2.219,0.002,0.006,0.008,-222622
87613438,2.844,-9.020,2.219,0.002,-0.008,-0.008,-222903
87617659,2.809,-9.094,2.293,0.002,-0.008,-0.008,-222505
87620880,2.809,-9.094,2.293,0.000,-0.002,-0.004,-222536
87628313,2.770,-9.094,2.258,-0.008,0.004,0.006,-223153
87631534,2.770,-9.094,2.258,-0.004,-0.006,0.004,-222977
87638967,2.883,-9.059,2.258,0.002,-0.014,-0.006,-223116
87642188,2.883,-9.059,2.258,0.002,-0.004,-0.002,-223010
87645411,2.883,-9.059,2.258,0.000,0.006,0.000,-222724
87652828,2.883,-9.059,2.258,0.000,0.006,0.014,-222420
87656048,2.809,-9.059,2.371,0.000,0.006,0.014,-223842
87662480,2.844,-9.094,2.293,-0.010,-0.008,-0.004,-222796
87667913,2.844,-9.094,2.293,-0.002,0.012,-0.010,-222077
87671134,2.844,-9.059,2.258,-0.002,0.012,-0.010,-222642
87678568,2.730,-9.055,2.258,0.002,0.020,0.018,-222851
87681788,2.730,-9.055,2.258,0.000,-0.012,-0.006,-222545
87685009,2.730,-9.055,2.258,0.004,-0.016,-0.006,-223095
87692443,2.809,-9.059,2.219,0.008,-0.004,0.004,-223553
87695664,2.809,-9.059,2.219,0.008,0.010,-0.012,-222302
87703098,2.809,-9.020,2.258,0.004,0.008,0.006,-222873
87705318,2.809,-9.020,2.258,-0.008,-0.010,0.000,-222964
87712751,2.809,-9.020,2.258,0.000,0.006,0.016,-223113
87716972,2.770,-9.059,2.293,0.000,0.006,0.016,-223085
87722404,2.770,-9.059,2.293,0.006,-0.002,-0.008,-223034
87727837,2.770,-9.020,2.219,-0.004,-0.002,-0.004,-223052
87732058,2.770,-9.020,2.219,0.000,0.008,-0.004,-223389
87735279,2.770,-9.020,2.219,0.000,0.008,-0.004,-222220
87741713,2.770,-9.020,2.219,0.000,0.002,0.004,-222498
87748146,2.770,-9.059,2.293,-0.008,-0.004,0.006,-223043
87752367,2.770,-9.094,2.293,-0.008,-0.004,0.006,-223184
87757800,2.770,-9.094,2.293,-0.004,-0.016,-0.006,-222743
87760021,2.770,-9.059,2.371,-0.004,-0.016,-0.006,-222531
87766454,2.883,-9.059,2.219,0.000,-0.018,-0.010,-223174
87773887,2.883,-9.059,2.219,0.000,-0.002,-0.014,-222624
87778108,2.883,-9.059,2.219,-0.006,-0.002,0.006,-222365
87782329,2.809,-9.094,2.219,-0.006,-0.002,0.006,-222591
87787764,2.809,-9.094,2.219,-0.006,-0.004,-0.002,-222551
87791985,2.809,-9.020,2.332,-0.006,-0.004,-0.002,-223573
87797419,2.809,-9.020,2.332,-0.008,-0.002,-0.014,-223219
87803852,2.844,-9.059,2.332,0.000,0.008,-0.004,-222614
87807073,2.809,-9.059,2.219,0.000,0.008,-0.004,-222834
87813506,2.809,-9.059,2.219,0.004,0.004,0.004,-222225
87816727,2.809,-9.059,2.219,-0.002,0.002,0.004,-222760
87824145,2.809,-9.055,2.180,-0.004,0.010,-0.004,-222874
87827365,2.730,-9.055,2.219,-0.004,0.010,-0.004,-222164
87833799,2.730,-9.055,2.219,0.006,-0.012,-0.002,-223229
87838020,2.770,-9.059,2.258,0.006,-0.012,-0.002,-223704
87841241,2.770,-9.059,2.258,0.004,0.004,-0.004,-223024
87848674,2.809,-9.059,2.332,0.008,-0.002,0.010,-222441
87851895,2.809,-9.059,2.332,0.014,-0.006,-0.002,-222581
87855116,2.809,-9.059,2.332,0.008,-0.004,0.000,-222352
87862549,2.844,-9.059,2.219,0.008,-0.004,0.006,-222638
87865770,2.844,-9.059,2.219,0.010,0.006,0.002,-222150
87873203,2.844,-9.059,2.219,0.012,-0.006,-0.004,-222485
87876424,2.844,-9.020,2.258,0.012,-0.006,-0.004,-222984
87882858,2.809,-9.059,2.219,0.000,0.002,-0.016,-222795
87885079,2.809,-9.059,2.219,0.002,0.000,-0.002,-222082
87892513,2.809,-9.020,2.258,0.002,0.000,0.000,-222527
87898946,2.809,-9.020,2.258,0.002,0.002,0.008,-222637
87903166,2.809,-9.059,2.219,0.002,0.002,0.008,-222161
87906386,2.809,-9.059,2.219,-0.004,0.006,0.000,-222785
87913818,2.809,-9.059,2.219,-0.004,0.002,0.004,-222061
87917039,2.809,-9.059,2.219,0.004,0.002,0.000,-221933
87920259,2.809,-9.059,2.219,-0.002,0.000,-0.002,-222626
87926692,2.770,-9.020,2.293,-0.008,-0.004,0.008,-222546
87933125,2.770,-9.020,2.293,0.000,-0.002,0.008,-222165
87937346,2.809,-9.020,2.293,0.000,-0.002,0.008,-222674
87942780,2.809,-9.020,2.293,-0.004,-0.012,0.008,-223311
87945001,2.809,-9.059,2.332,-0.004,-0.012,0.008,-222709
87952435,2.809,-9.059,2.332,0.004,0.008,0.014,-222201
87956655,2.883,-9.020,2.258,0.004,0.008,0.014,-222358
87963088,2.883,-9.020,2.258,0.000,0.010,0.010,-221506
87965308,2.844,-9.016,2.141,0.000,0.010,0.010,-222696
87970742,2.809,-9.059,2.219,-0.016,0.012,0.008,-223170
87978175,2.809,-9.059,2.219,-0.018,0.018,-0.016,-223161
87980396,2.809,-9.059,2.293,-0.018,0.018,-0.016,-222122
87986829,2.730,-9.098,2.293,-0.006,0.014,-0.008,-222827
87990050,2.730,-9.098,2.293,-0.008,0.010,0.000,-222690
87998484,2.730,-9.098,2.293,0.006,0.004,0.010,-223436
88001704,2.770,-9.059,2.258,0.006,0.004,0.010,-223315
88008136,2.770,-9.059,2.258,0.004,0.002,0.000,-223526
88012357,2.770,-9.055,2.180,0.004,0.002,0.000,-222490
88017789,2.770,-9.055,2.180,0.002,-0.006,0.000,-222928
88020010,2.809,-9.059,2.219,0.002,-0.006,0.000,-222593
88026443,2.809,-9.059,2.293,0.002,-0.006,-0.002,-222625
88033876,2.809,-9.059,2.293,0.004,-0.004,-0.002,-222994
88037097,2.809,-9.059,2.293,0.002,-0.002,0.004,-222419
88040318,2.809,-9.020,2.219,0.002,-0.002,0.004,-222966
88047751,2.809,-9.020,2.258,-0.002,-0.002,0.000,-223065
88050972,2.809,-9.020,2.258,0.002,0.000,0.000,-222406
88055192,2.809,-9.020,2.258,-0.002,0.002,-0.002,-223612
88062626,2.809,-9.059,2.258,-0.004,0.002,0.002,-223519
88069060,2.809,-9.059,2.258,-0.004,0.006,0.002,-222934
88073281,2.809,-9.059,2.258,-0.002,0.008,0.000,-222951
88076502,2.809,-9.059,2.293,-0.002,0.008,0.000,-224059
88081936,2.809,-9.059,2.258,0.000,-0.002,0.006,-223124
88088370,2.770,-9.020,2.258,0.000,0.004,0.008,-223251
88091590,2.770,-9.020,2.258,-0.004,0.004,0.008,-222943
88099024,2.770,-9.059,2.219,-0.002,0.010,0.004,-223270
88102245,2.770,-9.059,2.219,-0.006,0.006,0.002,-222917
88105466,2.770,-9.059,2.219,-0.004,0.006,-0.002,-223007
88112899,2.770,-9.059,2.219,-0.008,0.004,0.002,-222442
88116120,2.809,-9.020,2.293,-0.008,0.004,0.002,-222770
88122554,2.809,-9.059,2.258,-0.004,0.002,-0.002,-222809
88127988,2.809,-9.059,2.258,-0.006,0.000,0.002,-223318
88130209,2.809,-9.059,2.258,-0.006,0.000,0.002,-222782
88137643,2.809,-9.020,2.219,0.002,-0.002,0.004,-222925
88140864,2.809,-9.020,2.219,-0.008,-0.002,0.006,-223135
88147298,2.809,-9.020,2.219,-0.008,0.000,0.000,-222887
88152732,2.809,-9.059,2.219,-0.002,0.002,-0.002,-224113
88156953,2.770,-9.059,2.258,-0.002,0.002,-0.002,-223908
88160174,2.770,-9.059,2.258,-0.006,0.002,0.006,-222889
88166608,2.809,-9.059,2.258,-0.006,0.004,0.004,-224198
88173044,2.809,-9.059,2.258,-0.008,-0.002,0.000,-222927
88177265,2.809,-9.059,2.258,-0.008,-0.002,0.000,-223217
88182699,2.809,-9.059,2.258,-0.006,0.002,0.002,-223291
88188133,2.770,-9.094,2.293,0.000,0.000,0.004,-223562
88192354,2.770,-9.094,2.293,-0.004,-0.002,0.004,-223727
88195575,2.809,-9.059,2.258,-0.004,-0.002,0.004,-222681
88203009,2.809,-9.059,2.258,0.002,0.004,-0.004,-224272
88205230,2.770,-9.059,2.219,0.002,0.004,-0.004,-223374
88213664,2.809,-9.094,2.219,-0.002,0.000,0.004,-223639
88216885,2.809,-9.094,2.219,0.002,-0.002,0.004,-221676
88220106,2.809,-9.094,2.219,-0.004,0.000,0.006,-222732
88226540,2.844,-9.020,2.258,0.004,-0.002,0.002,-223833
88233973,2.844,-9.020,2.258,-0.004,0.000,-0.002,-223788
88238194,2.844,-9.020,2.258,-0.006,0.002,-0.002,-222991
88240415,2.809,-9.059,2.219,-0.006,0.002,-0.002,-223114
88247849,2.809,-9.020,2.293,-0.008,-0.004,0.002,-223692
88251070,2.809,-9.020,2.293,0.004,0.002,0.000,-223090
88255290,2.809,-9.020,2.293,-0.002,0.000,-0.004,-223720
88262724,2.809,-9.059,2.258,0.002,0.006,0.004,-223270
88268158,2.770,-9.059,2.219,0.004,0.006,0.004,-222877
88272378,2.770,-9.059,2.219,-0.010,0.000,0.000,-222895
88275599,2.770,-9.059,2.219,-0.004,-0.002,0.004,-223390
88283033,2.770,-9.020,2.293,-0.006,-0.002,-0.002,-223144
88286254,2.770,-9.020,2.293,-0.006,0.002,0.000,-223374
88292688,2.770,-9.020,2.293,0.002,-0.002,-0.006,-224080
88295909,2.770,-9.059,2.219,0.002,-0.002,-0.006,-223874
88300130,2.770,-9.059,2.219,0.004,-0.002,0.010,-223766
88306564,2.809,-9.059,2.258,-0.006,-0.002,-0.002,-223757
88312998,2.809,-9.059,2.258,0.000,-0.002,0.004,-222399
88316219,2.809,-9.059,2.219,0.000,-0.002,0.004,-223208
88322653,2.883,-9.059,2.293,-0.006,-0.014,-0.008,-224147
88328087,2.883,-9.059,2.293,-0.004,0.000,0.018,-223708
88330308,2.844,-9.059,2.293,-0.004,0.000,0.018,-223346
88337741,2.730,-9.059,2.180,-0.008,0.010,0.021,-223197
88341962,2.730,-9.059,2.180,0.000,0.020,0.018,-223750
88345183,2.730,-9.059,2.180,-0.016,-0.006,0.006,-223537
88352617,2.883,-9.020,2.293,0.002,-0.014,-0.031,-223292
88361051,2.883,-9.020,2.293,0.004,0.020,0.023,-223107
88364272,2.883,-9.020,2.293,0.004,0.043,0.033,-222733
88367493,2.883,-9.020,2.293,-0.002,0.027,0.035,-223080
88376926,2.691,-9.055,2.102,-0.004,0.014,0.020,-223483
88380147,2.691,-9.055,2.102,0.002,0.002,-0.008,-223719
88383368,2.691,-9.055,2.102,0.002,-0.006,-0.021,-222504
88387589,2.809,-9.094,2.371,0.002,-0.006,-0.021,-223603
88394022,2.809,-9.094,2.371,0.014,0.021,-0.002,-223834
88398243,2.730,-9.055,2.219,0.014,0.021,-0.002,-223277
88401464,2.730,-9.055,2.219,0.012,0.008,0.014,-223326
88407898,2.691,-9.020,2.141,0.016,0.000,0.016,-223834
88412119,2.691,-9.020,2.141,0.008,-0.004,0.020,-223418
88415340,2.691,-9.020,2.141,0.004,-0.012,-0.008,-223056
88422773,2.691,-9.020,2.141,-0.008,0.008,-0.014,-223666
88428206,2.844,-9.020,2.332,0.006,0.004,0.004,-223648
88432426,2.844,-9.020,2.332,-0.004,-0.018,-0.012,-224047
88435647,2.730,-9.055,2.219,-0.004,-0.018,-0.012,-223425
88443081,2.730,-9.055,2.219,-0.004,0.000,0.023,-223909
88445302,2.844,-9.059,2.371,-0.004,0.000,0.023,-224131
88452736,2.730,-8.977,2.141,0.002,0.002,0.004,-223487
88458170,2.730,-8.977,2.141,-0.020,-0.004,-0.008,-224248
88460391,2.844,-9.020,2.219,-0.020,-0.004,-0.008,-223382
88467827,2.809,-9.059,2.293,-0.014,0.018,0.016,-222872
88470048,2.809,-9.059,2.293,-0.016,0.002,0.010,-223412
88477482,2.809,-9.059,2.293,0.000,-0.002,-0.004,-222822
88480703,2.809,-9.094,2.332,0.000,-0.002,-0.004,-223776
88487137,2.844,-9.133,2.258,-0.004,0.000,-0.010,-222918
88493570,2.844,-9.133,2.258,-0.004,0.012,0.004,-222997
88497792,2.844,-9.133,2.258,-0.004,-0.008,-0.008,-223117
88500013,2.809,-9.059,2.258,-0.004,-0.008,-0.008,-224073
88507448,2.730,-9.016,2.102,0.014,0.014,0.006,-224484
88513882,2.730,-9.016,2.102,0.002,0.000,-0.025,-224183
88518103,2.730,-9.016,2.102,-0.012,0.002,-0.012,-224251
88521324,2.730,-9.098,2.332,-0.012,0.002,-0.012,-223374
88527758,2.730,-9.055,2.293,0.000,0.000,-0.014,-223455
88534191,2.730,-9.055,2.293,0.008,-0.033,-0.025,-223178
88537412,2.730,-9.055,2.293,0.012,0.014,0.000,-223724
88540633,2.844,-9.059,2.293,0.012,0.014,0.000,-223945
88549066,2.770,-9.055,2.180,0.006,0.016,0.035,-223844
88552287,2.770,-9.055,2.180,0.016,0.002,0.020,-223876
88555508,2.770,-9.055,2.180,0.002,-0.021,-0.021,-224664
88562942,2.883,-9.020,2.258,0.006,-0.002,-0.016,-223916
88566163,2.883,-9.020,2.258,-0.004,-0.004,-0.012,-223061
88573597,2.883,-9.020,2.258,0.004,0.020,0.020,-224528
88576817,2.883,-9.094,2.258,0.004,0.020,0.020,-224038
88580037,2.883,-9.094,2.258,0.002,0.002,0.004,-223820
88585470,2.730,-8.977,2.141,0.002,0.008,0.016,-223928
88592903,2.652,-9.020,2.258,-0.016,0.008,0.006,-224218
88595124,2.652,-9.020,2.258,-0.002,0.031,0.004,-224161
88602558,2.691,-9.137,2.258,-0.018,0.010,-0.004,-223928
88607992,2.691,-9.137,2.258,-0.006,-0.025,-0.023,-224154
88611213,2.922,-9.137,2.293,-0.006,-0.025,-0.023,-223933
88617647,2.809,-9.094,2.219,0.018,0.016,0.012,-223769
88624081,2.809,-9.094,2.219,0.008,-0.014,-0.006,-224240
88627302,2.809,-9.094,2.219,0.000,-0.025,-0.018,-223562
88632736,2.770,-9.020,2.258,0.000,-0.002,-0.004,-224092
88636957,2.844,-9.059,2.293,0.000,-0.002,-0.004,-223624
88643391,2.844,-9.059,2.293,0.014,0.006,-0.004,-224135
88645613,2.809,-9.020,2.258,0.014,0.006,-0.004,-223325
88653045,2.844,-9.098,2.180,0.012,0.002,0.002,-222949
88655266,2.844,-9.098,2.180,-0.008,0.000,0.020,-222775
88660700,2.770,-9.016,2.180,0.004,0.020,0.027,-223749
88667133,2.770,-9.016,2.180,-0.008,0.002,-0.037,-223479
88672567,2.730,-9.055,2.258,0.000,-0.018,-0.020,-224434
88676789,2.770,-9.059,2.371,0.000,-0.018,-0.020,-223293
88680010,2.770,-9.059,2.371,0.004,0.002,0.000,-223749
88686443,2.770,-9.094,2.258,0.006,0.023,0.021,-222999
88692876,2.770,-9.133,2.293,0.016,-0.016,-0.008,-223663
88697097,2.844,-9.055,2.180,0.016,-0.016,-0.008,-224028
88702531,2.844,-9.055,2.180,0.006,0.027,0.016,-223621
88708964,2.922,-9.098,2.219,0.000,0.012,0.000,-224149
88713184,2.730,-9.098,2.219,0.000,0.012,0.000,-223079
88715404,2.730,-9.098,2.219,0.004,0.008,-0.033,-223590
88721839,2.809,-9.020,2.219,-0.004,0.000,-0.012,-224043
88727272,2.770,-9.059,2.332,-0.008,0.008,-0.004,-223829
88730493,2.770,-9.059,2.332,0.010,0.023,0.004,-222974
88737926,2.770,-9.059,2.332,0.020,0.014,0.008,-223652
88741147,2.844,-9.094,2.332,0.020,0.014,0.008,-223766
88747579,2.730,-9.098,2.219,0.008,0.004,0.000,-223388
88754012,2.730,-9.098,2.219,0.002,0.020,0.010,-223158
88758233,2.730,-9.098,2.219,0.002,-0.002,-0.010,-222870
88760454,2.691,-9.055,2.219,0.002,-0.002,-0.010,-224123
88766887,2.809,-9.094,2.332,0.006,0.014,-0.012,-222787
88770108,2.809,-9.094,2.332,0.008,-0.002,0.004,-223351
88778542,2.809,-9.094,2.371,0.008,0.004,-0.018,-223229
88781763,2.809,-9.094,2.371,0.012,0.006,-0.004,-224670
88789197,2.578,-9.020,2.027,0.016,0.025,0.031,-224308
88792418,2.578,-9.020,2.027,0.014,-0.006,-0.004,-224986
88795639,2.578,-9.020,2.027,0.010,-0.012,-0.020,-223958
88803073,2.844,-8.977,2.332,0.008,0.000,-0.004,-224301
88806294,2.844,-8.977,2.332,-0.004,0.027,-0.002,-223928
88813727,2.844,-8.977,2.332,0.002,0.006,-0.004,-224023
88816948,2.770,-9.020,2.258,0.002,0.006,-0.004,-224066
88820168,2.770,-9.020,2.258,0.008,0.018,0.000,-223961
88825600,2.883,-9.133,2.219,0.008,0.037,0.031,-224490
88833035,2.770,-9.094,2.371,0.000,0.006,-0.004,-224305
88835256,2.770,-9.094,2.371,-0.018,-0.025,-0.062,-223726
88842690,2.883,-9.172,2.484,-0.008,-0.014,-0.020,-223616
88848124,2.883,-9.172,2.484,0.023,0.010,0.031,-224072
88851345,2.578,-8.980,2.180,0.023,0.010,0.031,-222902
88855566,2.578,-8.980,2.180,0.016,-0.035,0.012,-223213
88863002,2.809,-8.938,2.219,0.010,0.002,0.000,-223175
88865222,2.809,-8.938,2.219,-0.006,0.002,0.025,-224111
88872655,2.883,-9.059,2.293,-0.008,-0.012,-0.020,-224294
88878089,2.844,-9.059,2.293,-0.006,0.002,-0.008,-224208
88880310,2.844,-9.059,2.293,-0.016,-0.014,-0.006,-223674
88885744,2.922,-9.098,2.332,0.004,0.023,0.014,-223895
88893178,2.922,-9.098,2.332,-0.004,0.018,0.023,-224391
88897399,2.691,-9.016,2.027,-0.004,0.018,0.023,-223724
88902833,2.691,-9.016,2.027,-0.014,-0.006,-0.002,-223469
88905054,2.652,-9.016,2.180,-0.014,-0.006,-0.002,-224040
88912487,2.652,-9.016,2.180,-0.004,0.000,-0.012,-222696
88915708,2.691,-9.055,2.293,-0.004,0.000,-0.012,-223900
88922141,2.691,-9.055,2.293,0.020,-0.023,0.008,-223348
88928575,2.883,-9.094,2.293,0.006,-0.002,0.018,-224000
88931797,2.922,-9.059,2.180,0.006,-0.002,0.018,-224831
88937216,2.730,-9.016,2.219,0.002,0.029,0.023,-223386
88942648,2.730,-9.016,2.219,0.008,-0.010,-0.018,-223979
88949082,2.730,-9.059,2.141,-0.010,-0.014,-0.041,-223685
88953303,2.883,-9.094,2.332,-0.010,-0.014,-0.041,-224317
88955524,2.883,-9.094,2.332,-0.010,0.008,-0.006,-223563
88960957,2.922,-9.098,2.371,0.000,0.043,0.023,-224466
88967390,2.730,-9.098,2.258,-0.006,-0.014,-0.014,-223958
88973825,2.730,-9.098,2.258,-0.010,0.020,0.045,-224328
88978046,2.730,-9.098,2.258,0.006,-0.002,0.010,-223798
88980267,2.691,-9.098,2.410,0.006,-0.002,0.010,-224631
88987700,2.844,-9.059,2.293,0.016,-0.014,-0.031,-224547
88994133,2.844,-9.059,2.293,0.012,0.014,0.008,-224124
88998354,2.844,-9.059,2.293,0.008,-0.006,0.014,-224147
89000575,2.730,-9.020,2.180,0.008,-0.006,0.014,-223628
89007008,2.844,-9.020,2.219,0.004,-0.018,-0.012,-223797
89010229,2.844,-9.020,2.219,-0.008,-0.016,-0.029,-224371
89018663,2.883,-9.020,2.332,-0.006,0.008,0.008,-223919
89021884,2.883,-9.020,2.332,-0.004,0.012,-0.006,-224592
89025105,2.883,-9.020,2.332,0.002,0.018,-0.010,-223956
89032539,2.809,-9.020,2.332,0.008,0.008,0.000,-224560
89035759,2.809,-9.020,2.332,0.010,0.021,0.010,-224575
89043192,2.770,-9.059,2.258,0.004,0.018,0.027,-223802
89046412,2.770,-9.059,2.258,0.002,0.025,0.008,-224448
89053846,2.770,-9.059,2.258,-0.006,0.000,-0.027,-224315
89057067,2.770,-9.059,2.410,-0.006,0.000,-0.027,-224354
89060288,2.770,-9.059,2.410,0.000,0.012,-0.012,-225286
89065722,2.770,-9.094,2.371,0.004,0.010,0.000,-225258
89072156,2.691,-9.055,2.410,0.016,-0.021,0.006,-225271
89075377,2.691,-9.055,2.410,0.023,-0.006,0.010,-224508
89082811,2.809,-9.059,2.258,0.020,0.010,0.008,-223917
89086032,2.809,-9.059,2.258,0.020,0.016,0.031,-223825
89093466,2.730,-8.980,2.258,-0.006,-0.025,-0.027,-224643
89096687,2.730,-8.980,2.258,-0.010,-0.025,-0.018,-224434
89103121,2.730,-8.980,2.258,0.000,0.002,-0.018,-224636
89105342,2.922,-9.098,2.332,0.000,0.002,-0.018,-224091
89112776,2.922,-9.098,2.332,0.004,0.006,-0.002,-224327
89115997,2.844,-9.020,2.258,0.004,0.006,-0.002,-224780
89123431,2.770,-8.977,2.027,0.004,0.008,0.021,-225482
89125651,2.770,-8.977,2.027,0.000,0.008,0.025,-224177
89133084,2.691,-9.055,2.293,-0.020,0.010,-0.004,-224422
89135305,2.691,-9.055,2.293,-0.016,-0.012,-0.023,-224897
89142739,2.691,-9.055,2.293,0.000,0.010,-0.006,-224360
89149173,2.844,-9.133,2.371,-0.006,0.000,0.016,-224629
89153394,2.809,-9.094,2.332,-0.006,0.000,0.016,-224670
89155615,2.809,-9.094,2.332,0.004,0.016,0.014,-225224
89161049,2.730,-9.098,2.293,0.010,0.012,0.027,-224295
89167481,2.730,-9.055,2.293,0.002,-0.002,0.006,-224288
89170702,2.730,-9.055,2.293,-0.006,-0.008,-0.016,-224699
89179136,2.730,-9.055,2.293,0.004,-0.010,-0.025,-224935
89183357,2.809,-9.059,2.371,0.004,-0.010,-0.025,-224483
89185578,2.809,-9.059,2.371,0.008,-0.018,-0.002,-224229
89192011,2.844,-9.020,2.219,0.012,-0.004,0.018,-224371
89198445,2.844,-9.020,2.219,0.008,0.004,0.006,-224534
89200666,2.844,-9.020,2.219,0.008,0.004,0.006,-224421
89208100,2.844,-8.980,2.180,0.000,-0.002,-0.004,-225034
89210321,2.844,-8.980,2.180,0.002,0.006,0.004,-224534
89217754,2.844,-8.980,2.180,-0.008,0.018,-0.008,-224518
89220975,2.844,-9.059,2.293,-0.008,0.018,-0.008,-224004
89225196,2.844,-9.059,2.293,-0.008,0.025,0.004,-225158
89230630,2.770,-9.059,2.332,-0.006,0.020,0.016,-223012
89239064,2.809,-9.059,2.258,0.006,0.012,0.016,-224440
89242284,2.809,-9.059,2.258,0.008,0.008,0.000,-224711
89245504,2.809,-9.059,2.258,0.004,0.020,0.020,-224294
89252936,2.652,-9.059,2.102,-0.010,0.010,-0.002,-224439
89256157,2.652,-9.059,2.102,-0.008,0.004,0.002,-224736
89260378,2.770,-9.059,2.410,-0.008,0.004,0.002,-225243
89266812,2.770,-9.059,2.410,0.010,-0.012,-0.025,-224157
89270018,2.770,-9.059,2.410,0.014,-0.002,0.031,-224157
89277451,2.730,-9.020,2.180,0.020,0.014,0.016,-223988
89280671,2.730,-9.020,2.180,0.016,-0.004,0.010,-225635
89286105,2.809,-9.055,2.180,0.014,-0.010,0.018,-226407
89293539,2.922,-9.098,2.293,-0.002,-0.002,0.012,-225023
89295760,2.922,-9.098,2.293,-0.012,-0.027,-0.029,-224419
89303194,2.883,-9.059,2.371,-0.004,0.008,-0.018,-225366
89305415,2.883,-9.059,2.371,-0.010,-0.004,-0.014,-224280
89311849,2.809,-9.020,2.332,0.006,0.002,-0.012,-224281
89316070,2.809,-9.020,2.332,0.002,-0.004,0.016,-225400
89320291,2.809,-9.020,2.332,0.008,0.020,0.021,-223719
89325725,2.770,-8.980,2.180,0.002,0.023,0.021,-224831
89333159,2.770,-9.055,2.180,-0.010,0.012,0.010,-224894
89335380,2.770,-9.055,2.180,-0.008,0.000,-0.020,-224878
89343815,2.770,-9.055,2.180,-0.010,0.010,-0.018,-226140
89346036,2.844,-9.094,2.371,-0.010,0.010,-0.018,-225107
89353470,2.691,-9.137,2.371,-0.006,0.027,0.008,-224421
89355691,2.691,-9.137,2.371,0.002,0.012,0.016,-225855
89364123,2.691,-9.137,2.371,0.014,-0.008,0.000,-225352
89366344,2.730,-9.055,2.293,0.014,-0.008,0.000,-225275
89373780,2.730,-9.055,2.293,0.010,0.016,0.012,-225122
89378000,2.652,-9.055,2.180,0.010,0.016,0.012,-225367
89380221,2.652,-9.055,2.180,-0.002,-0.008,-0.008,-223642
89385654,2.691,-9.055,2.219,0.002,-0.023,-0.014,-224242
89393088,2.691,-9.055,2.219,0.002,-0.010,-0.002,-225048
89396309,2.809,-9.020,2.293,0.002,-0.010,-0.002,-225152
89402742,2.809,-9.020,2.293,0.002,-0.006,0.016,-224355
89409175,2.809,-9.020,2.258,-0.002,-0.023,0.004,-224354
89413396,2.809,-9.020,2.219,-0.002,-0.023,0.004,-225255
89415618,2.809,-9.020,2.219,0.002,-0.016,-0.002,-224956
89421050,2.844,-8.977,2.219,-0.012,-0.014,0.004,-224802
89425271,2.844,-8.977,2.219,-0.018,0.008,0.008,-224480
89430705,2.809,-9.020,2.258,-0.021,0.002,-0.006,-226134
89438139,2.809,-9.020,2.258,-0.020,-0.002,-0.006,-225254
89441360,2.770,-9.059,2.258,-0.020,-0.002,-0.006,-224781
89445581,2.770,-9.059,2.258,-0.018,0.002,0.002,-224883
89452015,2.770,-9.059,2.293,-0.008,0.002,0.010,-224982
89456236,2.770,-9.059,2.293,-0.010,-0.014,-0.006,-224884
89463669,2.770,-9.098,2.180,0.002,-0.006,-0.018,-224598
89465890,2.770,-9.098,2.180,-0.006,-0.004,-0.004,-224188
89470111,2.770,-9.098,2.180,-0.006,0.012,0.016,-225523
89478545,2.691,-9.055,2.219,-0.002,-0.008,0.002,-224429
89480766,2.691,-9.055,2.219,-0.008,-0.025,-0.020,-223544
89486200,2.809,-9.059,2.293,0.006,-0.018,-0.012,-224736
89493634,2.809,-9.059,2.293,0.006,-0.012,0.000,-225401
89496855,2.770,-9.059,2.219,0.006,-0.012,0.000,-224396
89500076,2.770,-9.059,2.219,0.002,-0.014,-0.008,-225160
89505509,2.844,-9.020,2.219,0.004,-0.010,0.000,-225503
89510943,2.844,-9.020,2.219,-0.002,-0.014,0.010,-224419
89518376,2.809,-9.020,2.258,0.000,0.002,0.006,-224674
89521596,2.809,-9.020,2.258,0.000,-0.010,-0.004,-224662
89529030,2.844,-9.020,2.293,-0.002,-0.014,-0.016,-224894
89531251,2.844,-9.020,2.293,0.004,-0.010,-0.012,-223929
89538685,2.730,-9.016,2.258,-0.008,0.006,0.002,-224356
89541906,2.730,-9.016,2.258,-0.010,0.014,0.027,-224811
89545127,2.730,-9.016,2.258,-0.020,0.000,0.016,-224686
89550560,2.844,-9.094,2.332,-0.012,0.029,0.029,-225082
89558994,2.578,-9.059,2.219,-0.010,0.035,0.062,-225485
89562215,2.578,-9.059,2.219,-0.016,0.006,0.027,-224923
89565436,2.578,-9.059,2.219,-0.002,-0.055,-0.043,-224488
89572869,2.922,-9.055,2.258,0.000,-0.023,-0.039,-225918
89576090,2.922,-9.055,2.258,-0.010,0.018,-0.002,-224793
89582524,2.691,-9.133,2.180,-0.008,-0.006,0.023,-225189
89585745,2.691,-9.133,2.180,0.010,-0.041,0.012,-223865
89593178,2.922,-9.098,2.332,-0.010,-0.039,-0.006,-224781
89596399,2.922,-9.098,2.332,-0.004,0.006,0.010,-224785
89603833,2.922,-9.098,2.332,0.006,-0.018,-0.023,-224809
89606054,2.844,-9.094,2.258,0.006,-0.018,-0.023,-224622
89610275,2.844,-9.094,2.258,-0.016,-0.018,0.012,-226034
89617709,2.883,-9.094,2.258,-0.006,0.020,0.023,-225148
89620930,2.883,-9.094,2.258,-0.006,0.018,0.027,-225172
89627363,2.809,-9.020,2.258,-0.004,-0.014,0.006,-224681
89630584,2.809,-9.020,2.258,0.000,-0.010,-0.014,-225914
89637017,2.844,-9.020,2.293,-0.012,0.006,-0.018,-224608
89640238,2.844,-9.020,2.293,-0.004,0.025,0.000,-225500
89647671,2.730,-9.137,2.332,0.004,0.000,0.012,-225219
89650892,2.730,-9.137,2.332,0.004,-0.006,0.012,-225731
89655113,2.730,-9.137,2.332,-0.006,0.002,0.012,-223848
89662547,2.730,-9.055,2.258,0.006,0.020,0.010,-225311
89667981,2.770,-9.020,2.258,0.000,-0.006,-0.012,-225125
89670202,2.770,-9.020,2.258,0.002,-0.023,-0.004,-224097
89678635,2.770,-9.020,2.258,0.002,0.002,-0.006,-225118
89680856,2.809,-9.059,2.258,0.002,0.002,-0.006,-224087
89685077,2.809,-9.059,2.258,-0.004,-0.004,-0.004,-223774
89691510,2.770,-9.059,2.258,0.002,-0.004,0.000,-225403
89695731,2.770,-9.059,2.258,0.000,-0.004,0.002,-224624
89703164,2.809,-9.059,2.258,-0.006,0.002,0.002,-225322
89706385,2.809,-9.059,2.258,0.000,0.012,-0.002,-224171
89713819,2.809,-9.059,2.258,0.004,0.006,0.000,-224633
89716040,2.809,-9.059,2.258,0.004,0.006,0.000,-225648
89720260,2.809,-9.059,2.258,0.000,0.008,0.004,-225045
89725693,2.770,-9.094,2.258,0.000,0.012,0.000,-225148
89733125,2.770,-9.094,2.258,0.004,0.002,0.004,-223861
89736345,2.809,-9.059,2.258,0.004,0.002,0.004,-223989
89740565,2.809,-9.059,2.258,0.012,0.004,0.000,-223315
89745999,2.770,-9.094,2.293,0.008,0.008,-0.008,-223972
89751432,2.809,-9.059,2.258,0.006,0.010,0.006,-224548
89758864,2.770,-9.059,2.258,0.008,-0.002,0.000,-224745
89762085,2.770,-9.059,2.258,0.006,-0.006,-0.004,-224361
89765306,2.770,-9.059,2.258,0.008,-0.002,-0.002,-224954
89770740,2.809,-9.094,2.258,0.008,0.004,0.004,-224971
89779173,2.844,-9.059,2.258,0.004,0.002,0.000,-225055
89782394,2.844,-9.059,2.258,0.010,0.000,-0.004,-223406
89785615,2.844,-9.059,2.258,0.008,0.012,0.010,-224344
89791049,2.770,-9.020,2.293,0.000,0.016,0.014,-225303
89798481,2.844,-9.059,2.293,0.006,-0.006,-0.004,-224163
89800702,2.844,-9.059,2.293,0.002,-0.006,-0.023,-224872
89806136,2.809,-9.059,2.332,0.004,0.014,0.000,-225706
89813570,2.809,-9.059,2.332,-0.006,0.000,0.004,-225214
89816791,2.730,-9.055,2.219,-0.006,0.000,0.004,-225853
89820012,2.730,-9.055,2.219,0.002,-0.006,0.002,-224759
89826446,2.770,-9.020,2.219,-0.004,-0.002,-0.002,-224376
89833881,2.730,-9.055,2.293,-0.004,-0.006,-0.021,-224243
89836102,2.730,-9.055,2.293,-0.006,-0.006,0.002,-225448
89841536,2.730,-9.098,2.293,-0.004,-0.021,0.000,-224120
89847969,2.809,-9.059,2.258,0.006,-0.008,-0.002,-224179
89851190,2.809,-9.059,2.258,-0.006,-0.002,0.016,-224209
89855411,2.809,-9.059,2.258,-0.006,0.002,-0.004,-224342
89861844,2.730,-9.055,2.219,-0.008,-0.018,-0.008,-224980
89868278,2.809,-9.059,2.332,-0.012,-0.010,-0.006,-224226
89871499,2.809,-9.059,2.332,-0.010,0.008,0.000,-223781
89875720,2.809,-9.059,2.332,-0.008,0.002,0.006,-225305
89882154,2.809,-9.059,2.258,-0.008,-0.002,0.000,-224646
89885375,2.809,-9.059,2.258,0.002,-0.006,0.000,-225787
89891809,2.809,-9.094,2.258,0.006,0.002,-0.008,-225317
89896030,2.809,-9.094,2.258,0.000,0.016,0.006,-225211
89903463,2.730,-9.055,2.258,-0.004,0.014,0.010,-224880
89906684,2.730,-9.055,2.258,0.002,-0.006,0.006,-225657
89910905,2.770,-9.059,2.258,0.002,-0.006,0.006,-225842
89917339,2.770,-9.059,2.258,0.006,0.010,-0.004,-223776
89920560,2.770,-9.059,2.258,0.004,0.004,0.002,-224010
89927994,2.730,-9.055,2.258,0.006,-0.004,0.000,-223831
89931215,2.730,-9.055,2.258,0.004,-0.004,0.004,-224453
89938649,2.730,-9.055,2.258,0.000,-0.002,0.000,-225193
89940870,2.770,-9.059,2.258,0.000,-0.002,0.000,-224024
89945091,2.770,-9.059,2.258,0.002,-0.004,0.000,-225341
89950525,2.809,-9.059,2.293,0.006,-0.008,-0.008,-225181
89958958,2.809,-9.020,2.258,-0.004,-0.010,0.000,-224037
89962179,2.809,-9.020,2.258,-0.002,-0.002,0.000,-224452
89965400,2.809,-9.020,2.258,0.000,-0.002,0.002,-224760
89970834,2.770,-9.020,2.258,0.000,-0.004,0.000,-223508
89975055,2.770,-9.020,2.258,-0.004,-0.010,-0.002,-224518
89982473,2.770,-9.059,2.293,-0.006,-0.002,-0.004,-224486
89985694,2.770,-9.059,2.293,-0.006,-0.002,0.006,-223958
89992127,2.770,-9.020,2.258,-0.004,0.006,0.002,-223651
89996348,2.770,-9.020,2.258,-0.002,0.000,0.002,-224218
90002766,2.770,-9.094,2.258,-0.004,0.004,0.002,-223924
90005987,2.770,-9.094,2.258,-0.008,0.004,0.006,-224462
90012420,2.770,-9.059,2.258,-0.004,0.002,0.000,-225137
90015641,2.770,-9.059,2.258,0.002,-0.002,0.000,-223685
90022075,2.770,-9.094,2.258,-0.006,0.000,0.000,-225451
90025296,2.770,-9.094,2.258,0.002,-0.004,0.002,-223969
90030730,2.809,-9.094,2.258,0.004,-0.002,-0.004,-224058
90039163,2.770,-9.059,2.219,0.004,-0.004,0.002,-224740
90042384,2.770,-9.059,2.219,0.006,-0.002,0.004,-224524
90045606,2.770,-9.059,2.219,0.000,-0.002,0.000,-225640
90052040,2.770,-9.059,2.258,0.006,-0.002,0.000,-223884
90055261,2.770,-9.059,2.258,-0.002,-0.008,0.000,-225128
90062694,2.809,-9.059,2.258,0.008,-0.004,-0.002,-224598
90065915,2.809,-9.059,2.258,0.004,-0.006,0.000,-223478
90073349,2.809,-9.020,2.258,0.002,-0.004,0.002,-225481
90076570,2.809,-9.020,2.258,0.004,0.002,-0.006,-224228
90084004,2.809,-9.020,2.258,-0.002,-0.002,0.000,-224466
90086225,2.809,-9.059,2.258,-0.002,-0.002,0.000,-224401
90093660,2.770,-9.059,2.258,-0.006,0.000,-0.004,-224641
90095881,2.770,-9.059,2.258,0.000,0.000,0.000,-224704
90101314,2.809,-9.059,2.258,0.000,0.004,0.004,-223970
90108747,2.770,-9.059,2.258,-0.006,0.002,-0.002,-223763
90111968,2.770,-9.059,2.258,-0.004,0.002,0.004,-224072
90116189,2.770,-9.059,2.258,-0.006,-0.002,0.000,-225250
90123622,2.770,-9.059,2.258,-0.012,0.004,-0.004,-226284
90125843,2.770,-9.059,2.258,-0.002,-0.002,-0.006,-224344
90130064,2.770,-9.059,2.258,-0.004,-0.004,0.000,-224746
90136498,2.770,-9.059,2.258,-0.004,-0.004,0.000,-223795
90143932,2.844,-9.059,2.258,0.000,-0.004,0.002,-224976
90146153,2.844,-9.059,2.258,-0.008,-0.004,-0.002,-224925
90150374,2.809,-9.059,2.293,-0.008,-0.004,-0.002,-225017
90158809,2.809,-9.059,2.293,0.004,-0.008,-0.004,-225342
90162030,2.809,-9.059,2.258,0.004,-0.008,-0.004,-224111
90166251,2.809,-9.059,2.258,0.000,-0.004,-0.002,-224909
90171684,2.770,-9.094,2.293,-0.002,-0.002,0.004,-225079
90179119,2.844,-9.059,2.258,0.000,0.000,0.000,-224864
90181339,2.844,-9.059,2.258,0.002,0.000,0.000,-225144
90185559,2.844,-9.059,2.258,-0.002,0.008,0.000,-224036
90190993,2.770,-9.059,2.258,-0.002,0.002,-0.004,-225870
90195214,2.770,-9.059,2.258,0.000,0.004,0.006,-225215
90202646,2.809,-9.059,2.258,-0.004,0.000,-0.002,-224324
90205867,2.809,-9.059,2.258,0.002,0.006,-0.002,-224196
90212301,2.809,-9.059,2.219,-0.006,-0.002,0.004,-224238
90215522,2.809,-9.059,2.219,0.000,-0.002,0.004,-224890
90222940,2.809,-9.059,2.293,-0.002,-0.006,-0.002,-225141
90226161,2.809,-9.059,2.293,0.004,-0.004,-0.006,-224531
90232595,2.770,-9.059,2.258,0.000,-0.004,-0.002,-225402
90239029,2.809,-9.059,2.258,0.002,-0.002,0.006,-225823
90242250,2.809,-9.059,2.258,-0.002,-0.002,-0.008,-224926
90246471,2.809,-9.059,2.258,-0.006,-0.004,-0.006,-225104
90252905,2.770,-9.059,2.332,-0.008,-0.010,0.004,-225459
90256126,2.770,-9.059,2.332,0.004,0.000,-0.002,-225055
90261332,2.770,-9.059,2.332,0.002,0.008,0.010,-225055
90266765,2.770,-9.059,2.219,0.004,0.006,0.008,-224916
90274197,2.770,-9.059,2.219,-0.004,0.000,-0.006,-225469
90278418,2.809,-9.059,2.293,-0.004,0.000,-0.006,-225274
90281624,2.809,-9.059,2.293,-0.004,-0.004,-0.006,-225274
90285844,2.809,-9.059,2.293,-0.006,0.014,-0.002,-225282
90293278,2.730,-9.098,2.293,-0.004,0.014,0.020,-225200
90296499,2.730,-9.098,2.293,0.000,-0.002,0.000,-224712
90300720,2.730,-9.098,2.293,0.002,-0.006,-0.006,-224694
90306154,2.730,-9.059,2.180,0.000,-0.002,-0.004,-224787
90310375,2.730,-9.059,2.180,0.002,-0.002,-0.004,-225429
90316809,2.730,-9.055,2.219,-0.004,-0.002,0.006,-224442
90320030,2.730,-9.055,2.219,-0.004,-0.016,-0.008,-224629
90326448,2.770,-9.059,2.332,0.004,-0.004,0.004,-225220
90330669,2.770,-9.059,2.332,0.002,-0.002,0.004,-225662
90338102,2.770,-9.059,2.258,0.004,-0.002,0.000,-224261
90341323,2.770,-9.059,2.258,0.002,-0.004,-0.004,-224822
90347741,2.770,-9.094,2.258,-0.006,-0.010,-0.002,-223776
90350962,2.770,-9.020,2.258,-0.006,-0.010,-0.002,-225191
90357396,2.770,-9.020,2.258,-0.002,-0.002,0.002,-225345
90360617,2.770,-9.020,2.258,0.000,-0.006,-0.008,-225503
90368035,2.730,-9.016,2.258,-0.002,0.008,-0.002,-223810
90371256,2.730,-9.016,2.258,-0.006,-0.006,0.000,-223832
90375477,2.730,-9.016,2.258,0.002,-0.010,-0.002,-224587
90382910,2.770,-9.020,2.258,0.010,-0.004,-0.006,-223769
90386131,2.770,-9.020,2.258,0.000,0.010,0.008,-224468
90393563,2.730,-9.055,2.258,0.002,0.004,0.016,-224265
90396783,2.730,-9.055,2.258,0.004,0.000,-0.010,-225029
90400004,2.730,-9.055,2.258,-0.004,-0.006,-0.012,-224889
90406422,2.809,-9.055,2.180,-0.004,0.000,0.000,-224680
90410642,2.809,-9.055,2.180,-0.002,0.000,0.000,-224145
90418076,2.770,-9.059,2.332,-0.002,-0.004,0.012,-223251
90420297,2.770,-9.059,2.332,0.010,-0.012,-0.004,-225022
90426715,2.809,-9.094,2.258,0.006,0.000,0.000,-224680
90434150,2.809,-9.094,2.258,0.004,0.016,0.008,-224479
90437371,2.844,-9.094,2.293,0.004,0.016,0.008,-224953
90441593,2.844,-9.094,2.293,0.004,-0.002,0.018,-225059
90448026,2.770,-9.020,2.258,0.000,-0.020,-0.010,-225511
90451247,2.770,-9.020,2.258,0.006,0.000,-0.010,-223985
90457681,2.809,-9.059,2.293,0.002,0.010,-0.004,-224655
90460902,2.809,-9.059,2.293,-0.002,0.012,0.002,-225327
90466335,2.770,-9.059,2.293,0.000,-0.012,0.004,-223693
90470556,2.770,-9.059,2.293,0.004,-0.004,0.004,-223946
90475989,2.809,-9.020,2.219,0.008,0.012,0.000,-223686
90480210,2.809,-9.020,2.219,-0.006,0.012,-0.002,-222998
90486644,2.770,-9.059,2.219,-0.008,0.004,0.008,-224136
90490865,2.770,-9.059,2.219,-0.006,0.000,-0.002,-225282
90495086,2.770,-9.094,2.332,-0.006,0.000,-0.002,-223155
90501519,2.770,-9.094,2.332,0.002,-0.002,0.004,-225214
90506952,2.770,-9.094,2.258,0.004,-0.004,-0.012,-223457
90510173,2.770,-9.094,2.258,0.002,-0.006,-0.006,-224431
90518607,2.809,-9.059,2.293,-0.004,-0.006,0.008,-224148
90520828,2.809,-9.059,2.293,0.000,-0.012,-0.006,-224749
90525049,2.809,-9.059,2.293,0.000,-0.006,0.004,-225673
90531483,2.809,-9.059,2.258,0.002,0.000,-0.002,-225148
90535704,2.809,-9.059,2.258,0.000,0.000,-0.002,-224583
90541137,2.844,-9.094,2.258,0.002,0.006,0.000,-224382
90545357,2.844,-9.094,2.258,-0.004,0.008,0.000,-224571
90551791,2.844,-9.094,2.332,0.004,0.008,-0.004,-225149
90556012,2.844,-9.094,2.332,0.006,0.004,0.016,-223992
90560232,2.844,-9.094,2.332,-0.004,0.012,-0.002,-223880
90565666,2.770,-9.059,2.258,0.000,0.006,-0.006,-225340
90574099,2.844,-9.059,2.293,0.006,0.006,-0.002,-224601
90577320,2.844,-9.059,2.293,0.006,0.008,0.010,-224353
90580541,2.844,-9.059,2.293,0.000,0.000,-0.006,-224974
90587977,2.691,-9.016,2.219,0.006,0.010,0.002,-225600
90591198,2.691,-9.016,2.219,0.000,-0.002,-0.006,-224015
90595419,2.691,-9.016,2.219,0.002,0.002,0.006,-224990
90600853,2.730,-9.020,2.141,0.000,-0.008,-0.006,-224574
90605074,2.617,-9.059,2.293,0.000,-0.008,-0.006,-224648
90611508,2.617,-9.059,2.293,0.008,-0.043,-0.016,-223886
90615729,2.617,-9.059,2.293,0.016,-0.039,-0.027,-223701
90623162,2.652,-9.020,2.102,0.000,0.037,0.014,-225730
90626382,2.652,-9.020,2.102,-0.012,0.053,0.041,-224984
90633815,2.539,-9.016,2.180,-0.016,-0.023,0.002,-224864
90637036,2.539,-9.016,2.180,-0.008,-0.068,-0.062,-225305
90641257,3.035,-9.016,2.449,-0.008,-0.068,-0.062,-224543
90648691,3.035,-9.016,2.449,-0.006,0.041,0.016,-225470
90651912,3.035,-9.016,2.449,-0.004,0.020,0.018,-224964
90656133,3.035,-9.016,2.449,0.002,-0.041,0.018,-224593
90661566,2.922,-9.059,2.180,-0.002,-0.021,0.006,-225691
90667000,2.844,-9.055,2.180,-0.014,0.002,0.006,-225552
90670221,2.844,-9.055,2.180,-0.021,0.029,0.012,-224698
90676655,2.691,-9.059,2.141,-0.016,0.006,-0.031,-225358
90680876,2.691,-9.059,2.141,-0.016,-0.014,-0.029,-225569
90686310,2.922,-9.098,2.410,-0.004,-0.016,-0.004,-225314
90690531,2.922,-9.098,2.410,0.004,0.000,-0.008,-225591
90696966,2.883,-9.094,2.258,0.006,0.021,0.012,-225500
90701187,2.883,-9.094,2.258,0.002,0.008,0.020,-225801
90706621,2.809,-9.094,2.219,0.002,0.018,0.012,-225637
90710842,2.809,-9.094,2.219,0.008,-0.010,0.006,-225432
90716275,2.809,-9.094,2.293,0.004,-0.008,-0.025,-226230
90720496,2.809,-9.094,2.293,0.004,0.021,-0.016,-225358
90726930,2.809,-9.098,2.180,-0.008,0.045,0.023,-226220
90730151,2.809,-9.098,2.180,-0.002,0.020,0.006,-226007
90736584,2.691,-9.098,2.293,0.002,-0.014,-0.023,-225411
90740805,2.770,-9.059,2.258,0.002,-0.014,-0.023,-225125
90745026,2.770,-9.059,2.258,0.012,-0.018,-0.004,-225862
90751460,2.809,-9.059,2.293,0.006,-0.002,0.010,-226017
90755681,2.809,-9.059,2.293,0.004,0.002,0.012,-225272
90761114,2.844,-9.020,2.219,0.008,-0.006,0.008,-225671
90765335,2.844,-9.020,2.219,0.004,-0.010,0.012,-225470
90771769,2.844,-9.016,2.180,-0.004,0.002,0.000,-225737
90779202,2.809,-9.059,2.293,-0.014,0.012,0.000,-226289
90781423,2.809,-9.059,2.293,-0.018,0.006,0.000,-225979
90785644,2.809,-9.059,2.258,-0.018,0.006,0.000,-225034
90792077,2.809,-9.059,2.258,-0.004,0.000,0.006,-227299
90796298,2.809,-9.059,2.258,-0.004,0.000,0.006,-225925
90800519,2.809,-9.059,2.258,-0.010,0.008,0.004,-226492
90805952,2.770,-9.059,2.258,-0.008,0.000,-0.006,-225535
90810173,2.770,-9.059,2.258,-0.008,-0.002,-0.006,-225751
90816607,2.770,-9.094,2.293,-0.008,-0.002,-0.004,-225649
90820828,2.770,-9.094,2.293,-0.002,0.002,0.006,-225215
90827262,2.770,-9.059,2.293,-0.002,-0.002,-0.002,-226806
90830483,2.770,-9.059,2.293,-0.002,-0.002,-0.002,-226598
90838917,2.770,-9.059,2.293,-0.008,-0.002,0.000,-225416
90841138,2.770,-9.059,2.293,-0.004,-0.006,-0.002,-226779
90845359,2.770,-9.059,2.293,-0.004,-0.006,-0.002,-226058
90851795,2.770,-9.059,2.293,-0.006,-0.010,-0.010,-225463
90855016,2.770,-9.059,2.293,0.000,-0.008,0.000,-226008
90861449,2.844,-9.059,2.293,0.006,-0.012,-0.004,-226121
90865670,2.844,-9.059,2.293,0.004,-0.002,0.000,-225392
90872104,2.809,-9.020,2.258,0.004,-0.010,0.006,-225349
90876325,2.809,-9.020,2.258,0.004,0.000,0.006,-225374
90880545,2.809,-9.059,2.219,0.004,0.000,0.006,-226072
90886979,2.809,-9.059,2.219,-0.004,0.000,-0.006,-225915
90890200,2.809,-9.059,2.219,0.000,0.004,-0.010,-225731
90896634,2.844,-9.094,2.258,-0.006,0.010,-0.002,-225303
90900855,2.844,-9.094,2.258,-0.002,0.023,0.000,-226041
90906289,2.770,-9.094,2.219,-0.004,0.008,-0.002,-226310
90910510,2.770,-9.094,2.219,0.002,0.010,0.000,-226691
90916943,2.770,-9.059,2.258,0.002,0.014,0.008,-225302
90920164,2.770,-9.059,2.258,0.004,0.012,0.000,-225996
90925598,2.652,-9.059,2.219,0.004,0.008,-0.002,-226129
90932034,2.691,-9.055,2.219,0.004,-0.004,-0.004,-225646
90935255,2.691,-9.055,2.219,0.008,-0.006,0.000,-225333
90941689,2.770,-9.094,2.219,0.000,-0.014,-0.002,-226317
90945910,2.770,-9.094,2.219,0.000,-0.014,-0.002,-225505
90950131,2.770,-9.094,2.219,0.000,-0.014,0.004,-226336
90955565,2.809,-9.020,2.258,0.002,-0.014,0.000,-227106
90962998,2.809,-9.020,2.219,0.000,-0.016,-0.006,-226566
90966219,2.809,-9.020,2.219,-0.004,-0.010,-0.004,-225922
90971653,2.844,-9.059,2.258,0.000,0.000,-0.002,-225371
90979086,2.844,-9.020,2.219,0.000,0.006,0.006,-226317
90982307,2.844,-9.020,2.219,-0.006,0.004,0.004,-226488
90986528,2.844,-9.020,2.219,0.000,0.012,0.002,-225275
90993961,2.809,-9.059,2.258,-0.002,0.010,-0.004,-225101
90997182,2.809,-9.059,2.258,-0.004,0.014,0.004,-226137
91001403,2.809,-9.059,2.258,-0.002,0.012,-0.002,-225771
91006837,2.770,-9.059,2.258,0.002,0.006,-0.006,-225837
91010058,2.770,-9.059,2.258,-0.004,0.006,-0.002,-227599
91017492,2.730,-9.098,2.258,-0.004,0.002,0.004,-226834
91020713,2.730,-9.098,2.258,0.006,-0.004,0.002,-226463
91027146,2.730,-9.055,2.258,0.008,-0.016,-0.010,-226134
91031367,2.730,-9.055,2.258,0.012,-0.027,-0.025,-226717
91035589,2.844,-9.059,2.219,0.012,-0.027,-0.025,-226407
91042022,2.844,-9.059,2.219,0.000,0.008,0.004,-225960
91045242,2.844,-9.059,2.219,-0.004,0.004,0.016,-225695
91051675,2.770,-9.059,2.258,0.002,-0.016,0.000,-225858
91055896,2.770,-9.059,2.258,-0.004,-0.018,-0.008,-225956
91060117,2.770,-9.059,2.258,-0.006,0.006,-0.002,-226399
91066551,2.922,-9.055,2.332,-0.004,0.018,-0.004,-226504
91072984,2.770,-9.094,2.293,0.000,0.012,0.006,-225996
91077205,2.770,-9.094,2.293,0.004,-0.002,0.002,-226613
91080426,2.770,-9.094,2.293,-0.006,-0.002,0.004,-225779
91086860,2.809,-9.059,2.219,0.004,0.002,0.008,-226169
91091080,2.809,-9.020,2.293,0.004,0.002,0.008,-226112
91097513,2.809,-9.020,2.293,0.000,0.004,-0.004,-226579
91101734,2.770,-9.059,2.219,0.000,0.004,-0.004,-227364
91109168,2.770,-9.059,2.219,-0.002,-0.010,0.006,-226077
91112389,2.770,-9.059,2.219,0.006,-0.004,0.004,-226428
91116610,2.770,-9.059,2.219,0.006,0.004,-0.006,-226371
91123045,2.809,-9.059,2.293,-0.004,-0.006,0.012,-226261
91127266,2.809,-9.059,2.293,0.008,0.002,0.000,-226458
91130486,2.809,-9.059,2.293,-0.004,-0.006,-0.006,-226646
91136920,2.770,-9.016,2.180,0.008,0.000,0.012,-225903
91141140,2.770,-9.020,2.258,0.008,0.000,0.012,-226535
91147574,2.770,-9.020,2.258,-0.016,0.000,0.000,-225334
91150796,2.770,-9.020,2.258,0.000,0.002,-0.014,-226181
91155017,2.770,-9.020,2.258,-0.006,0.004,-0.012,-226561
91161450,2.809,-9.133,2.332,0.006,0.010,0.012,-225958
91166883,2.770,-9.020,2.293,0.000,0.004,0.008,-226222
91171104,2.770,-9.020,2.293,0.008,-0.002,0.010,-225455
91175325,2.770,-9.020,2.293,0.002,-0.004,0.002,-226972
91182759,2.809,-9.094,2.219,0.002,-0.004,-0.006,-225938
91186980,2.809,-9.094,2.219,-0.004,-0.014,-0.020,-226376
91190201,2.809,-9.094,2.219,0.008,-0.002,-0.023,-226927
91195635,2.844,-9.059,2.258,-0.008,0.012,0.008,-227430
91202069,2.809,-9.133,2.293,-0.006,0.018,0.020,-225543
91206290,2.809,-9.133,2.293,0.004,0.000,0.000,-226778
91211724,2.770,-9.059,2.293,0.000,-0.004,0.000,-224995
91219158,2.730,-9.059,2.180,0.014,0.010,-0.004,-226063
91221379,2.730,-9.059,2.180,0.000,0.012,0.004,-226263
91225599,2.730,-9.059,2.180,-0.008,0.006,0.004,-225156
91232035,2.730,-9.098,2.219,0.004,-0.004,-0.012,-224808
91235256,2.730,-9.098,2.219,0.002,-0.010,0.002,-225902
91241690,2.809,-9.059,2.293,0.008,-0.004,0.002,-225449
91245911,2.809,-9.059,2.293,0.004,0.006,-0.008,-226111
91252345,2.730,-9.055,2.219,0.008,0.000,0.004,-225656
91256565,2.730,-9.055,2.219,0.000,-0.010,0.006,-225306
91260786,2.730,-9.055,2.219,0.008,-0.006,-0.002,-225825
91266219,2.809,-9.059,2.258,0.006,-0.010,-0.006,-225860
91270440,2.770,-9.094,2.258,0.006,-0.010,-0.006,-226064
91277875,2.770,-9.094,2.258,-0.002,0.000,-0.006,-226044
91281096,2.770,-9.094,2.258,0.000,-0.010,0.004,-225132
91285317,2.770,-9.094,2.258,0.006,-0.004,0.006,-225863
91291751,2.844,-9.059,2.219,-0.004,0.000,-0.004,-226290
91295972,2.844,-9.059,2.219,0.002,-0.002,-0.004,-226059
91301406,2.844,-9.020,2.293,0.000,0.002,-0.008,-225200
91305627,2.809,-9.059,2.219,0.000,0.002,-0.008,-224912
91312060,2.809,-9.059,2.219,-0.006,0.006,0.010,-224660
91315281,2.809,-9.059,2.219,0.000,0.006,0.008,-224956
91321713,2.809,-9.059,2.219,0.000,0.008,0.006,-224501
91325933,2.809,-9.059,2.219,-0.002,0.004,-0.002,-225350
91332367,2.809,-9.059,2.219,-0.004,0.002,-0.006,-225036
91336590,2.809,-9.059,2.219,0.002,0.010,-0.002,-224722
91340810,2.770,-9.059,2.258,0.002,0.010,-0.002,-225126
91347244,2.770,-9.059,2.258,0.004,0.006,-0.002,-224500
91350465,2.770,-9.059,2.258,0.000,0.010,0.000,-225680
91356898,2.730,-9.055,2.332,0.004,0.002,0.008,-224756
91361118,2.730,-9.055,2.332,0.014,0.004,0.002,-225932
91366552,2.691,-9.055,2.258,0.012,0.014,0.004,-224410
91370773,2.691,-9.055,2.258,-0.006,0.021,0.033,-224923
91377207,2.691,-9.055,2.219,0.004,0.000,0.020,-224898
91381428,2.691,-9.055,2.219,0.008,-0.014,-0.006,-225483
91386862,2.730,-9.016,2.219,0.006,-0.018,-0.008,-223325
91391083,2.730,-9.016,2.219,0.004,-0.002,-0.002,-224704
91395304,2.730,-9.016,2.219,-0.004,-0.004,0.008,-224186
91402737,2.770,-8.977,2.219,-0.002,-0.016,-0.008,-226447
91406958,2.770,-8.977,2.219,0.000,-0.029,-0.006,-223080
91410179,2.770,-8.977,2.219,0.000,-0.016,0.018,-224340
91415612,2.883,-9.020,2.332,-0.004,-0.004,0.008,-225099
91423046,2.844,-9.020,2.219,-0.004,-0.010,0.000,-223316
91427267,2.844,-9.020,2.219,-0.010,0.002,0.000,-224230
91430488,2.844,-9.020,2.219,-0.012,0.000,-0.004,-224606
91435921,2.844,-9.059,2.258,-0.014,0.002,0.002,-224440
91440142,2.883,-9.059,2.293,-0.014,0.002,0.002,-224459
91445576,2.883,-9.059,2.293,-0.016,0.010,0.000,-225871
91451009,2.844,-9.059,2.258,-0.008,0.010,0.000,-225702
91455230,2.844,-9.059,2.258,0.004,0.018,0.008,-224479
91461662,2.730,-9.055,2.258,-0.004,0.008,0.008,-224710
91465883,2.730,-9.055,2.258,0.002,0.006,0.008,-224631
91470103,2.770,-9.094,2.219,0.002,0.006,0.008,-224989
91475536,2.770,-9.094,2.219,-0.006,0.006,0.000,-224363
91481970,2.730,-9.094,2.180,0.004,0.006,-0.002,-224641
91486191,2.770,-9.133,2.219,0.004,0.006,-0.002,-223788
91492624,2.770,-9.133,2.219,0.006,0.000,-0.010,-224693
91496847,2.770,-9.133,2.219,0.004,-0.010,-0.012,-225038
91501068,2.770,-9.133,2.219,0.006,-0.010,-0.012,-224203
91506486,2.770,-9.059,2.332,0.014,-0.002,-0.006,-225284
91510707,2.770,-9.059,2.332,0.014,0.002,0.000,-224545
91517141,2.770,-9.098,2.180,0.014,-0.004,0.006,-224933
91521362,2.770,-9.098,2.180,0.012,-0.010,-0.002,-224382
91527780,2.809,-8.977,2.258,0.006,-0.021,-0.018,-224058
91531001,2.844,-8.977,2.293,0.006,-0.021,-0.018,-225000
91537434,2.844,-8.977,2.293,-0.004,-0.004,-0.012,-224358
91540655,2.844,-8.977,2.293,0.000,0.010,-0.004,-225351
91547073,2.770,-9.059,2.258,-0.006,0.012,0.010,-226056
91550294,2.809,-9.020,2.293,-0.006,0.012,0.010,-224104
91557728,2.809,-9.020,2.293,-0.006,-0.004,0.006,-224312
91560949,2.809,-9.020,2.293,-0.008,0.000,0.006,-224919
91565170,2.809,-9.020,2.219,-0.008,0.000,0.006,-225606
91571603,2.809,-9.020,2.219,-0.012,0.018,0.002,-225047
91575824,2.809,-9.020,2.219,-0.016,-0.002,-0.004,-224781
91581258,2.770,-9.098,2.180,-0.012,0.000,-0.004,-224320
91585479,2.770,-9.098,2.180,-0.004,0.000,-0.006,-223780
91590912,2.770,-9.133,2.258,-0.008,-0.002,-0.006,-225490
91595133,2.770,-9.133,2.258,0.000,0.002,-0.014,-224858
91602567,2.730,-9.098,2.293,-0.002,-0.004,-0.012,-225824
91605789,2.770,-9.094,2.219,-0.002,-0.004,-0.012,-224072
91612223,2.770,-9.094,2.219,0.006,-0.014,-0.006,-224515
91615444,2.770,-9.094,2.219,0.008,-0.008,-0.004,-225499
91621878,2.809,-9.055,2.180,0.006,-0.014,-0.010,-225523
91625099,2.844,-9.020,2.258,0.006,-0.014,-0.010,-224212
91631535,2.844,-9.020,2.258,0.000,-0.010,-0.018,-225356
91636969,2.809,-9.059,2.293,0.006,-0.004,-0.018,-225555
91641190,2.809,-9.059,2.293,0.004,-0.002,-0.012,-225186
91646624,2.809,-9.020,2.258,0.004,-0.002,-0.008,-224662
91650845,2.809,-9.020,2.258,0.006,0.004,0.004,-225061
91655066,2.770,-9.020,2.219,0.006,0.004,0.004,-224344
91660500,2.770,-9.055,2.180,0.010,0.006,0.020,-225885
91665933,2.770,-9.055,2.180,-0.002,0.000,0.010,-224316
91670154,2.730,-9.020,2.180,-0.002,0.000,0.010,-224479
91675588,2.730,-9.020,2.180,-0.006,0.004,-0.012,-225434
91682022,2.770,-9.059,2.258,-0.008,-0.002,-0.025,-223948
91686243,2.770,-9.059,2.258,-0.004,-0.004,-0.020,-224130
91691676,2.809,-9.059,2.258,-0.006,0.004,-0.008,-224928
91695897,2.809,-9.059,2.258,0.000,-0.004,0.010,-224903
91700118,2.730,-9.055,2.293,0.000,-0.004,0.010,-224089
91706552,2.730,-9.055,2.293,0.002,-0.006,0.010,-224281
91712986,2.770,-9.059,2.258,0.000,-0.004,-0.002,-224589
91717207,2.770,-9.059,2.258,0.000,-0.004,-0.004,-223473
91721428,2.770,-9.059,2.258,-0.010,-0.006,-0.004,-223809
91726862,2.844,-9.059,2.258,-0.002,-0.008,-0.014,-224561
91731083,2.844,-9.059,2.258,0.002,-0.002,-0.008,-224942
91735304,2.844,-9.059,2.258,0.002,-0.002,-0.008,-225096
91741737,2.844,-9.059,2.258,0.004,-0.004,-0.002,-224324
91748170,2.809,-9.059,2.219,0.002,0.000,0.006,-223875
91751391,2.844,-9.055,2.180,0.002,0.000,0.006,-224155
91755611,2.844,-9.055,2.180,-0.006,0.002,-0.002,-225351
91760832,2.844,-9.055,2.180,0.000,0.002,-0.008,-224466
91766266,2.809,-9.059,2.219,-0.006,0.004,0.004,-224481
91770487,2.809,-9.059,2.258,-0.006,0.004,0.004,-224215
91776921,2.809,-9.059,2.258,-0.004,0.002,-0.006,-224911
91780142,2.809,-9.059,2.258,0.002,0.010,0.002,-224353
91787576,2.844,-9.094,2.293,0.002,0.010,0.020,-224562
91790796,2.770,-9.094,2.219,0.002,0.010,0.020,-224573
91797228,2.770,-9.094,2.219,0.008,0.002,-0.004,-224177
91801449,2.770,-9.059,2.219,0.008,0.002,-0.004,-225284
91807882,2.770,-9.059,2.219,0.012,0.006,-0.006,-224014
91811102,2.770,-9.059,2.219,0.004,-0.004,-0.004,-224358
91815323,2.770,-9.059,2.219,0.002,0.004,0.002,-223811
91820757,2.770,-9.059,2.219,0.004,-0.006,0.000,-224817
91827191,2.770,-9.020,2.293,0.016,-0.014,-0.014,-224744
91831412,2.770,-9.020,2.293,0.012,-0.014,-0.020,-223651
91835633,2.770,-9.020,2.293,0.012,-0.002,-0.004,-223877
91841067,2.844,-9.059,2.258,0.004,0.002,0.008,-225621
91846500,2.770,-9.020,2.219,0.006,-0.002,-0.002,-223911
91850721,2.809,-9.020,2.219,0.006,-0.002,-0.002,-224803
91856155,2.809,-9.020,2.219,-0.006,0.002,0.002,-224777
91860376,2.809,-9.020,2.219,-0.006,0.002,0.002,-224783
91866810,2.809,-9.020,2.219,-0.008,0.008,-0.004,-224693
91870031,2.809,-9.020,2.219,0.000,0.008,-0.004,-224835
91875465,2.809,-9.094,2.258,-0.004,0.008,0.004,-225246
91882899,2.809,-9.059,2.219,-0.004,0.002,0.006,-224585
91887120,2.809,-9.059,2.219,0.000,0.002,-0.008,-224399
91890341,2.809,-9.059,2.219,-0.004,0.000,0.000,-225155
91895775,2.809,-9.059,2.258,0.004,0.006,0.002,-224797
91903193,2.730,-9.098,2.219,0.004,0.000,-0.002,-223901
91907414,2.730,-9.098,2.219,0.002,0.002,0.004,-224235
91910635,2.730,-9.098,2.219,0.000,0.000,0.006,-225790
91917068,2.809,-9.094,2.258,0.006,-0.002,0.000,-223766
91921289,2.809,-9.094,2.258,0.002,-0.002,-0.002,-224511
91926722,2.770,-9.059,2.258,0.002,-0.006,0.004,-224738
91930943,2.730,-9.016,2.219,0.002,-0.006,0.004,-224818
91935164,2.730,-9.016,2.219,0.004,-0.004,-0.002,-224452
91941582,2.730,-9.016,2.219,0.004,-0.004,0.002,-224580
91945802,2.730,-9.016,2.219,-0.004,-0.006,0.002,-224974
91952236,2.809,-9.020,2.293,0.004,0.000,0.004,-223585
91956456,2.770,-9.020,2.219,0.004,0.000,0.004,-224497
91962889,2.770,-9.020,2.219,0.006,0.004,0.002,-225295
91966109,2.770,-9.020,2.219,0.002,-0.004,-0.004,-225047
91972543,2.844,-9.020,2.219,-0.010,-0.002,-0.006,-225383
91976764,2.844,-9.020,2.219,-0.006,-0.002,0.000,-224372
91980985,2.844,-9.020,2.219,-0.008,0.004,-0.002,-224774
91986419,2.809,-9.059,2.258,-0.008,0.010,0.004,-224551
91990640,2.809,-9.059,2.293,-0.008,0.010,0.004,-225628
91997074,2.809,-9.059,2.293,0.002,0.006,-0.002,-224771
92000295,2.809,-9.059,2.293,0.004,0.006,0.006,-225077
92007728,2.809,-9.059,2.258,0.002,0.006,0.010,-224509
92010949,2.770,-9.059,2.258,0.002,0.006,0.010,-224366
92017382,2.770,-9.059,2.258,0.002,0.002,0.004,-224714
92021603,2.809,-9.059,2.258,0.002,0.002,0.004,-224679
92028036,2.809,-9.059,2.258,0.002,0.000,-0.006,-224145
92031257,2.809,-9.059,2.258,0.000,0.002,-0.004,-224585
92035478,2.809,-9.059,2.258,0.002,0.000,-0.008,-225478
92040912,2.770,-9.094,2.258,0.008,0.000,0.000,-224038
92045132,2.770,-9.059,2.258,0.008,0.000,0.000,-224660
92051566,2.770,-9.059,2.258,0.012,0.006,-0.006,-224165
92055786,2.770,-9.059,2.258,0.006,0.002,0.012,-224303
92062219,2.809,-9.016,2.180,0.004,-0.008,-0.006,-225714
92065440,2.770,-9.020,2.219,0.004,-0.008,-0.006,-225055
92071874,2.770,-9.020,2.219,0.000,0.000,0.000,-225044
92075094,2.770,-9.020,2.219,0.000,-0.004,-0.012,-224459
92082527,2.809,-9.059,2.332,0.004,-0.002,-0.004,-223960
92085748,2.844,-9.059,2.293,0.004,-0.002,-0.004,-224329
92092182,2.844,-9.059,2.293,0.002,0.006,0.010,-225335
92095402,2.844,-9.059,2.293,-0.002,0.002,0.000,-225312
92101835,2.770,-9.020,2.219,0.000,0.002,-0.002,-223789
92106056,2.809,-9.059,2.219,0.000,0.002,-0.002,-224136
92112490,2.809,-9.059,2.219,-0.008,0.002,0.002,-224553
92115711,2.809,-9.059,2.219,0.000,-0.002,-0.002,-224736
92123145,2.809,-9.059,2.219,-0.004,-0.004,-0.016,-224660
92127366,2.809,-9.059,2.219,-0.012,0.002,0.004,-224102
92130587,2.809,-9.059,2.293,-0.012,0.002,0.004,-224605
92138021,2.809,-9.059,2.293,0.002,-0.002,0.008,-224379
92142242,2.809,-9.059,2.293,0.004,0.000,-0.002,-224987
92145463,2.770,-9.059,2.219,0.004,0.000,-0.002,-225587
92150896,2.770,-9.059,2.219,0.000,0.000,0.004,-224804
92155116,2.770,-9.059,2.219,-0.004,0.000,0.000,-224647
92161550,2.770,-9.055,2.180,-0.004,-0.010,-0.008,-224915
92165771,2.770,-9.055,2.180,-0.006,-0.010,-0.006,-223949
92172204,2.809,-9.059,2.258,-0.006,-0.002,-0.012,-225583
92176425,2.770,-9.094,2.258,-0.006,-0.002,-0.012,-224183
92182858,2.770,-9.094,2.258,0.000,-0.004,0.004,-224265
92186079,2.770,-9.094,2.258,0.002,0.000,0.008,-225137
92192511,2.730,-9.016,2.219,0.004,-0.004,-0.006,-224658
92195732,2.730,-9.016,2.219,0.002,-0.014,-0.010,-225193
92202166,2.770,-8.980,2.180,0.004,-0.010,-0.006,-223997
92206387,2.809,-9.094,2.219,0.004,-0.010,-0.006,-223779
92212821,2.809,-9.094,2.219,0.000,-0.002,0.010,-224751
92216042,2.809,-9.094,2.219,-0.018,-0.041,-0.027,-224912
92221476,2.961,-9.094,2.293,0.010,-0.021,-0.012,-224607
92225682,2.961,-9.094,2.293,-0.012,0.055,0.074,-224607
92232115,2.617,-9.059,2.219,0.006,0.002,0.029,-224886
92236336,2.617,-9.059,2.219,0.012,-0.041,-0.061,-223937
92240557,2.617,-9.059,2.219,-0.010,-0.039,-0.031,-224192
92246992,3.000,-8.977,2.371,0.004,0.047,0.031,-224800
92250213,2.652,-9.094,2.102,0.004,0.047,0.031,-223991
92257646,2.652,-9.094,2.102,0.006,-0.023,-0.012,-225996
92261867,3.074,-9.098,2.371,0.006,-0.023,-0.012,-225111
92265088,3.074,-9.098,2.371,0.000,-0.049,-0.076,-224567
92271522,3.074,-9.098,2.371,0.006,0.068,0.088,-224028
92275742,3.074,-9.098,2.371,0.016,0.023,-0.006,-224730
92281175,2.578,-9.094,2.293,0.010,-0.014,-0.053,-223645
92285396,2.770,-9.098,2.180,0.010,-0.014,-0.053,-223413
92291830,2.770,-9.098,2.180,0.018,0.006,0.020,-225278
92296051,2.770,-9.098,2.180,0.012,0.020,-0.012,-223836
92301485,2.770,-9.059,2.293,0.008,0.018,0.000,-224706
92306918,2.691,-9.094,2.141,0.012,-0.004,0.020,-223726
92311139,2.730,-9.016,2.219,0.012,-0.004,0.020,-225141
92316573,2.730,-9.016,2.219,0.018,-0.004,-0.002,-223973
92320794,2.730,-9.055,2.258,0.018,-0.004,-0.002,-224537
92327228,2.730,-9.055,2.258,0.006,0.006,-0.004,-223872
92330449,2.730,-9.055,2.258,0.014,-0.004,-0.020,-224216
92335882,2.730,-9.059,2.141,0.004,-0.021,-0.008,-223568
92340103,2.844,-9.094,2.293,0.004,-0.021,-0.008,-223833
92346536,2.844,-9.020,2.258,0.002,-0.018,-0.002,-224312
92351970,2.844,-9.020,2.258,0.006,0.002,0.000,-223902
92356190,2.844,-9.020,2.258,0.002,-0.006,-0.002,-224316
92360411,2.809,-9.020,2.258,0.002,-0.006,-0.002,-224488
92367844,2.809,-9.020,2.258,0.004,-0.008,0.002,-223296
92371065,2.809,-9.020,2.258,0.004,0.002,0.000,-223541
92376497,2.809,-8.977,2.293,0.002,0.010,0.006,-224454
92380718,2.809,-9.059,2.219,0.002,0.010,0.006,-224099
92387151,2.809,-9.059,2.219,-0.002,-0.004,-0.014,-223157
92390372,2.844,-9.059,2.293,-0.002,-0.004,-0.014,-224861
92396806,2.844,-9.059,2.293,-0.002,0.002,0.004,-224084
92401027,2.809,-9.059,2.332,-0.002,0.002,0.004,-224887
92407461,2.809,-9.059,2.332,0.000,0.004,0.016,-223709
92410681,2.809,-9.020,2.219,0.000,0.004,0.016,-224500
92418114,2.809,-9.020,2.219,0.000,0.006,-0.012,-223534
92421335,2.809,-9.020,2.219,-0.010,0.002,0.000,-224114
92425556,2.809,-9.020,2.219,-0.012,0.000,0.020,-224522
92431991,2.730,-9.055,2.258,-0.016,0.000,0.012,-224913
92435212,2.730,-9.055,2.258,-0.018,-0.006,-0.012,-224422
92441646,2.730,-9.016,2.258,-0.018,-0.006,-0.018,-224441
92445867,2.730,-9.016,2.258,-0.014,-0.006,-0.014,-224304
92452301,2.770,-9.094,2.258,-0.012,-0.010,0.004,-223366
92456522,2.770,-9.059,2.258,-0.012,-0.010,0.004,-223765
92461958,2.770,-9.059,2.258,-0.012,-0.010,0.006,-224782
92466179,2.809,-9.059,2.219,-0.012,-0.010,0.006,-224761
92472613,2.809,-9.059,2.219,-0.012,-0.010,-0.004,-224244
92476834,2.809,-9.059,2.219,-0.008,-0.006,-0.008,-224079
92481055,2.809,-9.059,2.219,0.000,-0.010,-0.002,-224723
92486489,2.809,-9.059,2.293,0.000,-0.010,0.008,-224650
92492922,2.809,-9.055,2.180,-0.004,-0.002,0.010,-224776
92497143,2.809,-9.055,2.180,-0.006,-0.002,0.006,-224596
92500364,2.809,-9.055,2.180,0.004,0.002,-0.010,-224658
92507797,2.883,-9.059,2.219,-0.004,0.004,-0.004,-224622
92511018,2.844,-9.094,2.293,-0.004,0.004,-0.004,-224253
92517451,2.844,-9.094,2.293,-0.004,0.010,0.006,-224014
92521672,2.809,-9.094,2.293,-0.004,0.010,0.006,-225481
92528105,2.809,-9.094,2.293,0.006,0.010,-0.004,-224341
92531326,2.809,-9.094,2.293,0.008,0.014,0.004,-225270
92535547,2.770,-9.059,2.258,0.008,0.014,0.004,-223417
92541979,2.770,-9.059,2.258,0.000,0.008,0.004,-225083
92545200,2.730,-9.055,2.219,0.000,0.008,0.004,-223973
92551633,2.730,-9.055,2.219,0.004,0.002,-0.004,-223920
92555854,2.730,-9.055,2.219,0.002,0.006,-0.004,-224330
92562287,2.770,-9.059,2.258,-0.004,-0.004,-0.002,-224908
92565508,2.770,-9.059,2.293,-0.004,-0.004,-0.002,-224703
92571943,2.770,-9.059,2.293,0.004,-0.008,-0.004,-224788
92576164,2.770,-9.059,2.293,0.002,-0.006,0.012,-224864
92580385,2.809,-9.020,2.219,0.002,-0.006,0.012,-224327
92587818,2.809,-9.020,2.219,0.002,-0.008,0.000,-223289
92591039,2.809,-9.020,2.219,0.002,-0.008,0.000,-223925
92595260,2.809,-9.020,2.219,-0.004,0.000,0.000,-223700
92602694,2.809,-9.020,2.219,-0.006,0.000,-0.002,-224890
92605915,2.809,-9.059,2.258,-0.006,0.000,-0.002,-224007
92611348,2.809,-9.059,2.258,-0.012,-0.004,-0.008,-225056
92615569,2.809,-9.059,2.258,-0.006,-0.006,-0.006,-225044
92622002,2.844,-9.059,2.293,0.000,-0.002,0.002,-224490
92626223,2.809,-9.020,2.219,0.000,-0.002,0.002,-224625
92632657,2.809,-9.020,2.219,-0.004,-0.002,0.002,-223539
92636878,2.809,-9.055,2.141,-0.004,-0.002,0.002,-224862
92640099,2.809,-9.055,2.141,-0.008,-0.004,-0.002,-225067
92646533,2.809,-9.055,2.141,-0.008,-0.002,-0.004,-223279
92652967,2.809,-9.094,2.258,-0.008,0.000,-0.006,-224032
92656188,2.809,-9.094,2.258,0.000,-0.002,0.002,-223986
92660409,2.809,-9.094,2.258,0.000,-0.002,0.002,-225576
92666842,2.809,-9.094,2.258,0.006,0.002,-0.002,-224169
92670062,2.809,-9.094,2.258,0.000,0.002,0.006,-223520
92676494,2.809,-9.094,2.258,0.002,-0.002,0.006,-223978
92682927,2.844,-9.059,2.219,0.002,-0.006,0.008,-224678
92687148,2.844,-9.059,2.258,0.002,-0.006,0.008,-224302
92690369,2.844,-9.059,2.258,-0.002,0.002,0.014,-224775
92696803,2.844,-9.059,2.258,0.002,0.000,0.012,-224283
92701023,2.844,-9.059,2.258,0.002,-0.002,0.010,-224426
92707457,2.809,-9.094,2.258,0.004,0.010,0.016,-225335
92710678,2.809,-9.059,2.258,0.004,0.010,0.016,-224665
92718112,2.809,-9.059,2.258,0.006,0.012,0.006,-225041
92721333,2.809,-9.059,2.258,0.010,0.006,0.018,-223971
92725554,2.809,-9.059,2.258,0.010,0.006,0.018,-225136
92731989,2.809,-9.059,2.219,0.008,0.006,0.006,-224183
92735209,2.809,-9.059,2.219,0.006,0.010,0.006,-224583
92742643,2.809,-9.059,2.219,0.008,0.012,0.006,-224993
92746864,2.730,-9.055,2.219,0.008,0.012,0.006,-224772
92750085,2.730,-9.055,2.219,0.000,0.006,-0.008,-224727
92756519,2.730,-9.055,2.219,-0.002,0.018,0.010,-225087
92760742,2.730,-9.055,2.219,0.000,0.000,0.014,-225516
92767175,2.652,-9.020,2.258,0.002,-0.018,-0.020,-224244
92770396,2.809,-9.020,2.293,0.002,-0.018,-0.020,-224577
92776830,2.809,-9.020,2.293,0.006,-0.008,0.016,-224871
92781051,2.809,-9.016,2.180,0.006,-0.008,0.016,-225032
92787484,2.809,-9.016,2.180,0.002,-0.004,0.021,-224359
92791705,2.809,-9.016,2.180,-0.002,0.006,0.033,-226090
92798138,2.844,-9.016,2.180,-0.016,0.008,0.018,-226392
92803359,2.809,-9.059,2.219,-0.016,0.008,0.018,-226006
92806580,2.809,-9.059,2.219,-0.012,0.012,-0.014,-224837
92813014,2.809,-9.059,2.219,-0.014,0.020,-0.010,-224545
92816235,2.809,-9.059,2.219,0.006,-0.006,-0.016,-225475
92820456,2.809,-9.133,2.371,0.006,-0.006,-0.016,-225334
92826890,2.809,-9.133,2.371,0.018,-0.004,0.000,-225461
92831111,2.770,-9.094,2.219,0.018,-0.004,0.000,-224595
92836545,2.770,-9.094,2.219,0.018,0.010,0.021,-225446
92840768,2.730,-9.094,2.180,0.018,0.010,0.021,-226336
92847202,2.730,-9.094,2.180,0.002,-0.014,-0.031,-224704
92850423,2.730,-9.094,2.180,0.006,-0.010,-0.049,-224382
92855856,2.809,-9.059,2.219,0.006,0.002,-0.035,-225273
92860077,2.770,-9.059,2.410,0.006,0.002,-0.035,-226315
92866511,2.770,-9.059,2.410,0.012,-0.010,-0.025,-225117
92870946,2.730,-9.098,2.332,0.023,-0.016,-0.020,-223540
92876167,2.809,-9.016,2.180,0.023,-0.016,-0.020,-224505
92881601,2.809,-9.016,2.180,0.002,-0.010,-0.008,-224159
92888035,2.770,-9.020,2.258,0.000,-0.014,-0.047,-224610
92892256,2.809,-9.059,2.258,0.000,-0.014,-0.047,-225545
92896477,2.809,-9.059,2.258,0.012,-0.021,-0.016,-224228
92901698,2.844,-9.059,2.258,0.012,-0.021,-0.016,-224498
92907131,2.844,-9.059,2.258,0.006,-0.002,0.016,-223723
92911352,2.844,-9.059,2.219,0.006,-0.002,0.016,-225292
92917785,2.844,-9.059,2.219,0.010,-0.002,-0.010,-222998
92921006,2.844,-9.059,2.219,-0.006,-0.006,-0.027,-223627
92927440,2.730,-9.020,2.180,-0.006,-0.012,-0.041,-223765
92931661,2.922,-9.094,2.449,-0.006,-0.012,-0.041,-223301
92938095,2.922,-9.094,2.449,0.020,-0.006,-0.014,-223328
92942316,2.844,-9.020,2.332,0.020,-0.006,-0.014,-224147
92945537,2.844,-9.020,2.332,0.029,-0.018,0.029,-223404
92952971,2.922,-8.980,2.219,0.039,-0.018,0.035,-223217
92956192,2.922,-8.980,2.219,0.027,0.020,0.064,-223503
92960412,2.922,-8.980,2.219,0.000,0.031,0.051,-223627
92966845,2.730,-9.020,2.180,-0.004,0.033,-0.006,-223535
92970066,2.730,-9.020,2.180,-0.010,-0.004,-0.051,-224205
92977500,2.730,-9.020,2.180,-0.020,0.016,-0.023,-223253
92981721,2.652,-9.094,2.371,-0.020,0.016,-0.023,-223488
92988154,2.652,-9.094,2.371,0.002,0.012,-0.010,-223679
92992375,2.578,-9.133,2.410,0.002,0.012,-0.010,-223678
92995596,2.578,-9.133,2.410,0.021,-0.029,-0.018,-222830
93004030,2.691,-8.980,2.027,0.014,-0.035,-0.041,-223423
93007251,2.691,-8.980,2.027,0.023,0.014,-0.076,-224479
93010472,2.691,-8.980,2.027,0.000,-0.021,0.014,-224008
93016906,2.691,-8.980,2.027,-0.006,-0.053,0.041,-223093
93021127,3.000,-9.020,2.293,-0.006,-0.053,0.041,-224034
93028560,3.000,-9.020,2.293,-0.006,-0.002,-0.025,-223439
93031781,3.000,-9.020,2.293,-0.006,-0.025,-0.035,-223924
93035002,2.844,-9.020,2.371,-0.006,-0.025,-0.035,-223458
93043436,3.035,-8.977,2.219,-0.004,-0.025,-0.012,-223714
93046657,3.035,-8.977,2.219,-0.018,-0.006,0.006,-223842
93053091,3.035,-8.977,2.219,-0.031,0.029,0.041,-223334
93056312,3.035,-8.977,2.219,-0.027,0.025,0.008,-223006
93060533,2.809,-9.133,2.332,-0.027,0.025,0.008,-224046
93066967,2.809,-9.133,2.332,-0.004,0.010,-0.037,-223654
93070188,2.691,-9.176,2.180,-0.004,0.010,-0.037,-223325
93075622,2.691,-9.176,2.180,-0.016,0.012,-0.049,-223732
93083056,2.691,-9.172,2.332,0.000,0.010,-0.006,-223480
93087276,2.691,-9.172,2.332,0.010,0.000,0.025,-223498
93090496,2.691,-9.172,2.332,0.029,-0.037,0.033,-223782
93095930,2.617,-9.133,2.371,0.041,-0.045,-0.029,-224148
93100151,2.809,-9.059,2.219,0.041,-0.045,-0.029,-223468
93106585,2.809,-9.059,2.219,0.014,-0.014,-0.016,-224000
93112018,2.809,-9.094,2.219,0.033,-0.021,-0.014,-223763
93116239,3.035,-8.977,1.910,0.033,-0.021,-0.014,-224389
93122672,3.035,-8.977,1.910,0.000,0.006,0.012,-223803
93125892,3.035,-8.977,1.910,0.012,-0.047,-0.043,-224064
93132326,2.691,-9.016,2.410,0.018,0.004,-0.047,-223583
93135547,2.691,-9.016,2.410,0.039,-0.070,-0.012,-223555
93141982,2.770,-8.980,2.680,0.059,-0.037,-0.066,-223741
93146203,2.770,-8.980,2.680,0.023,0.029,0.043,-223223
93153635,3.000,-8.867,2.027,0.002,0.072,0.098,-223144
93157856,3.000,-8.867,2.027,-0.031,0.012,0.021,-223704
93162077,3.000,-8.867,2.027,-0.035,-0.061,-0.029,-223743
93165298,3.113,-8.977,2.293,-0.035,-0.061,-0.029,-222902
93171732,3.113,-8.977,2.293,-0.041,0.102,0.018,-223551
93175953,2.500,-9.020,2.371,-0.041,0.102,0.018,-223604
93182387,2.730,-9.020,2.180,-0.012,0.021,0.020,-223558
93185608,2.730,-9.020,2.180,0.002,-0.025,-0.070,-222972
93193042,2.844,-9.094,2.102,-0.027,-0.025,-0.023,-222704
93196263,2.844,-9.094,2.102,-0.029,0.043,0.010,-223556
93202696,2.844,-9.094,2.102,-0.033,-0.016,0.047,-223176
93206917,2.652,-9.137,2.449,-0.033,-0.016,0.047,-223205
93210138,2.652,-9.137,2.449,-0.021,-0.031,0.029,-223773
93217572,2.652,-9.137,2.449,0.016,-0.014,-0.037,-223436
93221793,2.809,-9.137,2.180,0.016,-0.014,-0.037,-222742
93225014,2.809,-9.137,2.180,0.020,-0.027,-0.047,-223320
93232447,2.922,-9.020,2.180,0.023,-0.039,-0.016,-222652
93235668,2.922,-9.020,2.180,0.018,-0.045,0.008,-222736
93244101,2.961,-9.020,2.293,0.014,-0.021,0.002,-222586
93247322,2.961,-9.020,2.293,0.012,-0.002,0.018,-223819
93250543,2.961,-9.020,2.293,0.014,0.006,0.023,-222903
93256977,2.961,-9.020,2.293,0.020,0.012,0.010,-223202
93261197,2.883,-8.977,2.219,0.020,0.012,0.010,-223774
93267630,2.883,-8.977,2.219,0.004,0.029,-0.016,-221666
93270851,2.883,-8.977,2.219,0.000,0.021,-0.020,-222294
93276284,2.883,-8.977,2.258,0.000,0.021,-0.004,-222683
93280505,2.770,-9.020,2.258,0.000,0.021,-0.004,-222785
93287941,2.770,-9.020,2.258,-0.016,0.033,0.016,-222688
93291162,2.770,-9.020,2.258,-0.010,0.023,0.008,-223250
93296596,2.691,-9.016,2.293,-0.012,0.008,0.002,-223263
93300817,2.652,-9.059,2.258,-0.012,0.008,0.002,-223115
93308250,2.652,-9.059,2.258,-0.014,-0.002,-0.002,-223744
93311471,2.691,-9.055,2.293,-0.014,-0.002,-0.002,-223658
93315692,2.691,-9.055,2.293,-0.010,-0.014,0.000,-223038
93323126,2.691,-9.055,2.293,-0.008,-0.027,-0.008,-223438
93326347,2.691,-9.055,2.293,-0.006,-0.023,-0.002,-223428
93331780,2.809,-9.059,2.219,-0.010,-0.023,-0.002,-223519
93336001,2.809,-9.059,2.219,-0.006,-0.023,-0.002,-222967
93342435,2.883,-9.059,2.219,-0.008,-0.023,-0.002,-223474
93346656,2.883,-9.059,2.219,0.000,-0.016,0.000,-222564
93353089,2.922,-9.055,2.293,0.002,-0.008,-0.002,-223799
93357310,2.922,-9.059,2.180,0.002,-0.008,-0.002,-223311
93360531,2.922,-9.059,2.180,0.006,0.000,-0.004,-223603
93366965,2.922,-9.059,2.180,0.008,0.004,0.000,-223114
93370186,2.922,-9.098,2.258,0.008,0.004,0.000,-222784
93376619,2.922,-9.098,2.258,0.004,0.016,0.000,-222739
93380839,2.844,-9.059,2.293,0.004,0.016,0.000,-223631
93387272,2.809,-9.020,2.332,0.008,0.014,-0.006,-223583
93390492,2.809,-9.020,2.332,0.014,0.018,0.002,-223326
93396925,2.809,-9.020,2.332,0.014,0.016,0.008,-222435
93401146,2.770,-9.059,2.258,0.014,0.016,0.008,-222013
93407579,2.770,-9.059,2.258,0.008,0.008,0.000,-222133
93410800,2.730,-9.016,2.258,0.008,0.008,0.000,-222617
93418233,2.730,-9.016,2.258,0.014,-0.002,-0.006,-222010
93422454,2.770,-9.020,2.293,0.014,-0.002,-0.006,-222931
93425675,2.770,-9.020,2.293,0.004,-0.002,-0.002,-222026
93433109,2.770,-9.020,2.293,0.010,-0.002,0.004,-222670
93436330,2.770,-9.020,2.293,0.010,-0.004,0.000,-222888
93443764,2.770,-9.020,2.293,-0.004,-0.010,0.000,-223483
93447985,2.809,-8.977,2.219,-0.004,-0.010,0.000,-222767
93451206,2.809,-8.977,2.219,0.000,-0.014,-0.004,-223363
93457639,2.809,-8.977,2.219,-0.006,-0.012,0.000,-222542
93461860,2.883,-9.016,2.180,-0.006,-0.012,0.000,-223383
93465081,2.883,-9.016,2.180,-0.010,-0.010,-0.004,-223048
93472515,2.883,-9.059,2.293,-0.020,-0.008,0.002,-222264
93475736,2.883,-9.059,2.293,-0.014,-0.006,-0.002,-222114
93484170,2.844,-9.059,2.293,-0.008,-0.002,-0.002,-223228
93487391,2.844,-9.059,2.293,-0.008,0.002,0.004,-222948
93490612,2.844,-9.059,2.293,-0.006,0.006,0.006,-222089
93497046,2.844,-9.059,2.293,-0.004,0.008,0.004,-222636
93501267,2.844,-9.094,2.219,-0.004,0.008,0.004,-222854
93507701,2.844,-9.094,2.219,-0.008,0.012,0.004,-222333
93510922,2.844,-9.094,2.219,0.002,0.006,-0.004,-223471
93516355,2.770,-9.094,2.219,0.004,0.008,-0.002,-222404
93520576,2.770,-9.059,2.258,0.004,0.008,-0.002,-222660
93528010,2.770,-9.059,2.258,0.006,-0.008,-0.002,-223288
93531231,2.770,-9.059,2.258,0.014,0.002,0.000,-223128
93536664,2.809,-9.094,2.258,0.014,0.000,0.002,-222760
93540885,2.770,-9.059,2.258,0.014,0.000,0.002,-223535
93548318,2.770,-9.059,2.258,0.008,-0.004,-0.002,-222737
93551539,2.809,-9.020,2.258,0.008,-0.004,-0.002,-221964
93555761,2.809,-9.020,2.258,0.006,-0.004,-0.002,-221748
93563194,2.809,-9.020,2.258,0.002,0.002,0.000,-221909
93566415,2.809,-9.020,2.258,0.004,0.000,0.004,-222562
93571849,2.809,-9.020,2.258,0.004,-0.002,0.000,-222582
93576070,2.809,-9.020,2.258,0.002,0.004,-0.010,-222410
93582504,2.844,-8.977,2.293,-0.006,0.006,0.000,-222255
93586725,2.844,-8.977,2.293,0.002,0.008,0.004,-222692
93592159,2.844,-9.020,2.293,-0.006,0.002,0.000,-222469
93596380,2.809,-9.020,2.258,-0.006,0.002,0.000,-222806
93602814,2.809,-9.020,2.258,-0.006,-0.004,-0.004,-222206
93606035,2.809,-9.020,2.258,-0.004,0.002,-0.002,-221650
93612469,2.809,-9.059,2.258,0.000,0.000,-0.002,-222657
93616689,2.809,-9.059,2.293,0.000,0.000,-0.002,-223321
93622123,2.809,-9.059,2.293,-0.006,-0.002,-0.002,-222912
93625344,2.809,-9.059,2.219,-0.006,-0.002,-0.002,-222659
93631778,2.809,-9.059,2.258,-0.002,0.006,0.006,-222938
93635999,2.809,-9.059,2.258,-0.006,0.006,0.000,-222426
93642432,2.809,-9.059,2.258,0.002,0.000,-0.002,-223328
93646653,2.809,-9.094,2.219,0.002,0.000,-0.002,-222778
93654087,2.809,-9.094,2.219,-0.004,-0.008,-0.004,-222434
93657308,2.809,-9.094,2.219,0.008,-0.006,-0.008,-222055
93661529,2.809,-9.094,2.219,0.008,-0.002,-0.004,-223116
93667963,2.809,-9.059,2.258,0.010,-0.004,0.002,-222367
93671184,2.844,-9.059,2.219,0.010,-0.004,0.002,-222288
93677618,2.844,-9.059,2.219,0.006,0.002,0.000,-222858
93680839,2.844,-9.059,2.219,-0.002,-0.002,-0.002,-222113
93687273,2.844,-9.059,2.293,-0.002,-0.002,-0.002,-221788
93690494,2.844,-9.059,2.293,0.004,0.002,-0.002,-222397
93696928,2.844,-9.059,2.293,0.002,0.006,-0.002,-222727
93703364,2.809,-9.016,2.180,-0.002,0.012,0.000,-222580
93706585,2.770,-9.059,2.219,-0.002,0.012,0.000,-222530
93713019,2.770,-9.059,2.219,0.002,0.000,0.004,-222821
93716240,2.770,-9.059,2.219,-0.004,0.008,0.006,-222426
93723675,2.809,-9.059,2.293,0.002,0.000,0.000,-222385
93726895,2.809,-9.059,2.332,0.002,0.000,0.000,-222520
93732328,2.809,-9.059,2.332,0.006,-0.006,-0.010,-222922
93736549,2.809,-9.055,2.180,0.006,-0.006,-0.010,-222947
93742983,2.809,-9.055,2.180,-0.004,0.002,0.004,-223347
93747204,2.844,-9.055,2.141,-0.004,0.002,0.004,-222452
93750425,2.844,-9.055,2.141,-0.010,-0.004,0.006,-222844
93757859,2.809,-9.059,2.332,-0.012,0.000,0.016,-222231
93761080,2.809,-9.059,2.332,-0.010,-0.010,0.006,-222734
93767514,2.809,-9.059,2.332,0.000,0.002,-0.006,-221896
93771735,2.883,-9.059,2.293,0.000,0.002,-0.006,-221959
93777169,2.883,-9.059,2.293,0.002,0.000,-0.008,-222206
93781390,2.809,-9.016,2.180,0.002,0.000,-0.008,-222814
93787824,2.809,-9.016,2.180,-0.006,0.000,0.002,-222464
93791045,2.809,-9.016,2.180,0.000,0.010,0.010,-223696
93796478,2.844,-9.020,2.258,-0.006,0.002,0.004,-222465
93800699,2.809,-9.059,2.258,-0.006,0.002,0.004,-222757
93808133,2.809,-9.059,2.258,0.006,-0.004,-0.008,-222313
93811354,2.844,-9.059,2.258,0.006,-0.004,-0.008,-222771
93817788,2.844,-9.059,2.258,0.000,0.002,-0.002,-222264
93821009,2.809,-9.020,2.219,0.000,0.002,-0.002,-222498
93827443,2.809,-9.020,2.219,0.006,-0.002,-0.006,-223007
93830664,2.844,-9.059,2.258,0.006,-0.002,-0.006,-222727
93837098,2.844,-9.059,2.258,-0.004,0.006,0.002,-221842
93841319,2.770,-9.059,2.258,-0.004,0.006,0.002,-222931
93847755,2.809,-9.059,2.258,-0.006,0.002,0.006,-222403
93850976,2.809,-9.059,2.258,0.002,0.002,0.004,-222632
93858410,2.809,-9.059,2.258,0.004,-0.002,-0.002,-222076
93862631,2.809,-9.059,2.258,0.004,-0.002,-0.006,-223149
93865852,2.809,-9.059,2.258,-0.004,-0.008,-0.002,-222217
93872286,2.809,-8.977,2.219,0.000,-0.002,0.000,-223075
93876507,2.844,-9.020,2.258,0.000,-0.002,0.000,-222690
93882941,2.844,-9.059,2.258,-0.004,0.000,0.000,-222791
93886162,2.844,-9.059,2.258,-0.006,-0.004,0.000,-221892
93893595,2.809,-9.059,2.258,-0.004,-0.002,0.004,-222660
93896816,2.809,-9.059,2.258,-0.006,-0.002,-0.002,-223515
93900037,2.809,-9.059,2.258,-0.006,-0.002,0.006,-221592
93907470,2.809,-9.059,2.219,0.000,-0.002,0.000,-223508
93910691,2.809,-9.059,2.219,0.000,0.002,-0.004,-223633
93917125,2.809,-9.059,2.219,-0.006,-0.004,-0.006,-222360
93921346,2.809,-9.059,2.258,-0.006,-0.004,-0.006,-222353
93927780,2.809,-9.059,2.258,-0.002,0.006,-0.002,-222069
93931001,2.844,-9.059,2.258,-0.002,0.006,-0.002,-222845
93937434,2.844,-9.059,2.258,0.000,0.000,0.002,-223085
93941654,2.809,-9.094,2.258,0.000,0.000,0.002,-223202
93949087,2.809,-9.094,2.258,-0.004,0.002,-0.002,-222084
93952308,2.809,-9.094,2.258,0.002,0.000,0.000,-222411
93957740,2.844,-9.020,2.258,0.000,-0.002,-0.004,-222532
93961961,2.844,-9.094,2.258,0.000,-0.002,-0.004,-223074
93965182,2.844,-9.094,2.258,0.002,0.000,0.000,-222946
93971615,2.844,-9.094,2.258,-0.002,0.002,0.004,-222551
93977049,2.809,-9.059,2.258,0.008,0.002,-0.004,-221819
93981270,2.809,-9.059,2.293,0.008,0.002,-0.004,-222748
93988703,2.809,-9.059,2.293,0.002,0.006,-0.002,-222064
93991924,2.809,-9.059,2.293,-0.004,-0.004,0.002,-221613
93997357,2.809,-9.020,2.258,-0.004,-0.002,0.002,-222512
94001578,2.844,-9.020,2.258,-0.004,-0.002,0.002,-222820
94009012,2.844,-9.020,2.258,0.002,-0.002,0.000,-222122
94012233,2.844,-9.020,2.258,-0.004,-0.002,-0.004,-222865
94015454,2.844,-9.020,2.293,-0.004,-0.002,-0.004,-222929
94021888,2.844,-9.059,2.293,0.002,-0.002,-0.002,-222306
94028322,2.844,-9.059,2.293,0.002,0.002,0.006,-222390
94031543,2.844,-9.059,2.258,0.002,0.002,0.006,-223030
94036975,2.844,-9.059,2.258,0.000,0.002,0.004,-222236
94041195,2.809,-9.020,2.219,0.000,0.002,0.004,-222439
94047629,2.809,-9.020,2.219,0.002,-0.002,0.000,-222169
94050850,2.809,-9.059,2.258,0.002,-0.002,0.000,-222507
94057284,2.809,-9.059,2.258,0.000,-0.002,-0.002,-222804
94061505,2.770,-9.059,2.219,0.000,-0.002,-0.002,-222442
94067939,2.809,-9.059,2.293,0.002,-0.002,-0.006,-222630
94071160,2.809,-9.059,2.293,0.000,0.000,0.000,-223123
94078593,2.809,-9.059,2.293,0.000,0.000,0.004,-222063
94082813,2.809,-9.059,2.293,-0.004,0.002,0.000,-222225
94086034,2.809,-9.059,2.293,0.002,-0.002,-0.004,-222665
94092467,2.844,-9.020,2.258,0.000,0.004,-0.004,-222875
94096688,2.809,-9.020,2.219,0.000,0.004,-0.004,-222595
94103122,2.844,-9.059,2.258,0.004,-0.002,-0.004,-222677
94106343,2.844,-9.059,2.258,-0.006,0.002,0.000,-222439
94113777,2.809,-9.059,2.293,-0.004,-0.002,-0.006,-222468
94116998,2.809,-9.059,2.293,0.002,0.000,0.000,-222612
94120219,2.809,-9.059,2.293,0.000,-0.002,-0.002,-222703
94127653,2.809,-9.059,2.219,0.004,0.002,0.000,-223186
94130874,2.809,-9.059,2.219,0.002,0.006,0.004,-222872
94138306,2.809,-9.059,2.219,0.002,0.000,0.002,-222226
94142527,2.844,-9.059,2.219,0.002,0.000,0.002,-222918
94145747,2.844,-9.059,2.219,0.002,0.002,-0.006,-222763
94153180,2.844,-9.020,2.258,-0.002,0.002,0.004,-221702
94156401,2.844,-9.020,2.258,0.004,-0.002,0.006,-222113
94163819,2.809,-9.059,2.258,-0.004,0.000,0.000,-222651
94167040,2.809,-9.059,2.258,-0.004,0.000,0.002,-222816
94170261,2.809,-9.059,2.258,0.002,-0.002,0.002,-222658
94177694,2.809,-9.059,2.258,0.004,0.004,0.000,-223378
94180915,2.809,-9.016,2.180,0.004,0.004,0.000,-222626
94187348,2.809,-9.020,2.219,0.006,0.002,-0.004,-222605
94190569,2.809,-9.020,2.219,-0.002,0.002,0.002,-222300
94197003,2.809,-9.020,2.219,-0.006,0.000,0.000,-223046
94200224,2.844,-9.059,2.219,-0.006,0.000,0.000,-222657
94207657,2.844,-9.059,2.219,-0.002,-0.006,-0.002,-222655
94210878,2.844,-9.059,2.258,-0.002,-0.006,-0.002,-222567
94217311,2.844,-9.059,2.258,0.004,0.004,0.002,-222671
94221531,2.809,-9.059,2.219,0.004,0.004,0.002,-222685
94228966,2.809,-9.059,2.219,0.000,-0.002,0.000,-223673
94232187,2.844,-9.059,2.293,0.000,-0.002,0.000,-222061
94236408,2.844,-9.059,2.293,-0.004,0.000,0.000,-222450
94243842,2.844,-9.059,2.293,0.000,-0.002,0.000,-222594
94247063,2.844,-9.059,2.293,0.002,0.002,0.004,-222859
94252497,2.844,-9.059,2.332,0.002,0.010,-0.002,-223001
94256717,2.844,-9.059,2.332,0.008,0.006,-0.002,-223179
94260938,2.844,-9.020,2.332,0.008,0.006,-0.002,-222626
94268372,2.844,-9.020,2.332,0.006,0.006,0.004,-222674
94271593,2.809,-9.020,2.219,0.006,0.006,0.004,-221929
94278026,2.809,-9.020,2.219,0.008,-0.002,0.004,-222565
94281247,2.809,-9.016,2.180,0.008,-0.002,0.004,-222880
94287681,2.809,-9.016,2.180,0.000,-0.002,0.004,-221896
94290902,2.809,-9.016,2.180,0.000,-0.002,0.004,-223078
94298336,2.809,-9.016,2.180,0.000,-0.008,-0.004,-222502
94301557,2.844,-9.059,2.219,0.000,-0.008,-0.004,-221976
94307990,2.844,-9.020,2.219,0.002,-0.008,0.008,-222316
94311211,2.844,-9.020,2.219,-0.008,-0.004,0.002,-222489
94317644,2.844,-9.020,2.219,-0.006,0.000,0.000,-222327
94321865,2.844,-9.020,2.258,-0.006,0.000,0.000,-221924
94328298,2.809,-9.059,2.293,-0.010,0.002,0.000,-222315
94331519,2.809,-9.059,2.293,-0.008,0.002,-0.004,-222088
94337952,2.809,-9.059,2.293,0.000,0.004,-0.004,-222716
94342173,2.809,-9.059,2.293,-0.006,0.008,-0.004,-222151
94348607,2.844,-9.094,2.332,-0.002,0.006,0.006,-221903
94351828,2.770,-9.094,2.410,-0.002,0.006,0.006,-221646
94355049,2.770,-9.094,2.410,0.002,0.006,-0.002,-222434
94362483,2.770,-9.094,2.410,0.010,0.004,-0.004,-222778
94366704,2.809,-9.059,2.332,0.010,0.004,-0.004,-222170
94373137,2.770,-9.055,2.180,0.018,0.012,0.000,-221904
94376357,2.770,-9.055,2.180,0.023,0.006,-0.002,-221950
94383791,2.730,-9.016,1.988,0.018,0.000,-0.004,-222815
94387012,2.730,-9.016,1.988,0.012,-0.002,-0.002,-222173
94390233,2.730,-9.016,1.988,0.004,-0.010,-0.002,-222770
94397667,2.730,-9.016,1.988,0.000,-0.018,-0.004,-223369
94400888,2.844,-9.020,2.332,0.000,-0.018,-0.004,-222443
94407322,2.844,-8.977,2.293,0.002,-0.016,0.004,-222744
94412756,2.844,-8.977,2.293,0.002,-0.012,-0.002,-222499
94415977,2.844,-9.020,2.258,0.002,-0.012,-0.002,-222675
94423411,2.883,-9.020,2.027,-0.004,-0.006,0.002,-222618
94426632,2.883,-9.020,2.027,-0.002,-0.006,0.002,-222631
94433066,2.883,-9.020,2.027,-0.016,0.000,0.000,-222754
94437287,2.883,-9.020,2.027,-0.014,0.002,0.002,-222132
94440508,2.883,-9.059,2.410,-0.014,0.002,0.002,-222484
94446941,2.883,-9.098,2.484,-0.014,0.014,0.002,-222431
94453375,2.809,-9.059,2.410,-0.010,0.018,0.008,-222246
94457596,2.809,-9.059,2.410,0.008,0.021,0.008,-223037
94461816,2.770,-9.059,2.410,0.008,0.021,0.008,-222148
94468249,2.770,-9.059,2.410,0.014,0.018,-0.002,-222216
94471470,2.770,-9.059,2.410,0.014,0.014,-0.008,-222869
94476903,2.730,-9.098,2.258,0.010,0.008,-0.004,-222567
94481124,2.770,-9.055,2.180,0.010,0.008,-0.004,-222017
94487556,2.770,-9.055,2.180,0.010,-0.008,-0.006,-221966
94492989,2.691,-9.059,2.141,0.012,-0.010,-0.002,-222309
94497210,2.770,-9.055,2.180,0.012,-0.010,-0.002,-222233
94500431,2.770,-9.055,2.180,0.006,-0.018,0.002,-222048
94506864,2.770,-9.055,2.180,0.014,-0.023,-0.002,-222545
94513298,2.809,-9.020,2.219,0.008,-0.023,-0.004,-222747
94516519,2.809,-9.020,2.219,0.008,-0.016,0.000,-221742
94522952,2.883,-8.977,2.219,-0.004,-0.016,0.002,-221970
94527173,2.883,-8.977,2.219,-0.006,-0.012,0.002,-222907
94533607,2.922,-8.977,2.180,-0.012,-0.004,0.000,-221916
94537828,2.922,-9.016,2.332,-0.012,-0.004,0.000,-222584
94541049,2.922,-9.016,2.332,-0.016,0.004,-0.004,-222052
94547483,2.922,-9.016,2.332,-0.016,0.018,0.000,-222564
94550704,2.883,-9.059,2.410,-0.016,0.018,0.000,-223078
94557137,2.883,-9.059,2.410,-0.006,0.023,-0.002,-222775
94560358,2.809,-9.094,2.332,-0.006,0.023,-0.002,-222439
94567792,2.730,-9.098,2.258,-0.006,0.023,0.002,-222382
94571013,2.730,-9.098,2.258,0.000,0.018,-0.002,-222488
94578447,2.730,-9.098,2.258,-0.004,0.006,-0.004,-221998
94582668,2.730,-9.098,2.258,0.006,-0.002,-0.002,-222950
94585889,2.730,-9.098,2.219,0.006,-0.002,-0.002,-221751
94592322,2.730,-9.098,2.258,0.002,-0.012,0.004,-223407
94596543,2.730,-9.098,2.258,0.004,-0.010,-0.006,-222962
94602977,2.730,-9.098,2.258,0.014,-0.016,0.006,-222241
94607198,2.844,-9.020,2.219,0.014,-0.016,0.006,-222332
94613632,2.844,-9.020,2.219,0.010,-0.023,-0.006,-222345
94617853,2.844,-9.020,2.219,0.008,-0.012,0.002,-222415
94621074,2.883,-9.020,2.258,0.008,-0.012,0.002,-222159
94627508,2.922,-8.980,2.293,0.004,-0.010,0.002,-222075
94630729,2.922,-8.980,2.293,0.006,0.002,0.000,-222934
94637163,2.922,-8.980,2.293,-0.006,0.008,0.000,-222369
94640384,2.883,-9.020,2.293,-0.006,0.008,0.000,-222171
94647818,2.883,-9.020,2.332,-0.004,0.010,0.002,-222675
94651039,2.883,-9.020,2.332,-0.004,0.016,0.006,-221964
94657473,2.883,-9.020,2.332,-0.008,0.014,-0.002,-222367
94660694,2.809,-9.059,2.219,-0.008,0.014,-0.002,-222022
94667127,2.730,-9.055,2.258,-0.008,0.016,0.004,-222248
94673561,2.730,-9.055,2.258,-0.010,0.006,0.000,-222729
94676782,2.730,-9.055,2.258,-0.006,0.000,-0.002,-222711
94683215,2.730,-9.059,2.180,-0.006,-0.006,-0.004,-221765
94686436,2.770,-9.059,2.258,-0.006,-0.006,-0.004,-222019
94692870,2.770,-9.059,2.258,0.000,-0.008,-0.002,-222034
94697091,2.844,-9.059,2.293,0.000,-0.008,-0.002,-221392
94702525,2.809,-9.059,2.258,0.002,-0.012,0.000,-223415
94708960,2.809,-9.059,2.258,0.008,-0.010,0.004,-221764
94712181,2.883,-9.059,2.258,0.008,-0.010,0.004,-222896
94716402,2.883,-9.059,2.258,0.002,-0.010,0.004,-222517
94723836,2.883,-9.059,2.258,0.004,-0.010,-0.006,-222484
94727057,2.844,-9.020,2.293,0.004,-0.010,-0.006,-222273
94733491,2.844,-9.020,2.293,-0.002,0.002,0.002,-222285
94736712,2.844,-9.020,2.293,0.002,0.000,-0.006,-222046
94743145,2.883,-9.020,2.258,0.000,0.008,0.000,-222591
94747365,2.883,-9.020,2.258,-0.002,0.006,0.004,-222740
94753799,2.883,-9.020,2.293,0.002,0.012,0.004,-222467
94758020,2.844,-9.059,2.258,0.002,0.012,0.004,-223380
94761240,2.844,-9.059,2.258,0.000,0.010,-0.006,-222767
94767673,2.844,-9.059,2.258,-0.004,0.006,0.000,-222111
94770894,2.770,-9.059,2.219,-0.004,0.006,0.000,-222659
94777328,2.770,-9.059,2.219,-0.006,0.006,-0.004,-222500
94781549,2.730,-9.055,2.293,-0.006,0.006,-0.004,-222133
94787983,2.770,-9.059,2.293,-0.004,0.002,0.004,-222435
94791204,2.770,-9.059,2.293,0.000,0.002,0.000,-221948
94798638,2.770,-9.059,2.293,0.010,-0.006,-0.002,-222112
94802859,2.770,-9.059,2.293,0.004,-0.008,-0.002,-221653
94806080,2.809,-9.059,2.293,0.004,-0.008,-0.002,-222500
94812513,2.809,-9.059,2.219,0.002,-0.010,-0.002,-222411
94816734,2.809,-9.059,2.219,0.008,-0.010,-0.004,-222252
94823168,2.809,-9.059,2.219,0.004,-0.010,0.000,-223062
94827389,2.883,-9.020,2.293,0.004,-0.010,0.000,-222604
94833822,2.883,-9.020,2.293,0.002,-0.002,0.006,-221965
94838043,2.883,-9.020,2.293,-0.002,0.002,-0.006,-221963
94841264,2.844,-9.020,2.293,-0.002,0.002,-0.006,-222302
94847698,2.844,-9.020,2.258,-0.004,0.002,-0.002,-222981
94850919,2.844,-9.020,2.258,-0.002,0.004,0.002,-221926
94857353,2.844,-9.020,2.258,-0.008,0.004,0.002,-222005
94860574,2.844,-9.059,2.219,-0.008,0.004,0.002,-221925
94868008,2.809,-9.059,2.258,-0.004,0.002,-0.002,-222026
94871229,2.809,-9.059,2.258,0.002,0.000,-0.002,-221818
94877662,2.809,-9.059,2.258,0.000,-0.002,0.000,-222539
94881883,2.844,-9.094,2.293,0.000,-0.002,0.000,-222328
94885104,2.844,-9.094,2.293,-0.006,0.002,0.000,-222080
94892538,2.844,-9.094,2.293,0.002,0.000,-0.002,-222194
94897971,2.809,-9.059,2.293,0.004,0.000,0.004,-222263
94902191,2.809,-9.059,2.293,0.004,0.000,0.004,-222195
94905412,2.809,-9.059,2.293,0.008,0.000,0.002,-221867
94911845,2.809,-9.059,2.293,0.000,-0.002,-0.004,-222196
94918278,2.770,-9.059,2.258,0.002,0.000,0.002,-223135
94922498,2.809,-9.059,2.219,0.002,0.000,0.002,-223016
94925718,2.809,-9.059,2.219,0.004,-0.004,-0.004,-222667
94932151,2.809,-9.059,2.219,0.006,0.000,0.000,-222046
94937584,2.809,-9.020,2.293,0.002,-0.006,0.000,-222582
94941805,2.883,-9.020,2.219,0.002,-0.006,0.000,-221977
94945026,2.883,-9.020,2.219,0.004,-0.006,0.002,-223229
94952460,2.809,-9.020,2.258,0.000,-0.002,0.002,-222157
94957894,2.809,-9.020,2.258,0.000,0.000,-0.002,-222621
94962115,2.844,-9.059,2.219,0.000,0.000,-0.002,-222495
94967549,2.844,-9.059,2.219,0.000,0.002,0.002,-221679
94972982,2.809,-9.059,2.219,-0.008,-0.002,0.000,-221222
94977203,2.809,-9.059,2.219,-0.008,0.004,0.000,-222125
94980424,2.844,-9.059,2.293,-0.008,0.004,0.000,-222659
94986857,2.844,-9.059,2.293,0.004,0.006,0.000,-222597
94993290,2.809,-9.059,2.258,0.004,0.000,0.000,-222605
94997510,2.809,-9.094,2.258,0.004,0.000,0.000,-222656
95002942,2.809,-9.094,2.258,0.004,0.000,0.000,-222231
95005163,2.809,-9.059,2.219,0.004,0.000,0.000,-222508
95011595,2.809,-9.059,2.258,0.002,-0.002,-0.006,-222858
95019014,2.809,-9.059,2.258,0.002,-0.004,-0.006,-222324
95023235,2.809,-9.059,2.258,-0.004,-0.006,0.002,-222252
95027456,2.809,-9.059,2.219,-0.004,-0.006,0.002,-222025
95033890,2.809,-9.059,2.219,0.006,-0.002,0.000,-221475
95037111,2.809,-9.059,2.219,0.006,-0.002,0.002,-222188
95040317,2.844,-9.059,2.293,0.006,-0.002,0.002,-222188
95047750,2.844,-9.020,2.293,0.004,0.000,-0.004,-221965
95050971,2.844,-9.020,2.293,0.002,-0.002,-0.004,-221840
95058404,2.844,-9.020,2.293,0.004,0.000,0.004,-222605
95062625,2.844,-9.020,2.293,0.002,0.002,0.004,-222458
95069059,2.844,-9.055,2.180,0.000,0.000,0.004,-222719
95072279,2.844,-9.020,2.332,0.000,0.000,0.004,-221712
95078712,2.844,-9.020,2.332,-0.004,0.000,-0.002,-222565
95081918,2.844,-9.020,2.332,0.002,0.000,-0.002,-222565
95085138,2.844,-9.059,2.293,0.002,0.000,-0.002,-222686
95092572,2.809,-9.020,2.293,-0.004,0.006,0.000,-222588
95099006,2.809,-9.020,2.293,-0.002,0.002,0.006,-222631
95103227,2.809,-9.059,2.258,-0.002,0.002,0.006,-221653
95106448,2.809,-9.059,2.258,0.004,0.002,-0.004,-222240
95112882,2.809,-9.059,2.258,-0.002,0.000,-0.004,-222609
95116103,2.809,-9.059,2.258,-0.002,0.000,-0.004,-222079
95122536,2.809,-9.059,2.293,0.000,-0.004,0.000,-221997
95125757,2.809,-9.059,2.293,0.000,0.002,0.000,-221819
95133191,2.809,-9.059,2.293,0.000,-0.004,-0.002,-221985
95135412,2.809,-9.059,2.293,0.000,-0.004,0.002,-222193
95142846,2.809,-9.020,2.258,-0.004,-0.004,0.000,-222103
95146067,2.809,-9.020,2.258,0.002,-0.002,0.002,-222090
95152500,2.809,-9.020,2.258,-0.004,0.002,0.000,-222492
95157934,2.844,-9.055,2.180,-0.006,0.002,-0.004,-221497
95162155,2.844,-9.059,2.219,-0.006,0.002,-0.004,-222911
95165376,2.844,-9.059,2.219,-0.004,-0.002,0.002,-222355
95171810,2.844,-9.059,2.219,0.004,0.000,0.006,-222358
95178242,2.809,-9.059,2.293,0.000,0.004,-0.002,-221662
95182463,2.844,-9.059,2.258,0.000,0.004,-0.002,-222729
95187896,2.844,-9.059,2.258,-0.002,0.002,0.004,-222460
95190117,2.844,-9.059,2.258,-0.002,0.002,0.004,-223122
95197551,2.844,-9.059,2.258,0.000,0.002,0.004,-221596
95201772,2.809,-9.059,2.219,0.000,0.002,0.004,-221923
95208206,2.809,-9.059,2.219,-0.002,0.000,-0.002,-222614
95211427,2.809,-9.020,2.258,-0.002,0.000,-0.002,-222350
95217861,2.809,-9.020,2.258,-0.002,0.000,-0.002,-222236
95222082,2.809,-9.020,2.293,-0.002,0.000,-0.002,-222206
95227516,2.809,-9.020,2.293,0.000,-0.002,-0.002,-221979
95233950,2.809,-9.059,2.258,0.000,0.002,0.000,-223010
95237170,2.809,-9.059,2.258,0.002,0.002,-0.002,-221388
95240391,2.844,-9.020,2.258,0.002,0.002,-0.002,-222230
95246825,2.844,-9.020,2.258,0.000,-0.004,0.000,-222765
95253259,2.844,-9.059,2.258,0.000,0.000,-0.004,-222397
95257480,2.883,-9.059,2.258,0.000,0.000,-0.004,-222326
95262914,2.883,-9.059,2.258,0.002,-0.002,-0.002,-222479
95265135,2.844,-9.059,2.258,0.002,-0.002,-0.002,-223226
95272569,2.809,-9.059,2.293,0.004,-0.002,-0.002,-222308
95275790,2.809,-9.059,2.293,0.002,-0.002,0.000,-221934
95280011,2.809,-9.059,2.293,0.002,-0.002,0.000,-222990
95287445,2.844,-9.020,2.258,0.002,0.002,0.000,-222099
95292877,2.809,-9.059,2.258,0.004,0.002,-0.002,-222435
95297098,2.809,-9.059,2.258,0.004,0.006,-0.002,-222348
95300319,2.809,-9.059,2.258,-0.006,0.002,0.004,-221990
95307753,2.809,-9.059,2.219,0.000,0.002,-0.002,-221697
95314186,2.809,-9.059,2.219,-0.006,0.002,0.000,-221616
95318407,2.809,-9.059,2.219,-0.004,-0.002,-0.002,-222224
95321628,2.809,-9.059,2.258,-0.004,-0.002,-0.002,-223528
95328062,2.809,-9.059,2.258,0.004,0.000,-0.002,-221631
95330283,2.809,-9.059,2.258,0.004,0.000,-0.002,-222057
95337717,2.809,-9.059,2.258,0.000,-0.002,-0.002,-222583
95340938,2.809,-9.020,2.219,0.000,-0.002,-0.002,-222811
95347371,2.809,-9.020,2.258,0.000,0.000,0.000,-221519
95353804,2.809,-9.020,2.258,-0.004,0.004,-0.002,-222630
95357025,2.809,-9.020,2.258,0.002,0.000,0.000,-222525
95360246,2.809,-9.059,2.258,0.002,0.000,0.000,-223422
95367679,2.844,-9.059,2.258,0.004,-0.004,0.002,-222369
95373112,2.844,-9.059,2.258,0.002,-0.004,-0.006,-222372
95375333,2.809,-9.020,2.293,0.002,-0.004,-0.006,-221592
95382767,2.809,-9.059,2.219,-0.002,-0.002,0.006,-222484
95385988,2.809,-9.059,2.219,-0.006,0.000,-0.002,-222656
95392406,2.809,-9.059,2.219,-0.004,-0.002,-0.002,-222030
95398839,2.844,-9.059,2.258,0.002,-0.002,-0.002,-222456
95403060,2.844,-9.059,2.219,0.002,-0.002,-0.002,-222324
95406281,2.844,-9.059,2.219,0.000,-0.002,0.000,-222277
95412699,2.809,-9.059,2.293,0.000,0.002,0.000,-222353
95416919,2.809,-9.059,2.293,-0.004,-0.002,0.006,-222150
95420140,2.809,-9.059,2.293,0.000,-0.002,-0.004,-222644
95426573,2.809,-9.059,2.293,0.006,0.000,0.000,-222227
95432991,2.809,-9.059,2.258,0.002,0.006,0.000,-223113
95437211,2.809,-9.059,2.258,-0.004,0.000,0.000,-222797
95440432,2.809,-9.059,2.258,0.002,0.002,0.000,-222649
95447865,2.809,-9.059,2.258,0.000,-0.002,0.004,-222361
95450086,2.809,-9.059,2.219,0.000,-0.002,0.004,-222111
95457521,2.844,-9.059,2.293,-0.006,-0.004,0.000,-222071
95463954,2.844,-9.059,2.293,0.000,0.002,0.000,-222290
95467174,2.844,-9.059,2.293,-0.004,0.002,-0.004,-222703
95473607,2.809,-9.059,2.258,0.000,0.000,0.000,-222312
95477827,2.809,-9.059,2.219,0.000,0.000,0.000,-222510
95480047,2.809,-9.059,2.219,0.002,0.000,0.004,-222067
95485479,2.809,-9.020,2.219,0.004,-0.002,-0.006,-222263
95492912,2.770,-9.059,2.258,0.000,0.000,0.000,-222202
95496132,2.770,-9.059,2.258,-0.002,0.000,-0.002,-222387
95502565,2.770,-9.059,2.258,0.002,0.000,0.002,-222166
95505785,2.844,-9.059,2.258,0.002,0.000,0.002,-222415
95510005,2.844,-9.059,2.258,0.000,-0.002,0.000,-222391
95516439,2.809,-9.059,2.293,0.002,0.000,0.002,-222580
95523872,2.809,-9.020,2.293,0.002,-0.002,0.000,-222268
95527093,2.809,-9.020,2.293,-0.006,0.000,-0.002,-222796
95530314,2.809,-9.020,2.293,0.000,0.000,-0.004,-222427
95537748,2.844,-9.020,2.219,0.000,0.004,0.006,-222790
95540969,2.844,-9.020,2.219,0.000,0.002,0.004,-222711
95545189,2.809,-9.059,2.219,0.000,0.002,0.004,-222688
95551622,2.809,-9.059,2.219,-0.002,0.000,-0.002,-222319
95559057,2.809,-9.059,2.219,0.004,-0.006,0.004,-222186
95562278,2.844,-9.020,2.219,0.004,-0.006,0.004,-222437
95565499,2.844,-9.020,2.219,-0.004,0.002,0.000,-221912
95571933,2.844,-9.059,2.258,0.004,0.000,-0.002,-222443
95575154,2.844,-9.059,2.258,0.006,0.000,0.000,-222040
95581587,2.809,-9.059,2.258,0.002,0.002,-0.006,-222403
95588021,2.844,-9.020,2.219,-0.004,0.000,-0.004,-221493
95590242,2.844,-9.020,2.219,0.000,0.000,0.004,-222525
95597675,2.844,-9.020,2.219,0.000,0.000,-0.008,-222451
95604109,2.809,-9.059,2.258,-0.004,0.004,-0.002,-221775
95607330,2.809,-9.059,2.258,-0.004,0.004,-0.002,-222087
95613748,2.809,-9.059,2.258,0.000,0.002,0.000,-221792
95617968,2.809,-9.059,2.258,0.002,-0.002,-0.002,-222784
95622189,2.809,-9.059,2.258,0.002,-0.002,-0.002,-222044
95625410,2.809,-9.059,2.258,0.004,-0.002,0.000,-221849
95632844,2.809,-9.059,2.258,0.000,-0.002,0.002,-222261
95635065,2.809,-9.059,2.258,0.000,-0.002,0.002,-221614
95642499,2.844,-9.059,2.219,0.004,0.000,0.006,-222960
95645719,2.844,-9.059,2.219,-0.006,-0.002,-0.006,-222077
95653153,2.844,-9.059,2.258,-0.004,-0.002,0.000,-221680
95657374,2.844,-9.059,2.258,-0.006,-0.002,0.000,-222365
95660595,2.844,-9.059,2.258,-0.006,-0.002,0.000,-222600
95668028,2.844,-9.059,2.258,0.004,0.000,0.002,-221705
95670248,2.844,-9.059,2.332,0.004,0.000,0.002,-222390
95677682,2.844,-9.059,2.332,-0.004,0.000,0.000,-222447
95680903,2.809,-9.059,2.258,-0.004,0.000,0.000,-222357
95688337,2.809,-9.059,2.258,0.004,0.002,0.000,-222236
95690557,2.844,-9.059,2.258,0.004,0.002,0.000,-222104
95697990,2.809,-9.059,2.258,0.002,0.002,0.000,-222652
95700210,2.809,-9.059,2.258,-0.008,0.002,-0.004,-222255
95707644,2.809,-9.059,2.258,0.000,0.002,0.004,-222256
95714078,2.809,-9.020,2.258,0.002,-0.002,-0.002,-222284
95717299,2.809,-9.020,2.258,0.006,0.000,0.000,-222257
95720519,2.844,-9.020,2.258,0.006,0.000,0.000,-222731
95727952,2.844,-9.020,2.258,0.004,0.000,-0.004,-222330
95731173,2.844,-9.059,2.258,0.004,0.000,-0.004,-222098
95735394,2.844,-9.059,2.258,-0.002,-0.002,0.004,-222632
95742828,2.844,-9.059,2.258,0.000,0.000,-0.002,-221978
95745049,2.844,-9.020,2.258,0.000,0.000,-0.002,-222553
95752483,2.809,-9.020,2.258,0.002,-0.004,-0.002,-222456
95755704,2.809,-9.020,2.258,0.000,0.000,-0.002,-221746
95764138,2.809,-9.059,2.258,-0.004,0.000,0.000,-222927
95767359,2.809,-9.059,2.258,0.002,-0.002,0.006,-221763
95770580,2.809,-9.059,2.258,-0.002,0.002,0.004,-222535
95778014,2.809,-9.059,2.258,0.000,0.002,-0.002,-222554
95780237,2.809,-9.094,2.258,0.000,0.002,-0.002,-222049
95787670,2.809,-9.059,2.219,0.002,0.006,-0.002,-221836
95794103,2.809,-9.059,2.219,0.000,0.000,0.000,-222135
95798323,2.809,-9.059,2.219,0.000,0.000,0.000,-222384
95800544,2.809,-9.059,2.258,0.000,0.000,0.000,-222822
95807976,2.809,-9.059,2.219,0.000,-0.002,0.002,-221315
95810197,2.809,-9.059,2.219,0.004,-0.002,0.000,-222443
95818630,2.809,-9.059,2.219,0.004,0.000,0.000,-222726
95822850,2.770,-9.059,2.258,0.004,0.000,0.000,-222778
95826070,2.770,-9.059,2.258,0.004,0.000,0.002,-223506
95832503,2.844,-9.059,2.258,0.004,-0.002,0.008,-222544
95838937,2.844,-9.059,2.258,0.002,-0.002,-0.004,-222214
95843158,2.809,-9.020,2.219,0.002,-0.002,-0.004,-222595
95846379,2.809,-9.020,2.219,-0.004,-0.002,-0.006,-222357
95852813,2.809,-9.020,2.219,0.000,-0.002,0.004,-222271
95855034,2.809,-9.059,2.258,0.000,-0.002,0.004,-222155
95863468,2.844,-9.020,2.293,0.002,0.002,-0.004,-222307
95867689,2.844,-9.020,2.293,-0.002,0.004,0.004,-222324
95870911,2.844,-9.020,2.293,0.000,0.000,0.006,-222358
95878343,2.844,-9.020,2.293,0.004,0.002,-0.004,-222332
95880564,2.844,-9.020,2.219,0.004,0.002,-0.004,-222132
95887998,2.844,-9.020,2.219,0.000,-0.002,0.000,-221306
95890219,2.809,-9.020,2.258,0.000,-0.002,0.000,-222939
95897653,2.809,-9.020,2.258,0.004,0.002,0.000,-222881
95900874,2.809,-9.059,2.293,0.004,0.002,0.000,-221873
95908307,2.809,-9.059,2.293,0.004,-0.002,-0.002,-222231
95910530,2.809,-9.059,2.293,0.004,-0.002,-0.002,-222340
95918962,2.844,-9.059,2.258,-0.004,-0.002,0.000,-222704
95922183,2.844,-9.059,2.258,0.002,-0.002,0.006,-221765
95925404,2.844,-9.059,2.258,0.000,0.000,0.000,-222838
95931837,2.809,-9.059,2.258,0.002,0.000,-0.002,-222278
95935058,2.809,-9.059,2.258,0.000,0.000,0.002,-222385
95942490,2.844,-9.059,2.293,0.000,-0.002,0.002,-222782
95948924,2.809,-9.059,2.258,-0.006,0.000,-0.002,-222564
95952145,2.809,-9.059,2.258,-0.004,0.000,0.000,-222002
95955366,2.809,-9.059,2.258,0.004,0.008,0.000,-221919
95961799,2.844,-9.020,2.258,0.004,-0.002,0.006,-222494
95968233,2.844,-9.020,2.258,-0.004,0.000,0.000,-221816
95971454,2.809,-9.059,2.219,-0.004,0.000,0.000,-222536
95978873,2.809,-9.059,2.219,0.000,0.002,0.002,-221969
95983093,2.809,-9.059,2.219,-0.004,-0.002,-0.002,-222470
95985314,2.770,-9.059,2.219,-0.004,-0.002,-0.002,-223108
95992748,2.809,-9.020,2.258,0.000,0.002,0.000,-222223
95995968,2.809,-9.020,2.258,0.000,-0.004,-0.002,-221662
96000174,2.809,-9.020,2.258,0.006,0.000,-0.006,-221662
96007607,2.844,-9.059,2.258,0.002,0.000,0.004,-222051
96010827,2.844,-9.059,2.258,0.002,-0.002,0.002,-222522
96018261,2.844,-9.059,2.258,0.006,0.004,0.002,-222123
96020467,2.770,-9.059,2.332,0.006,0.004,0.002,-222123
96027900,2.809,-9.059,2.293,0.002,0.004,-0.006,-222836
96030121,2.809,-9.059,2.293,0.000,0.002,-0.004,-222728
96038555,2.809,-9.059,2.293,-0.008,-0.004,0.002,-221944
96040761,2.844,-9.059,2.258,-0.008,-0.004,0.002,-221944
96047194,2.809,-9.059,2.258,0.002,0.002,-0.004,-221752
96053627,2.809,-9.059,2.258,-0.004,-0.002,0.000,-222080
96055848,2.809,-9.059,2.258,-0.004,0.002,0.004,-221677
96063281,2.809,-9.059,2.258,0.004,0.000,0.000,-222534
96066501,2.809,-9.059,2.258,0.000,-0.002,0.004,-222174
96072935,2.809,-9.059,2.258,0.002,0.002,-0.006,-222045
96075156,2.770,-9.020,2.219,0.002,0.002,-0.006,-222298
96082590,2.809,-9.059,2.219,0.002,0.002,0.002,-222680
96085810,2.809,-9.059,2.219,0.000,0.008,0.000,-222403
96090031,2.809,-9.059,2.219,0.002,0.002,0.004,-221995
96095464,2.809,-9.059,2.293,-0.002,-0.006,-0.002,-221860
96102898,2.809,-9.059,2.258,0.000,0.002,-0.002,-222496
96106119,2.809,-9.059,2.258,0.000,0.000,0.004,-222390
96110340,2.809,-9.059,2.258,-0.004,-0.002,0.004,-223478
96119774,2.809,-9.020,2.258,-0.002,0.002,-0.002,-222816
96123995,2.809,-9.059,2.219,-0.002,0.002,-0.002,-222336
96127216,2.809,-9.059,2.219,0.000,0.000,0.000,-222184
96130436,2.809,-9.059,2.219,0.000,0.000,0.000,-222375
96137869,2.809,-9.059,2.293,0.000,0.000,0.000,-222352
96140090,2.809,-9.059,2.293,0.000,0.000,0.000,-222283
96147522,2.809,-9.059,2.219,0.000,0.000,0.000,-222687
96152954,2.844,-9.059,2.293,0.000,0.000,0.000,-221743
96157174,2.844,-9.059,2.293,0.000,0.000,0.000,-222356
96160394,2.844,-9.059,2.293,0.000,0.000,0.000,-222541
96167827,2.844,-9.059,2.293,0.000,0.000,0.000,-222540
96170047,2.844,-9.059,2.258,0.000,0.000,0.000,-222140
96178480,2.844,-9.059,2.258,0.000,0.000,0.000,-222789
96180700,2.844,-9.059,2.258,0.000,0.000,0.000,-222540
96187132,2.809,-9.020,2.258,0.000,0.000,0.000,-222542
96192565,2.809,-9.059,2.258,0.000,0.000,0.000,-222363
96195785,2.809,-9.059,2.258,0.000,0.000,0.000,-221712
96200006,2.809,-9.059,2.258,0.000,0.000,0.000,-221690
96206439,2.809,-9.059,2.293,0.000,0.000,0.000,-222137
96210659,2.809,-9.059,2.293,0.000,0.000,0.000,-222380
96217092,2.844,-9.059,2.293,0.000,0.000,0.000,-222226
96220312,2.844,-9.059,2.293,0.000,0.000,0.000,-221878
96227746,2.809,-9.020,2.219,0.000,0.000,0.000,-222082
96230966,2.809,-9.020,2.219,0.000,0.000,0.000,-222461
96238399,2.809,-9.020,2.219,0.000,0.000,0.000,-222278
96240619,2.844,-9.020,2.258,0.000,0.000,0.000,-222511
96248051,2.809,-9.059,2.293,0.000,0.000,0.000,-222557
96250271,2.809,-9.059,2.293,0.000,0.000,0.000,-222375
96257704,2.844,-9.059,2.258,0.000,0.000,0.000,-222004
96260924,2.844,-9.059,2.258,0.000,0.000,0.000,-222728
96265144,2.809,-9.059,2.258,0.000,0.000,0.000,-221966
96271578,2.809,-9.059,2.258,0.000,0.000,0.000,-222771
96279011,2.809,-9.059,2.258,0.000,0.000,0.000,-222344
96282231,2.844,-9.020,2.258,0.000,0.000,0.000,-222401
96285451,2.844,-9.020,2.258,0.000,0.000,0.000,-221508
96291884,2.809,-9.020,2.258,0.000,0.000,0.000,-221996
96295105,2.809,-9.020,2.258,0.000,0.000,0.000,-222567
96300538,2.809,-9.059,2.258,0.000,0.000,0.000,-221413
96307971,2.809,-9.020,2.219,0.000,0.000,0.000,-221190
96310192,2.809,-9.020,2.219,0.000,0.000,0.000,-221844
96316625,2.809,-9.059,2.258,0.000,0.000,0.000,-222624
96324058,2.809,-9.020,2.258,0.000,0.000,0.000,-222762
96327278,2.809,-9.020,2.258,0.000,0.000,0.000,-222090
96330498,2.809,-9.020,2.258,0.000,0.000,0.000,-221744
96337931,2.809,-9.020,2.258,0.000,0.000,0.000,-222577
96341151,2.809,-9.020,2.258,0.000,0.000,0.000,-221867
96348583,2.844,-9.059,2.332,0.000,0.000,0.000,-222522
96350803,2.844,-9.059,2.332,0.000,0.000,0.000,-222024
96358235,2.809,-9.059,2.258,0.000,0.000,0.000,-222033
96360455,2.809,-9.059,2.258,0.000,0.000,0.000,-222133
96365675,2.809,-9.020,2.219,0.000,0.000,0.000,-222411
96373107,2.809,-9.020,2.219,0.000,0.000,0.000,-221707
96376327,2.770,-9.059,2.258,0.000,0.000,0.000,-222842
96380547,2.770,-9.059,2.258,0.000,0.000,0.000,-222710
96387979,2.770,-9.059,2.258,0.000,0.000,0.000,-222447
96391200,2.809,-9.059,2.258,0.000,0.000,0.000,-222088
96395420,2.809,-9.059,2.258,0.000,0.000,0.000,-222699
96400854,2.809,-9.059,2.293,0.000,0.000,0.000,-222248
96407286,2.809,-9.059,2.258,0.000,0.000,0.000,-221416
96412720,2.809,-9.059,2.258,0.000,0.000,0.000,-222167
96415940,2.809,-9.059,2.258,0.000,0.000,0.000,-222218
96423373,2.809,-9.020,2.219,0.000,0.000,0.000,-222025
96425594,2.809,-9.020,2.219,0.000,0.000,0.000,-222367
96432027,2.844,-9.020,2.258,0.000,0.000,0.000,-221384
96435247,2.844,-9.020,2.258,0.000,0.000,0.000,-222455
96443679,2.844,-9.020,2.258,0.000,0.000,0.000,-222756
96445899,2.809,-9.020,2.293,0.000,0.000,0.000,-222256
96450119,2.809,-9.020,2.293,0.000,0.000,0.000,-223021
96456552,2.809,-9.059,2.258,0.000,0.000,0.000,-222574
96460773,2.809,-9.059,2.258,0.000,0.000,0.000,-222160
96468206,2.809,-9.055,2.180,0.000,0.000,0.000,-222382
96470426,2.809,-9.055,2.180,0.000,0.000,0.000,-222173
96476859,2.809,-9.020,2.258,0.000,0.000,0.000,-222648
96480079,2.809,-9.020,2.258,0.000,0.000,0.000,-222699
96487512,2.809,-9.059,2.293,0.000,0.000,0.000,-222742
96490732,2.809,-9.059,2.293,0.000,0.000,0.000,-222541
96498165,2.809,-9.059,2.293,0.000,0.000,0.000,-222018
96500385,2.809,-9.059,2.293,0.000,0.000,0.000,-222765
96507818,2.809,-9.020,2.219,0.000,0.000,0.000,-221919
96510038,2.809,-9.020,2.219,0.000,0.000,0.000,-222179
96517470,2.809,-9.059,2.258,0.000,0.000,0.000,-222974
96520690,2.809,-9.059,2.258,0.000,0.000,0.000,-222254
96528124,2.809,-9.020,2.258,0.000,0.000,0.000,-221985
96531344,2.809,-9.020,2.258,0.000,0.000,0.000,-222614
96538777,2.809,-9.020,2.258,0.000,0.000,0.000,-222159
96541997,2.844,-9.020,2.258,0.000,0.000,0.000,-222401
96545218,2.844,-9.020,2.258,0.000,0.000,0.000,-222110
96550651,2.809,-9.059,2.293,0.000,0.000,0.000,-222927
96556084,2.809,-9.059,2.219,0.000,0.000,0.000,-222266
96563516,2.809,-9.020,2.293,0.000,0.000,0.000,-222287
96566736,2.809,-9.020,2.293,0.000,0.000,0.000,-222370
96573168,2.809,-9.020,2.293,0.000,0.000,0.000,-222017
96575388,2.809,-9.059,2.332,0.000,0.000,0.000,-221509
96583821,2.809,-9.059,2.293,0.000,0.000,0.000,-222399
96587041,2.809,-9.059,2.293,0.000,0.000,0.000,-222094
96590261,2.809,-9.059,2.293,0.000,0.000,0.000,-222177
96596693,2.809,-9.020,2.258,0.000,0.000,0.000,-221782
96600913,2.809,-9.020,2.258,0.000,0.000,0.000,-222307
96605133,2.809,-9.020,2.258,0.000,0.000,0.000,-222173
96610566,2.809,-9.059,2.258,0.000,0.000,0.000,-222281
96615786,2.809,-9.059,2.258,0.000,0.000,0.000,-222304
96621218,2.844,-9.059,2.258,0.000,0.000,0.000,-222539
96628651,2.883,-9.059,2.293,0.000,0.000,0.000,-222828
96630871,2.883,-9.059,2.293,0.000,0.000,0.000,-222198
96638304,2.809,-9.059,2.293,0.000,0.000,0.000,-221956
96640524,2.809,-9.059,2.293,0.000,0.000,0.000,-222479
96645956,2.844,-9.059,2.219,0.000,0.000,0.000,-223121
96653390,2.809,-9.020,2.293,0.000,0.000,0.000,-221447
96656610,2.809,-9.020,2.293,0.000,0.000,0.000,-222301
96660830,2.809,-9.020,2.293,0.000,0.000,0.000,-222156
96668263,2.809,-9.059,2.219,0.000,0.000,0.000,-221883
96670483,2.809,-9.059,2.219,0.000,0.000,0.000,-221362
96677916,2.809,-9.059,2.219,0.000,0.000,0.000,-222675
96681136,2.770,-9.059,2.258,0.000,0.000,0.000,-222700
96688569,2.770,-9.059,2.258,0.000,0.000,0.000,-221726
96690789,2.770,-9.059,2.258,0.000,0.000,0.000,-222362
96698222,2.809,-9.020,2.258,0.000,0.000,0.000,-222399
96701443,2.809,-9.020,2.258,0.000,0.000,0.000,-222073
96705663,2.809,-9.059,2.258,0.000,0.000,0.000,-222587
96712095,2.809,-9.059,2.258,0.000,0.000,0.000,-222333
96715315,2.809,-9.059,2.258,0.000,0.000,0.000,-222149
96723748,2.809,-9.059,2.258,0.000,0.000,0.000,-222293
96725969,2.809,-9.059,2.258,0.000,0.000,0.000,-222228
96731401,2.809,-9.020,2.293,0.000,0.000,0.000,-222598
96738835,2.809,-9.020,2.293,0.000,0.000,0.000,-222730
96743055,2.809,-9.020,2.219,0.000,0.000,0.000,-223135
96746275,2.809,-9.020,2.219,0.000,0.000,0.000,-222924
96750495,2.844,-9.059,2.258,0.000,0.000,0.000,-222302
96755929,2.844,-9.059,2.258,0.000,0.000,0.000,-222617
96760149,2.844,-9.059,2.258,0.000,0.000,0.000,-222088
96767582,2.844,-9.059,2.258,0.000,0.000,0.000,-222194
96770803,2.844,-9.059,2.258,0.000,0.000,0.000,-222096
96777237,2.844,-9.020,2.219,0.000,0.000,0.000,-222280
96783670,2.809,-9.059,2.258,0.000,0.000,0.000,-221633
96786890,2.809,-9.059,2.258,0.000,0.000,0.000,-221765
96790110,2.809,-9.059,2.258,0.000,0.000,0.000,-222204
96795542,2.809,-9.059,2.258,0.000,0.000,0.000,-222300
96802975,2.809,-9.059,2.219,0.000,0.000,0.000,-222273
96806195,2.809,-9.059,2.219,0.000,0.000,0.000,-222062
96812629,2.809,-9.020,2.293,0.000,0.000,0.000,-222274
96819062,2.809,-9.020,2.293,0.000,0.000,0.000,-222327
96823282,2.809,-9.020,2.258,0.000,0.000,0.000,-222535
96825504,2.809,-9.020,2.258,0.000,0.000,0.000,-222919
96830938,2.809,-9.059,2.293,0.000,0.000,0.000,-222314
96838371,2.809,-9.059,2.293,0.000,0.000,0.000,-222312
96841591,2.844,-9.020,2.293,0.000,0.000,0.000,-222831
96849023,2.844,-9.020,2.293,0.000,0.000,0.000,-222358
96851243,2.809,-9.059,2.258,0.000,0.000,0.000,-221756
96855464,2.809,-9.059,2.258,0.000,0.000,0.000,-222142
96862897,2.844,-9.059,2.258,0.000,0.000,0.000,-222349
96866117,2.844,-9.059,2.258,0.000,0.000,0.000,-222584
96872549,2.809,-9.059,2.293,0.000,0.000,0.000,-222364
96876770,2.809,-9.059,2.293,0.000,0.000,0.000,-222398
96884203,2.809,-9.059,2.293,0.000,0.000,0.000,-223032
96886423,2.809,-9.059,2.258,0.000,0.000,0.000,-222596
96890643,2.809,-9.059,2.258,0.000,0.000,0.000,-222273
96897076,2.809,-9.020,2.293,0.000,0.000,0.000,-222585
96901296,2.809,-9.020,2.293,0.000,0.000,0.000,-221546
96908730,2.844,-9.059,2.219,0.000,0.000,0.000,-222600
96910950,2.844,-9.059,2.219,0.000,0.000,0.000,-222003
96918382,2.809,-9.059,2.258,0.000,0.000,0.000,-222551
96921604,2.809,-9.059,2.258,0.000,0.000,0.000,-222946
96929037,2.844,-9.020,2.293,0.000,0.000,0.000,-222245
96932258,2.844,-9.020,2.293,0.000,0.000,0.000,-221796
96935478,2.844,-9.020,2.293,0.000,0.000,0.000,-222346
96943912,2.844,-9.020,2.293,0.000,0.000,0.000,-222688
96946133,2.809,-9.059,2.258,0.000,0.000,0.000,-222357
96952566,2.809,-9.020,2.258,0.000,0.000,0.000,-222221
96955786,2.809,-9.020,2.258,0.000,0.000,0.000,-221960
96960006,2.809,-9.020,2.258,0.000,0.000,0.000,-222721
96967439,2.809,-9.059,2.293,0.000,0.000,0.000,-222004
96970659,2.809,-9.059,2.293,0.000,0.000,0.000,-222201
96978091,2.809,-9.059,2.293,0.000,0.000,0.000,-222175
96981311,2.809,-9.059,2.293,0.000,0.000,0.000,-221926
96985531,2.809,-9.059,2.258,0.000,0.000,0.000,-221785
96991964,2.809,-9.059,2.258,0.000,0.000,0.000,-221996
96995185,2.809,-9.059,2.258,0.000,0.000,0.000,-221766
97002618,2.770,-9.020,2.258,0.000,0.000,0.000,-222439
97005839,2.770,-9.020,2.258,0.000,0.000,0.000,-221956
97011272,2.809,-9.059,2.258,0.000,0.000,0.000,-222393
97017706,2.809,-9.020,2.258,0.000,0.000,0.000,-222054
97020911,2.809,-9.020,2.258,0.000,0.000,0.000,-222054
97025131,2.809,-9.020,2.258,0.000,0.000,0.000,-222677
97031564,2.809,-9.020,2.258,0.000,0.000,0.000,-223228
97038997,2.809,-9.059,2.258,0.000,0.000,0.000,-222662
97042218,2.809,-9.059,2.258,0.000,0.000,0.000,-222271
97045438,2.809,-9.059,2.258,0.000,0.000,0.000,-222161
97051872,2.844,-9.059,2.258,0.000,0.000,0.000,-222322
97055092,2.844,-9.059,2.258,0.000,0.000,0.000,-222713
97063524,2.770,-9.059,2.258,0.000,0.000,0.000,-222371
97065744,2.770,-9.059,2.258,0.000,0.000,0.000,-222116
97071177,2.809,-9.059,2.293,0.000,0.000,0.000,-222495
97078609,2.809,-9.059,2.293,0.000,0.000,0.000,-221779
97081829,2.809,-9.059,2.258,0.000,0.000,0.000,-221583
97085049,2.809,-9.059,2.258,0.000,0.000,0.000,-222135
97090483,2.770,-9.059,2.258,0.000,0.000,0.000,-221707
97098915,2.809,-9.059,2.258,0.000,0.000,0.000,-222874
97101135,2.809,-9.059,2.258,0.000,0.000,0.000,-223267
97106568,2.844,-9.059,2.219,0.000,0.000,0.000,-222509
97113001,2.844,-9.059,2.293,0.000,0.000,0.000,-222417
97116221,2.844,-9.059,2.293,0.000,0.000,0.000,-221490
97120442,2.844,-9.059,2.293,0.000,0.000,0.000,-222102
97125662,2.844,-9.059,2.293,0.000,0.000,0.000,-222871
97132094,2.844,-9.059,2.293,0.000,0.000,0.000,-222233
97135314,2.844,-9.020,2.293,0.000,0.000,0.000,-222386
97141747,2.844,-9.020,2.293,0.000,0.000,0.000,-222672
97149180,2.809,-9.059,2.258,0.000,0.000,0.000,-222429
97152400,2.809,-9.059,2.258,0.000,0.000,0.000,-222205
97155621,2.809,-9.059,2.258,0.000,0.000,0.000,-222062
97164054,2.809,-9.059,2.258,0.000,0.000,0.000,-222503
97166274,2.809,-9.059,2.258,0.000,0.000,0.000,-222704
97170494,2.809,-9.059,2.258,0.000,0.000,0.000,-221897
97175929,2.844,-9.059,2.293,0.000,0.000,0.000,-222706
97180149,2.844,-9.059,2.293,0.000,0.000,0.000,-222801
97186581,2.809,-9.059,2.258,0.000,0.000,0.000,-222354
97190801,2.809,-9.059,2.258,0.000,0.000,0.000,-222324
97196234,2.809,-9.020,2.258,0.000,0.000,0.000,-223435
97200454,2.809,-9.020,2.258,0.000,0.000,0.000,-222449
97207889,2.809,-9.059,2.219,0.000,0.000,0.000,-222113
97211109,2.809,-9.059,2.219,0.000,0.000,0.000,-222801
97217542,2.844,-9.059,2.258,0.000,0.000,0.000,-222206
97223975,2.809,-9.059,2.293,0.000,0.000,0.000,-222169
97227195,2.809,-9.059,2.293,0.000,0.000,0.000,-223003
97230416,2.809,-9.059,2.293,0.000,0.000,0.000,-222194
97236849,2.844,-9.059,2.258,0.000,0.000,0.000,-222174
97240069,2.844,-9.059,2.258,0.000,0.000,0.000,-222466
97247502,2.844,-9.020,2.258,0.000,0.000,0.000,-222258
97250722,2.844,-9.020,2.258,0.000,0.000,0.000,-222315
97256155,2.809,-9.059,2.219,0.000,0.000,0.000,-222066
97260375,2.809,-9.059,2.219,0.000,0.000,0.000,-222124
97266808,2.809,-9.020,2.258,0.000,0.000,0.000,-222233
97270028,2.809,-9.020,2.258,0.000,0.000,0.000,-221047
97275462,2.809,-9.020,2.332,0.000,0.000,0.000,-221982
97283895,2.809,-9.020,2.219,0.000,0.000,0.000,-221841
97286115,2.809,-9.020,2.219,0.000,0.000,0.000,-222529
97291548,2.809,-9.059,2.258,0.000,0.000,0.000,-222972
97298981,2.809,-9.059,2.258,0.000,0.000,0.000,-221880
97303201,2.809,-9.020,2.258,0.000,0.000,0.000,-222624
97306421,2.809,-9.020,2.258,0.000,0.000,0.000,-221779
97311854,2.809,-9.059,2.258,0.000,0.000,0.000,-221858
97315074,2.809,-9.059,2.258,0.000,0.000,0.000,-221927
97323509,2.844,-9.059,2.293,0.000,0.000,0.000,-222227
97325730,2.844,-9.059,2.293,0.000,0.000,0.000,-222072
97331163,2.844,-9.059,2.258,0.000,0.000,0.000,-222212
97335383,2.844,-9.059,2.258,0.000,0.000,0.000,-221728
97341816,2.809,-9.016,2.180,0.000,0.000,0.000,-222498
97345036,2.809,-9.016,2.180,0.000,0.000,0.000,-221850
97350468,2.809,-9.059,2.258,0.000,0.000,0.000,-221916
97358901,2.844,-9.059,2.293,0.000,0.000,0.000,-222721
97361121,2.844,-9.059,2.293,0.000,0.000,0.000,-223090
97366553,2.844,-9.059,2.293,0.000,0.000,0.000,-222079
97370773,2.844,-9.059,2.293,0.000,0.000,0.000,-222173
97379205,2.844,-9.059,2.293,0.000,0.000,0.000,-223454
97384425,2.844,-9.059,2.293,0.000,0.000,0.000,-221656
97386645,2.809,-9.059,2.219,0.000,0.000,0.000,-221969
97393078,2.809,-9.059,2.258,0.000,0.000,0.000,-221955
97396299,2.809,-9.059,2.258,0.000,0.000,0.000,-222573
97400521,2.809,-9.059,2.258,0.000,0.000,0.000,-221301
97406954,2.809,-9.059,2.258,0.000,0.000,0.000,-222499
97411174,2.809,-9.059,2.258,0.000,0.000,0.000,-222436
97416607,2.809,-9.059,2.258,0.000,0.000,0.000,-221851
97423040,2.809,-9.059,2.258,0.000,0.000,0.000,-222042
97425260,2.809,-9.059,2.258,0.000,0.000,0.000,-222277
97432693,2.809,-9.059,2.219,0.000,0.000,0.000,-222112
97435898,2.809,-9.059,2.219,0.000,0.000,0.000,-222112
97442330,2.809,-9.059,2.258,0.000,0.000,0.000,-223034
97446550,2.809,-9.059,2.258,0.000,0.000,0.000,-221986
97452982,2.844,-9.059,2.293,0.000,0.000,0.000,-222489
97456188,2.844,-9.059,2.293,0.000,0.000,0.000,-222489
97462621,2.844,-9.020,2.258,0.000,0.000,0.000,-221929
97465841,2.844,-9.020,2.258,0.000,0.000,0.000,-221488
97471274,2.809,-9.059,2.258,0.000,0.000,0.000,-222050
97476708,2.844,-9.059,2.293,0.000,0.000,0.000,-222213
97484141,2.844,-9.059,2.219,0.000,0.000,0.000,-222545
97487361,2.844,-9.059,2.219,0.000,0.000,0.000,-222614
97490581,2.844,-9.059,2.219,0.000,0.000,0.000,-222055
97496014,2.809,-9.059,2.219,0.000,0.000,0.000,-222034
97500234,2.809,-9.059,2.219,0.000,0.000,0.000,-222273
97507668,2.809,-9.094,2.293,0.000,0.000,0.000,-222297
97510888,2.809,-9.094,2.293,0.000,0.000,0.000,-222187
97517322,2.809,-9.059,2.258,0.000,0.000,0.000,-222757
97520542,2.809,-9.059,2.258,0.000,0.000,0.000,-222673
97527974,2.809,-9.059,2.258,0.000,0.000,0.000,-222657
97531194,2.809,-9.059,2.258,0.000,0.000,0.000,-222244
97538627,2.809,-9.020,2.219,0.000,0.000,0.000,-221768
97541847,2.809,-9.020,2.219,0.000,0.000,0.000,-222148
97545068,2.809,-9.020,2.219,0.000,0.000,0.000,-223035
97551500,2.809,-9.020,2.293,0.000,0.000,0.000,-222926
97557932,2.809,-9.059,2.332,0.000,0.000,0.000,-222259
97560154,2.809,-9.059,2.332,0.000,0.000,0.000,-221925
97565587,2.844,-9.059,2.293,0.000,0.000,0.000,-222205
97571020,2.844,-9.059,2.293,0.000,0.000,0.000,-221751
97575240,2.844,-9.059,2.293,0.000,0.000,0.000,-222499
97581673,2.770,-9.059,2.258,0.000,0.000,0.000,-222151
97588106,2.809,-9.059,2.258,0.000,0.000,0.000,-222821
97590327,2.809,-9.059,2.258,0.000,0.000,0.000,-221940
97596760,2.844,-9.059,2.293,0.000,0.000,0.000,-221810
97600980,2.844,-9.059,2.293,0.000,0.000,0.000,-222213
97607413,2.809,-9.059,2.258,0.000,0.000,0.000,-222089
97611633,2.809,-9.059,2.258,0.000,0.000,0.000,-222318
97618066,2.809,-9.059,2.258,0.000,0.000,0.000,-221928
97621286,2.809,-9.059,2.258,0.000,0.000,0.000,-222166
97625508,2.809,-9.059,2.219,0.000,0.000,0.000,-222789
97632941,2.809,-9.059,2.219,0.000,0.000,0.000,-222641
97636161,2.809,-9.059,2.219,0.000,0.000,0.000,-221761
97640381,2.809,-9.059,2.219,0.000,0.000,0.000,-222642
97645814,2.844,-9.020,2.219,0.000,0.000,0.000,-222488
97651247,2.809,-9.020,2.293,0.000,0.000,0.000,-222986
97655467,2.809,-9.020,2.293,0.000,0.000,0.000,-222179
97663900,2.809,-9.059,2.293,0.000,0.000,0.000,-223087
97666120,2.809,-9.059,2.293,0.000,0.000,0.000,-223086
97670341,2.809,-9.059,2.293,0.000,0.000,0.000,-221214
97675773,2.809,-9.059,2.293,0.000,0.000,0.000,-222244
97684206,2.770,-9.094,2.258,0.000,0.000,0.000,-221908
97687426,2.770,-9.094,2.258,0.000,0.000,0.000,-222298
97690646,2.770,-9.094,2.258,0.000,0.000,0.000,-221850
97696078,2.809,-9.059,2.258,0.000,0.000,0.000,-222114
97700298,2.809,-9.059,2.258,0.000,0.000,0.000,-222096
97707731,2.844,-9.059,2.293,0.000,0.000,0.000,-222071
97710952,2.844,-9.059,2.293,0.000,0.000,0.000,-221489
97716385,2.809,-9.059,2.293,0.000,0.000,0.000,-222211
97723818,2.844,-9.059,2.258,0.000,0.000,0.000,-222433
97727038,2.844,-9.059,2.258,0.000,0.000,0.000,-221793
97730259,2.844,-9.059,2.258,0.000,0.000,0.000,-222363
97736693,2.770,-9.059,2.219,0.000,0.000,0.000,-222582
97744127,2.844,-9.059,2.293,0.000,0.000,0.000,-221387
97747347,2.844,-9.059,2.293,0.000,0.000,0.000,-221810
97750567,2.844,-9.059,2.293,0.000,0.000,0.000,-221755
97756000,2.844,-9.020,2.293,0.000,0.000,0.000,-222037
97763433,2.844,-9.020,2.219,0.000,0.000,0.000,-222595
97766654,2.844,-9.020,2.219,0.000,0.000,0.000,-221612
97772087,2.809,-9.059,2.258,0.000,0.000,0.000,-222628
97775307,2.809,-9.059,2.258,0.000,0.000,0.000,-222961
97783740,2.844,-9.059,2.219,0.000,0.000,0.000,-222002
97785961,2.844,-9.059,2.219,0.000,0.000,0.000,-221519
97791394,2.809,-9.059,2.258,0.000,0.000,0.000,-221764
97795614,2.809,-9.059,2.258,0.000,0.000,0.000,-222282
97802046,2.809,-9.059,2.293,0.000,0.000,0.000,-221878
97805267,2.809,-9.059,2.293,0.000,0.000,0.000,-222812
97810702,2.844,-9.059,2.293,0.000,0.000,0.000,-222740
97819134,2.844,-9.020,2.219,0.000,0.000,0.000,-221895
97821354,2.844,-9.020,2.219,0.000,0.000,0.000,-222266
97826787,2.844,-9.059,2.258,0.000,0.000,0.000,-222583
97830007,2.844,-9.059,2.258,0.000,0.000,0.000,-221920
97837440,2.844,-9.059,2.293,0.000,0.000,0.000,-222232
97841660,2.844,-9.059,2.293,0.000,0.000,0.000,-222491
97849093,2.809,-9.020,2.258,0.000,0.000,0.000,-222443
97851313,2.809,-9.020,2.258,0.000,0.000,0.000,-221576
97857746,2.809,-9.059,2.258,0.000,0.000,0.000,-222016
97860966,2.809,-9.059,2.258,0.000,0.000,0.000,-222293
97867399,2.809,-9.020,2.293,0.000,0.000,0.000,-222641
97871619,2.809,-9.020,2.293,0.000,0.000,0.000,-222209
97878052,2.809,-9.059,2.258,0.000,0.000,0.000,-223113
97881272,2.809,-9.059,2.258,0.000,0.000,0.000,-222585
97885494,2.809,-9.059,2.258,0.000,0.000,0.000,-222081
97892927,2.809,-9.059,2.258,0.000,0.000,0.000,-222259
97896147,2.809,-9.059,2.258,0.000,0.000,0.000,-221850
97900367,2.809,-9.059,2.258,0.000,0.000,0.000,-223574
97906800,2.844,-9.059,2.293,0.000,0.000,0.000,-221845
97910020,2.809,-9.059,2.293,0.000,0.000,0.000,-222605
97916453,2.809,-9.059,2.293,0.000,0.000,0.000,-222400
97921885,2.770,-9.059,2.219,0.000,0.000,0.000,-222481
97926105,2.770,-9.059,2.219,0.000,0.000,0.000,-222672
97930325,2.809,-9.059,2.219,0.000,0.000,0.000,-223172
97935758,2.809,-9.059,2.219,0.000,0.000,0.000,-221657
97944191,2.844,-9.020,2.293,0.000,0.000,0.000,-222304
97947411,2.844,-9.020,2.293,0.000,0.000,0.000,-222417
97950631,2.844,-9.020,2.293,0.000,0.000,0.000,-222881
97957064,2.844,-9.059,2.293,0.000,0.000,0.000,-222158
97960284,2.844,-9.059,2.293,0.000,0.000,0.000,-222353
97966717,2.809,-9.059,2.258,0.000,0.000,0.000,-222424
97972149,2.809,-9.059,2.219,0.000,0.000,0.000,-220945
97975369,2.809,-9.059,2.219,0.000,0.000,0.000,-221262
97983801,2.809,-9.059,2.258,0.000,0.000,0.000,-221867
97987021,2.809,-9.059,2.258,0.000,0.000,0.000,-221682
97990241,2.809,-9.059,2.258,0.000,0.000,0.000,-221702
97995673,2.844,-9.059,2.293,0.000,0.000,0.000,-222684
98004106,2.770,-9.059,2.293,0.000,0.000,0.000,-222322
98006326,2.770,-9.059,2.293,0.000,0.000,0.000,-221973
98011759,2.809,-9.059,2.258,0.000,0.000,0.000,-221995
98019192,2.809,-9.059,2.258,0.000,0.000,0.000,-222050
98022412,2.844,-9.020,2.219,0.000,0.000,0.000,-222848
98025632,2.844,-9.020,2.219,0.000,0.000,0.000,-222637
98031064,2.809,-9.020,2.293,0.000,0.000,0.000,-222032
98035284,2.809,-9.020,2.293,0.000,0.000,0.000,-222423
98041716,2.844,-9.059,2.293,0.000,0.000,0.000,-222215
98047149,2.809,-9.020,2.293,0.000,0.000,0.000,-221797
98050369,2.809,-9.020,2.293,0.000,0.000,0.000,-221815
98057802,2.809,-9.059,2.258,0.000,0.000,0.000,-222936
98062022,2.809,-9.059,2.258,0.000,0.000,0.000,-223109
98065242,2.809,-9.059,2.258,0.000,0.000,0.000,-221976
98071676,2.809,-9.059,2.258,0.000,0.000,0.000,-222565
98079108,2.844,-9.059,2.219,0.000,0.000,0.000,-222179
98081328,2.844,-9.059,2.219,0.000,0.000,0.000,-222017
98086761,2.844,-9.059,2.293,0.000,0.000,0.000,-223012
98090981,2.844,-9.059,2.293,0.000,0.000,0.000,-221706
98097413,2.809,-9.059,2.332,0.000,0.000,0.000,-223147
98101633,2.809,-9.059,2.332,0.000,0.000,0.000,-221604
98105853,2.809,-9.059,2.258,0.000,0.000,0.000,-222627
98112285,2.809,-9.059,2.258,0.000,0.000,0.000,-223020
98115506,2.809,-9.059,2.258,0.000,0.000,0.000,-221849
98121939,2.844,-9.059,2.258,0.000,0.000,0.000,-221737
98125159,2.844,-9.059,2.258,0.000,0.000,0.000,-222810
98131592,2.844,-9.059,2.258,0.000,0.000,0.000,-222096
98135813,2.844,-9.059,2.258,0.000,0.000,0.000,-222148
