sample_start,frames,pc_time_s_callback,input_buffer_adc_time,current_time
0,512,0.010832167,43842.48151667489,43842.496319666
512,512,0.022385125,43842.49312667489,43842.507895791
1024,512,0.033983208,43842.50473663289,43842.519510041006
1536,512,0.045591375,43842.51634659089,43842.531111041004
2048,512,0.057200708,43842.527956590886,43842.542718916004
2560,512,0.068807042,43842.53956654989,43842.554334458
3072,512,0.080485417,43842.55117654989,43842.565981208005
3584,512,0.092051583,43842.562786507886,43842.577565458
4096,512,0.10364225,43842.57439650789,43842.589167541
4608,512,0.115344083,43842.58600646589,43842.6008325
5120,512,0.126883542,43842.597616465886,43842.612394125004
5632,512,0.138514292,43842.60922642489,43842.624025666
6144,512,0.15008675,43842.62083642489,43842.635602958006
6656,512,0.161710917,43842.632446382886,43842.647221416
7168,512,0.17333525,43842.64405634089,43842.658846708
7680,512,0.184939875,43842.65566634089,43842.67044925
8192,512,0.196526417,43842.667276299886,43842.682042083004
8704,512,0.20815275,43842.67888629989,43842.693676
9216,512,0.219745625,43842.69049625789,43842.705266708006
9728,512,0.233540167,43842.702106257886,43842.716886166
10240,512,0.242943958,43842.71371621589,43842.728477583005
10752,512,0.254529083,43842.72532621589,43842.7400655
11264,512,0.266868125,43842.736936174886,43842.751706333
11776,512,0.277770875,43842.74854617489,43842.763302416
12288,512,0.289445458,43842.76015613289,43842.774950416
12800,512,0.301014417,43842.77176609089,43842.786539708
13312,512,0.312626542,43842.78337609089,43842.798140916006
13824,512,0.324273458,43842.79498604989,43842.809777833005
14336,512,0.3358095,43842.806596049886,43842.821344625
14848,512,0.347429667,43842.81820600789,43842.832958916006
15360,512,0.359082083,43842.82981600789,43842.844595250004
15872,512,0.370618083,43842.84142596589,43842.856160416006
16384,512,0.382303583,43842.85303596589,43842.867816833
16896,512,0.393910625,43842.86464592489,43842.879424583
17408,512,0.405582917,43842.876255924886,43842.891081625006
17920,512,0.417135208,43842.88786588289,43842.902647333
18432,512,0.428745458,43842.89947584089,43842.914255208
18944,512,0.440346333,43842.91108584089,43842.925860666
19456,512,0.45194275,43842.92269579989,43842.937462
19968,512,0.463545292,43842.93430579989,43842.949072916
20480,512,0.475178958,43842.94591575789,43842.960694583
20992,512,0.486766417,43842.95752575789,43842.972286125005
21504,512,0.500219917,43842.96912559089,43842.983917625
22016,512,0.510007333,43842.98073538289,43842.995520166005
22528,512,0.521673,43842.99234517489,43843.007164875
23040,512,0.533549667,43843.00395492489,43843.018774250006
23552,512,0.544808167,43843.01556471589,43843.030331666
24064,512,0.556428625,43843.02717446589,43843.041943250006
24576,512,0.56808025,43843.038784257886,43843.0535795
25088,512,0.579629458,43843.05039404989,43843.065157375
25600,512,0.5913185,43843.06200379989,43843.076821666
26112,512,0.60289075,43843.07361359089,43843.088399583
26624,512,0.614517125,43843.08522334089,43843.100017875004
27136,512,0.626104167,43843.09683313289,43843.111612416
27648,512,0.637784458,43843.10844288289,43843.123269791
28160,512,0.649373792,43843.12005267489,43843.134864708
28672,512,0.6609465,43843.13166246589,43843.146451666005
29184,512,0.672559958,43843.143272215886,43843.158066083
29696,512,0.684194375,43843.15488200789,43843.16968875
30208,512,0.695748917,43843.16649175789,43843.181259958
30720,512,0.707349792,43843.178101549885,43843.192869625
31232,512,0.718973833,43843.189711299885,43843.204482375004
31744,512,0.730580917,43843.20132109089,43843.216095125004
32256,512,0.742227292,43843.21293809089,43843.227726916004
32768,512,0.753803333,43843.224548007885,43843.239316083
33280,512,0.765414,43843.23615792489,43843.250927958004
33792,512,0.776992375,43843.24776784089,43843.262521416
34304,512,0.788673708,43843.25937775789,43843.274173583006
34816,512,0.800231875,43843.270987674885,43843.285749541006
35328,512,0.81185025,43843.282597590885,43843.297367041
35840,512,0.823498375,43843.29420754989,43843.309000541005
36352,512,0.835029167,43843.30581746589,43843.320567
36864,512,0.846686042,43843.31742738289,43843.332202666
37376,512,0.858305875,43843.32903729989,43843.3438235
37888,512,0.869852167,43843.34064721589,43843.355391625
38400,512,0.88155575,43843.35225713289,43843.367057791
38912,512,0.893177917,43843.36386704989,43843.378671625
39424,512,0.904745125,43843.37547696589,43843.390269541
39936,512,0.91634825,43843.38708688289,43843.401860666
40448,512,0.927979125,43843.398696799886,43843.413483958
40960,512,0.939556625,43843.41030675789,43843.425077916
41472,512,0.951160292,43843.42191667489,43843.436678041006
41984,512,0.962795458,43843.43352659089,43843.448305583006
42496,512,0.974416792,43843.445136507886,43843.459927333
43008,512,0.98604175,43843.45674642489,43843.471544625005
43520,512,0.997635708,43843.468354257886,43843.4831465
44032,512,1.009221208,43843.47996413289,43843.49474075
44544,512,1.02086825,43843.49157400789,43843.506370541
45056,512,1.032448625,43843.50318392489,43843.5179675
45568,512,1.044021125,43843.51479379989,43843.5295485
46080,512,1.055689458,43843.526403674885,43843.541190625
46592,512,1.067350417,43843.538013590885,43843.552843625
47104,512,1.078862542,43843.549623465886,43843.564388666004
47616,512,1.090574542,43843.561233340886,43843.576056583006
48128,512,1.10208825,43843.57284325789,43843.587616125005
48640,512,1.113742208,43843.58445313289,43843.599249625004
49152,512,1.125358875,43843.59606300789,43843.610858166
49664,512,1.136874458,43843.60767292489,43843.62241625
50176,512,1.148534125,43843.61928279989,43843.634058125004
50688,512,1.160145,43843.63089267489,43843.645665041004
51200,512,1.17172075,43843.64250259089,43843.657268875
51712,512,1.183376375,43843.65411246589,43843.668894083006
52224,512,1.194975208,43843.66572234089,43843.680495625005
52736,512,1.20651025,43843.67733221589,43843.692061125
53248,512,1.218152917,43843.68894213289,43843.703685458
53760,512,1.229795833,43843.70055200789,43843.715320166004
54272,512,1.241400583,43843.71216188289,43843.72693175
54784,512,1.253013958,43843.723776424886,43843.738541333005
55296,512,1.26467275,43843.73538638289,43843.750180416006
55808,512,1.276263458,43843.74699634089,43843.761789166005
56320,512,1.2878745,43843.75860629989,43843.773390041
56832,512,1.299443333,43843.770216257886,43843.784976208
57344,512,1.311023167,43843.78182621589,43843.796567666
57856,512,1.3227015,43843.79343617489,43843.808218375
58368,512,1.334293292,43843.80504613289,43843.819815083
58880,512,1.345875167,43843.81665609089,43843.831413083004
59392,512,1.357540583,43843.82826604989,43843.843062041
59904,512,1.369075833,43843.839876007885,43843.854618625
60416,512,1.380702667,43843.85148596589,43843.866238083
60928,512,1.392395083,43843.86309592489,43843.877896000005
61440,512,1.40391175,43843.87470588289,43843.889455000004
61952,512,1.415513375,43843.886315840886,43843.901054250004
62464,512,1.427158,43843.89792579989,43843.912695083
62976,512,1.438846625,43843.90953575789,43843.924346958
63488,512,1.450405542,43843.92114571589,43843.935928708
64000,512,1.462020958,43843.93275567489,43843.947537041
64512,512,1.473633125,43843.94436563289,43843.959144041
65024,512,1.485315792,43843.955975590885,43843.970799583
65536,512,1.497004458,43843.96758425789,43843.982465500005
66048,512,1.508552375,43843.97919421589,43843.994031125
66560,512,1.520190792,43843.99080413289,43844.005652541004
67072,512,1.531749167,43844.002414090886,43844.017240625006
67584,512,1.5433105,43844.01402404989,43844.028816333004
68096,512,1.555037417,43844.02563396589,43844.040506041005
68608,512,1.566636083,43844.03724392489,43844.052102083006
69120,512,1.578147792,43844.04885384089,43844.063651666
69632,512,1.589818167,43844.06046379989,43844.075308750005
70144,512,1.601409375,43844.07207371589,43844.086899083006
70656,512,1.612985792,43844.083683674886,43844.098486958006
71168,512,1.624622667,43844.095293590886,43844.1101225
71680,512,1.636225708,43844.10690354989,43844.121717708
72192,512,1.647911875,43844.118513507885,43844.133375375
72704,512,1.6594975,43844.13012342489,43844.144965666004
73216,512,1.671088542,43844.14173338289,43844.1565685
73728,512,1.682763625,43844.15334329989,43844.168207166
74240,512,1.694259333,43844.16495325789,43844.179767125
74752,512,1.705812458,43844.176563174886,43844.191335791
75264,512,1.717559208,43844.18817313289,43844.203019750006
75776,512,1.729066708,43844.19978304989,43844.214574291
76288,512,1.740626292,43844.211393007885,43844.226152125004
76800,512,1.752497292,43844.22300229989,43844.237923375
77312,512,1.764025875,43844.234612215885,43844.249470833005
77824,512,1.775601875,43844.24622213289,43844.261062541
78336,512,1.787172333,43844.25783209089,43844.272658875
78848,512,1.798786375,43844.26944200789,43844.284272916004
79360,512,1.810371458,43844.28105192489,43844.295863208004
79872,512,1.822004708,43844.292661882886,43844.307474458
80384,512,1.833645125,43844.30427179989,43844.319113041005
80896,512,1.845236417,43844.31588171589,43844.330719291
81408,512,1.856970625,43844.327491674885,43844.342395541
81920,512,1.868533125,43844.339101590886,43844.353976583
82432,512,1.88009125,43844.35071150789,43844.365557125006
82944,512,1.891801458,43844.36232142489,43844.377236541004
83456,512,1.90326725,43844.37393138289,43844.388747041005
83968,512,1.914825208,43844.38554129989,43844.400328958
84480,512,1.926455792,43844.39715121589,43844.411959708006
84992,512,1.938043083,43844.40876117489,43844.423547458005
85504,512,1.949709208,43844.42037109089,43844.435197291
86016,512,1.961368333,43844.43198100789,43844.446831875
86528,512,1.972975208,43844.443590965886,43844.458447041005
87040,512,1.984611833,43844.45520088289,43844.470067500006
87552,512,1.996215042,43844.466810549886,43844.481679333
88064,512,2.007694667,43844.478420465886,43844.493181666
88576,512,2.019512,43844.49003038289,43844.504971416005
89088,512,2.030952417,43844.50164029989,43844.516445541005
89600,512,2.042580375,43844.513250257885,43844.528047916
90112,512,2.054166333,43844.52486017489,43844.539635416004
90624,512,2.066877167,43844.53647009089,43844.551246833005
91136,512,2.077317542,43844.54808000789,43844.562841958
91648,512,2.089039708,43844.55968996589,43844.574518458
92160,512,2.100663125,43844.57129988289,43844.5861365
92672,512,2.112294208,43844.58290979989,43844.597772583
93184,512,2.123848917,43844.59451971589,43844.609342083
93696,512,2.135529,43844.60612967489,43844.620986833004
94208,512,2.147104292,43844.61773959089,43844.632578291006
94720,512,2.158657875,43844.629349507886,43844.644144708
95232,512,2.170271333,43844.64095942489,43844.655768708006
95744,512,2.181844958,43844.65256938289,43844.667356875005
96256,512,2.193532,43844.664179299885,43844.679020958
96768,512,2.205058875,43844.675789215886,43844.690572208005
97280,512,2.216621417,43844.68739913289,43844.702153708
97792,512,2.228332083,43844.69900909089,43844.713809541005
98304,512,2.240047917,43844.71061900789,43844.725495541
98816,512,2.251646708,43844.72222871589,43844.737099875005
99328,512,2.263209625,43844.73383863289,43844.748692125
99840,512,2.274861125,43844.74544859089,43844.760327625
100352,512,2.286409833,43844.75705850789,43844.771876291
100864,512,2.297994417,43844.76866842489,43844.783485750006
101376,512,2.309604083,43844.78027834089,43844.795102958
101888,512,2.321239083,43844.79188825789,43844.806719041
102400,512,2.332779083,43844.803498215886,43844.818295333
102912,512,2.344354375,43844.81510813289,43844.829876583004
103424,512,2.3561265,43844.82671804989,43844.8415935
103936,512,2.367707583,43844.83832796589,43844.853177666
104448,512,2.379314875,43844.849937882886,43844.864750125
104960,512,2.390950375,43844.86154784089,43844.876413833
105472,512,2.402615458,43844.87315775789,43844.888050083006
105984,512,2.414165417,43844.88476767489,43844.899632791006
106496,512,2.425711125,43844.896377590885,43844.911203166004
107008,512,2.437467,43844.90798750789,43844.922915541
107520,512,2.448948958,43844.91959746589,43844.934431541005
108032,512,2.460556042,43844.93120738289,43844.94603325
108544,512,2.472184875,43844.94281729989,43844.957663916
109056,512,2.483759375,43844.95442721589,43844.969249500005
109568,512,2.495360667,43844.966037007885,43844.980855458
110080,512,2.507108958,43844.97764692489,43844.992513458004
110592,512,2.518580792,43844.98925684089,43845.004083875
111104,512,2.530266875,43845.00086675789,43845.015720333
111616,512,2.541834958,43845.012476674885,43845.027305291005
112128,512,2.553446292,43845.02408663289,43845.038917875005
112640,512,2.565098375,43845.03569654989,43845.050574875
113152,512,2.576589708,43845.04730646589,43845.062101208
113664,512,2.588322042,43845.05891638289,43845.073788
114176,512,2.599862333,43845.07052629989,43845.085362000005
114688,512,2.61148175,43845.08213621589,43845.096962083
115200,512,2.623145458,43845.09374617489,43845.108609541
115712,512,2.634768542,43845.10535609089,43845.120231500005
116224,512,2.64637,43845.11696600789,43845.131844541
116736,512,2.657953167,43845.128575924886,43845.143425166
117248,512,2.669500083,43845.140185840886,43845.155003791006
117760,512,2.68118175,43845.15179575789,43845.166644291
118272,512,2.692768792,43845.16340571589,43845.178243583
118784,512,2.704380625,43845.175015632885,43845.189849708004
119296,512,2.715888292,43845.18662554989,43845.201406208005
119808,512,2.727598667,43845.19823546589,43845.213063833005
120320,512,2.739221792,43845.20984538289,43845.224691833006
120832,512,2.750826625,43845.22145521589,43845.236289500004
121344,512,2.762458583,43845.23306513289,43845.247945958006
121856,512,2.774108125,43845.244675049886,43845.259580708
122368,512,2.785799,43845.256284965886,43845.27122275
122880,512,2.797239708,43845.26789488289,43845.282718166
123392,512,2.808776417,43845.27950479989,43845.294279416004
123904,512,2.820561417,43845.29111471589,43845.306014
124416,512,2.832132083,43845.30272467489,43845.31758925
124928,512,2.84387125,43845.31433459089,43845.329165250005
125440,512,2.855336208,43845.32594450789,43845.340801416
125952,512,2.866933583,43845.33755442489,43845.352409375
126464,512,2.878530583,43845.349164340885,43845.364000833004
126976,512,2.890197375,43845.36077425789,43845.375650708
127488,512,2.901722875,43845.37238417489,43845.387199958
128000,512,2.913386833,43845.38399413289,43845.398846166005
128512,512,2.924968958,43845.39560404989,43845.410445875
129024,512,2.936640958,43845.40721396589,43845.42204725
129536,512,2.94826175,43845.41882388289,43845.433687833
130048,512,2.9597685,43845.43043379989,43845.445257
130560,512,2.971370917,43845.44204371589,43845.456866958004
131072,512,2.983034792,43845.45365363289,43845.468518916
131584,512,2.994659917,43845.465263465885,43845.48013325
132096,512,3.006317792,43845.47687342489,43845.491636708
132608,512,3.017788292,43845.48848334089,43845.503290375
133120,512,3.029423208,43845.50009325789,43845.514910791004
133632,512,3.040949417,43845.51170317489,43845.526474625
134144,512,3.05278825,43845.52331309089,43845.538227416
134656,512,3.064382667,43845.53492300789,43845.549819208005
135168,512,3.075829333,43845.54653292489,43845.561325958006
135680,512,3.087560625,43845.55814284089,43845.573021041004
136192,512,3.099089333,43845.569752799885,43845.584585041004
136704,512,3.110695208,43845.581362715886,43845.596180166
137216,512,3.122445958,43845.59297263289,43845.60788075
137728,512,3.133961833,43845.60458254989,43845.619430000006
138240,512,3.145492292,43845.61619246589,43845.630984083
138752,512,3.157210792,43845.627802382885,43845.642666833
139264,512,3.168728875,43845.63941229989,43845.654224708
139776,512,3.180307333,43845.65102221589,43845.665817333
140288,512,3.192088917,43845.66263217489,43845.677523333005
140800,512,3.203585583,43845.674242090885,43845.689059041004
141312,512,3.215186667,43845.68585200789,43845.700679166
141824,512,3.2268965,43845.69746192489,43845.7123405
142336,512,3.23840575,43845.70907184089,43845.723893125
142848,512,3.250020292,43845.72068171589,43845.735500041
143360,512,3.261665792,43845.73229163289,43845.7471355
143872,512,3.273223625,43845.74390154989,43845.758715375
144384,512,3.284980208,43845.75551146589,43845.770407125005
144896,512,3.29645375,43845.76712138289,43845.781944833005
145408,512,3.307953667,43845.77873129989,43845.793488250005
145920,512,3.319631625,43845.79034121589,43845.805140625
146432,512,3.331214083,43845.80195113289,43845.816734708
146944,512,3.342829583,43845.81356104989,43845.828348083
147456,512,3.354473292,43845.82517100789,43845.839984333004
147968,512,3.36608725,43845.83678092489,43845.851592166
148480,512,3.377606083,43845.84839084089,43845.863142
148992,512,3.389373583,43845.860000757886,43845.8748635
149504,512,3.400907083,43845.87161067489,43845.886418291004
150016,512,3.412493125,43845.88322059089,43845.898010000004
150528,512,3.424086458,43845.89483050789,43845.909614375
151040,512,3.435732792,43845.906440424886,43845.92125125
151552,512,3.447306167,43845.918050340886,43845.932827875
152064,512,3.458952667,43845.92966025789,43845.944466208006
152576,512,3.470549083,43845.94127021589,43845.9560675
153088,512,3.482187417,43845.952880132885,43845.96769225
153600,512,3.493774083,43845.96449004989,43845.97929075
154112,512,3.505435208,43845.97610396589,43845.990941875
154624,512,3.51709175,43845.987713924886,43846.002563833004
155136,512,3.528666708,43845.99932388289,43846.014165625005
155648,512,3.54019975,43846.01093384089,43846.025723083
156160,512,3.551933667,43846.02254379989,43846.037407958
156672,512,3.563428583,43846.034153757886,43846.048944125
157184,512,3.575009292,43846.04576371589,43846.060536958
157696,512,3.5867055,43846.05737367489,43846.072194416
158208,512,3.598276042,43846.06898363289,43846.083787375006
158720,512,3.60985275,43846.08059359089,43846.095374458004
159232,512,3.6215155,43846.09220354989,43846.107019250005
159744,512,3.633175792,43846.103813507885,43846.118658958
160256,512,3.644672292,43846.11542346589,43846.130198625004
160768,512,3.6565015,43846.12703342489,43846.141940416004
161280,512,3.667899292,43846.13864338289,43846.153420916
161792,512,3.679497917,43846.150253340886,43846.165022416004
162304,512,3.69116475,43846.16186329989,43846.176676375006
162816,512,3.70274575,43846.17347325789,43846.188265583005
163328,512,3.714346167,43846.18508321589,43846.199871458004
163840,512,3.72598,43846.19669317489,43846.211499375
164352,512,3.737553333,43846.20830313289,43846.223080166004
164864,512,3.749183167,43846.219912174885,43846.234701708
165376,512,3.76079625,43846.23152213289,43846.246317166006
165888,512,3.772422042,43846.24313204989,43846.257935583
166400,512,3.784071542,43846.25474200789,43846.26955825
166912,512,3.795574875,43846.26635196589,43846.281112916
167424,512,3.807260542,43846.27796192489,43846.292731916
167936,512,3.8188845,43846.28957184089,43846.304389416
168448,512,3.830555792,43846.301181799885,43846.316038916004
168960,512,3.842098958,43846.31279175789,43846.327606291
169472,512,3.85382525,43846.32440171589,43846.339268166004
169984,512,3.865486958,43846.33601167489,43846.350920875004
170496,512,3.876893625,43846.34762159089,43846.362399083
171008,512,3.888714,43846.35923154989,43846.374142583
171520,512,3.90022925,43846.37084150789,43846.385691791
172032,512,3.911701708,43846.38245146589,43846.397222375
172544,512,3.923327167,43846.394061424886,43846.408850625005
173056,512,3.934948417,43846.405671340886,43846.420459708
173568,512,3.94656,43846.41728129989,43846.432066958005
174080,512,3.958261958,43846.428891257885,43846.443748000005
174592,512,3.969823125,43846.44050121589,43846.455329666
175104,512,3.981433708,43846.45211117489,43846.466935291006
175616,512,3.993030542,43846.46372042489,43846.478541625
176128,512,4.00455375,43846.47533038289,43846.490088208004
176640,512,4.016202208,43846.48694034089,43846.501720333006
177152,512,4.027912833,43846.498550257886,43846.513396625
177664,512,4.039459458,43846.51016021589,43846.5249695
178176,512,4.051079417,43846.52177017489,43846.536585500005
178688,512,4.062753958,43846.53338013289,43846.548224875005
179200,512,4.074244083,43846.544990049886,43846.559770416
179712,512,4.0858795,43846.55660000789,43846.571391583006
180224,512,4.097464417,43846.56820996589,43846.58298575
180736,512,4.109122042,43846.579819882885,43846.594625916005
181248,512,4.120904,43846.59142984089,43846.606331541
181760,512,4.132393417,43846.60303979989,43846.61786775
182272,512,4.143882667,43846.61464975789,43846.629406083004
182784,512,4.1554815,43846.626259674886,43846.641014833
183296,512,4.167130708,43846.63786963289,43846.652654791
183808,512,4.178779833,43846.64947959089,43846.664256250006
184320,512,4.190389833,43846.66108954989,43846.675899041
184832,512,4.201951792,43846.67269946589,43846.687477833
185344,512,4.213676292,43846.68430942489,43846.699086541004
185856,512,4.22524,43846.69591938289,43846.71075525
186368,512,4.23683175,43846.707529299885,43846.722340166
186880,512,4.248476917,43846.71913867489,43846.733972250004
187392,512,4.260080875,43846.73074859089,43846.745586208
187904,512,4.271589167,43846.74235854989,43846.757126125005
188416,512,4.283240417,43846.75396850789,43846.768759000006
188928,512,4.294813792,43846.765578424885,43846.780348333006
189440,512,4.306433792,43846.77718838289,43846.791965875
189952,512,4.318101875,43846.78879834089,43846.803613458
190464,512,4.329691583,43846.80040825789,43846.815198458
190976,512,4.341280708,43846.81201821589,43846.826805416
191488,512,4.3530035,43846.82362817489,43846.838490125
192000,512,4.36453825,43846.83523809089,43846.850043125
192512,512,4.376137792,43846.846848049885,43846.861639583
193024,512,4.387868125,43846.85845800789,43846.873331875
193536,512,4.399373833,43846.87006792489,43846.884880958
194048,512,4.410941875,43846.88167788289,43846.896462250006
194560,512,4.422536083,43846.89328784089,43846.9080635
195072,512,4.434207083,43846.904897757886,43846.919712041
195584,512,4.445782917,43846.91650771589,43846.931298708005
196096,512,4.457368708,43846.92811767489,43846.942900875
196608,512,4.468972667,43846.939727590885,43846.954500875
197120,512,4.480615833,43846.95133754989,43846.966128750006
197632,512,4.492247292,43846.96294750789,43846.977755416
198144,512,4.503834167,43846.97455692489,43846.989348291005
198656,512,4.515495,43846.98616688289,43847.000994625
199168,512,4.527102833,43846.997776799886,43847.01259825
199680,512,4.538739542,43847.00938675789,43847.024223458
200192,512,4.550338667,43847.02099671589,43847.035830375
200704,512,4.561856708,43847.032606632885,43847.047381166005
201216,512,4.573477667,43847.04421659089,43847.059002250004
201728,512,4.585132125,43847.05582650789,43847.070636958
202240,512,4.596726583,43847.06743646589,43847.082240250005
202752,512,4.60827875,43847.079046424886,43847.093813
203264,512,4.619972125,43847.090656340886,43847.10547008301
203776,512,4.631596708,43847.10226629989,43847.117092041
204288,512,4.643314292,43847.11387625789,43847.128676333006
204800,512,4.6548385,43847.12548617489,43847.140333916
205312,512,4.666485125,43847.13709613289,43847.151913500005
205824,512,4.677998625,43847.14870604989,43847.16350775
206336,512,4.689627125,43847.16031600789,43847.175136583006
206848,512,4.701194167,43847.171925965886,43847.186719625
207360,512,4.712784833,43847.18353588289,43847.19831375
207872,512,4.72447775,43847.19514584089,43847.209978583
208384,512,4.73605,43847.20675575789,43847.2215625
208896,512,4.747657417,43847.218365215886,43847.233169458006
209408,512,4.75930025,43847.22997517489,43847.244804625
209920,512,4.770884042,43847.24158509089,43847.256395291006
210432,512,4.782519708,43847.25319504989,43847.268016458
210944,512,4.794088625,43847.26480496589,43847.279607875
211456,512,4.805638167,43847.27641492489,43847.291176666
211968,512,4.817311125,43847.28802488289,43847.302823041005
212480,512,4.828936333,43847.299634799885,43847.31444825
212992,512,4.840531417,43847.31124475789,43847.326049375006
213504,512,4.852210542,43847.32285467489,43847.337696416005
214016,512,4.863814458,43847.33446463289,43847.349304625
214528,512,4.875413042,43847.34607454989,43847.360896958
215040,512,4.88717725,43847.357684507886,43847.372591416
215552,512,4.898597083,43847.36929442489,43847.384102958
216064,512,4.910142917,43847.38090438289,43847.395667208
216576,512,4.921774208,43847.392514340885,43847.407298083
217088,512,4.933391167,43847.40412425789,43847.418913083005
217600,512,4.945010583,43847.41573421589,43847.430526250006
218112,512,4.956738667,43847.42734413289,43847.442219375
218624,512,4.968293292,43847.43895409089,43847.453786541
219136,512,4.979841542,43847.450564007886,43847.465354916
219648,512,4.99148825,43847.46217354989,43847.476995958
220160,512,5.003020583,43847.473783507885,43847.488550833004
220672,512,5.01467275,43847.48539342489,43847.500185000004
221184,512,5.026321917,43847.49700338289,43847.511831791
221696,512,5.037929,43847.50861329989,43847.523432916
222208,512,5.049510458,43847.52022325789,43847.535027416
222720,512,5.061199292,43847.531833215886,43847.546677000006
223232,512,5.072731583,43847.54344313289,43847.558243083
223744,512,5.084357042,43847.55505309089,43847.569859625
224256,512,5.095927458,43847.566663007885,43847.581449958
224768,512,5.107580083,43847.57827296589,43847.593084458
225280,512,5.119312542,43847.58988288289,43847.604766416
225792,512,5.130861667,43847.60149284089,43847.616334125
226304,512,5.142422667,43847.61310275789,43847.627924708
226816,512,5.154035792,43847.624712715886,43847.639533666006
227328,512,5.165540167,43847.63632263289,43847.651075541005
227840,512,5.177152792,43847.64793259089,43847.662685375006
228352,512,5.188823292,43847.659542507885,43847.674341625
228864,512,5.200367625,43847.67115246589,43847.685907666004
229376,512,5.2120035,43847.68276238289,43847.697536708
229888,512,5.223669917,43847.69437234089,43847.709180625
230400,512,5.235315542,43847.70598225789,43847.720811
230912,512,5.246842333,43847.71759179989,43847.732368541
231424,512,5.258641667,43847.72920175789,43847.744092916
231936,512,5.270062042,43847.74081167489,43847.755589333006
232448,512,5.281674875,43847.75242163289,43847.767193458
232960,512,5.29327075,43847.76403154989,43847.77880125
233472,512,5.304908958,43847.77564150789,43847.790429583
233984,512,5.316554833,43847.78725142489,43847.80205725
234496,512,5.328153667,43847.79886134089,43847.813672166005
235008,512,5.339666917,43847.81047129989,43847.825215250006
235520,512,5.351418875,43847.82208121589,43847.836916333006
236032,512,5.363019417,43847.83369117489,43847.848519458006
236544,512,5.374551375,43847.845301090885,43847.860078375
237056,512,5.386279708,43847.85691104989,43847.87176825
237568,512,5.397809,43847.86852096589,43847.883323958005
238080,512,5.409357708,43847.88013092489,43847.894901083004
238592,512,5.421021042,43847.89174084089,43847.906541708006
239104,512,5.43268025,43847.90335079989,43847.918177583
239616,512,5.444216458,43847.91496071589,43847.929741833
240128,512,5.455851667,43847.92657067489,43847.941370458
240640,512,5.467463542,43847.938180590885,43847.952978583
241152,512,5.479097125,43847.94979054989,43847.964604708
241664,512,5.490720833,43847.96140046589,43847.976221958
242176,512,5.502319042,43847.973010090886,43847.987824791
242688,512,5.513948125,43847.98462000789,43847.999444875
243200,512,5.52558525,43847.99622996589,43848.011077
243712,512,5.537155083,43848.00783988289,43848.022661833005
244224,512,5.548753167,43848.01944984089,43848.034260083004
244736,512,5.560323083,43848.03105975789,43848.045849416005
245248,512,5.571943958,43848.04266971589,43848.057462916004
245760,512,5.583525792,43848.05427963289,43848.069051666
246272,512,5.595178708,43848.065889590885,43848.080690833005
246784,512,5.606726208,43848.07749950789,43848.0922575
247296,512,5.61842325,43848.08910942489,43848.103927333
247808,512,5.630042417,43848.10071938289,43848.115549
248320,512,5.641537333,43848.11232929989,43848.127081708
248832,512,5.6532865,43848.12393925789,43848.13878075
249344,512,5.664876042,43848.13554917489,43848.150375708006
249856,512,5.676428083,43848.14715913289,43848.161944541
250368,512,5.688082917,43848.158769049885,43848.173572041
250880,512,5.699632458,43848.17037900789,43848.185161208006
251392,512,5.711218333,43848.18198892489,43848.196749583
251904,512,5.722984167,43848.19359884089,43848.2084705
252416,512,5.734494125,43848.20520879989,43848.220003833005
252928,512,5.74609,43848.216822924885,43848.231606625006
253440,512,5.757734833,43848.22843288289,43848.243242458004
253952,512,5.769382625,43848.24004284089,43848.254879625005
254464,512,5.780927833,43848.25165279989,43848.266445
254976,512,5.792559,43848.263262757886,43848.278071750006
255488,512,5.80428725,43848.27487267489,43848.289675750006
256000,512,5.815732,43848.28648263289,43848.301254916005
256512,512,5.827396292,43848.298092590885,43848.312908666005
257024,512,5.839026542,43848.30970254989,43848.324519625006
257536,512,5.850588417,43848.32131250789,43848.336104375005
258048,512,5.862366292,43848.33292246589,43848.347802541
258560,512,5.87387125,43848.34453242489,43848.359363541
259072,512,5.885538625,43848.35614234089,43848.371007083006
259584,512,5.897137625,43848.36775229989,43848.382599000004
260096,512,5.908635417,43848.37936225789,43848.394154500005
260608,512,5.92025025,43848.390972215886,43848.40577125
261120,512,5.9318485,43848.40258217489,43848.417367125
261632,512,5.943422042,43848.41419213289,43848.428947416
262144,512,5.955145,43848.42580209089,43848.440639708
262656,512,5.966735,43848.43741204989,43848.452232791
263168,512,5.978322167,43848.44902196589,43848.463827208005
263680,512,5.989930292,43848.46063129989,43848.475438291
264192,512,6.001553917,43848.47224121589,43848.487057000006
264704,512,6.01310375,43848.48385117489,43848.498625041
265216,512,6.024847708,43848.49546113289,43848.510316291
265728,512,6.036403083,43848.50707109089,43848.521898083
266240,512,6.047994083,43848.518681049885,43848.533495541
266752,512,6.05970725,43848.530290965886,43848.545164458
267264,512,6.071211083,43848.54190092489,43848.556709083
267776,512,6.082789542,43848.55351088289,43848.568302125
268288,512,6.094379042,43848.56512084089,43848.579899625
268800,512,6.105965625,43848.57673079989,43848.591498416004
269312,512,6.117626167,43848.58834071589,43848.603131833006
269824,512,6.129193125,43848.59995067489,43848.614720791
270336,512,6.14108125,43848.61156063289,43848.626435958
270848,512,6.15266375,43848.62317059089,43848.638096583
271360,512,6.164192083,43848.63478054989,43848.649646833
271872,512,6.175776208,43848.64639046589,43848.661240208006
272384,512,6.187554917,43848.65800042489,43848.672923041006
272896,512,6.198978458,43848.66961038289,43848.684455791
273408,512,6.210452042,43848.68122034089,43848.695975708004
273920,512,6.222265875,43848.692830299886,43848.707650791
274432,512,6.23381325,43848.704440215886,43848.719286
274944,512,6.245343083,43848.71605017489,43848.730854083005
275456,512,6.257027417,43848.72765954989,43848.742506166
275968,512,6.268508,43848.73926946589,43848.754038458006
276480,512,6.280126583,43848.750879424886,43848.765648583
276992,512,6.291779583,43848.76248938289,43848.777296791006
277504,512,6.303377667,43848.77409934089,43848.788868250005
278016,512,6.315050292,43848.785709257885,43848.800532375004
278528,512,6.326565667,43848.79731921589,43848.812090833
279040,512,6.338188958,43848.80892917489,43848.823714208
279552,512,6.350792708,43848.82053913289,43848.835324375
280064,512,6.361404708,43848.832149049886,43848.84692925
280576,512,6.373039583,43848.84375900789,43848.858550958
281088,512,6.384755458,43848.85536896589,43848.870229833
281600,512,6.396282292,43848.86697892489,43848.881791291
282112,512,6.407941833,43848.87858884089,43848.893351958
282624,512,6.419517375,43848.89019879989,43848.905008458
283136,512,6.431132708,43848.90180875789,43848.916628666004
283648,512,6.442687292,43848.913418715885,43848.928207333
284160,512,6.454383833,43848.92502863289,43848.939872833005
284672,512,6.465957917,43848.93663859089,43848.951406416
285184,512,6.477486958,43848.94824854989,43848.963016916
285696,512,6.489153458,43848.959858507886,43848.974659166
286208,512,6.500786417,43848.97146792489,43848.986275875
286720,512,6.512497958,43848.98307784089,43848.997960958004
287232,512,6.524032208,43848.99468779989,43849.009527291004
287744,512,6.535629917,43849.006297757885,43849.021135041
288256,512,6.5471915,43849.01790767489,43849.032707458005
288768,512,6.558805333,43849.02951763289,43849.044320791
289280,512,6.570445125,43849.04112759089,43849.055947458
289792,512,6.582151958,43849.05273750789,43849.067622833005
290304,512,6.593710625,43849.06434746589,43849.079196958
290816,512,6.605348042,43849.07595742489,43849.090825333005
291328,512,6.616955875,43849.08756734089,43849.102427458005
291840,512,6.628558417,43849.09917729989,43849.114036750005
292352,512,6.640299292,43849.11078725789,43849.12571775
292864,512,6.651860833,43849.12239721589,43849.137301625
293376,512,6.663476333,43849.13400713289,43849.148906541006
293888,512,6.675031792,43849.145617090886,43849.160474291006
294400,512,6.68658725,43849.15722704989,43849.172073333
294912,512,6.69830475,43849.16883696589,43849.183760291
295424,512,6.709818125,43849.18044692489,43849.195293791
295936,512,6.721426917,43849.19205688289,43849.206907833
296448,512,6.733051042,43849.20366679989,43849.218525875
296960,512,6.744732208,43849.21527629989,43849.230152208
297472,512,6.756219083,43849.22688621589,43849.241717583005
297984,512,6.767891375,43849.23849617489,43849.253361916
298496,512,6.779420375,43849.25010609089,43849.264928083
299008,512,6.791059042,43849.26171604989,43849.276557416
299520,512,6.802815583,43849.27332600789,43849.28818425
300032,512,6.8142865,43849.28493592489,43849.299773750005
300544,512,6.82585925,43849.29654588289,43849.311360625004
301056,512,6.837528875,43849.30815584089,43849.322998666
301568,512,6.849140833,43849.319765757886,43849.33461825
302080,512,6.860783833,43849.33137571589,43849.346256875004
302592,512,6.872447167,43849.34298567489,43849.357882375
303104,512,6.884020333,43849.35459559089,43849.369467416
303616,512,6.895625,43849.366205549886,43849.381079666004
304128,512,6.907247083,43849.37781546589,43849.392701083
304640,512,6.918772333,43849.38942542489,43849.404256583
305152,512,6.930411583,43849.401035382885,43849.41589175
305664,512,6.942020833,43849.41264529989,43849.427492666
306176,512,6.953670917,43849.42425525789,43849.439140041
306688,512,6.965213583,43849.43586521589,43849.450701875
307200,512,6.976905667,43849.44747513289,43849.462365708
307712,512,6.988451083,43849.459085090886,43849.473941666
308224,512,7.000043,43849.47069459089,43849.485522291005
308736,512,7.011674208,43849.482304549885,43849.497160000006
309248,512,7.023299875,43849.493914465886,43849.508776916
309760,512,7.035015583,43849.50552442489,43849.520438083004
310272,512,7.046470917,43849.51713438289,43849.531944791
310784,512,7.058228292,43849.52874429989,43849.543659208
311296,512,7.069775458,43849.540354257886,43849.555227833
311808,512,7.081365792,43849.55196417489,43849.566829708005
312320,512,7.092929792,43849.56357413289,43849.578418916004
312832,512,7.104601125,43849.575184090885,43849.590062583
313344,512,7.116243208,43849.58679400789,43849.601663833004
313856,512,7.127974042,43849.59840396589,43849.613215000005
314368,512,7.139495958,43849.61001388289,43849.624921416005
314880,512,7.15112475,43849.62162384089,43849.63652875
315392,512,7.162678833,43849.63323379989,43849.64811925
315904,512,7.174229292,43849.64484371589,43849.659702833
316416,512,7.185857458,43849.65645367489,43849.67132125
316928,512,7.197481958,43849.668063590885,43849.682944416
317440,512,7.209012333,43849.67967354989,43849.694502291
317952,512,7.220643583,43849.69128350789,43849.706132458006
318464,512,7.232380583,43849.70289342489,43849.71780625
318976,512,7.243847625,43849.714503382886,43849.729330916
319488,512,7.255544583,43849.72611292489,43849.740997458
320000,512,7.267230583,43849.73772288289,43849.752651291004
320512,512,7.278778458,43849.74933279989,43849.764226666004
321024,512,7.290381292,43849.76094275789,43849.77583925
321536,512,7.302003667,43849.77255267489,43849.787450375006
322048,512,7.313568667,43849.78416263289,43849.79903
322560,512,7.325117292,43849.795772549885,43849.810617125004
323072,512,7.336708542,43849.80738250789,43849.822207875004
323584,512,7.348396208,43849.81899242489,43849.833868625006
324096,512,7.359935875,43849.83060238289,43849.845435541
324608,512,7.371655417,43849.84221234089,43849.857104250004
325120,512,7.383250792,43849.853822257886,43849.868693083
325632,512,7.394839708,43849.86543221589,43849.880302166006
326144,512,7.406437,43849.87704213289,43849.891901583
326656,512,7.417991125,43849.888652090885,43849.903477625005
327168,512,7.429627292,43849.90026200789,43849.915112083
327680,512,7.441214917,43849.91187196589,43849.926703291
328192,512,7.452874667,43849.92348188289,43849.938343208
328704,512,7.464437958,43849.93509184089,43849.949915625
329216,512,7.475917375,43849.94670179989,43849.961454958
329728,512,7.4881075,43849.95831171589,43849.973119333
330240,512,7.499282583,43849.96992129989,43849.984759666004
330752,512,7.5108775,43849.98153125789,43849.996366125
331264,512,7.522459375,43849.99314117489,43850.00797100001
331776,512,7.534049458,43850.00475113289,43850.019556083
332288,512,7.545671583,43850.016361049886,43850.031180125006
332800,512,7.557336625,43850.02797100789,43850.042833750005
333312,512,7.5689025,43850.03958092489,43850.05441325
333824,512,7.580521583,43850.05119088289,43850.06600625
334336,512,7.592128667,43850.06280079989,43850.077629791005
334848,512,7.603703833,43850.07441075789,43850.089216333006
335360,512,7.615358083,43850.08602071589,43850.100855166005
335872,512,7.626909708,43850.09763063289,43850.112427500004
336384,512,7.638629458,43850.109240590886,43850.124101291
336896,512,7.650299,43850.12085050789,43850.135739583005
337408,512,7.661905292,43850.13246046589,43850.147348708
337920,512,7.673383667,43850.14407038289,43850.158885375
338432,512,7.685054417,43850.15568034089,43850.170538291
338944,512,7.696803667,43850.16729025789,43850.182136125004
339456,512,7.708225625,43850.17890021589,43850.193725666
339968,512,7.71983175,43850.19051013289,43850.205338041
340480,512,7.731518667,43850.202120090886,43850.216984750004
340992,512,7.743087708,43850.21372971589,43850.228572333006
341504,512,7.754670625,43850.22533963289,43850.240174541
342016,512,7.766352833,43850.236949590886,43850.251819916004
342528,512,7.777973625,43850.24855950789,43850.263438083006
343040,512,7.789497042,43850.26016946589,43850.2749955
343552,512,7.801177167,43850.271779382885,43850.286652291004
344064,512,7.812883208,43850.28338934089,43850.298316958004
344576,512,7.824378958,43850.29499925789,43850.309864875
345088,512,7.835961958,43850.30660921589,43850.321435375
345600,512,7.847624667,43850.31821913289,43850.333078208
346112,512,7.859263333,43850.329829090886,43850.344716583
346624,512,7.870871708,43850.34143900789,43850.356312291005
347136,512,7.882407083,43850.35304896589,43850.367877000004
347648,512,7.894071542,43850.364658882885,43850.379521375005
348160,512,7.905661458,43850.37626884089,43850.391128291005
348672,512,7.917253917,43850.38787875789,43850.402712791
349184,512,7.928780792,43850.39948871589,43850.414286166
349696,512,7.940363583,43850.41109863289,43850.425878875
350208,512,7.95206425,43850.422708590886,43850.437558875004
350720,512,7.963614625,43850.43431850789,43850.449122416
351232,512,7.97520875,43850.44592846589,43850.460724291006
351744,512,7.986933625,43850.457538382885,43850.472359541
352256,512,7.998469958,43850.46915063289,43850.483963708
352768,512,8.010071125,43850.480760590886,43850.495575500005
353280,512,8.021672125,43850.49237054989,43850.507182541005
353792,512,8.033399375,43850.50398046589,43850.518852041
354304,512,8.0449695,43850.51559042489,43850.530440791
354816,512,8.056693,43850.52720038289,43850.542115916
355328,512,8.068250583,43850.53881034089,43850.553689500004
355840,512,8.079781792,43850.55042025789,43850.565256583
356352,512,8.091331458,43850.562030215886,43850.576837666005
356864,512,8.102916833,43850.57364017489,43850.588427500006
357376,512,8.114524792,43850.58525013289,43850.600038416
357888,512,8.126202458,43850.59686004989,43850.611674625005
358400,512,8.137743375,43850.608470007886,43850.623250041004
358912,512,8.149466333,43850.62007996589,43850.634934916
359424,512,8.161182875,43850.63168988289,43850.646602416
359936,512,8.172638833,43850.643299840885,43850.658115083
360448,512,8.18430875,43850.65490979989,43850.669762333004
360960,512,8.195856458,43850.66651975789,43850.681340708004
361472,512,8.207418208,43850.67812967489,43850.692929416
361984,512,8.219082,43850.689739632886,43850.704565666005
362496,512,8.23073225,43850.70134959089,43850.716202166004
363008,512,8.242208292,43850.71295954989,43850.727728375
363520,512,8.253893708,43850.724569007885,43850.739387375004
364032,512,8.26547925,43850.73617896589,43850.750968875
364544,512,8.27707675,43850.74778888289,43850.762585291006
365056,512,8.2887325,43850.75939884089,43850.774227
365568,512,8.300315333,43850.771008799886,43850.785814041
366080,512,8.31183375,43850.782618715886,43850.797364125
366592,512,8.323462167,43850.79422867489,43850.808999208006
367104,512,8.3350975,43850.80583863289,43850.820620166
367616,512,8.346716167,43850.81744854989,43850.832235958005
368128,512,8.358350542,43850.82905850789,43850.843861916
368640,512,8.37002825,43850.84066846589,43850.855512500006
369152,512,8.381594583,43850.85227838289,43850.867093666006
369664,512,8.393274792,43850.863888340886,43850.878736125
370176,512,8.404875708,43850.87549829989,43850.890352416005
370688,512,8.416424375,43850.88710821589,43850.901927541
371200,512,8.428040125,43850.89871817489,43850.91354275
371712,512,8.439610833,43850.910328132886,43850.925125791
372224,512,8.451219292,43850.92193804989,43850.936735625
372736,512,8.462867292,43850.93354800789,43850.948359666
373248,512,8.474358542,43850.945157965885,43850.959899833004
373760,512,8.486054458,43850.95676788289,43850.971560416
374272,512,8.497689417,43850.96837742489,43850.983195208006
374784,512,8.509306667,43850.97998738289,43850.994806625
375296,512,8.52090325,43850.991597299886,43851.006411416005
375808,512,8.532466625,43851.00320725789,43851.017989625005
376320,512,8.544080375,43851.01481721589,43851.029601416005
376832,512,8.555803167,43851.026427132885,43851.041287708
377344,512,8.567333,43851.03803709089,43851.052845666
377856,512,8.57891275,43851.04964700789,43851.064433291
378368,512,8.590504417,43851.06125696589,43851.076034708
378880,512,8.602159708,43851.072866924886,43851.087674
379392,512,8.61375525,43851.084476840886,43851.099270750005
379904,512,8.625398792,43851.09608679989,43851.110905291
380416,512,8.637029583,43851.10769675789,43851.122530583
380928,512,8.648558917,43851.11930667489,43851.134081708005
381440,512,8.660301958,43851.13091663289,43851.145787333
381952,512,8.671828375,43851.14252659089,43851.157337708006
382464,512,8.683479333,43851.15413650789,43851.168968083
382976,512,8.69504775,43851.165746465886,43851.180560708
383488,512,8.706609375,43851.17735638289,43851.192141375
384000,512,8.718329208,43851.18896634089,43851.203816291
384512,512,8.729851375,43851.20057629989,43851.215366916
385024,512,8.741415917,43851.21218621589,43851.226947041
385536,512,8.753064625,43851.22379575789,43851.238588625005
386048,512,8.764687708,43851.23540567489,43851.25020275
386560,512,8.776302792,43851.247015632885,43851.261816416
387072,512,8.787926708,43851.25862554989,43851.273434208
387584,512,8.799554125,43851.27023550789,43851.28505025
388096,512,8.81113625,43851.28184546589,43851.296646958006
388608,512,8.822761333,43851.29345538289,43851.308269541005
389120,512,8.834462292,43851.305065340886,43851.319929916004
389632,512,8.846075,43851.31667525789,43851.331528666
390144,512,8.857742167,43851.32828521589,43851.343182666
390656,512,8.869313,43851.33989517489,43851.354758333
391168,512,8.880812583,43851.35150509089,43851.366304166004
391680,512,8.892577917,43851.36311504989,43851.378011375
392192,512,8.904101208,43851.37472496589,43851.389556333
392704,512,8.915623375,43851.386334924886,43851.401116625006
393216,512,8.927245958,43851.39794488289,43851.412757541
393728,512,8.938807542,43851.40955479989,43851.424332250004
394240,512,8.950579125,43851.421164757885,43851.436039083004
394752,512,8.962047708,43851.43277467489,43851.44756375
395264,512,8.973701708,43851.44438463289,43851.459206333006
395776,512,8.985361042,43851.45599459089,43851.470840875
396288,512,8.99694225,43851.46760417489,43851.482431541
396800,512,9.008475125,43851.47921413289,43851.493996625
397312,512,9.020191125,43851.49082404989,43851.505636166
397824,512,9.031842792,43851.50243400789,43851.517296625
398336,512,9.043305917,43851.514043924886,43851.528826
398848,512,9.054973417,43851.52565388289,43851.540465583006
399360,512,9.066562958,43851.53726379989,43851.552071750004
399872,512,9.078119292,43851.548873757885,43851.563653000005
400384,512,9.089721208,43851.56048367489,43851.575253916
400896,512,9.101354542,43851.57209363289,43851.58687775
401408,512,9.112988625,43851.58370359089,43851.598494458005
401920,512,9.1246405,43851.59531350789,43851.610150458
402432,512,9.136179042,43851.606923465886,43851.621702125005
402944,512,9.147818792,43851.61853338289,43851.633334333004
403456,512,9.159436375,43851.63014334089,43851.644951666
403968,512,9.171015083,43851.641753257885,43851.656533625006
404480,512,9.182773125,43851.65336321589,43851.668220625004
404992,512,9.19442375,43851.66497313289,43851.679861666
405504,512,9.205880042,43851.67658309089,43851.691387958
406016,512,9.217506333,43851.688193049886,43851.703005875
406528,512,9.229145542,43851.699802965886,43851.714632125004
407040,512,9.2406785,43851.71141292489,43851.726197
407552,512,9.25228825,43851.723022549886,43851.737799541006
408064,512,9.263966875,43851.73463246589,43851.749456291
408576,512,9.275505375,43851.74624242489,43851.761027041
409088,512,9.287168,43851.757852382885,43851.772667791
409600,512,9.298701917,43851.76946229989,43851.784233125
410112,512,9.310309417,43851.78107225789,43851.795842083004
410624,512,9.321976417,43851.79268217489,43851.807487083
411136,512,9.333564875,43851.80429213289,43851.819090166005
411648,512,9.345163708,43851.815902049886,43851.830688708
412160,512,9.356807875,43851.82751200789,43851.842322916
412672,512,9.368542708,43851.83912192489,43851.853995916004
413184,512,9.380129542,43851.850731882885,43851.865553125004
413696,512,9.391736417,43851.86234179989,43851.877214750006
414208,512,9.403312583,43851.87395175789,43851.888794458006
414720,512,9.414918583,43851.88556167489,43851.900407916
415232,512,9.426544167,43851.89717163289,43851.912022916
415744,512,9.438264583,43851.908781549886,43851.923688916
416256,512,9.449769667,43851.92039150789,43851.935240375
416768,512,9.461385375,43851.93200142489,43851.946859833006
417280,512,9.4730025,43851.943611382885,43851.958478083005
417792,512,9.484616625,43851.95522129989,43851.97008875
418304,512,9.496260542,43851.96683096589,43851.981714708
418816,512,9.507829042,43851.97844092489,43851.993304875
419328,512,9.519444625,43851.99005084089,43852.004917458005
419840,512,9.531006708,43852.00166079989,43852.016499291
420352,512,9.542578083,43852.01327071589,43852.028081250006
420864,512,9.554348542,43852.024880674886,43852.039730041004
421376,512,9.565833125,43852.03649059089,43852.051328583
421888,512,9.577369042,43852.04810054989,43852.062888958004
422400,512,9.588949583,43852.05971046589,43852.074483458004
422912,512,9.600588667,43852.07132042489,43852.086110916
423424,512,9.612221083,43852.08293034089,43852.097712125
423936,512,9.623821792,43852.09454029989,43852.10934575
424448,512,9.635496792,43852.10615021589,43852.120986041
424960,512,9.647005917,43852.117760174886,43852.132531250005
425472,512,9.65873325,43852.12937009089,43852.144213416
425984,512,9.67028675,43852.14098004989,43852.155789333
426496,512,9.681933333,43852.15258996589,43852.167405541004
427008,512,9.693554583,43852.16419992489,43852.179042666
427520,512,9.705102958,43852.17580984089,43852.190614875006
428032,512,9.716756458,43852.18741979989,43852.202254583004
428544,512,9.728288458,43852.19902971589,43852.213813500006
429056,512,9.739907292,43852.210639674886,43852.225426166005
429568,512,9.751654542,43852.22224934089,43852.237122208004
430080,512,9.763151958,43852.233859299886,43852.2486625
430592,512,9.77483675,43852.245469215886,43852.260269125
431104,512,9.786433417,43852.25707917489,43852.271917750004
431616,512,9.7979695,43852.26868909089,43852.283485083004
432128,512,9.809583375,43852.28029904989,43852.295099625
432640,512,9.821268042,43852.29190896589,43852.306761
433152,512,9.832868125,43852.30351892489,43852.318359875004
433664,512,9.844426583,43852.31512884089,43852.329934166
434176,512,9.856108208,43852.326738799886,43852.341590958
434688,512,9.867741083,43852.338348715886,43852.353206416
435200,512,9.879278583,43852.34995867489,43852.364772666006
435712,512,9.890984375,43852.36156859089,43852.376448833005
436224,512,9.9024965,43852.37317854989,43852.387997208
436736,512,9.914087583,43852.38478846589,43852.399591583
437248,512,9.925687083,43852.39639842489,43852.411202333
437760,512,9.937296708,43852.40800834089,43852.422808833006
438272,512,9.948920208,43852.419618299886,43852.434425208005
438784,512,9.9605,43852.431228215886,43852.446019375006
439296,512,9.972165875,43852.44283813289,43852.4576735
439808,512,9.983880583,43852.45444809089,43852.469340166004
440320,512,9.995381625,43852.46605775789,43852.480883291006
440832,512,10.006956458,43852.47766767489,43852.492473083
441344,512,10.018612792,43852.489277632885,43852.504105
441856,512,10.0302535,43852.50088754989,43852.515737041
442368,512,10.041802875,43852.51249750789,43852.527304708005
442880,512,10.053492042,43852.52410742489,43852.53896925
443392,512,10.064984375,43852.53571738289,43852.5505055
443904,512,10.076571042,43852.547327299886,43852.562101833006
444416,512,10.088274292,43852.55893725789,43852.573718125
444928,512,10.099781875,43852.57054717489,43852.585312333
445440,512,10.111409333,43852.58215709089,43852.596934333
445952,512,10.123066375,43852.59376704989,43852.608578458
446464,512,10.134662667,43852.60537696589,43852.620174666
446976,512,10.146260458,43852.61698692489,43852.631779333
447488,512,10.157928333,43852.62859684089,43852.643429458
448000,512,10.169573042,43852.640206799886,43852.654983750006
448512,512,10.181124167,43852.65181671589,43852.666630333006
449024,512,10.1926985,43852.66342667489,43852.678219083005
449536,512,10.204369125,43852.67503659089,43852.689865791006
450048,512,10.215961667,43852.68664654989,43852.701461041004
450560,512,10.227581917,43852.69825646589,43852.713071625
451072,512,10.239297875,43852.70986638289,43852.724743750005
451584,512,10.250896583,43852.72148025789,43852.736353541004
452096,512,10.26245325,43852.73309021589,43852.74793025
452608,512,10.273967083,43852.74470017489,43852.759481666006
453120,512,10.28561475,43852.756310132885,43852.77111975
453632,512,10.29716675,43852.76792004989,43852.782695541006
454144,512,10.308761375,43852.77953000789,43852.794297750006
454656,512,10.320407917,43852.79113996589,43852.805927875
455168,512,10.332024667,43852.802749924886,43852.817541291006
455680,512,10.343619417,43852.81435988289,43852.829142791
456192,512,10.355238583,43852.82596984089,43852.840759541
456704,512,10.366974333,43852.83757975789,43852.852442625
457216,512,10.378456167,43852.84918971589,43852.863980791
457728,512,10.390167792,43852.86079967489,43852.875656833006
458240,512,10.401717458,43852.87240963289,43852.887227708
458752,512,10.413311292,43852.884019590885,43852.898825083
459264,512,10.42491875,43852.89562954989,43852.910437583
459776,512,10.436495875,43852.90723950789,43852.92202025
460288,512,10.448126875,43852.91884942489,43852.933645125006
460800,512,10.459775375,43852.930459382886,43852.945279375
461312,512,10.471346083,43852.94206934089,43852.956863583
461824,512,10.482972583,43852.95367929989,43852.968487875005
462336,512,10.49454525,43852.96528871589,43852.980069833
462848,512,10.506152917,43852.97689867489,43852.991674875004
463360,512,10.517854083,43852.98850859089,43853.003344458004
463872,512,10.529454875,43853.00011854989,43853.014948416
464384,512,10.54101325,43853.01172850789,43853.026507166
464896,512,10.552732333,43853.023338465886,43853.0381635
465408,512,10.564225125,43853.03494842489,43853.049735666005
465920,512,10.575823958,43853.04655834089,43853.061343791
466432,512,10.587438,43853.05816829989,43853.072959833
466944,512,10.599053125,43853.069778257886,43853.084570833
467456,512,10.610634958,43853.08138821589,43853.096163875
467968,512,10.622334333,43853.09299813289,43853.107819458004
468480,512,10.6339305,43853.104608090885,43853.119430791005
468992,512,10.645473792,43853.11621804989,43853.131000583
469504,512,10.657144375,43853.12782800789,43853.142649416004
470016,512,10.668707125,43853.13943796589,43853.154234583
470528,512,10.680376583,43853.151047882886,43853.165823958
471040,512,10.691904042,43853.16265784089,43853.177434625
471552,512,10.703534,43853.17426779989,43853.189054
472064,512,10.715158208,43853.18587775789,43853.200673958
472576,512,10.726785583,43853.19748771589,43853.212296458005
473088,512,10.738335625,43853.20909763289,43853.223864541
473600,512,10.750017833,43853.22070709089,43853.235513375
474112,512,10.761619625,43853.232317049886,43853.247129625
474624,512,10.773221583,43853.24392700789,43853.258732166
475136,512,10.784891333,43853.25553696589,43853.270383791
475648,512,10.7964325,43853.26714688289,43853.281947916
476160,512,10.808006417,43853.27875684089,43853.293532833006
476672,512,10.819721958,43853.29036679989,43853.305209291
477184,512,10.831388292,43853.30197675789,43853.316847875
477696,512,10.842964167,43853.313586674885,43853.328436083
478208,512,10.854643458,43853.32519663289,43853.340086458
478720,512,10.866258333,43853.33680659089,43853.351690250005
479232,512,10.877788083,43853.34841654989,43853.363258916004
479744,512,10.889429833,43853.36002646589,43853.374894333
480256,512,10.90093725,43853.37163642489,43853.386443208
480768,512,10.912531167,43853.38324638289,43853.39801325
481280,512,10.9242575,43853.39485634089,43853.409735500005
481792,512,10.935798792,43853.40646625789,43853.421298625006
482304,512,10.947379375,43853.41807621589,43853.432884458
482816,512,10.959052833,43853.42968617489,43853.444536583
483328,512,10.970749333,43853.441296132885,43853.456144125004
483840,512,10.982251917,43853.45290604989,43853.467749375006
484352,512,10.993849458,43853.46451559089,43853.479352958006
484864,512,11.0054295,43853.47612550789,43853.490937166
485376,512,11.017073125,43853.48773546589,43853.502569916
485888,512,11.02867825,43853.49934542489,43853.514176666
486400,512,11.040261958,43853.51095534089,43853.525769958
486912,512,11.051940333,43853.522565299885,43853.537425083
487424,512,11.063475042,43853.53417525789,43853.548983083005
487936,512,11.07499775,43853.54578517489,43853.560536875004
488448,512,11.086799083,43853.55739513289,43853.572261958005
488960,512,11.098307583,43853.56900509089,43853.583816291
489472,512,11.109888625,43853.580615007886,43853.595408583
489984,512,11.12152725,43853.59222496589,43853.607039541006
490496,512,11.133185667,43853.60383492489,43853.6186765
491008,512,11.144727125,43853.61544488289,43853.630240458006
491520,512,11.156352458,43853.62705479989,43853.6418635
492032,512,11.167952125,43853.63866475789,43853.653464291005
492544,512,11.179580625,43853.65027471589,43853.665086291
493056,512,11.191172042,43853.661884632886,43853.676689041
493568,512,11.202813375,43853.67349459089,43853.688309791
494080,512,11.214427,43853.68510454989,43853.699922583
494592,512,11.226123875,43853.69671446589,43853.711592750005
495104,512,11.237779167,43853.708324424886,43853.723225541005
495616,512,11.24930275,43853.71993396589,43853.734780708
496128,512,11.261013417,43853.731543924885,43853.746451750005
496640,512,11.272534083,43853.74315388289,43853.757999
497152,512,11.284112292,43853.75476379989,43853.769602125
497664,512,11.295656417,43853.76637375789,43853.781169833004
498176,512,11.307253625,43853.77798371589,43853.792776833005
498688,512,11.318907917,43853.789593632886,43853.804408458
499200,512,11.330526917,43853.80120359089,43853.816033458
499712,512,11.342101542,43853.81281354989,43853.827618
500224,512,11.353747542,43853.824423465885,43853.83924375
500736,512,11.365390042,43853.83603342489,43853.850876416
501248,512,11.376939083,43853.84764338289,43853.862451208006
501760,512,11.388665417,43853.85925329989,43853.874141500004
502272,512,11.40017,43853.870863257886,43853.885680791005
502784,512,11.411744292,43853.88247321589,43853.897263666004
503296,512,11.423459542,43853.89408313289,43853.908933916005
503808,512,11.435079625,43853.90569309089,43853.920555666
504320,512,11.446563583,43853.91730300789,43853.932087500005
504832,512,11.458320917,43853.92891296589,43853.943790416
505344,512,11.469847458,43853.94052292489,43853.955347583
505856,512,11.481411625,43853.95213284089,43853.966924083004
506368,512,11.493156292,43853.96374279989,43853.978622541006
506880,512,11.504763208,43853.97535238289,43853.990232125005
507392,512,11.516334542,43853.98696234089,43854.001813041
507904,512,11.527876375,43853.998572257886,43854.013384708
508416,512,11.539508292,43854.01018221589,43854.025008125005
508928,512,11.551159583,43854.02179217489,43854.036647458
509440,512,11.562695292,43854.033402090885,43854.048219250006
509952,512,11.57430375,43854.045012049886,43854.059817500005
510464,512,11.586019792,43854.05662200789,43854.071479541
510976,512,11.597558208,43854.06823192489,43854.083065041006
511488,512,11.609342958,43854.079841882885,43854.094630750005
512000,512,11.620782708,43854.09145179989,43854.106275125
512512,512,11.632446708,43854.10306175789,43854.117925750004
513024,512,11.643966208,43854.11467171589,43854.129475666006
513536,512,11.655663417,43854.12628163289,43854.141142833
514048,512,11.667228042,43854.137891590886,43854.152718916004
514560,512,11.678841833,43854.14950150789,43854.164332125
515072,512,11.690403083,43854.16111146589,43854.175917500004
515584,512,11.701968375,43854.17272142489,43854.18749725
516096,512,11.713685708,43854.18433134089,43854.199170500004
516608,512,11.725326,43854.19594129989,43854.210811875004
517120,512,11.736865625,43854.20755125789,43854.2223695
517632,512,11.748558042,43854.21916079989,43854.234029166
518144,512,11.760157333,43854.23077075789,43854.245640541005
518656,512,11.771706625,43854.24238071589,43854.257202500004
519168,512,11.78331575,43854.25399063289,43854.268817375
519680,512,11.79488375,43854.26560059089,43854.280399875
520192,512,11.806526125,43854.27721050789,43854.292032208
520704,512,11.81815925,43854.28882046589,43854.303659625
521216,512,11.829830208,43854.30043042489,43854.315304708005
521728,512,11.841423958,43854.31204034089,43854.326896416
522240,512,11.85304475,43854.32365029989,43854.338523041006
522752,512,11.8646375,43854.33526021589,43854.350099291005
523264,512,11.876237417,43854.346870174886,43854.361706666
523776,512,11.888038667,43854.35848009089,43854.373388958
524288,512,11.8994715,43854.37009004989,43854.384940083
524800,512,11.911350875,43854.381700007885,43854.396484916004
525312,512,11.922667042,43854.39330992489,43854.408159666
525824,512,11.934229917,43854.40491988289,43854.419735666
526336,512,11.945817083,43854.41652979989,43854.43133025
526848,512,11.957554417,43854.42813975789,43854.443019291
527360,512,11.969089458,43854.439749715886,43854.454586833
527872,512,11.980677458,43854.45135963289,43854.466174291
528384,512,11.992316917,43854.462969299886,43854.477817333005
528896,512,12.003872583,43854.47457921589,43854.489383666005
529408,512,12.015513417,43854.48618917489,43854.501010333006
529920,512,12.027164125,43854.497799132885,43854.512644875
530432,512,12.038744833,43854.50940904989,43854.524242458
530944,512,12.050421917,43854.52101900789,43854.53587375
531456,512,12.061997042,43854.53262892489,43854.547461375005
531968,512,12.073513083,43854.54423888289,43854.559029375
532480,512,12.085206667,43854.555848799886,43854.570658583005
532992,512,12.0967425,43854.56745875789,43854.582256125
533504,512,12.108341875,43854.57906867489,43854.593863208
534016,512,12.120048875,43854.590678632885,43854.60553075
534528,512,12.131628875,43854.60228859089,43854.617124166005
535040,512,12.143173792,43854.61389850789,43854.628692291
535552,512,12.154874042,43854.62550846589,43854.640361375
536064,512,12.166420125,43854.63711838289,43854.6519275
536576,512,12.178031792,43854.648728340886,43854.663537833
537088,512,12.18988175,43854.66033825789,43854.675130291005
537600,512,12.201213167,43854.67194821589,43854.68673
538112,512,12.212929875,43854.683558132885,43854.698398791006
538624,512,12.224645625,43854.69516809089,43854.710074791
539136,512,12.236185167,43854.70677804989,43854.721640416006
539648,512,12.2477205,43854.71838771589,43854.733206250006
540160,512,12.259466292,43854.72999763289,43854.744900625
540672,512,12.270975833,43854.74160759089,43854.756448666005
541184,512,12.28248525,43854.753217549885,43854.768005833
541696,512,12.294158167,43854.764827465886,43854.779657083
542208,512,12.305819667,43854.77643742489,43854.791296666
542720,512,12.317422083,43854.78804734089,43854.80289875
543232,512,12.32900125,43854.79965729989,43854.814495083
543744,512,12.340619125,43854.81126721589,43854.826111458
544256,512,12.352274167,43854.82287717489,43854.837749375
544768,512,12.363830792,43854.83448709089,43854.849337166
545280,512,12.375386083,43854.846097049885,43854.860897916005
545792,512,12.387046458,43854.857706965886,43854.872539416
546304,512,12.398623625,43854.86931692489,43854.884125541
546816,512,12.410197083,43854.88092684089,43854.895711791
547328,512,12.421916,43854.89253679989,43854.907398583004
547840,512,12.433563208,43854.90414671589,43854.919015791005
548352,512,12.44504925,43854.91575667489,43854.9305535
548864,512,12.4567725,43854.92736659089,43854.94221075
549376,512,12.468335,43854.938976549885,43854.953819583
549888,512,12.479880958,43854.95058650789,43854.965391333004
550400,512,12.491495042,43854.96219642489,43854.977003375
550912,512,12.503248542,43854.97380967489,43854.988621125005
551424,512,12.514783208,43854.98541963289,43855.000262583
551936,512,12.52633275,43854.997029549886,43855.011821500004
552448,512,12.537927042,43855.00863950789,43855.023442291
552960,512,12.54963625,43855.02024946589,43855.035091083
553472,512,12.561161625,43855.03185942489,43855.046671791
553984,512,12.57275325,43855.04346938289,43855.05826825
554496,512,12.584402,43855.05507934089,43855.069902041
555008,512,12.595988125,43855.066689299885,43855.081505333
555520,512,12.607571875,43855.078299215886,43855.093089083006
556032,512,12.61925675,43855.08990917489,43855.104753750005
556544,512,12.630958833,43855.10151913289,43855.116407916
557056,512,12.642434792,43855.11312909089,43855.12793725
557568,512,12.654092833,43855.12473904989,43855.139577875
558080,512,12.665630042,43855.13634900789,43855.151147333
558592,512,12.677299083,43855.14795896589,43855.162794666
559104,512,12.688886333,43855.159568924886,43855.174392041
559616,512,12.700452792,43855.17117884089,43855.185973458
560128,512,12.712088625,43855.18278879989,43855.197594458004
560640,512,12.723703292,43855.194398757885,43855.209207875
561152,512,12.735307375,43855.20600871589,43855.220811625004
561664,512,12.746921125,43855.21761817489,43855.232439916006
562176,512,12.758618792,43855.22922809089,43855.244090208005
562688,512,12.770453458,43855.24083804989,43855.255668041005
563200,512,12.781781667,43855.25244800789,43855.267266416005
563712,512,12.793362458,43855.26405796589,43855.278872416005
564224,512,12.804914458,43855.275667924885,43855.290440000004
564736,512,12.816546917,43855.287277840886,43855.302067250006
565248,512,12.8282405,43855.29888779989,43855.31372775001
565760,512,12.839842167,43855.31049775789,43855.325337666
566272,512,12.8514235,43855.32210771589,43855.336919125
566784,512,12.863088292,43855.33371767489,43855.348569
567296,512,12.874695125,43855.34532759089,43855.36016225
567808,512,12.886308,43855.35693754989,43855.371780333
568320,512,12.897810708,43855.36854750789,43855.383328333
568832,512,12.909459583,43855.38015746589,43855.394963583
569344,512,12.921143708,43855.39176742489,43855.406629666
569856,512,12.932783458,43855.40337734089,43855.418256708006
570368,512,12.944348625,43855.41498729989,43855.42983075
570880,512,12.955966792,43855.42659725789,43855.441459541005
571392,512,12.967616208,43855.43820721589,43855.453069875
571904,512,12.979177875,43855.449817174886,43855.464653541
572416,512,12.990796625,43855.46142659089,43855.476280791
572928,512,13.002482833,43855.47303654989,43855.487928208
573440,512,13.014064917,43855.48464650789,43855.499523041006
573952,512,13.025692667,43855.496256465885,43855.511155041
574464,512,13.037613625,43855.50786638289,43855.522771791
574976,512,13.048916458,43855.51947634089,43855.5343545
575488,512,13.060513333,43855.53108629989,43855.545951125
576000,512,13.072135,43855.542696257886,43855.557572000005
576512,512,13.083567042,43855.55430617489,43855.569086333
577024,512,13.095166875,43855.56591613289,43855.580685541005
577536,512,13.106967583,43855.577526090885,43855.592411625
578048,512,13.11848225,43855.589136049886,43855.603960125
578560,512,13.130088708,43855.60074596589,43855.615573791
579072,512,13.14176375,43855.61235592489,43855.627244125004
579584,512,13.153322917,43855.623965882885,43855.638805416005
580096,512,13.164820708,43855.63557584089,43855.650341416
580608,512,13.176474417,43855.64718579989,43855.661973666
581120,512,13.188111792,43855.65879571589,43855.673605583004
581632,512,13.199640042,43855.670405674886,43855.685167375006
582144,512,13.211279375,43855.68201563289,43855.696797958
582656,512,13.222942458,43855.69362559089,43855.708438958005
583168,512,13.234685292,43855.705235507885,43855.720113125004
583680,512,13.246245625,43855.71684504989,43855.731705625
584192,512,13.257935917,43855.72845500789,43855.743361
584704,512,13.269401208,43855.74006496589,43855.754904666006
585216,512,13.281033167,43855.751674882886,43855.766514875
585728,512,13.292627375,43855.76328484089,43855.778113625005
586240,512,13.3042045,43855.77489479989,43855.789701875
586752,512,13.31583575,43855.78650475789,43855.801311541
587264,512,13.327404167,43855.798114674886,43855.812920000004
587776,512,13.3389865,43855.80972463289,43855.824506791
588288,512,13.350633417,43855.82133459089,43855.836137166
588800,512,13.362213875,43855.832944507885,43855.847736
589312,512,13.373961708,43855.84455446589,43855.859417958
589824,512,13.38553525,43855.85616442489,43855.871008458
590336,512,13.397110583,43855.86777438289,43855.882604125
590848,512,13.408662333,43855.879384299886,43855.894179333
591360,512,13.420372792,43855.89099425789,43855.905851625
591872,512,13.431969625,43855.90260421589,43855.917452916
592384,512,13.443469417,43855.91421413289,43855.928994291
592896,512,13.455188333,43855.92582409089,43855.940673041005
593408,512,13.466777542,43855.93743404989,43855.952267041
593920,512,13.478309625,43855.94904400789,43855.9638275
594432,512,13.490042417,43855.960653924885,43855.975521166
594944,512,13.501603167,43855.97226350789,43855.987096375
595456,512,13.513230958,43855.98387346589,43855.998711291
595968,512,13.524865583,43855.99548338289,43856.010344541006
596480,512,13.536462542,43856.007093340886,43856.021939208
596992,512,13.54814375,43856.01870329989,43856.03359575
597504,512,13.559684,43856.03031321589,43856.045170291
598016,512,13.571285292,43856.04192317489,43856.056768250004
598528,512,13.5829255,43856.05353313289,43856.068385458006
599040,512,13.594575,43856.06514309089,43856.08003625
599552,512,13.606166958,43856.07675300789,43856.09163275
600064,512,13.617768667,43856.088362965886,43856.103233541005
600576,512,13.629430625,43856.09997292489,43856.114877500004
601088,512,13.641084667,43856.11158284089,43856.126500458005
601600,512,13.652672875,43856.12319279989,43856.138085916005
602112,512,13.664291708,43856.134802757886,43856.149715125
602624,512,13.675808958,43856.14641267489,43856.161277083
603136,512,13.687441208,43856.15802263289,43856.172894416006
603648,512,13.699309375,43856.169632590885,43856.184496
604160,512,13.710633125,43856.18124250789,43856.196106833006
604672,512,13.722196042,43856.19285246589,43856.207685875
605184,512,13.733758958,43856.20446242489,43856.219268291
605696,512,13.745408917,43856.21607200789,43856.230905291006
606208,512,13.757018,43856.22768196589,43856.242513333
606720,512,13.768611625,43856.23929192489,43856.254106541004
607232,512,13.780372583,43856.25090184089,43856.265812416
607744,512,13.791903833,43856.26251179989,43856.27738425
608256,512,13.803560083,43856.27412175789,43856.289017291005
608768,512,13.8150715,43856.285731674885,43856.300564708006
609280,512,13.826708292,43856.29734163289,43856.312200708
609792,512,13.838357,43856.30895159089,43856.323811625
610304,512,13.8499335,43856.32056150789,43856.335401083
610816,512,13.861597417,43856.33217146589,43856.34705375
611328,512,13.873162917,43856.343781382886,43856.358632333
611840,512,13.884898417,43856.35539134089,43856.370299166
612352,512,13.896379542,43856.36700129989,43856.38184675
612864,512,13.907971792,43856.378611215885,43856.393447541006
613376,512,13.919668458,43856.39022117489,43856.405112208005
613888,512,13.931220917,43856.40183113289,43856.416694125
614400,512,13.942938125,43856.41344104989,43856.428361750004
614912,512,13.954489625,43856.425051007885,43856.439959125004
615424,512,13.966113375,43856.43666096589,43856.451565625
615936,512,13.977686833,43856.44827088289,43856.463147791
616448,512,13.98926775,43856.45988084089,43856.474748333
616960,512,14.000932833,43856.47149042489,43856.486379625
617472,512,14.012579208,43856.48310038289,43856.498019541
617984,512,14.024128,43856.49471029989,43856.509597666
618496,512,14.035756917,43856.50632025789,43856.52120075
619008,512,14.047456083,43856.51793021589,43856.532866666006
619520,512,14.059043042,43856.52954013289,43856.544474083006
620032,512,14.070571167,43856.54115009089,43856.556021833
620544,512,14.082173958,43856.55276004989,43856.567634625004
621056,512,14.093844333,43856.56436996589,43856.579292500006
621568,512,14.105431583,43856.57597992489,43856.590886000005
622080,512,14.1170805,43856.58758984089,43856.602514000006
622592,512,14.128601167,43856.599199799886,43856.614075125006
623104,512,14.140259125,43856.61080975789,43856.625714083006
623616,512,14.151828833,43856.62241967489,43856.637294833
624128,512,14.163393208,43856.634029632885,43856.648880041
624640,512,14.17503125,43856.64563954989,43856.660510333
625152,512,14.186665792,43856.65724950789,43856.672132375
625664,512,14.198256542,43856.66885946589,43856.683726583
626176,512,14.209869417,43856.68046938289,43856.695337291
626688,512,14.221531125,43856.692079340886,43856.706958500006
627200,512,14.233132,43856.70368925789,43856.718588333
627712,512,14.244737458,43856.71529921589,43856.730183333006
628224,512,14.256370458,43856.72690888289,43856.741813041
628736,512,14.267986833,43856.73851884089,43856.753423875
629248,512,14.279475292,43856.750128757885,43856.764957375
629760,512,14.291181125,43856.76173871589,43856.776624458005
630272,512,14.30273825,43856.77334867489,43856.788207708
630784,512,14.314341458,43856.78495859089,43856.799815666
631296,512,14.325921667,43856.796568549886,43856.811410041
631808,512,14.337619458,43856.808178465886,43856.823071833
632320,512,14.349233875,43856.81978842489,43856.834680750006
632832,512,14.360746,43856.83139838289,43856.846241541
633344,512,14.372381083,43856.84300829989,43856.857865333004
633856,512,14.384049458,43856.85461825789,43856.869498791006
634368,512,14.395598125,43856.86622817489,43856.88108225
634880,512,14.407218792,43856.87783813289,43856.89269375
635392,512,14.418898625,43856.889448049886,43856.904344250004
635904,512,14.4305045,43856.90105800789,43856.915952833006
636416,512,14.4420785,43856.91266796589,43856.927544125
636928,512,14.453708875,43856.92427788289,43856.939160208
637440,512,14.465410583,43856.93588784089,43856.950820166
637952,512,14.476847458,43856.94749775789,43856.962329958005
638464,512,14.488454083,43856.95910771589,43856.973944833
638976,512,14.500124208,43856.97071742489,43856.985578666005
639488,512,14.511748417,43856.98232734089,43856.997211125
640000,512,14.523321917,43856.993937299885,43857.008801166005
640512,512,14.534952917,43857.00554725789,43857.020420708
641024,512,14.546627,43857.01715717489,43857.032073541006
641536,512,14.558227333,43857.02876713289,43857.043684625
642048,512,14.569787583,43857.04037704989,43857.055247083
642560,512,14.58140675,43857.051987007886,43857.066866333
643072,512,14.593045333,43857.06359692489,43857.078503625
643584,512,14.604586958,43857.07520688289,43857.090063458
644096,512,14.616285875,43857.086816799885,43857.10173575
644608,512,14.627927583,43857.09842675789,43857.113366791
645120,512,14.639550375,43857.11003671589,43857.124970375
645632,512,14.651137042,43857.12164663289,43857.136545583
646144,512,14.662745792,43857.13325659089,43857.148168833
646656,512,14.674370375,43857.144866507886,43857.159798041
647168,512,14.685945375,43857.15647646589,43857.17138775
647680,512,14.697480417,43857.16808638289,43857.182959166006
648192,512,14.709089667,43857.179696340885,43857.19456075
648704,512,14.720750417,43857.19130625789,43857.206206708004
649216,512,14.732346208,43857.20291621589,43857.217800541
649728,512,14.74389,43857.21452854989,43857.229373416005
650240,512,14.755549375,43857.22613850789,43857.241032583006
650752,512,14.76713375,43857.23774846589,43857.252603833
651264,512,14.778757917,43857.24935838289,43857.264220291
651776,512,14.790340167,43857.26096834089,43857.275824625
652288,512,14.801992792,43857.27257829989,43857.287460333006
652800,512,14.81357625,43857.28418825789,43857.299050916
653312,512,14.825161542,43857.29579821589,43857.310649083
653824,512,14.836851833,43857.30740813289,43857.322286583
654336,512,14.848483417,43857.319018090886,43857.333907791006
654848,512,14.860046167,43857.33062804989,43857.345496
655360,512,14.871659625,43857.34223800789,43857.357102791
655872,512,14.883354042,43857.35384796589,43857.368776416006
656384,512,14.89490875,43857.36545788289,43857.380351208005
656896,512,14.906441792,43857.37706784089,43857.391909791004
657408,512,14.918132083,43857.388677799885,43857.403566083005
657920,512,14.929751333,43857.40028775789,43857.415156791
658432,512,14.94134025,43857.41189771589,43857.426788208
658944,512,14.952997333,43857.42350763289,43857.438440416
659456,512,14.964551083,43857.43511759089,43857.4499985
659968,512,14.9761715,43857.44672754989,43857.461623125004
660480,512,14.9877435,43857.45833750789,43857.473224416004
660992,512,14.999396333,43857.469947007885,43857.484855041
661504,512,15.011008833,43857.48155692489,43857.496458500005
662016,512,15.0225725,43857.49316688289,43857.508037666004
662528,512,15.034232583,43857.50477684089,43857.5196795
663040,512,15.045865208,43857.516386799885,43857.531290125
663552,512,15.057654375,43857.527996715886,43857.5428875
664064,512,15.068995083,43857.53960667489,43857.554468500006
664576,512,15.080580833,43857.55121663289,43857.566061458005
665088,512,15.092267875,43857.56282659089,43857.57772675
665600,512,15.103834125,43857.574436507886,43857.589303666005
666112,512,15.115411583,43857.58604646589,43857.600895083
666624,512,15.127001708,43857.597656424885,43857.612492
667136,512,15.138654,43857.60926638289,43857.624130041004
667648,512,15.150235458,43857.62087629989,43857.635721125
668160,512,15.161767167,43857.63248625789,43857.647282791004
668672,512,15.173499292,43857.64409621589,43857.658968291005
669184,512,15.185066875,43857.65570617489,43857.670552
669696,512,15.196596417,43857.66731613289,43857.682112666
670208,512,15.208189667,43857.67892604989,43857.693708208004
670720,512,15.219914917,43857.69053600789,43857.705393791
671232,512,15.231501875,43857.702145965886,43857.716991541005
671744,512,15.243215792,43857.71375592489,43857.728656083
672256,512,15.254810667,43857.725365424885,43857.740271625
672768,512,15.266454542,43857.73697538289,43857.751878708004
673280,512,15.278007625,43857.74858534089,43857.763450166
673792,512,15.289708375,43857.76019529989,43857.775124875
674304,512,15.30131875,43857.77180521589,43857.786735625006
674816,512,15.312844875,43857.78341517489,43857.798296458
675328,512,15.32439525,43857.79502513289,43857.809882125
675840,512,15.336051833,43857.80663504989,43857.821511375005
676352,512,15.347680375,43857.81824500789,43857.833136916
676864,512,15.35920225,43857.82985496589,43857.844695791006
677376,512,15.370813458,43857.84146492489,43857.856303416
677888,512,15.382447375,43857.85307484089,43857.86791775
678400,512,15.394009542,43857.86468479989,43857.879508791004
678912,512,15.405541625,43857.87629475789,43857.891069833
679424,512,15.417647042,43857.88790467489,43857.902724208005
679936,512,15.428862333,43857.89951463289,43857.914355166
680448,512,15.440528625,43857.911124590886,43857.925984541005
680960,512,15.4521105,43857.92273454989,43857.937587750006
681472,512,15.463778083,43857.93434446589,43857.949227000005
681984,512,15.475271333,43857.94595442489,43857.960772916005
682496,512,15.486904583,43857.95756438289,43857.972403208005
683008,512,15.498422583,43857.969174007885,43857.983950333
683520,512,15.510094833,43857.98078392489,43857.995592625004
684032,512,15.521707792,43857.99239388289,43858.007212166005
684544,512,15.533260167,43858.00400384089,43858.0187795
685056,512,15.544893833,43858.01561375789,43858.030406875005
685568,512,15.556495333,43858.027223715886,43858.042014625
686080,512,15.568118667,43858.03883367489,43858.053633541
686592,512,15.5797095,43858.05044363289,43858.065225958
687104,512,15.591456292,43858.06205354989,43858.076934666
687616,512,15.602929042,43858.07366350789,43858.088451333
688128,512,15.614608208,43858.08527346589,43858.100087750005
688640,512,15.626264208,43858.09688338289,43858.111738833
689152,512,15.63790625,43858.108493340886,43858.123357333
689664,512,15.649433375,43858.12010329989,43858.134923708
690176,512,15.661086333,43858.13171321589,43858.146573625
690688,512,15.672602917,43858.14332317489,43858.158118583
691200,512,15.684260958,43858.154933132886,43858.169753958005
691712,512,15.69581725,43858.16654304989,43858.181308583
692224,512,15.707417875,43858.17815300789,43858.192939333
692736,512,15.719130375,43858.189762965885,43858.204616708004
693248,512,15.730674125,43858.20137288289,43858.216186625
693760,512,15.742205875,43858.21298250789,43858.227741250004
694272,512,15.753900417,43858.224592465886,43858.23940925
694784,512,15.76546,43858.23620238289,43858.250984125
695296,512,15.777088208,43858.24781234089,43858.262605125004
695808,512,15.788715708,43858.25942229989,43858.274228916
696320,512,15.800311458,43858.27103221589,43858.285827375
696832,512,15.811963833,43858.28264217489,43858.297468250006
697344,512,15.823595042,43858.29425213289,43858.309090541006
697856,512,15.83523,43858.305862049885,43858.320710375
698368,512,15.846747333,43858.31747200789,43858.332258625
698880,512,15.858568417,43858.32908196589,43858.343983666
699392,512,15.870078458,43858.34069188289,43858.355536458
699904,512,15.881701917,43858.35230184089,43858.367166291006
700416,512,15.893329542,43858.363911757886,43858.378784166
700928,512,15.904874292,43858.37552171589,43858.390361916005
701440,512,15.9164535,43858.38713167489,43858.401946416
701952,512,15.928073,43858.398741590885,43858.413577125
702464,512,15.939652208,43858.41035154989,43858.425158000005
702976,512,15.951324292,43858.42196150789,43858.436806333004
703488,512,15.962867375,43858.43357142489,43858.448373083
704000,512,15.974461542,43858.445181382885,43858.459977958
704512,512,15.98615025,43858.45679134089,43858.471631750006
705024,512,15.997715875,43858.46840096589,43858.483221041
705536,512,16.009269875,43858.48001092489,43858.494793875005
706048,512,16.021007708,43858.49162084089,43858.506485583006
706560,512,16.032637958,43858.50323079989,43858.518100541005
707072,512,16.044136833,43858.51484075789,43858.529643916
707584,512,16.055951833,43858.526450674886,43858.541372958
708096,512,16.067512167,43858.53806063289,43858.552948250006
708608,512,16.078915708,43858.54967054989,43858.5644435
709120,512,16.090617583,43858.561280507885,43858.576115958
709632,512,16.102208958,43858.57289046589,43858.587701291006
710144,512,16.113800958,43858.58450038289,43858.599307583005
710656,512,16.125425458,43858.59611034089,43858.61093175
711168,512,16.136961458,43858.60772025789,43858.622495083
711680,512,16.148641042,43858.619330215886,43858.634141541006
712192,512,16.160249917,43858.63094017489,43858.645757750004
712704,512,16.171826417,43858.64255009089,43858.657342958
713216,512,16.183532292,43858.65416004989,43858.669008208
713728,512,16.195058208,43858.66577000789,43858.680572625
714240,512,16.206659458,43858.67737992489,43858.692175083
714752,512,16.218333875,43858.68898988289,43858.703826083
715264,512,16.229932792,43858.700599799886,43858.715447166
715776,512,16.2417195,43858.71220975789,43858.727066041
716288,512,16.253245125,43858.723819465886,43858.7386825
716800,512,16.264854375,43858.73542942489,43858.750298916006
717312,512,16.276314083,43858.74703934089,43858.761835541
717824,512,16.288027833,43858.75864929989,43858.773493541004
718336,512,16.299583792,43858.770259257886,43858.785080208
718848,512,16.311210958,43858.78186917489,43858.796658
719360,512,16.322770167,43858.79347913289,43858.808282333004
719872,512,16.334347708,43858.805089049885,43858.819880250005
720384,512,16.345956875,43858.81669900789,43858.831481583
720896,512,16.357656333,43858.82830896589,43858.843150708
721408,512,16.369436,43858.83991888289,43858.854771291
721920,512,16.380823708,43858.85152884089,43858.866302625
722432,512,16.392559625,43858.863138757886,43858.878026333005
722944,512,16.404085833,43858.87474871589,43858.889582625
723456,512,16.415671125,43858.88635867489,43858.901171375
723968,512,16.427269583,43858.897968590885,43858.91278975
724480,512,16.438895667,43858.90957854989,43858.92440925
724992,512,16.450508833,43858.92118846589,43858.936010625
725504,512,16.462236708,43858.93279842489,43858.947590250005
726016,512,16.473711792,43858.94440834089,43858.959223958
726528,512,16.485348083,43858.95601829989,43858.970849166006
727040,512,16.49691125,43858.967628007886,43858.9824165
727552,512,16.50850825,43858.97923792489,43858.994024583
728064,512,16.520293625,43858.99084788289,43859.005743458
728576,512,16.531771667,43859.00245779989,43859.017272291
729088,512,16.543509792,43859.01406775789,43859.028924375
729600,512,16.555100708,43859.02567771589,43859.040518125
730112,512,16.566678292,43859.03728763289,43859.052149875
730624,512,16.578225042,43859.04889759089,43859.063721875005
731136,512,16.58981325,43859.060507507886,43859.075317541
731648,512,16.601494208,43859.07211746589,43859.086975166
732160,512,16.613098125,43859.08372738289,43859.09858525
732672,512,16.62469075,43859.09533734089,43859.110179250005
733184,512,16.636395667,43859.106947299886,43859.121838791005
733696,512,16.6480605,43859.11855721589,43859.133469333006
734208,512,16.659653458,43859.13016717489,43859.145091583
734720,512,16.671159708,43859.14177709089,43859.156634291
735232,512,16.682807458,43859.15338704989,43859.1682615
735744,512,16.694372208,43859.16499696589,43859.179859125004
736256,512,16.705962958,43859.17660692489,43859.191449125006
736768,512,16.717605125,43859.18821684089,43859.203084166
737280,512,16.729191375,43859.199826799886,43859.214676583004
737792,512,16.740776083,43859.21143675789,43859.226269375
738304,512,16.752468083,43859.22304650789,43859.237925875
738816,512,16.763997792,43859.23465642489,43859.24949275
739328,512,16.775635542,43859.24626638289,43859.261120375006
739840,512,16.787300458,43859.25787634089,43859.272754916004
740352,512,16.798796125,43859.26948625789,43859.284302583
740864,512,16.810392708,43859.28109621589,43859.295902125006
741376,512,16.822100625,43859.29270613289,43859.307576041
741888,512,16.83366975,43859.304316090886,43859.319159125
742400,512,16.845192208,43859.31592600789,43859.330705333006
742912,512,16.856998792,43859.32753596589,43859.342422083006
743424,512,16.868512792,43859.33914588289,43859.353986416005
743936,512,16.880075792,43859.35075584089,43859.365561208004
744448,512,16.891844417,43859.36236579989,43859.377275625004
744960,512,16.903413167,43859.37397571589,43859.388855791
745472,512,16.91487475,43859.385585674885,43859.400375666
745984,512,16.926569792,43859.397195590886,43859.412032666005
746496,512,16.938096208,43859.40880554989,43859.423605250005
747008,512,16.94973575,43859.42041546589,43859.435229208
747520,512,16.961344917,43859.43202542489,43859.446848125
748032,512,16.972972292,43859.44363534089,43859.458472958
748544,512,16.984581417,43859.45524529989,43859.470074291006
749056,512,16.99611975,43859.46685654989,43859.481643208004
749568,512,17.007685167,43859.47846646589,43859.493221000004
750080,512,17.019451292,43859.49007642489,43859.504932625
750592,512,17.031053167,43859.501686382886,43859.516540000004
751104,512,17.042595,43859.51329629989,43859.528100791
751616,512,17.054297,43859.52490625789,43859.539761208005
752128,512,17.065989833,43859.536516215885,43859.551426000005
752640,512,17.077426875,43859.54812617489,43859.562936458
753152,512,17.089034583,43859.55973609089,43859.574545583004
753664,512,17.10063825,43859.57134604989,43859.586148375005
754176,512,17.112252167,43859.582956007886,43859.597756
754688,512,17.123856458,43859.59456592489,43859.609371125
755200,512,17.135427,43859.60617588289,43859.620952375
755712,512,17.147125708,43859.61778584089,43859.632600625
756224,512,17.15871275,43859.62939575789,43859.644222375005
756736,512,17.170267583,43859.64100571589,43859.6557925
757248,512,17.181938958,43859.65261567489,43859.667439916004
757760,512,17.19352925,43859.66422559089,43859.679029416
758272,512,17.205130417,43859.67583554989,43859.690641541005
758784,512,17.216767833,43859.68744550789,43859.702263041
759296,512,17.228381958,43859.69905542489,43859.713882708005
759808,512,17.240059208,43859.71066538289,43859.725533208
760320,512,17.251664167,43859.72227500789,43859.737138083
760832,512,17.263337417,43859.73388492489,43859.748772666004
761344,512,17.274971208,43859.74549488289,43859.760393625
761856,512,17.286504417,43859.757104840886,43859.771971
762368,512,17.298061875,43859.76871475789,43859.783553333
762880,512,17.309637917,43859.78032471589,43859.795138208
763392,512,17.321258708,43859.79193467489,43859.80676625
763904,512,17.332823958,43859.80354459089,43859.818340166006
764416,512,17.344363375,43859.81515454989,43859.829904416
764928,512,17.356120167,43859.82676450789,43859.841616375
765440,512,17.367756542,43859.838374424886,43859.853228875
765952,512,17.379240208,43859.84998438289,43859.864761583005
766464,512,17.391001583,43859.86159429989,43859.876462500004
766976,512,17.402571792,43859.873204257885,43859.888055166004
767488,512,17.414127917,43859.88481421589,43859.899627333005
768000,512,17.425710625,43859.89642413289,43859.911224333
768512,512,17.437426625,43859.90803409089,43859.922886416
769024,512,17.4489345,43859.919644049885,43859.93444225
769536,512,17.460561917,43859.931253965886,43859.946070041005
770048,512,17.47213925,43859.94286392489,43859.957654208
770560,512,17.483841667,43859.95447388289,43859.969319166004
771072,512,17.495447167,43859.96608354989,43859.980930166006
771584,512,17.507038583,43859.97769350789,43859.992531083
772096,512,17.518719167,43859.98930342489,43860.004183125006
772608,512,17.530248125,43860.000913382886,43860.015755958004
773120,512,17.541783292,43860.01252334089,43860.027307791
773632,512,17.553495583,43860.02413325789,43860.038976250005
774144,512,17.565108125,43860.035743215885,43860.050595666005
774656,512,17.576625083,43860.04735313289,43860.062146583005
775168,512,17.58833,43860.05896309089,43860.073810416005
775680,512,17.599947583,43860.07057304989,43860.085431791005
776192,512,17.611512,43860.08218296589,43860.097010458005
776704,512,17.623138708,43860.09379292489,43860.108631333
777216,512,17.634802208,43860.10540288289,43860.120274791
777728,512,17.64633175,43860.11701279989,43860.131831041006
778240,512,17.658000458,43860.12862275789,43860.143480583
778752,512,17.669604542,43860.14023267489,43860.155081916004
779264,512,17.681159167,43860.15184263289,43860.166656416004
779776,512,17.692799375,43860.16345259089,43860.178295416
780288,512,17.704358292,43860.175062507886,43860.189870333
780800,512,17.715975292,43860.18667246589,43860.201483541
781312,512,17.727625292,43860.19828242489,43860.213122125
781824,512,17.739163,43860.20989234089,43860.224683208005
782336,512,17.750817833,43860.22150204989,43860.236319458
782848,512,17.762356583,43860.23311200789,43860.247888708
783360,512,17.774049875,43860.244721924886,43860.259547708
783872,512,17.785662167,43860.25633188289,43860.271152958005
784384,512,17.797242875,43860.26794184089,43860.28275225
784896,512,17.808867625,43860.279551757885,43860.294369416006
785408,512,17.820572042,43860.29116171589,43860.306042708005
785920,512,17.832139417,43860.30277163289,43860.317619916
786432,512,17.843731542,43860.31438159089,43860.329215000005
786944,512,17.855432667,43860.325991549886,43860.340866958
787456,512,17.867032,43860.337601465886,43860.352479958005
787968,512,17.878552542,43860.34921142489,43860.36403225
788480,512,17.890239042,43860.36082134089,43860.37570175
788992,512,17.901764083,43860.37243129989,43860.387260291005
789504,512,17.91333,43860.38404125789,43860.398832083
790016,512,17.924975208,43860.39565117489,43860.410474250006
790528,512,17.93658575,43860.40726113289,43860.422080291006
791040,512,17.948179667,43860.418871049886,43860.433679333
791552,512,17.959869917,43860.43048100789,43860.445357375
792064,512,17.971418333,43860.44209096589,43860.456919708005
792576,512,17.983064542,43860.45370088289,43860.46854675
793088,512,17.994612583,43860.46531059089,43860.480120833
793600,512,18.006178042,43860.47692050789,43860.491700875005
794112,512,18.017912583,43860.48853046589,43860.503386541
794624,512,18.029434875,43860.50014038289,43860.514945375005
795136,512,18.041060875,43860.51175034089,43860.526558583006
795648,512,18.052765208,43860.523360299885,43860.538238416004
796160,512,18.064421375,43860.534970215886,43860.549855666
796672,512,18.075959417,43860.54658017489,43860.561426833
797184,512,18.087492417,43860.55819009089,43860.572995291004
797696,512,18.099087,43860.56980004989,43860.584595625005
798208,512,18.11070225,43860.58140996589,43860.596214666
798720,512,18.1222985,43860.59301992489,43860.607805666004
799232,512,18.133951583,43860.60462988289,43860.619438875
799744,512,18.14561675,43860.616239799885,43860.631082833
800256,512,18.157219917,43860.62784975789,43860.642688750006
800768,512,18.168828208,43860.63945967489,43860.654299416005
801280,512,18.180354458,43860.65106963289,43860.665870625
801792,512,18.192129083,43860.66267954989,43860.677548041
802304,512,18.20368825,43860.674289507886,43860.689144
802816,512,18.215254042,43860.68589946589,43860.700738708
803328,512,18.226972833,43860.69750938289,43860.712397916
803840,512,18.238423292,43860.709119340885,43860.723925041006
804352,512,18.250125542,43860.72072909089,43860.735588083
804864,512,18.261717667,43860.732339049886,43860.7471965
805376,512,18.273386792,43860.74394896589,43860.758824375
805888,512,18.28500175,43860.75555892489,43860.770451958
806400,512,18.296532625,43860.76716884089,43860.782003583
806912,512,18.308109208,43860.77877879989,43860.793590833004
807424,512,18.31992875,43860.79038871589,43860.805284875
807936,512,18.331379875,43860.80199867489,43860.816845125
808448,512,18.34289525,43860.81360859089,43860.828400208
808960,512,18.354558875,43860.825218549886,43860.840053791006
809472,512,18.366208375,43860.83682850789,43860.85167075
809984,512,18.37772825,43860.84843842489,43860.863233958
810496,512,18.389482083,43860.860048382885,43860.874940833004
811008,512,18.401048083,43860.87165829989,43860.886515166
811520,512,18.412533292,43860.88326825789,43860.898056958
812032,512,18.424183208,43860.89487817489,43860.909693416004
812544,512,18.435976125,43860.90648813289,43860.921397166
813056,512,18.447440708,43860.918098049886,43860.932931708005
813568,512,18.459026,43860.92970800789,43860.944530541004
814080,512,18.470623708,43860.94131796589,43860.956133625004
814592,512,18.482198083,43860.952927882885,43860.967713958
815104,512,18.493829292,43860.96453767489,43860.979343541
815616,512,18.505479458,43860.97614759089,43860.99097525
816128,512,18.517170292,43860.98775754989,43861.002634250006
816640,512,18.528668875,43860.99936746589,43861.01417825
817152,512,18.540269458,43861.010977424885,43861.025785833
817664,512,18.551908542,43861.022587340885,43861.037411291
818176,512,18.563583167,43861.03419729989,43861.049073125
818688,512,18.575105708,43861.04580721589,43861.060617458
819200,512,18.586759917,43861.05741717489,43861.072248833
819712,512,18.598318333,43861.069027132886,43861.083829041
820224,512,18.609920417,43861.08063704989,43861.095435541
820736,512,18.621568167,43861.09224700789,43861.107069875005
821248,512,18.633146583,43861.10385692489,43861.118660916
821760,512,18.644816375,43861.11546688289,43861.130312041
822272,512,18.656430833,43861.12707679989,43861.141917
822784,512,18.667962833,43861.13868675789,43861.153484541006
823296,512,18.67956175,43861.15029667489,43861.165084708
823808,512,18.6912205,43861.161906632886,43861.176728083
824320,512,18.702882125,43861.17351654989,43861.188325583
824832,512,18.71445675,43861.18512650789,43861.199952
825344,512,18.726143125,43861.19673642489,43861.211606458004
825856,512,18.737685333,43861.20834638289,43861.223181541005
826368,512,18.749307792,43861.21995613289,43861.234796291006
826880,512,18.760919875,43861.231566049886,43861.246409625004
827392,512,18.772557625,43861.24317600789,43861.258036041
827904,512,18.78412025,43861.25478592489,43861.2696175
828416,512,18.795698583,43861.266395882885,43861.281208791006
828928,512,18.807300292,43861.27800579989,43861.292810708
829440,512,18.819077417,43861.28961575789,43861.304446916
829952,512,18.830553542,43861.30122567489,43861.316054833005
830464,512,18.842118417,43861.31283563289,43861.327630791006
830976,512,18.853888,43861.324445590886,43861.339328416005
831488,512,18.865487417,43861.33605550789,43861.350925625
832000,512,18.877015042,43861.34766546589,43861.362492750006
832512,512,18.888772542,43861.359275382885,43861.374198375
833024,512,18.900316333,43861.37088534089,43861.385762750004
833536,512,18.911823292,43861.38249525789,43861.397318875
834048,512,18.923408625,43861.39410521589,43861.408914125
834560,512,18.935030833,43861.40571513289,43861.420531375006
835072,512,18.946623667,43861.417325090886,43861.432128708
835584,512,18.958278375,43861.42893500789,43861.443778083005
836096,512,18.969862583,43861.44054496589,43861.45537175
836608,512,18.981465833,43861.452154882885,43861.4669615
837120,512,18.993096833,43861.46376471589,43861.478600541006
837632,512,19.004643083,43861.475374632886,43861.490159583
838144,512,19.01632525,43861.48698459089,43861.501820291
838656,512,19.027920833,43861.49859450789,43861.513422708005
839168,512,19.039572792,43861.510204465885,43861.5250575
839680,512,19.051160917,43861.52181438289,43861.536646958004
840192,512,19.06288825,43861.53342434089,43861.548316958004
840704,512,19.074308083,43861.54503425789,43861.559828791
841216,512,19.085956458,43861.55664421589,43861.571450416006
841728,512,19.097499625,43861.568254132886,43861.583024541
842240,512,19.10913175,43861.57986409089,43861.594653125
842752,512,19.120822917,43861.59147400789,43861.606310833005
843264,512,19.132365833,43861.603083965885,43861.617884041
843776,512,19.144055167,43861.61469388289,43861.629540500006
844288,512,19.15564525,43861.62630384089,43861.641139541
844800,512,19.1672605,43861.63791375789,43861.652694083
845312,512,19.178904833,43861.64952371589,43861.664315916
845824,512,19.19046625,43861.661133632886,43861.675963875
846336,512,19.20204475,43861.67274359089,43861.687554208
846848,512,19.213714125,43861.68435350789,43861.69915325
847360,512,19.225315042,43861.695963465885,43861.710807916
847872,512,19.236969208,43861.70757338289,43861.7224435
848384,512,19.248491458,43861.71918479989,43861.734006083
848896,512,19.26018475,43861.73079475789,43861.745659958004
849408,512,19.271781458,43861.742404715886,43861.757263125
849920,512,19.283375917,43861.75401463289,43861.768854583
850432,512,19.295069958,43861.76562459089,43861.780504958006
850944,512,19.306606833,43861.77723454989,43861.792087208
851456,512,19.318206667,43861.78884446589,43861.803682333004
851968,512,19.329779667,43861.80045442489,43861.815268541
852480,512,19.341326208,43861.81206438289,43861.826844958
852992,512,19.353251375,43861.823674299885,43861.838572875
853504,512,19.364606458,43861.83528425789,43861.8501085
854016,512,19.376172875,43861.84689421589,43861.861690708
854528,512,19.387874708,43861.85850413289,43861.873327291
855040,512,19.399418125,43861.87011409089,43861.884917375006
855552,512,19.411015333,43861.88172404989,43861.89651925
856064,512,19.422686458,43861.89333396589,43861.908164916
856576,512,19.434303208,43861.90494392489,43861.919792541004
857088,512,19.445867583,43861.91655388289,43861.931363291005
857600,512,19.457641375,43861.92816379989,43861.943072333
858112,512,19.469202875,43861.93977375789,43861.954649916006
858624,512,19.480823833,43861.95138371589,43861.966272958
859136,512,19.492310833,43861.962993632886,43861.977814958
859648,512,19.503879583,43861.97460329989,43861.989395916
860160,512,19.515563542,43861.986213257886,43862.001052708
860672,512,19.527160875,43861.99782321589,43862.012658083004
861184,512,19.538997875,43862.00943313289,43862.024227291
861696,512,19.550355208,43862.02104309089,43862.035855625
862208,512,19.561986042,43862.032653049886,43862.047484833005
862720,512,19.57353375,43862.04426296589,43862.059059333005
863232,512,19.585193417,43862.05587292489,43862.070699791
863744,512,19.5967575,43862.067482882885,43862.082254458
864256,512,19.60840275,43862.07909279989,43862.093908250004
864768,512,19.62029925,43862.09070275789,43862.105543208
865280,512,19.631716292,43862.10231267489,43862.117180875
865792,512,19.643153542,43862.11392263289,43862.128688291006
866304,512,19.65487525,43862.125532590886,43862.140353500006
866816,512,19.666418958,43862.13714250789,43862.151939875
867328,512,19.678017167,43862.14875246589,43862.163540791
867840,512,19.6897045,43862.16036242489,43862.175203375
868352,512,19.701227917,43862.17197234089,43862.186750458
868864,512,19.712864292,43862.18358229989,43862.198378791
869376,512,19.724539875,43862.19519221589,43862.210035458
869888,512,19.736139917,43862.206802174886,43862.221635375005
870400,512,19.747716542,43862.21841184089,43862.233229333004
870912,512,19.759395625,43862.230021799885,43862.244882875006
871424,512,19.771029792,43862.241631715886,43862.256507958
871936,512,19.782602083,43862.25324167489,43862.268087833
872448,512,19.794180292,43862.26485159089,43862.279687833005
872960,512,19.805760042,43862.27646154989,43862.29126925
873472,512,19.8173705,43862.288071507886,43862.30287775
873984,512,19.828977083,43862.29968142489,43862.314489166005
874496,512,19.8405645,43862.31129138289,43862.326082
875008,512,19.852302875,43862.322901299885,43862.337769541
875520,512,19.863881958,43862.33451125789,43862.3493535
876032,512,19.875473792,43862.34612121589,43862.360959541
876544,512,19.887225917,43862.35773113289,43862.372644625
877056,512,19.898715083,43862.36934109089,43862.384196708
877568,512,19.910238875,43862.380951007886,43862.3957275
878080,512,19.921933375,43862.39256096589,43862.407406375
878592,512,19.933456125,43862.404170924885,43862.418970083
879104,512,19.945086583,43862.415780840885,43862.43059
879616,512,19.956764625,43862.42739079989,43862.44225475
880128,512,19.968401333,43862.43900071589,43862.453889875
880640,512,19.979945083,43862.45061067489,43862.465438541
881152,512,19.991538458,43862.46222038289,43862.477045666004
881664,512,20.003124958,43862.47383034089,43862.4886455
882176,512,20.014736583,43862.48544029989,43862.500242500006
882688,512,20.026349333,43862.49705021589,43862.511857916004
883200,512,20.038073917,43862.50866017489,43862.523530208004
883712,512,20.049529667,43862.52027009089,43862.535047583006
884224,512,20.06126475,43862.531880049886,43862.546730791
884736,512,20.072867042,43862.54349000789,43862.558335791
885248,512,20.084398,43862.55509992489,43862.569901875
885760,512,20.096034375,43862.566709882885,43862.581528875
886272,512,20.10760875,43862.57831979989,43862.593118041004
886784,512,20.119200583,43862.58992975789,43862.604712958004
887296,512,20.130769708,43862.60153967489,43862.616304416006
887808,512,20.142418375,43862.61314963289,43862.627936125005
888320,512,20.154115917,43862.624759590886,43862.639599833004
888832,512,20.165667042,43862.63636950789,43862.651180708
889344,512,20.177215208,43862.64797946589,43862.662747416005
889856,512,20.188933667,43862.659589382885,43862.674432208005
890368,512,20.200529,43862.67119934089,43862.686024166
890880,512,20.212102917,43862.68280929989,43862.697617416
891392,512,20.223814708,43862.69441921589,43862.709274625005
891904,512,20.235427833,43862.706029174886,43862.720899708
892416,512,20.246978083,43862.717638924885,43862.732471208
892928,512,20.258726417,43862.729248840886,43862.744159291
893440,512,20.270317625,43862.74085879989,43862.7557345
893952,512,20.281789083,43862.75246871589,43862.767277125
894464,512,20.293544042,43862.76407867489,43862.778974666006
894976,512,20.305091583,43862.775688632886,43862.790548041005
895488,512,20.316634417,43862.78729854989,43862.802113583006
896000,512,20.328266875,43862.79890850789,43862.813745458
896512,512,20.339784708,43862.810518424885,43862.825305666
897024,512,20.351528667,43862.82212838289,43862.836990291005
897536,512,20.363181667,43862.83373829989,43862.848543625005
898048,512,20.374588,43862.84534825789,43862.860114291005
898560,512,20.386293292,43862.85695817489,43862.871781916
899072,512,20.397928667,43862.868568132886,43862.883412333
899584,512,20.409459125,43862.88017809089,43862.894971958005
900096,512,20.421104542,43862.89178800789,43862.906609000005
900608,512,20.432751917,43862.903397965885,43862.918240291
901120,512,20.444290625,43862.91500788289,43862.929808416004
901632,512,20.455952,43862.92661784089,43862.941446000004
902144,512,20.46753625,43862.93822775789,43862.95304325
902656,512,20.479154958,43862.94983771589,43862.964658250006
903168,512,20.490717875,43862.961447632886,43862.976238250005
903680,512,20.502371833,43862.97305742489,43862.98786975
904192,512,20.5140305,43862.98466734089,43862.999514791
904704,512,20.525632083,43862.99627729989,43863.011131333005
905216,512,20.537203917,43863.00788725789,43863.022707916
905728,512,20.548791208,43863.019497174886,43863.034303458
906240,512,20.560548542,43863.03110713289,43863.046018958004
906752,512,20.5720295,43863.04271704989,43863.057531958
907264,512,20.583669917,43863.054327007885,43863.069161458
907776,512,20.595255417,43863.06593692489,43863.080761000005
908288,512,20.606861542,43863.07754688289,43863.092366333
908800,512,20.618486292,43863.08915679989,43863.103983625006
909312,512,20.630053042,43863.10076675789,43863.115564291
909824,512,20.641685708,43863.112376674886,43863.127194541004
910336,512,20.653352,43863.12398663289,43863.138840083004
910848,512,20.664902958,43863.13559659089,43863.150414666
911360,512,20.67645625,43863.147206507885,43863.161984166
911872,512,20.688209083,43863.15881646589,43863.173677750005
912384,512,20.699736167,43863.17042638289,43863.185246125
912896,512,20.711319167,43863.18203634089,43863.196834833005
913408,512,20.722975667,43863.19364625789,43863.208477916
913920,512,20.734586917,43863.205256215886,43863.220084291
914432,512,20.746173042,43863.21686600789,43863.231680458004
914944,512,20.757856625,43863.22847592489,43863.243346916
915456,512,20.769429708,43863.24008588289,43863.254921958
915968,512,20.780993042,43863.25169579989,43863.26649675
916480,512,20.792636417,43863.263305757886,43863.278142541
916992,512,20.804152625,43863.27491567489,43863.289683416006
917504,512,20.815863083,43863.28652563289,43863.301352375005
918016,512,20.827416333,43863.298135549885,43863.312925666
918528,512,20.83904975,43863.30974550789,43863.324547125005
919040,512,20.8507155,43863.32135542489,43863.336196125005
919552,512,20.862327042,43863.33296538289,43863.347811125
920064,512,20.874015958,43863.34457529989,43863.359458458006
920576,512,20.885635125,43863.356185257886,43863.371063750004
921088,512,20.897290375,43863.36779521589,43863.382708041005
921600,512,20.908726458,43863.37940513289,43863.394227000004
922112,512,20.920377917,43863.391015090885,43863.405856375
922624,512,20.9319425,43863.40262500789,43863.417440375
923136,512,20.943517625,43863.41423496589,43863.429030083
923648,512,20.955343958,43863.42584488289,43863.440707
924160,512,20.966796625,43863.43745484089,43863.452287583
924672,512,20.97840475,43863.449064757886,43863.463895666006
925184,512,20.990008458,43863.46067454989,43863.475509625
925696,512,21.001624583,43863.47228450789,43863.487123791005
926208,512,21.013422708,43863.48389442489,43863.498719250005
926720,512,21.025242667,43863.49550438289,43863.510342375004
927232,512,21.036544708,43863.507114340886,43863.52199125
927744,512,21.048065875,43863.51872425789,43863.533552875
928256,512,21.059784167,43863.53033421589,43863.545234416
928768,512,21.0712815,43863.541944132885,43863.556774416
929280,512,21.082879917,43863.55355409089,43863.568379666
929792,512,21.094463417,43863.56516400789,43863.579974541004
930304,512,21.106087042,43863.57677396589,43863.591591541
930816,512,21.117698708,43863.58838388289,43863.60320075
931328,512,21.129254292,43863.599993840886,43863.614777541006
931840,512,21.140900083,43863.61160375789,43863.626408625
932352,512,21.152548167,43863.62321371589,43863.638043000006
932864,512,21.164064708,43863.634823632885,43863.649597041
933376,512,21.175679625,43863.64643359089,43863.661212458006
933888,512,21.187428542,43863.65804350789,43863.672889416004
934400,512,21.19896125,43863.66965346589,43863.684465541
934912,512,21.210507542,43863.68126338289,43863.696035916
935424,512,21.222259875,43863.692873340886,43863.7077325
935936,512,21.233838208,43863.70448325789,43863.719327041006
936448,512,21.245369042,43863.71609321589,43863.730884708006
936960,512,21.257048042,43863.72770300789,43863.742548541006
937472,512,21.268685542,43863.73931296589,43863.754164458005
937984,512,21.280265167,43863.750922882886,43863.765750625
938496,512,21.29200825,43863.76253284089,43863.77744525
939008,512,21.303506375,43863.77414275789,43863.788974916
939520,512,21.315049417,43863.78575271589,43863.800555375004
940032,512,21.32669875,43863.79736263289,43863.812189125005
940544,512,21.338267375,43863.80897259089,43863.823778958
941056,512,21.349892292,43863.82058250789,43863.835391125
941568,512,21.361471417,43863.83219246589,43863.846991208
942080,512,21.3730975,43863.843802382886,43863.858604500005
942592,512,21.384775042,43863.85541234089,43863.870253583
943104,512,21.396364625,43863.86702225789,43863.881862666
943616,512,21.407950917,43863.87863221589,43863.893449458
944128,512,21.419593375,43863.89024213289,43863.905085625
944640,512,21.431202583,43863.90185209089,43863.916695541004
945152,512,21.44280225,43863.91346200789,43863.928295958
945664,512,21.454431875,43863.92507196589,43863.939913958005
946176,512,21.46609175,43863.936681882886,43863.951550791004
946688,512,21.477585917,43863.94829184089,43863.963098625005
947200,512,21.489335708,43863.95990175789,43863.974732583
947712,512,21.50082725,43863.97151475789,43863.986332458
948224,512,21.512399208,43863.98312471589,43863.997918041
948736,512,21.524093083,43863.99473467489,43864.009585125
949248,512,21.535628583,43864.00634459089,43864.021145166
949760,512,21.547243167,43864.01795454989,43864.032754541004
950272,512,21.55891025,43864.02956450789,43864.044404625005
950784,512,21.570512,43864.041174465885,43864.056013291
951296,512,21.582103875,43864.052784424886,43864.067604083
951808,512,21.593700625,43864.06439434089,43864.079211166005
952320,512,21.605327417,43864.07600429989,43864.090826583
952832,512,21.617352833,43864.087614257885,43864.102429041006
953344,512,21.628495708,43864.09922421589,43864.114016166
953856,512,21.640149,43864.11083417489,43864.125652875
954368,512,21.6518105,43864.12244409089,43864.137256916
954880,512,21.663375958,43864.134054049886,43864.148876916006
955392,512,21.674879125,43864.14566400789,43864.160420416
955904,512,21.686674125,43864.15727396589,43864.172141
956416,512,21.698181458,43864.16888392489,43864.183691916005
956928,512,21.709754875,43864.18049388289,43864.195280875
957440,512,21.721471333,43864.19210379989,43864.206937666
957952,512,21.73304775,43864.20371375789,43864.218544
958464,512,21.744745167,43864.21532334089,43864.230196791
958976,512,21.756552708,43864.22693329989,43864.241793583
959488,512,21.767929042,43864.23854325789,43864.253392583
960000,512,21.779536167,43864.250153174886,43864.265010125004
960512,512,21.791109625,43864.26176313289,43864.276603541
961024,512,21.802775083,43864.27337309089,43864.288239666006
961536,512,21.814359,43864.28498304989,43864.299833041005
962048,512,21.826139333,43864.29659296589,43864.311430583
962560,512,21.837665042,43864.30820292489,43864.323104250005
963072,512,21.849247708,43864.31981288289,43864.33468375
963584,512,21.860886833,43864.331422840885,43864.346324541
964096,512,21.872484917,43864.34303279989,43864.357913125
964608,512,21.884188125,43864.35464271589,43864.369563333006
965120,512,21.895672417,43864.36625267489,43864.381117625
965632,512,21.9073245,43864.377862632886,43864.392744291006
966144,512,21.918918333,43864.38947259089,43864.404356583
966656,512,21.930388667,43864.40108250789,43864.415895041006
967168,512,21.94200175,43864.41269246589,43864.427501458005
967680,512,21.953691958,43864.424302424886,43864.439176041
968192,512,21.965266792,43864.43591238289,43864.45075325
968704,512,21.976869125,43864.44752234089,43864.462356250006
969216,512,21.988480333,43864.459132257885,43864.473973375
969728,512,22.000101417,43864.47074184089,43864.485586916
970240,512,22.011620542,43864.48235179989,43864.497137791004
970752,512,22.023356417,43864.49396171589,43864.508827291
971264,512,22.034979917,43864.50557167489,43864.520438291
971776,512,22.046474292,43864.51718163289,43864.531979833
972288,512,22.058201667,43864.52879159089,43864.543673041
972800,512,22.069697167,43864.54040150789,43864.555192666005
973312,512,22.081270792,43864.55201146589,43864.566789791
973824,512,22.092958667,43864.56362142489,43864.578460041004
974336,512,22.104575333,43864.575231382885,43864.590065583005
974848,512,22.116159833,43864.58684129989,43864.601659
975360,512,22.127736625,43864.59845125789,43864.61325575
975872,512,22.139339625,43864.61006121589,43864.624860541
976384,512,22.150977292,43864.621671174886,43864.63648175
976896,512,22.162565208,43864.633281090886,43864.648081791005
977408,512,22.174139708,43864.64489104989,43864.659667958
977920,512,22.185841625,43864.65650100789,43864.671337291
978432,512,22.197370958,43864.66811092489,43864.682894166006
978944,512,22.209015167,43864.67972088289,43864.694524291
979456,512,22.220660833,43864.69133084089,43864.706160583
979968,512,22.232291042,43864.702940799885,43864.717782208005
980480,512,22.2438385,43864.714550715886,43864.729352625
980992,512,22.255630042,43864.72616038289,43864.741080083004
981504,512,22.267205833,43864.737770340886,43864.752638625
982016,512,22.278732833,43864.74938025789,43864.764199625
982528,512,22.290472333,43864.76099021589,43864.775904791
983040,512,22.302004667,43864.77260017489,43864.7874735
983552,512,22.313665375,43864.784210132886,43864.799101333
984064,512,22.325261292,43864.79582004989,43864.810705916
984576,512,22.336862292,43864.80743000789,43864.822305958005
985088,512,22.348441417,43864.819039965885,43864.833905833
985600,512,22.360080542,43864.83064988289,43864.845528583006
986112,512,22.371589708,43864.84225984089,43864.857063833006
986624,512,22.38334225,43864.85386979989,43864.868764916006
987136,512,22.394942583,43864.86547971589,43864.880377708
987648,512,22.40648875,43864.87708967489,43864.891946916
988160,512,22.418019542,43864.88869963289,43864.903521208005
988672,512,22.429670875,43864.90030959089,43864.915145125
989184,512,22.441259375,43864.91191950789,43864.926758583
989696,512,22.452816417,43864.92352946589,43864.938326
990208,512,22.464502167,43864.93513942489,43864.949989
990720,512,22.476035417,43864.94674934089,43864.961552833
991232,512,22.487682,43864.95835929989,43864.973178500004
991744,512,22.499337708,43864.96996892489,43864.98482025
992256,512,22.510912208,43864.981578882886,43864.996401708006
992768,512,22.522546042,43864.99318884089,43865.008034916005
993280,512,22.534107583,43865.00479875789,43865.019613041004
993792,512,22.545699583,43865.01640871589,43865.031212500005
994304,512,22.5576665,43865.028018674886,43865.042879708
994816,512,22.568963917,43865.03962859089,43865.054458458006
995328,512,22.580569875,43865.05123854989,43865.066063583006
995840,512,22.592141458,43865.062848507885,43865.077647833
996352,512,22.603829417,43865.07445842489,43865.089312208
996864,512,22.61542575,43865.08606838289,43865.100906750005
997376,512,22.627010375,43865.09767834089,43865.112508291
997888,512,22.638655,43865.10928825789,43865.124137625004
998400,512,22.650169083,43865.120898215886,43865.135684041
998912,512,22.66183825,43865.13250817489,43865.147340875
999424,512,22.673356,43865.14411809089,43865.158888000005
999936,512,22.685046708,43865.15572804989,43865.170541291
1000448,512,22.696567792,43865.16733800789,43865.182101541
1000960,512,22.7082255,43865.17894792489,43865.193739083006
1001472,512,22.719885083,43865.19055788289,43865.205378083
1001984,512,22.731524417,43865.202167840886,43865.217020583004
1002496,512,22.743096917,43865.213777549885,43865.228601708004
1003008,512,22.754713125,43865.225387465885,43865.240215875005
1003520,512,22.766772333,43865.23699742489,43865.251809125
1004032,512,22.777857167,43865.24860738289,43865.263387750005
1004544,512,22.789526625,43865.26021729989,43865.275029625
1005056,512,22.801105458,43865.271827257886,43865.286621041
1005568,512,22.812722458,43865.28343721589,43865.298238041
1006080,512,22.824375958,43865.29504713289,43865.309876666004
1006592,512,22.836064292,43865.306657090885,43865.321526083004
1007104,512,22.847596083,43865.318267049886,43865.333087166
1007616,512,22.85929,43865.32987696589,43865.344762916
1008128,512,22.870904125,43865.34148692489,43865.356347958004
1008640,512,22.882409917,43865.353096882885,43865.367903083
1009152,512,22.89412175,43865.36470679989,43865.379578458
1009664,512,22.905641542,43865.37631675789,43865.391133708006
1010176,512,22.917284375,43865.38792671589,43865.402767666004
1010688,512,22.928819958,43865.39953663289,43865.414335125
1011200,512,22.940412333,43865.411146590886,43865.425932541
1011712,512,22.952119583,43865.42275650789,43865.43759475
1012224,512,22.96364725,43865.43436646589,43865.449157416006
1012736,512,22.975277458,43865.44597642489,43865.460787125005
1013248,512,22.986996542,43865.45758634089,43865.472453708004
1013760,512,22.998549625,43865.46919604989,43865.484040416006
1014272,512,23.010048958,43865.48080600789,43865.495577458
1014784,512,23.021778083,43865.49241592489,43865.507254791
1015296,512,23.033455458,43865.50402588289,43865.518910458006
1015808,512,23.044954833,43865.515635799886,43865.530447875004
1016320,512,23.056637708,43865.52724575789,43865.542110416005
1016832,512,23.068234208,43865.53885571589,43865.553705041006
1017344,512,23.080005125,43865.55046563289,43865.565335958
1017856,512,23.091403875,43865.56207559089,43865.576899375
1018368,512,23.10300775,43865.57368554989,43865.588498833
1018880,512,23.114713375,43865.58529546589,43865.600166166005
1019392,512,23.126381125,43865.596905424885,43865.611789125
1019904,512,23.137788167,43865.608515340886,43865.623309416005
1020416,512,23.149532958,43865.62012529989,43865.634982208
1020928,512,23.161058958,43865.63173525789,43865.646562291004
1021440,512,23.172653458,43865.64334517489,43865.658151291005
1021952,512,23.184448667,43865.654955132886,43865.669866125005
1022464,512,23.195956917,43865.66656509089,43865.681417791006
1022976,512,23.207481875,43865.67817500789,43865.6929805
1023488,512,23.219135458,43865.689784965885,43865.704623708
1024000,512,23.230791375,43865.70139488289,43865.716247375
1024512,512,23.242346458,43865.71300484089,43865.727825708
1025024,512,23.254048167,43865.72461459089,43865.739477291005
1025536,512,23.265573708,43865.73622454989,43865.751056166
1026048,512,23.27713825,43865.74783446589,43865.762645208
1026560,512,23.288901833,43865.75944442489,43865.774336416005
1027072,512,23.300347,43865.77105438289,43865.785858291005
1027584,512,23.311887042,43865.78266429989,43865.797420291005
1028096,512,23.323655792,43865.79427425789,43865.809133416005
1028608,512,23.335205958,43865.805884174886,43865.820705791004
1029120,512,23.346860583,43865.81749413289,43865.832334583
1029632,512,23.358600583,43865.82910409089,43865.844026583
1030144,512,23.370173208,43865.840714007885,43865.8556025
1030656,512,23.381657542,43865.85232396589,43865.867134166
1031168,512,23.393351708,43865.86393388289,43865.878815833006
1031680,512,23.405067458,43865.87554384089,43865.890398541
1032192,512,23.416476333,43865.887153799886,43865.901963083
1032704,512,23.428126,43865.898763715886,43865.913606875
1033216,512,23.43974225,43865.91037367489,43865.925214583
1033728,512,23.451311,43865.92198359089,43865.93680175
1034240,512,23.462921458,43865.93359354989,43865.94842575
1034752,512,23.474411958,43865.94520350789,43865.959954083
1035264,512,23.486172792,43865.95681342489,43865.971654500005
1035776,512,23.497725792,43865.96842317489,43865.983232083
1036288,512,23.509371417,43865.98003309089,43865.994864500004
1036800,512,23.521079292,43865.991643049885,43866.006500708005
1037312,512,23.532609833,43866.003252965886,43866.018093916005
1037824,512,23.544173208,43866.01486292489,43866.029668
1038336,512,23.555873167,43866.02647288289,43866.041341791
1038848,512,23.567388292,43866.03808279989,43866.052893875
1039360,512,23.578998583,43866.049692757886,43866.06450275
1039872,512,23.591264042,43866.06130267489,43866.076104541
1040384,512,23.602192583,43866.07291263289,43866.087709541
1040896,512,23.613851542,43866.084522590885,43866.0993485
1041408,512,23.625458208,43866.09613250789,43866.110962958
1041920,512,23.637107042,43866.10774246589,43866.122586916004
1042432,512,23.648685583,43866.11935238289,43866.134175333005
1042944,512,23.660455292,43866.13096234089,43866.145879166004
1043456,512,23.671847792,43866.142572257886,43866.157355416006
1043968,512,23.683524667,43866.15418221589,43866.168966208
1044480,512,23.695062208,43866.16579217489,43866.180580708
1044992,512,23.706661833,43866.177402090885,43866.192182416
1045504,512,23.718331375,43866.18901204989,43866.203829750004
1046016,512,23.729917083,43866.20062196589,43866.215429
1046528,512,23.741508958,43866.21223192489,43866.227021000006
1047040,512,23.753347792,43866.22384225789,43866.238742708
1047552,512,23.764930375,43866.235452215886,43866.250358166006
1048064,512,23.776368292,43866.24706213289,43866.261869916
1048576,512,23.788167208,43866.25867209089,43866.273543541
1049088,512,23.79964775,43866.27028204989,43866.285114750004
1049600,512,23.811195125,43866.28189196589,43866.296697750004
1050112,512,23.822939542,43866.29350192489,43866.308387291
1050624,512,23.834437667,43866.30511188289,43866.319929916004
1051136,512,23.84599175,43866.316721799885,43866.331513166006
1051648,512,23.857832167,43866.32833175789,43866.343253083
1052160,512,23.869378625,43866.33994167489,43866.354825041
1052672,512,23.880945958,43866.35155163289,43866.366397750004
1053184,512,23.892654542,43866.36316159089,43866.378074458
1053696,512,23.904175917,43866.374771507886,43866.389623
1054208,512,23.91575,43866.38638146589,43866.401217791004
1054720,512,23.927314667,43866.39799142489,43866.412796375
1055232,512,23.938880583,43866.409601340885,43866.424385625
1055744,512,23.950596292,43866.42121129989,43866.436060291
1056256,512,23.962136208,43866.43282121589,43866.447648125
1056768,512,23.973711917,43866.44443117489,43866.459226166
1057280,512,23.985391083,43866.456041132886,43866.470861166
1057792,512,23.996959208,43866.467650882885,43866.482459375
1058304,512,24.0085045,43866.47926079989,43866.494031458
1058816,512,24.020184292,43866.49087075789,43866.505679291
1059328,512,24.031865208,43866.50248071589,43866.517341791005
1059840,512,24.043425875,43866.51409063289,43866.528921708006
1060352,512,24.05508775,43866.525700590886,43866.540556791006
1060864,512,24.0667685,43866.53731050789,43866.552210083006
1061376,512,24.078262542,43866.54892046589,43866.563752458
1061888,512,24.089841958,43866.56053042489,43866.575347750004
1062400,512,24.101430458,43866.57214034089,43866.586944041
1062912,512,24.113058125,43866.58375029989,43866.598561625004
1063424,512,24.124663792,43866.59536021589,43866.610171750006
1063936,512,24.136504833,43866.606970174886,43866.621744875
1064448,512,24.147877333,43866.61858013289,43866.633388291004
1064960,512,24.15952875,43866.63019004989,43866.645016666
1065472,512,24.171092833,43866.64180000789,43866.656605958
1065984,512,24.182712042,43866.65340996589,43866.668217375
1066496,512,24.194325125,43866.66501988289,43866.679837583004
1067008,512,24.205923583,43866.67662984089,43866.691435041
1067520,512,24.217539958,43866.68823975789,43866.703051041004
1068032,512,24.22913475,43866.699849715886,43866.714649458
1068544,512,24.240933458,43866.71145967489,43866.72636
1069056,512,24.25240575,43866.72306942489,43866.737901041
1069568,512,24.263985083,43866.73467938289,43866.749489625
1070080,512,24.275554167,43866.74628929989,43866.761076208
1070592,512,24.287306583,43866.757899257886,43866.772768875
1071104,512,24.298785958,43866.76950917489,43866.784302708
1071616,512,24.310374958,43866.78111913289,43866.7958995
1072128,512,24.322187875,43866.79272909089,43866.807643333006
1072640,512,24.333677292,43866.80433900789,43866.819172875
1073152,512,24.34530375,43866.81594896589,43866.830793791
1073664,512,24.357004208,43866.82755888289,43866.842451166005
1074176,512,24.368602792,43866.83916884089,43866.854054666
1074688,512,24.380107167,43866.85077879989,43866.865597375
1075200,512,24.391798708,43866.86238871589,43866.877266041
1075712,512,24.403367583,43866.87399867489,43866.888837583
1076224,512,24.414964625,43866.88560859089,43866.900444791005
1076736,512,24.4265925,43866.897218549886,43866.912079958005
1077248,512,24.438156583,43866.90882850789,43866.923659458
1077760,512,24.449760417,43866.92043842489,43866.935261291
1078272,512,24.461408667,43866.932048382885,43866.946897958005
1078784,512,24.473037042,43866.94365829989,43866.958470416
1079296,512,24.484619583,43866.95526825789,43866.970103666004
1079808,512,24.496241542,43866.96687800789,43866.981729875006
1080320,512,24.507846417,43866.97848792489,43866.993260791
1080832,512,24.519412042,43866.99009788289,43867.004903625006
1081344,512,24.531031208,43867.001707799885,43867.016533083006
1081856,512,24.54257975,43867.01331775789,43867.028102708005
1082368,512,24.554290917,43867.02492771589,43867.039777166
1082880,512,24.565850292,43867.03653763289,43867.051354041
1083392,512,24.577519083,43867.04814759089,43867.062978083006
1083904,512,24.58914725,43867.05975750789,43867.074609333
1084416,512,24.60065925,43867.07136746589,43867.086168875
1084928,512,24.612258292,43867.08297738289,43867.097774166
1085440,512,24.623928667,43867.094587340885,43867.109414583
1085952,512,24.635618792,43867.10619729989,43867.12107375
1086464,512,24.647056167,43867.11780721589,43867.132581708
1086976,512,24.659268958,43867.12941717489,43867.144314625
1087488,512,24.670476208,43867.14102709089,43867.155912125
1088000,512,24.682090167,43867.15263704989,43867.167464958
1088512,512,24.693589417,43867.16424696589,43867.17908025
1089024,512,24.705170542,43867.175856924885,43867.190669625
1089536,512,24.717254042,43867.18746688289,43867.202264125
1090048,512,24.728467125,43867.19907679989,43867.213899166
1090560,512,24.739955792,43867.21068675789,43867.225471833
1091072,512,24.751655042,43867.22229654989,43867.237156333
1091584,512,24.763146667,43867.233906507885,43867.248678166005
1092096,512,24.774832958,43867.24551642489,43867.260336541
1092608,512,24.786525833,43867.25712638289,43867.272001791
1093120,512,24.798011333,43867.26873629989,43867.283530291
1093632,512,24.809635375,43867.28034625789,43867.295150791004
1094144,512,24.821381375,43867.291956174886,43867.306845916006
1094656,512,24.832974375,43867.30356613289,43867.318444916
1095168,512,24.844478042,43867.31517604989,43867.329983666
1095680,512,24.856161333,43867.326786007885,43867.341640416
1096192,512,24.867841042,43867.33839596589,43867.353278375005
1096704,512,24.879319542,43867.35000588289,43867.364809750004
1097216,512,24.891080167,43867.36161584089,43867.376528041
1097728,512,24.902575625,43867.37322575789,43867.388060791
1098240,512,24.914121792,43867.384835715886,43867.399631875
1098752,512,24.9257465,43867.39644563289,43867.411258833
1099264,512,24.937337542,43867.40805559089,43867.422854875
1099776,512,24.949028,43867.419665507885,43867.434495333
1100288,512,24.960588792,43867.43127546589,43867.446092666
1100800,512,24.972179917,43867.44288542489,43867.457690458
1101312,512,24.983801708,43867.45449534089,43867.469304583006
1101824,512,24.995392167,43867.46610513289,43867.480903875
1102336,512,25.006987875,43867.47771504989,43867.492503875
1102848,512,25.018632458,43867.48932500789,43867.504135458
1103360,512,25.030296375,43867.50093492489,43867.515773041
1103872,512,25.041866583,43867.51254488289,43867.527369291005
1104384,512,25.053612375,43867.52415479989,43867.538989083005
1104896,512,25.065101083,43867.535764757886,43867.550593625005
1105408,512,25.076677125,43867.54737471589,43867.562180916
1105920,512,25.088358333,43867.55898463289,43867.573833375005
1106432,512,25.099888333,43867.57059459089,43867.58539875
1106944,512,25.111480625,43867.58220450789,43867.596997916
1107456,512,25.123205,43867.59381446589,43867.608678208
1107968,512,25.134710042,43867.60542438289,43867.620222916004
1108480,512,25.146274917,43867.61703434089,43867.631804625
1108992,512,25.158039208,43867.628644257886,43867.643498708
1109504,512,25.16953925,43867.64025421589,43867.655055
1110016,512,25.181150458,43867.65186413289,43867.666665208
1110528,512,25.192741958,43867.66347409089,43867.678265666
1111040,512,25.204398,43867.67508400789,43867.689897166005
1111552,512,25.216009125,43867.68669396589,43867.701511875006
1112064,512,25.227620875,43867.69830392489,43867.713128166004
1112576,512,25.239337208,43867.70991384089,43867.724796958006
1113088,512,25.250883958,43867.72152367489,43867.7363645
1113600,512,25.262545542,43867.733133632886,43867.748011791
1114112,512,25.274104667,43867.74474354989,43867.759580125006
1114624,512,25.285753625,43867.75635350789,43867.771213166
1115136,512,25.29726875,43867.767963424885,43867.782777291
1115648,512,25.308870833,43867.77957338289,43867.794382458
1116160,512,25.320653667,43867.79118329989,43867.806094916006
1116672,512,25.332136,43867.80279325789,43867.817631666
1117184,512,25.343679792,43867.81440317489,43867.829200083004
1117696,512,25.355360417,43867.826013132886,43867.840858666
1118208,512,25.367094958,43867.83762304989,43867.852517166
1118720,512,25.378623542,43867.84923300789,43867.864089916
1119232,512,25.390315333,43867.860842924885,43867.875741458
1119744,512,25.401816042,43867.87245288289,43867.887286083
1120256,512,25.413353542,43867.88406284089,43867.898849583005
1120768,512,25.425109375,43867.89567275789,43867.910553208
1121280,512,25.436710667,43867.90728271589,43867.922157625006
1121792,512,25.448347833,43867.918892632886,43867.933777000006
1122304,512,25.459904292,43867.93050259089,43867.945378416
1122816,512,25.471446167,43867.94211250789,43867.956942875004
1123328,512,25.482995542,43867.953722465885,43867.968509541
1123840,512,25.494694167,43867.96533225789,43867.980182875006
1124352,512,25.50630825,43867.976942174886,43867.991790291
1124864,512,25.5179245,43867.98855213289,43868.003404625
1125376,512,25.529561375,43868.00016204989,43868.015039208
1125888,512,25.541224542,43868.011772007885,43868.026664125005
1126400,512,25.5527765,43868.02338192489,43868.038251458005
1126912,512,25.564335375,43868.03499188289,43868.049840875006
1127424,512,25.575929208,43868.04660184089,43868.061426750006
1127936,512,25.587612875,43868.05821175789,43868.073082958006
1128448,512,25.599121875,43868.069821715886,43868.084631000005
1128960,512,25.610713,43868.08143163289,43868.096227708
1129472,512,25.622404583,43868.09304159089,43868.107889583
1129984,512,25.6340115,43868.104651507885,43868.11949525
1130496,512,25.645534917,43868.11626146589,43868.131053083
1131008,512,25.657270875,43868.12787138289,43868.142740583
1131520,512,25.668896125,43868.13948134089,43868.154348958
1132032,512,25.680371333,43868.15109125789,43868.165887333
1132544,512,25.692035458,43868.162701215886,43868.177545666
1133056,512,25.703606375,43868.17431113289,43868.189112458
1133568,512,25.715208708,43868.18592109089,43868.200720500005
1134080,512,25.726859833,43868.197531007885,43868.212363083
1134592,512,25.738465,43868.20914096589,43868.223948000006
1135104,512,25.750088708,43868.22075079989,43868.235579208005
1135616,512,25.761629583,43868.23236075789,43868.247150833005
1136128,512,25.7732725,43868.24397067489,43868.258780208
1136640,512,25.785245917,43868.25558063289,43868.270454000005
1137152,512,25.796488042,43868.26719054989,43868.2819995
1137664,512,25.808078667,43868.27880050789,43868.293596583004
1138176,512,25.819814083,43868.29041042489,43868.305285875
1138688,512,25.831441,43868.302020382886,43868.316901541
1139200,512,25.842975542,43868.31363029989,43868.328460583005
1139712,512,25.854602792,43868.32524025789,43868.340083416006
1140224,512,25.866257792,43868.33685017489,43868.351718666
1140736,512,25.877827125,43868.34846013289,43868.363296166004
1141248,512,25.889544417,43868.36007004989,43868.374979916
1141760,512,25.901047625,43868.37168000789,43868.386522833
1142272,512,25.912606708,43868.38328992489,43868.398108166
1142784,512,25.924216,43868.394899882886,43868.409719333
1143296,512,25.935753708,43868.40650979989,43868.421278291
1143808,512,25.947441125,43868.41811975789,43868.432937375
1144320,512,25.959093625,43868.42972967489,43868.444580375006
1144832,512,25.97066225,43868.44133963289,43868.456163375005
1145344,512,25.982281083,43868.45294954989,43868.467776583006
1145856,512,25.993906167,43868.46456150789,43868.479403125006
1146368,512,26.005476333,43868.47617142489,43868.490982
1146880,512,26.017094792,43868.487781382886,43868.502601291
1147392,512,26.028754875,43868.49939134089,43868.514246791005
1147904,512,26.040402542,43868.51100125789,43868.52587075
1148416,512,26.051902042,43868.522611215885,43868.53740875
1148928,512,26.063611667,43868.53422117489,43868.549082125006
1149440,512,26.075185708,43868.54583113289,43868.560667416
1149952,512,26.086780167,43868.55744104989,43868.572265708004
1150464,512,26.0983395,43868.569051007886,43868.583849500006
1150976,512,26.109923208,43868.58066096589,43868.595446833
1151488,512,26.121658292,43868.59227088289,43868.607138125
1152000,512,26.13319325,43868.60388084089,43868.618698041006
1152512,512,26.144738583,43868.615490799886,43868.630269041
1153024,512,26.156510583,43868.62710071589,43868.641981666005
1153536,512,26.168052417,43868.63871067489,43868.653541458
1154048,512,26.179607833,43868.650320632885,43868.665126416
1154560,512,26.191242333,43868.66193059089,43868.676746291
1155072,512,26.202843833,43868.67354050789,43868.688351416
1155584,512,26.214470083,43868.68515046589,43868.699967375
1156096,512,26.226081917,43868.696760424886,43868.711588625
1156608,512,26.237748333,43868.708370340886,43868.723229833005
1157120,512,26.249330542,43868.719980049886,43868.734825458
1157632,512,26.260954625,43868.731589965886,43868.746446291
1158144,512,26.272447833,43868.74319992489,43868.757974958
1158656,512,26.28414875,43868.75480988289,43868.769638750004
1159168,512,26.295764333,43868.76641979989,43868.78126375
1159680,512,26.307313833,43868.77802975789,43868.792830916005
1160192,512,26.319002708,43868.78963971589,43868.804485
1160704,512,26.330578083,43868.80124963289,43868.816080333
1161216,512,26.342135875,43868.812859590886,43868.827655291
1161728,512,26.353784,43868.82446954989,43868.839291166005
1162240,512,26.365411417,43868.83607946589,43868.850910791
1162752,512,26.37703275,43868.84768942489,43868.862523791
1163264,512,26.388765708,43868.859299382886,43868.874206083005
1163776,512,26.400288542,43868.87090934089,43868.885750625006
1164288,512,26.411784792,43868.88251925789,43868.897300625
1164800,512,26.423581042,43868.894129215885,43868.908988416006
1165312,512,26.43500375,43868.90573917489,43868.920528708004
1165824,512,26.446660125,43868.91734909089,43868.932160958
1166336,512,26.458352125,43868.92895904989,43868.943812625
1166848,512,26.4699475,43868.940569007886,43868.955417583005
1167360,512,26.481553417,43868.95217892489,43868.967031916
1167872,512,26.493178292,43868.96378888289,43868.978661583
1168384,512,26.504766667,43868.97539859089,43868.990252250005
1168896,512,26.516450208,43868.98700850789,43869.001904375
1169408,512,26.527979292,43868.99861846589,43869.013464875
1169920,512,26.539603875,43869.010228424886,43869.025081333006
1170432,512,26.551197042,43869.02183834089,43869.036681708
1170944,512,26.562786125,43869.03344829989,43869.048285666
1171456,512,26.574371208,43869.045058257885,43869.059874791004
1171968,512,26.586017125,43869.05666817489,43869.071504625004
1172480,512,26.597593625,43869.06827813289,43869.083097625
1172992,512,26.609171,43869.07988809089,43869.094686041004
1173504,512,26.620852917,43869.09149800789,43869.106341208004
1174016,512,26.632408625,43869.103107965886,43869.117914125
1174528,512,26.644038625,43869.11471792489,43869.129540833004
1175040,512,26.655701625,43869.12632784089,43869.141189250004
1175552,512,26.6672555,43869.13793779989,43869.152761125006
1176064,512,26.678756958,43869.14954775789,43869.164297541
1176576,512,26.690436083,43869.16115767489,43869.175954333004
1177088,512,26.702098708,43869.17276763289,43869.187600041005
1177600,512,26.713815708,43869.184377590886,43869.199203375
1178112,512,26.725287208,43869.19598750789,43869.210797125
1178624,512,26.736895875,43869.20759746589,43869.222400208004
1179136,512,26.748601333,43869.21920717489,43869.234070541
1179648,512,26.760177458,43869.23081713289,43869.245672000005
1180160,512,26.771729083,43869.24242709089,43869.257237833
1180672,512,26.783421542,43869.254037007886,43869.268857041
1181184,512,26.79497875,43869.26564696589,43869.280481708
1181696,512,26.806564542,43869.27725692489,43869.292071791
1182208,512,26.818230292,43869.288866840885,43869.303701208
1182720,512,26.829799708,43869.30047679989,43869.315302208
1183232,512,26.841442917,43869.31208671589,43869.326923666005
1183744,512,26.85298725,43869.32369667489,43869.33849675
1184256,512,26.864640083,43869.335306632885,43869.350128291
1184768,512,26.876202667,43869.34691654989,43869.361721333
1185280,512,26.887905417,43869.35852650789,43869.373380125005
1185792,512,26.899524125,43869.37013646589,43869.384984416
1186304,512,26.911120542,43869.38174638289,43869.396597166
1186816,512,26.922781417,43869.39335634089,43869.408243916005
1187328,512,26.93431975,43869.40496625789,43869.419812625005
1187840,512,26.945840542,43869.41657621589,43869.431362375006
1188352,512,26.957560667,43869.42818617489,43869.443040791004
1188864,512,26.969130667,43869.43979609089,43869.454632208006
1189376,512,26.98068225,43869.45140604989,43869.466194500004
1189888,512,26.992402292,43869.46301579989,43869.47788775
1190400,512,27.003920333,43869.47462575789,43869.489433333
1190912,512,27.015562917,43869.486235674885,43869.501060291004
1191424,512,27.027169083,43869.49784563289,43869.512673083
1191936,512,27.038894042,43869.50945554989,43869.524334708
1192448,512,27.050368875,43869.52106550789,43869.535861791
1192960,512,27.062054042,43869.53267546589,43869.547532125005
1193472,512,27.073585292,43869.544285382886,43869.559093166004
1193984,512,27.085206417,43869.55589534089,43869.570711083004
1194496,512,27.096754917,43869.56750525789,43869.582280916
1195008,512,27.108334875,43869.579115215885,43869.593874375
1195520,512,27.120078583,43869.59072517489,43869.605567041006
1196032,512,27.131638375,43869.60233509089,43869.617155375
1196544,512,27.143226792,43869.61394504989,43869.628725375005
1197056,512,27.155011583,43869.625555007886,43869.6404615
1197568,512,27.166510917,43869.63716492489,43869.651990333005
1198080,512,27.178185,43869.64877488289,43869.663580791006
1198592,512,27.189764583,43869.660384799885,43869.675241208
1199104,512,27.201342208,43869.67199475789,43869.6868335
1199616,512,27.2129685,43869.68360471589,43869.698411375
1200128,512,27.224559667,43869.69521463289,43869.710048208006
1200640,512,27.236187875,43869.70682459089,43869.721677291
1201152,512,27.24782425,43869.71843434089,43869.733296291
1201664,512,27.259421583,43869.73004429989,43869.744907208005
1202176,512,27.27093075,43869.74165421589,43869.756448916
1202688,512,27.282605875,43869.75326417489,43869.768085458
1203200,512,27.294202667,43869.76487413289,43869.779699833
1203712,512,27.305761792,43869.776484049886,43869.791264875006
1204224,512,27.31742975,43869.78809400789,43869.802925708005
1204736,512,27.329069708,43869.79970392489,43869.814556708
1205248,512,27.340572375,43869.81131388289,43869.82609725
1205760,512,27.352254458,43869.82292384089,43869.837743333
1206272,512,27.363929625,43869.83453375789,43869.849400208004
1206784,512,27.375495792,43869.84614371589,43869.860975875
1207296,512,27.387133292,43869.85775363289,43869.87260275
1207808,512,27.39870975,43869.869363590886,43869.884195708
1208320,512,27.410342833,43869.88097354989,43869.8958225
1208832,512,27.422138292,43869.89258346589,43869.90752125
1209344,512,27.433586625,43869.90419342489,43869.9190475
1209856,512,27.445117417,43869.91580334089,43869.930612000004
1210368,512,27.456866208,43869.92741329989,43869.94230275
1210880,512,27.4683225,43869.93902325789,43869.953825166005
1211392,512,27.479907958,43869.950633174885,43869.965424166
1211904,512,27.491624542,43869.96224313289,43869.977119708004
1212416,512,27.503207042,43869.973852924886,43869.988695208005
1212928,512,27.514844083,43869.98546284089,43870.000322208005
1213440,512,27.526488,43869.99707279989,43870.011939083
1213952,512,27.538002958,43870.00868271589,43870.02349325
1214464,512,27.549611375,43870.02029267489,43870.035110958
1214976,512,27.56120725,43870.03190259089,43870.046719791004
1215488,512,27.572821375,43870.04351254989,43870.058315500006
1216000,512,27.584437875,43870.05512250789,43870.069937666005
1216512,512,27.595995375,43870.066732424886,43870.081520291
1217024,512,27.607621792,43870.07834238289,43870.093136916
1217536,512,27.619367458,43870.08995229989,43870.104827916
1218048,512,27.630914375,43870.101562257885,43870.116395833
1218560,512,27.642466583,43870.11317217489,43870.127975166004
1219072,512,27.654194583,43870.12478213289,43870.139655666004
1219584,512,27.665738875,43870.13639209089,43870.151230083
1220096,512,27.677293417,43870.14800200789,43870.162803
1220608,512,27.688948625,43870.159611965886,43870.174445583005
1221120,512,27.700594042,43870.17122188289,43870.186068333
1221632,512,27.712172708,43870.18283184089,43870.197661625
1222144,512,27.723799583,43870.19444179989,43870.209291166
1222656,512,27.735406833,43870.20605171589,43870.220895083
1223168,512,27.747030458,43870.217661507886,43870.232508583
1223680,512,27.758628208,43870.22927146589,43870.244114500005
1224192,512,27.770190292,43870.24088138289,43870.255692000006
1224704,512,27.781865958,43870.252491340885,43870.267335125005
1225216,512,27.793466083,43870.26410129989,43870.278948666004
1225728,512,27.805030042,43870.27571121589,43870.290527875004
1226240,512,27.816665042,43870.28732117489,43870.302149250005
1226752,512,27.828284458,43870.29893109089,43870.313774208
1227264,512,27.839866458,43870.31054104989,43870.325362208
1227776,512,27.851497292,43870.32215096589,43870.336982958004
1228288,512,27.863141083,43870.33376092489,43870.3486205
1228800,512,27.874773458,43870.345370840885,43870.360228416
1229312,512,27.886427,43870.35698079989,43870.371846
1229824,512,27.897969625,43870.36859075789,43870.383441916005
1230336,512,27.909576333,43870.38020067489,43870.395055625006
1230848,512,27.921190167,43870.391810632886,43870.406673000005
1231360,512,27.932773125,43870.40342054989,43870.41825775
1231872,512,27.944344583,43870.41503050789,43870.429841791
1232384,512,27.956012542,43870.42664042489,43870.441498333006
1232896,512,27.967619917,43870.43825038289,43870.453097375
1233408,512,27.979200583,43870.44986034089,43870.464690333
1233920,512,27.990878125,43870.461470090886,43870.47634775
1234432,512,28.002483542,43870.47308000789,43870.487941291
1234944,512,28.014061375,43870.48468996589,43870.499541708006
1235456,512,28.025638667,43870.49629992489,43870.511134333006
1235968,512,28.037358375,43870.50790984089,43870.522791833006
1236480,512,28.048894417,43870.51951979989,43870.534375458
1236992,512,28.060600417,43870.53112971589,43870.5460475
1237504,512,28.072204417,43870.542739674886,43870.557635666
1238016,512,28.083778625,43870.554349590886,43870.569224125
1238528,512,28.095281833,43870.56595954989,43870.580780458
1239040,512,28.106840375,43870.57756946589,43870.592356041
1239552,512,28.118650583,43870.58917942489,43870.604086833
1240064,512,28.130132375,43870.60078934089,43870.615613583
1240576,512,28.141682667,43870.61239929989,43870.627190791005
1241088,512,28.153421958,43870.62400925789,43870.638871250005
1241600,512,28.165117917,43870.635619174886,43870.650516875
1242112,512,28.176513917,43870.64722913289,43870.662019291005
1242624,512,28.188318833,43870.65883904989,43870.673747208006
1243136,512,28.199915292,43870.67044900789,43870.68533875
1243648,512,28.211368208,43870.68205892489,43870.696864875004
1244160,512,28.2229635,43870.69366888289,43870.708467458004
1244672,512,28.234561417,43870.70527879989,43870.720073583005
1245184,512,28.246195583,43870.716890840886,43870.731703958
1245696,512,28.25777725,43870.72850079989,43870.743292041
1246208,512,28.269391333,43870.74011071589,43870.754902791006
1246720,512,28.281003375,43870.75172067489,43870.766517666
1247232,512,28.292698083,43870.763330632886,43870.77815825
1247744,512,28.304260292,43870.77494059089,43870.789756666
1248256,512,28.315817958,43870.78655054989,43870.801325583
1248768,512,28.327479083,43870.798160465885,43870.812979291004
1249280,512,28.339064042,43870.80977042489,43870.824574041006
1249792,512,28.350672875,43870.82138038289,43870.836181583
1250304,512,28.362258625,43870.83299034089,43870.847774416005
1250816,512,28.373917917,43870.844600257886,43870.859410375
1251328,512,28.385514167,43870.85621021589,43870.871006541005
1251840,512,28.397144917,43870.86782017489,43870.882639166004
1252352,512,28.408808417,43870.87943013289,43870.8942765
1252864,512,28.420491583,43870.891040049886,43870.905941833
1253376,512,28.432058625,43870.90265000789,43870.917514875
1253888,512,28.443508333,43870.91425996589,43870.929024666
1254400,512,28.455309875,43870.92586992489,43870.940736458004
1254912,512,28.466841083,43870.93747984089,43870.952317666
1255424,512,28.478346542,43870.94908979989,43870.96386475
1255936,512,28.490068917,43870.96069975789,43870.975555708006
1256448,512,28.501689125,43870.97230950789,43870.987173083005
1256960,512,28.51321225,43870.983919465885,43870.998719958
1257472,512,28.524859917,43870.99552942489,43871.010359791006
1257984,512,28.536465667,43871.00713934089,43871.021958666
1258496,512,28.548062875,43871.01874929989,43871.033567750004
1259008,512,28.559681083,43871.030359257886,43871.045189541
1259520,512,28.571285042,43871.04196921589,43871.056789083006
1260032,512,28.582900625,43871.05357913289,43871.068399916
1260544,512,28.594681542,43871.06518909089,43871.079985541
1261056,512,28.606097792,43871.076799049886,43871.091611125004
1261568,512,28.617792083,43871.08840900789,43871.103257208
1262080,512,28.629366208,43871.10001892489,43871.11486675
1262592,512,28.640960958,43871.111628882885,43871.126448875
1263104,512,28.652532833,43871.12323884089,43871.138043125
1263616,512,28.664216333,43871.13484879989,43871.149693083
1264128,512,28.675732,43871.14645871589,43871.161254791004
1264640,512,28.68741275,43871.158068674886,43871.172898250006
1265152,512,28.699012792,43871.16967863289,43871.184509041006
1265664,512,28.710551542,43871.18128859089,43871.196077375
1266176,512,28.7222265,43871.19289850789,43871.207720291
1266688,512,28.733864667,43871.20450846589,43871.219349708
1267200,512,28.745480917,43871.21611829989,43871.230963791
1267712,512,28.757062417,43871.22772825789,43871.242559625
1268224,512,28.768653625,43871.23933817489,43871.254155875
1268736,512,28.780299125,43871.25094813289,43871.265790125006
1269248,512,28.791904167,43871.262558090886,43871.277396291
1269760,512,28.803477875,43871.27416804989,43871.288981916005
1270272,512,28.8151125,43871.28577796589,43871.300602875
1270784,512,28.826742083,43871.29738792489,43871.312232666
1271296,512,28.838328292,43871.30899788289,43871.3238225
1271808,512,28.849898542,43871.32060784089,43871.33540525
1272320,512,28.861609292,43871.33221775789,43871.347067916
1272832,512,28.873265833,43871.343827715886,43871.358705166
1273344,512,28.884906292,43871.35543767489,43871.370331625
1273856,512,28.896400792,43871.36704759089,43871.38187175
1274368,512,28.90805075,43871.37865754989,43871.393507208006
1274880,512,28.919670458,43871.390267507886,43871.4051315
1275392,512,28.931183,43871.40187746589,43871.416688083
1275904,512,28.942753583,43871.41348738289,43871.428272708006
1276416,512,28.954492125,43871.425097340885,43871.439968333005
1276928,512,28.966018417,43871.43670729989,43871.451519708
1277440,512,28.977555208,43871.44831725789,43871.463082708004
1277952,512,28.989332667,43871.45992717489,43871.474794166
1278464,512,29.000872458,43871.47153700789,43871.486365791
1278976,512,29.012409958,43871.48314696589,43871.497927958
1279488,512,29.024152208,43871.49475692489,43871.509621083
1280000,512,29.035817208,43871.50636688289,43871.521263208
1280512,512,29.047323833,43871.517976799885,43871.532792875005
1281024,512,29.059033208,43871.52958675789,43871.544470125
1281536,512,29.070590042,43871.54119671589,43871.556047875005
1282048,512,29.082199292,43871.55280663289,43871.567660166
1282560,512,29.093748625,43871.56441659089,43871.579239583
1283072,512,29.10532225,43871.57602654989,43871.590831416004
1283584,512,29.116953042,43871.58763650789,43871.602452666004
1284096,512,29.128522375,43871.59924642489,43871.614037166
1284608,512,29.140107667,43871.61085638289,43871.625636416
1285120,512,29.151773458,43871.62246634089,43871.637274666005
1285632,512,29.163401792,43871.63407625789,43871.648901833
1286144,512,29.174975083,43871.64568621589,43871.660488875
1286656,512,29.186568167,43871.65729617489,43871.672084750004
1287168,512,29.198178583,43871.66890613289,43871.683698500005
1287680,512,29.209816958,43871.68051604989,43871.695323541004
1288192,512,29.221491042,43871.69212600789,43871.706973958004
1288704,512,29.233125,43871.703735965886,43871.718599541004
1289216,512,29.244703417,43871.71534588289,43871.730187166
1289728,512,29.256371792,43871.72695571589,43871.741830625004
1290240,512,29.267904583,43871.73856563289,43871.753399833004
1290752,512,29.279472458,43871.75017559089,43871.764983125
1291264,512,29.291080583,43871.76178554989,43871.776591958005
1291776,512,29.302665625,43871.77339550789,43871.788194833
1292288,512,29.314268542,43871.78500542489,43871.799791458005
1292800,512,29.325993458,43871.79661538289,43871.811477416006
1293312,512,29.337512542,43871.80822534089,43871.823020125004
1293824,512,29.349164333,43871.81983525789,43871.834664083006
1294336,512,29.360778042,43871.83144521589,43871.846281875005
1294848,512,29.372481167,43871.84305517489,43871.85793225
1295360,512,29.383996833,43871.85466513289,43871.869489666
1295872,512,29.395612458,43871.86627504989,43871.8811035
1296384,512,29.407231042,43871.87788500789,43871.892711916
1296896,512,29.418843417,43871.889494965886,43871.904331958
1297408,512,29.430529833,43871.90110488289,43871.915977916
1297920,512,29.442050333,43871.91271484089,43871.927541000005
1298432,512,29.453750625,43871.92432479989,43871.939189708006
1298944,512,29.465400583,43871.93593471589,43871.950805
1299456,512,29.476769917,43871.94754467489,43871.962304708
1299968,512,29.488571125,43871.95915463289,43871.974027916
1300480,512,29.500173875,43871.97076450789,43871.985638708
1300992,512,29.511747208,43871.982374424886,43871.997225916006
1301504,512,29.52333925,43871.99398438289,43872.008830958
1302016,512,29.534966542,43872.00559434089,43872.020439750006
1302528,512,29.546518125,43872.017204257885,43872.03202025
1303040,512,29.558164167,43872.02881421589,43872.043654958004
1303552,512,29.569764083,43872.04042417489,43872.055256125
1304064,512,29.581417625,43872.05203409089,43872.066885541004
1304576,512,29.592948958,43872.063644049886,43872.078454458
1305088,512,29.604536542,43872.07525400789,43872.090031541
1305600,512,29.616232875,43872.08686396589,43872.101711541
1306112,512,29.627766375,43872.09847388289,43872.11327925
1306624,512,29.639430875,43872.11008384089,43872.124922250005
1307136,512,29.651013833,43872.12169379989,43872.136503416004
1307648,512,29.662716333,43872.13330371589,43872.148175625
1308160,512,29.674206708,43872.144913674885,43872.159714166
1308672,512,29.685833417,43872.15652363289,43872.171325541
1309184,512,29.697536,43872.16813354989,43872.182994208
1309696,512,29.709044958,43872.17974350789,43872.194551291
1310208,512,29.72074475,43872.19135346589,43872.20618025
1310720,512,29.732274708,43872.202963382886,43872.217779583
1311232,512,29.74390475,43872.21457321589,43872.229402375
1311744,512,29.755561417,43872.22618317489,43872.24104
1312256,512,29.767067292,43872.23779313289,43872.252585375005
1312768,512,29.778702542,43872.249403049886,43872.264214125
1313280,512,29.790349083,43872.26101300789,43872.275844958
1313792,512,29.801900083,43872.27262296589,43872.287416791005
1314304,512,29.813484458,43872.28423288289,43872.299007625006
1314816,512,29.82526925,43872.29584284089,43872.310732958
1315328,512,29.836932625,43872.30745279989,43872.322362791005
1315840,512,29.848403833,43872.31906271589,43872.333881333005
1316352,512,29.86013625,43872.330672674885,43872.345571333004
1316864,512,29.871754625,43872.34228263289,43872.357226333006
1317376,512,29.883198,43872.35389254989,43872.368699791004
1317888,512,29.894739458,43872.36550250789,43872.380267916
1318400,512,29.906359833,43872.37711246589,43872.39188375
1318912,512,29.918105167,43872.38872242489,43872.403590375005
1319424,512,29.929640917,43872.40033234089,43872.415146666004
1319936,512,29.941167708,43872.41194229989,43872.426704083
1320448,512,29.952860083,43872.42355225789,43872.438360625005
1320960,512,29.96445475,43872.43516217489,43872.44997025
1321472,512,29.976065542,43872.44677213289,43872.461579958006
1321984,512,29.987813125,43872.45838209089,43872.473276083
1322496,512,29.999377,43872.46999196589,43872.484860541
1323008,512,30.010887375,43872.48160192489,43872.496400541
1323520,512,30.02260975,43872.49321184089,43872.508078208004
