pc_time_s,teensy_time_us,ax,ay,az,gx,gy,gz,load_raw
2.007388417,125980316,3.266,-9.133,-0.539,0.002,0.000,-0.008,-222344
2.00784725,125984537,3.305,-9.133,-0.578,0.002,0.000,-0.008,-222208
2.008077458,125987758,3.305,-9.133,-0.578,0.000,0.008,0.004,-222935
2.008316708,125992978,3.305,-9.133,-0.578,-0.002,0.012,-0.002,-222315
2.008566083,125998201,3.305,-9.133,-0.578,0.002,-0.006,0.002,-222581
2.008790833,126001422,3.305,-9.133,-0.578,0.000,0.006,0.000,-221722
2.009026292,126005643,3.305,-9.133,-0.578,-0.014,-0.004,0.004,-222554
2.009257,126009864,3.305,-9.133,-0.578,0.002,0.000,0.016,-222903
2.009475042,126015085,3.266,-9.133,-0.617,0.002,0.000,0.016,-223073
2.009686833,126017306,3.266,-9.133,-0.617,0.010,-0.004,0.012,-221794
2.009897958,126022527,3.266,-9.133,-0.617,-0.004,0.004,0.010,-223105
2.010099625,126027748,3.266,-9.133,-0.617,0.000,0.000,-0.010,-222726
2.010325542,126031969,3.266,-9.133,-0.617,0.004,-0.006,-0.002,-222676
2.010552667,126038190,3.266,-9.133,-0.617,0.008,-0.004,0.002,-222976
2.010783,126042411,3.266,-9.133,-0.617,-0.008,0.004,-0.006,-223784
2.011051917,126046632,3.266,-9.133,-0.617,-0.008,0.004,-0.006,-223343
2.011275042,126048853,3.266,-9.133,-0.617,-0.010,0.000,-0.020,-222388
2.011644708,126054074,3.266,-9.133,-0.617,-0.008,-0.004,0.006,-221581
2.011871375,126059295,3.266,-9.133,-0.617,-0.002,0.006,0.012,-222925
2.012096917,126063516,3.266,-9.133,-0.617,0.004,0.002,-0.012,-222050
2.01231325,126067737,3.266,-9.133,-0.617,0.002,-0.008,0.008,-222701
2.012540792,126072958,3.266,-9.133,-0.617,-0.002,0.002,-0.008,-222682
2.01276075,126078179,3.305,-9.133,-0.578,-0.002,0.002,-0.008,-222987
2.012979583,126081400,3.305,-9.133,-0.578,-0.010,0.000,-0.010,-221550
2.013213667,126086621,3.305,-9.133,-0.578,-0.002,-0.010,-0.002,-222708
2.013425,126090842,3.305,-9.133,-0.578,0.008,0.002,0.004,-222348
2.01367,126096063,3.305,-9.133,-0.578,-0.002,0.002,-0.002,-222344
2.013892208,126100284,3.305,-9.133,-0.578,-0.010,-0.004,0.002,-222189
2.014119458,126104505,3.305,-9.133,-0.578,-0.010,0.002,0.006,-222847
2.014334333,126108726,3.266,-9.133,-0.539,-0.010,0.002,0.006,-223568
2.014560667,126110947,3.266,-9.133,-0.539,-0.006,-0.004,0.004,-223778
2.014774375,126117168,3.266,-9.133,-0.539,0.002,0.008,-0.002,-222442
2.014993542,126121389,3.266,-9.133,-0.539,-0.004,-0.006,0.004,-222522
2.01521575,126125610,3.266,-9.133,-0.539,0.010,-0.004,0.004,-222552
2.015420083,126130831,3.266,-9.133,-0.539,0.006,-0.006,0.004,-223125
2.015614375,126136052,3.266,-9.133,-0.539,0.002,-0.004,0.000,-222112
2.015795917,126140273,3.266,-9.133,-0.617,0.002,-0.004,0.000,-222546
2.015982708,126142494,3.266,-9.133,-0.617,0.000,0.008,0.002,-223852
2.016163208,126146714,3.266,-9.133,-0.617,-0.002,0.000,0.002,-222318
2.016349375,126150935,3.266,-9.133,-0.617,0.008,-0.006,0.002,-221757
2.016533542,126155156,3.266,-9.133,-0.617,-0.008,0.000,-0.002,-222782
2.0167125,126159377,3.266,-9.133,-0.617,0.004,0.002,-0.002,-223526
2.016906708,126163598,3.266,-9.133,-0.617,0.002,-0.006,-0.004,-222875
2.017091042,126168819,3.266,-9.176,-0.656,0.002,-0.006,-0.004,-222057
2.017283458,126171040,3.266,-9.176,-0.656,0.010,0.004,-0.008,-222523
2.01746625,126176261,3.266,-9.176,-0.656,0.004,0.008,0.000,-222342
2.017655042,126180481,3.266,-9.176,-0.656,-0.002,-0.008,0.002,-223047
2.017886458,126184702,3.266,-9.176,-0.656,0.006,0.004,0.000,-222342
2.018068792,126189923,3.266,-9.176,-0.656,0.000,-0.002,0.018,-222914
2.018258,126194144,3.266,-9.176,-0.656,0.004,-0.006,0.002,-222268
2.018441208,126198365,3.266,-9.133,-0.539,0.004,-0.006,0.002,-222161
2.018636542,126201586,3.266,-9.133,-0.539,-0.008,-0.006,-0.006,-223018
2.018826083,126206807,3.266,-9.133,-0.539,0.010,0.002,0.008,-222541
2.019132583,126211028,3.266,-9.133,-0.539,0.006,0.010,-0.012,-223113
2.019888042,126216249,3.266,-9.133,-0.539,-0.008,0.014,0.006,-222756
2.020073125,126220470,3.266,-9.133,-0.539,-0.002,0.004,0.002,-222119
2.020281,126224691,3.266,-9.133,-0.539,0.008,-0.004,-0.012,-222205
2.020463708,126228912,3.266,-9.133,-0.656,0.008,-0.004,-0.012,-223239
2.02065025,126231133,3.266,-9.133,-0.656,0.008,-0.008,0.002,-222749
2.020833,126236354,3.266,-9.133,-0.656,-0.006,-0.006,0.000,-221662
2.02102175,126240575,3.266,-9.133,-0.656,0.008,-0.006,-0.006,-222440
2.021206083,126243796,3.266,-9.133,-0.656,-0.002,-0.002,-0.002,-223122
2.021382125,126249017,3.266,-9.133,-0.656,-0.002,0.004,0.004,-222008
2.021533417,126254238,3.266,-9.133,-0.656,0.000,0.004,0.008,-221744
2.0216935,126258459,3.266,-9.133,-0.539,0.000,0.004,0.008,-222226
2.021847833,126260680,3.266,-9.133,-0.539,-0.006,0.006,0.004,-222621
2.0220005,126265901,3.266,-9.133,-0.539,0.004,0.002,0.000,-221292
2.022223542,126270122,3.266,-9.133,-0.539,-0.008,0.000,0.002,-222652
2.022385792,126274343,3.266,-9.133,-0.539,-0.004,0.002,0.006,-222927
2.02254925,126280564,3.266,-9.133,-0.539,0.002,0.008,0.002,-222997
2.022708042,126285785,3.266,-9.133,-0.539,-0.014,0.002,0.002,-222030
2.02287275,126289006,3.266,-9.133,-0.578,-0.014,0.002,0.002,-222972
2.023028125,126292227,3.266,-9.133,-0.578,0.010,0.012,0.006,-223037
2.023181125,126298448,3.266,-9.133,-0.578,0.012,0.006,0.010,-221657
2.023347333,126302669,3.266,-9.133,-0.578,0.002,0.000,-0.006,-221549
2.023504792,126306890,3.266,-9.133,-0.578,-0.002,0.000,0.000,-222652
2.023676542,126311111,3.266,-9.133,-0.578,0.002,-0.006,-0.010,-222270
2.0238325,126316332,3.266,-9.133,-0.578,0.010,-0.004,0.014,-222608
2.023994167,126320553,3.227,-9.172,-0.617,0.010,-0.004,0.014,-222672
2.024150167,126323774,3.227,-9.172,-0.617,-0.004,0.010,0.002,-222967
2.024310125,126328995,3.227,-9.172,-0.617,0.006,0.002,0.004,-222999
2.024469792,126334216,3.227,-9.172,-0.617,-0.010,-0.012,0.004,-221644
2.024631167,126338437,3.227,-9.172,-0.617,-0.012,0.004,-0.004,-222817
2.024796833,126342658,3.227,-9.172,-0.617,0.000,-0.012,0.006,-222503
2.024952667,126346879,3.227,-9.172,-0.617,0.008,0.002,-0.002,-222326
2.02511475,126351101,3.227,-9.137,-0.539,0.008,0.002,-0.002,-222233
2.025271417,126354322,3.227,-9.137,-0.539,0.000,0.000,0.012,-222820
2.025432625,126359542,3.227,-9.137,-0.539,0.002,0.002,0.004,-222710
2.025589708,126363763,3.227,-9.137,-0.539,0.000,-0.004,0.000,-222936
2.025742917,126367984,3.227,-9.137,-0.539,0.004,0.008,0.000,-222003
2.025915083,126372205,3.227,-9.137,-0.539,0.006,0.006,0.016,-222043
2.026073167,126377426,3.227,-9.137,-0.539,0.006,0.002,-0.018,-222799
2.026236792,126381647,3.266,-9.176,-0.617,0.006,0.002,-0.018,-222622
2.026393458,126384868,3.266,-9.176,-0.617,-0.010,0.008,0.004,-222876
2.026572125,126390089,3.266,-9.176,-0.617,0.002,-0.002,0.002,-222661
2.0267415,126394310,3.266,-9.176,-0.617,-0.004,-0.004,0.004,-222821
2.026901,126399531,3.266,-9.176,-0.617,0.000,0.010,0.000,-222460
2.027060542,126403751,3.266,-9.176,-0.617,-0.006,-0.010,0.000,-222911
2.027222333,126407972,3.266,-9.176,-0.617,-0.004,-0.004,0.018,-222536
2.027376792,126413193,3.266,-9.176,-0.617,-0.004,-0.004,0.018,-223792
2.027524333,126416414,3.266,-9.176,-0.617,0.008,0.008,0.012,-222052
2.027675958,126422635,3.266,-9.176,-0.617,-0.008,0.006,-0.004,-222800
2.027815583,126426856,3.266,-9.176,-0.617,-0.002,0.004,0.006,-223055
2.027963125,126431077,3.266,-9.176,-0.617,-0.004,-0.010,0.008,-221989
2.028102875,126436298,3.266,-9.176,-0.617,0.002,0.002,-0.008,-222020
2.028247208,126440519,3.266,-9.176,-0.617,-0.004,-0.002,-0.004,-223212
2.028417625,126444740,3.305,-9.133,-0.578,-0.004,-0.002,-0.004,-223675
2.028564667,126447961,3.305,-9.133,-0.578,-0.010,-0.006,0.010,-221490
2.028712375,126454182,3.305,-9.133,-0.578,0.000,0.008,-0.002,-221691
2.028857125,126459403,3.305,-9.133,-0.578,-0.004,0.000,0.004,-222823
2.029003833,126463624,3.305,-9.133,-0.578,-0.002,0.004,-0.006,-223138
2.029147625,126467845,3.305,-9.133,-0.578,-0.004,-0.006,-0.010,-222108
2.029293625,126472066,3.305,-9.133,-0.578,-0.002,0.004,0.000,-222294
2.029434333,126477287,3.227,-9.137,-0.617,-0.002,0.004,0.000,-222788
2.029583833,126480508,3.227,-9.137,-0.617,-0.010,0.004,-0.002,-222270
2.029727917,126485729,3.227,-9.137,-0.617,0.002,0.014,-0.002,-221401
2.029867458,126489950,3.227,-9.137,-0.617,0.008,0.006,-0.012,-223059
2.0301325,126493171,3.227,-9.137,-0.617,-0.002,-0.008,0.004,-221939
2.030275625,126498392,3.227,-9.137,-0.617,-0.004,0.002,-0.002,-222431
2.03042425,126502613,3.227,-9.137,-0.617,-0.002,0.000,0.006,-222080
2.030567292,126506834,3.227,-9.172,-0.578,-0.002,0.000,0.006,-221763
2.030704375,126509055,3.227,-9.172,-0.578,0.008,-0.008,0.014,-222535
2.030847375,126514276,3.227,-9.172,-0.578,-0.012,0.008,0.000,-222485
2.031234083,126519497,3.227,-9.172,-0.578,0.000,0.000,-0.002,-222702
2.031383208,126523718,3.227,-9.172,-0.578,-0.002,0.002,0.002,-222914
2.031525125,126527939,3.227,-9.172,-0.578,0.000,-0.006,0.002,-222654
2.031681958,126533161,3.227,-9.172,-0.578,-0.002,0.010,-0.010,-222699
2.031822625,126538382,3.227,-9.172,-0.578,-0.002,0.010,-0.010,-222289
2.03196125,126540603,3.227,-9.172,-0.578,0.002,0.008,-0.002,-222419
2.032111708,126545824,3.227,-9.172,-0.578,-0.008,-0.006,0.008,-223157
2.032260333,126550045,3.266,-9.094,-0.617,-0.008,-0.006,0.008,-221612
2.0324035,126553266,3.266,-9.094,-0.617,0.002,0.006,-0.002,-222910
2.032546542,126558487,3.266,-9.094,-0.617,0.002,0.000,-0.002,-222354
2.032690792,126562708,3.266,-9.094,-0.617,0.000,-0.008,0.002,-222567
2.032835667,126566929,3.266,-9.094,-0.617,0.000,0.000,0.002,-222828
2.032980458,126572150,3.266,-9.094,-0.617,-0.002,0.006,0.004,-223245
2.033121417,126577371,3.266,-9.094,-0.617,-0.004,0.000,0.004,-223562
2.033259458,126581592,3.266,-9.133,-0.500,-0.004,0.000,0.004,-223004
2.033407417,126583813,3.266,-9.133,-0.500,0.000,-0.004,0.010,-222385
2.033557667,126589034,3.266,-9.133,-0.500,0.000,0.002,-0.002,-221768
2.033705875,126594255,3.266,-9.133,-0.500,-0.002,0.002,-0.012,-222638
2.033844583,126598476,3.266,-9.133,-0.500,0.004,0.002,-0.010,-223232
2.03398975,126601697,3.266,-9.094,-0.617,0.004,0.002,-0.010,-221817
2.03412975,126605918,3.266,-9.094,-0.617,-0.008,0.002,0.010,-222301
2.03427075,126610139,3.266,-9.094,-0.617,0.000,-0.004,-0.008,-223338
2.034414625,126613359,3.266,-9.094,-0.617,0.004,0.002,-0.010,-223667
2.03456525,126618580,3.266,-9.094,-0.617,-0.002,-0.006,-0.012,-222476
2.034708875,126623801,3.266,-9.094,-0.617,0.004,0.014,0.002,-222783
2.034853833,126629022,3.266,-9.176,-0.539,0.004,0.014,0.002,-222371
2.034999042,126631243,3.266,-9.176,-0.539,-0.010,0.004,-0.004,-223473
2.035143958,126636464,3.266,-9.176,-0.539,-0.004,-0.010,-0.010,-222266
2.035270042,126640685,3.266,-9.176,-0.539,0.004,0.004,0.004,-222995
2.035402083,126645906,3.266,-9.176,-0.539,-0.008,-0.010,0.004,-222417
2.03553725,126650129,3.266,-9.176,-0.539,0.000,0.000,-0.008,-223291
2.035666833,126655350,3.266,-9.094,-0.656,0.000,0.000,-0.008,-222977
2.03579475,126657571,3.266,-9.094,-0.656,0.010,0.002,-0.012,-222740
2.035928958,126661792,3.266,-9.094,-0.656,0.000,-0.004,-0.002,-223021
2.036061208,126666013,3.266,-9.094,-0.656,0.000,0.006,-0.002,-222672
2.036189208,126670234,3.266,-9.094,-0.656,-0.004,0.000,0.012,-222353
2.036330708,126675455,3.266,-9.094,-0.656,-0.010,0.002,0.002,-222785
2.036465083,126679676,3.266,-9.094,-0.656,0.002,0.002,0.000,-223231
2.036601333,126683896,3.227,-9.137,-0.617,0.002,0.002,0.000,-222953
2.036723583,126687117,3.227,-9.137,-0.617,0.004,0.000,0.010,-222310
2.0368655,126692337,3.227,-9.137,-0.617,0.008,-0.002,0.004,-222497
2.036988,126697558,3.227,-9.137,-0.617,0.004,0.004,0.006,-222873
2.037117792,126701779,3.227,-9.137,-0.617,-0.006,0.000,-0.002,-222520
2.037259,126706000,3.227,-9.137,-0.617,0.010,-0.004,-0.008,-221803
2.037385458,126710221,3.227,-9.137,-0.617,-0.002,0.012,0.006,-223213
2.037529042,126714442,3.266,-9.133,-0.578,-0.002,0.012,0.006,-221813
2.037653125,126717663,3.266,-9.133,-0.578,0.000,0.006,-0.010,-221774
2.037790792,126723885,3.266,-9.133,-0.578,-0.008,-0.004,0.002,-222162
2.037919583,126729105,3.266,-9.133,-0.578,-0.008,-0.004,0.002,-223228
2.03806,126733326,3.266,-9.133,-0.578,0.000,-0.004,-0.006,-222143
2.038182833,126738547,3.266,-9.133,-0.578,0.008,0.004,0.012,-221788
2.038313042,126743768,3.266,-9.133,-0.578,-0.002,-0.004,0.004,-223551
2.03845075,126747989,3.266,-9.133,-0.539,-0.002,-0.004,0.004,-222381
2.038580125,126750210,3.266,-9.133,-0.539,0.006,0.000,-0.008,-223188
2.038708042,126756431,3.266,-9.133,-0.539,-0.008,0.004,0.002,-223309
2.038831833,126760652,3.266,-9.133,-0.539,0.010,0.008,-0.006,-223027
2.0389675,126764873,3.266,-9.133,-0.539,-0.006,-0.006,0.002,-222553
2.039090792,126769095,3.266,-9.133,-0.539,0.004,0.002,0.000,-222326
2.039216958,126773315,3.305,-9.176,-0.539,0.004,0.002,0.000,-222994
2.039379417,126776536,3.305,-9.176,-0.539,0.008,0.002,0.000,-222893
2.039507458,126781756,3.305,-9.176,-0.539,-0.010,0.006,0.010,-222333
2.039774625,126785977,3.305,-9.176,-0.539,0.004,-0.002,-0.010,-221763
2.039899333,126790198,3.305,-9.176,-0.539,-0.004,0.012,0.012,-222526
2.040043458,126795419,3.305,-9.176,-0.539,-0.004,-0.002,0.004,-223439
2.0401675,126799641,3.305,-9.176,-0.539,0.002,-0.006,0.002,-222833
2.040300375,126805864,3.266,-9.176,-0.617,0.002,-0.006,0.002,-222958
2.040467625,126808084,3.266,-9.176,-0.617,-0.010,-0.002,-0.010,-222954
2.040653583,126812305,3.266,-9.176,-0.617,-0.002,-0.006,0.000,-222715
2.040788,126816526,3.266,-9.176,-0.617,0.000,0.004,0.002,-221963
2.040912792,126820747,3.266,-9.176,-0.617,0.000,0.000,0.000,-221824
2.041041792,126823968,3.227,-9.172,-0.578,0.000,0.000,0.000,-222925
2.041165917,126828188,3.227,-9.172,-0.578,0.000,0.000,0.000,-223008
2.041300125,126832408,3.227,-9.172,-0.578,0.000,0.000,0.000,-221797
2.04142325,126837629,3.227,-9.172,-0.578,0.000,0.000,0.000,-222693
2.0415535,126841850,3.227,-9.172,-0.578,0.000,0.000,0.000,-223267
2.041684708,126846070,3.227,-9.172,-0.578,0.000,0.000,0.000,-222872
2.041810292,126849290,3.266,-9.176,-0.617,0.000,0.000,0.000,-222166
2.041941708,126851511,3.266,-9.176,-0.617,0.000,0.000,0.000,-222750
2.042066708,126856731,3.266,-9.176,-0.617,0.000,0.000,0.000,-222732
2.042195542,126860951,3.266,-9.176,-0.617,0.000,0.000,0.000,-223127
2.0423195,126866171,3.266,-9.176,-0.617,0.000,0.000,0.000,-222169
2.042443708,126870391,3.266,-9.176,-0.617,0.000,0.000,0.000,-222196
2.042836042,126876611,3.266,-9.176,-0.617,0.000,0.000,0.000,-222813
2.042962792,126879831,3.266,-9.133,-0.539,0.000,0.000,0.000,-222017
2.043089083,126884053,3.266,-9.133,-0.539,0.000,0.000,0.000,-223069
2.04320325,126888273,3.266,-9.133,-0.578,0.000,0.000,0.000,-222484
2.043319958,126890494,3.266,-9.133,-0.578,0.000,0.000,0.000,-221960
2.043436833,126894715,3.266,-9.133,-0.578,0.000,0.000,0.000,-223258
2.043556542,126898935,3.266,-9.133,-0.578,0.000,0.000,0.000,-223050
2.043685875,126903155,3.266,-9.133,-0.578,0.000,0.000,0.000,-221802
2.043804833,126907375,3.266,-9.133,-0.578,0.000,0.000,0.000,-222520
2.043923042,126911596,3.266,-9.133,-0.578,0.000,0.000,0.000,-222119
2.04403725,126915816,3.227,-9.137,-0.617,0.000,0.000,0.000,-222750
2.044148292,126918036,3.227,-9.137,-0.617,0.000,0.000,0.000,-222272
2.044270083,126922256,3.227,-9.137,-0.617,0.000,0.000,0.000,-222799
2.044380833,126926477,3.227,-9.137,-0.617,0.000,0.000,0.000,-222388
2.044502958,126930697,3.227,-9.137,-0.617,0.000,0.000,0.000,-221850
2.044614292,126935917,3.227,-9.137,-0.617,0.000,0.000,0.000,-222164
2.044731083,126940138,3.266,-9.133,-0.578,0.000,0.000,0.000,-222780
2.04484775,126942358,3.266,-9.133,-0.578,0.000,0.000,0.000,-222671
2.044959083,126947578,3.266,-9.133,-0.578,0.000,0.000,0.000,-223227
2.045086,126951799,3.266,-9.133,-0.578,0.000,0.000,0.000,-222074
2.045198125,126956020,3.266,-9.133,-0.578,0.000,0.000,0.000,-222234
2.045318333,126960240,3.266,-9.133,-0.578,0.000,0.000,0.000,-223137
2.045428625,126964460,3.266,-9.133,-0.578,0.000,0.000,0.000,-222337
2.045547375,126969681,3.227,-9.172,-0.578,0.000,0.000,0.000,-221602
2.045721708,126971901,3.227,-9.172,-0.578,0.000,0.000,0.000,-222473
2.045835792,126977122,3.227,-9.172,-0.578,0.000,0.000,0.000,-223276
2.045955125,126981343,3.227,-9.172,-0.578,0.000,0.000,0.000,-223226
2.046066042,126985563,3.227,-9.172,-0.578,0.000,0.000,0.000,-222546
2.046185625,126989784,3.227,-9.172,-0.578,0.000,0.000,0.000,-222751
2.046296792,126994005,3.227,-9.172,-0.578,0.000,0.000,0.000,-222629
2.046407917,126998226,3.305,-9.133,-0.578,0.000,0.000,0.000,-222381
2.046574917,127000446,3.305,-9.133,-0.578,0.000,0.000,0.000,-222999
2.046688542,127006667,3.305,-9.133,-0.578,0.000,0.000,0.000,-223009
2.046804667,127010889,3.305,-9.133,-0.578,0.000,0.000,0.000,-223069
2.046922125,127015110,3.305,-9.133,-0.578,0.000,0.000,0.000,-222057
2.047088042,127019330,3.305,-9.133,-0.578,0.000,0.000,0.000,-222086
2.047206625,127024551,3.305,-9.133,-0.578,0.000,0.000,0.000,-223436
2.047320083,127028771,3.266,-9.176,-0.539,0.000,0.000,0.000,-222407
2.047435833,127031992,3.266,-9.176,-0.539,0.000,0.000,0.000,-222530
2.047547583,127038213,3.266,-9.176,-0.539,0.000,0.000,0.000,-221655
2.047664292,127042433,3.266,-9.176,-0.539,0.000,0.000,0.000,-223035
2.047779,127046654,3.266,-9.176,-0.539,0.000,0.000,0.000,-222342
2.047894708,127051876,3.266,-9.176,-0.539,0.000,0.000,0.000,-222384
2.048006792,127059096,3.266,-9.176,-0.539,0.000,0.000,0.000,-223175
2.048118292,127062318,3.305,-9.094,-0.578,0.000,0.000,0.000,-222487
2.048234292,127064539,3.305,-9.094,-0.578,0.000,0.000,0.000,-222511
2.048349083,127069760,3.305,-9.094,-0.578,0.000,0.000,0.000,-222794
2.048465875,127073980,3.305,-9.094,-0.578,0.000,0.000,0.000,-223464
2.048577667,127079200,3.305,-9.094,-0.578,0.000,0.000,0.000,-223262
2.048694083,127084420,3.305,-9.094,-0.578,0.000,0.000,0.000,-222428
2.048805292,127089641,3.227,-9.098,-0.656,0.000,0.000,0.000,-222035
2.048917583,127092861,3.227,-9.098,-0.656,0.000,0.000,0.000,-222162
2.049032458,127099082,3.227,-9.098,-0.656,0.000,0.000,0.000,-222470
2.049136167,127103303,3.227,-9.098,-0.656,0.000,0.000,0.000,-222456
2.049244042,127107524,3.227,-9.098,-0.656,0.000,0.000,0.000,-222818
2.049346208,127111745,3.227,-9.098,-0.656,0.000,0.000,0.000,-222337
2.049457333,127116965,3.227,-9.098,-0.656,0.000,0.000,0.000,-221966
2.0495605,127121186,3.266,-9.094,-0.539,0.000,0.000,0.000,-221990
2.049663208,127124406,3.266,-9.094,-0.539,0.000,0.000,0.000,-223085
2.049775,127129627,3.266,-9.094,-0.539,0.000,0.000,0.000,-222567
2.049880667,127134847,3.266,-9.094,-0.539,0.000,0.000,0.000,-221221
2.04999025,127139068,3.266,-9.094,-0.539,0.000,0.000,0.000,-222048
2.050094625,127143288,3.266,-9.094,-0.539,0.000,0.000,0.000,-223827
2.050234292,127147508,3.266,-9.094,-0.539,0.000,0.000,0.000,-222197
2.050348458,127151728,3.227,-9.172,-0.578,0.000,0.000,0.000,-222920
2.050457167,127154948,3.227,-9.172,-0.578,0.000,0.000,0.000,-221956
2.050565125,127160169,3.227,-9.172,-0.578,0.000,0.000,0.000,-223132
2.050676,127164390,3.227,-9.172,-0.578,0.000,0.000,0.000,-223188
2.050783083,127168610,3.227,-9.172,-0.578,0.000,0.000,0.000,-222358
2.050885417,127172831,3.227,-9.172,-0.578,0.000,0.000,0.000,-223572
2.050991833,127178052,3.227,-9.172,-0.578,0.000,0.000,0.000,-223087
2.051094542,127182272,3.266,-9.133,-0.578,0.000,0.000,0.000,-222247
2.051198542,127185493,3.266,-9.133,-0.578,0.000,0.000,0.000,-222183
2.051304542,127191713,3.266,-9.133,-0.578,0.000,0.000,0.000,-222782
2.051407,127195936,3.266,-9.133,-0.578,0.000,0.000,0.000,-222658
2.051513292,127200157,3.266,-9.133,-0.578,0.000,0.000,0.000,-221640
2.051615333,127204378,3.266,-9.133,-0.578,0.000,0.000,0.000,-221720
2.05172325,127209598,3.266,-9.133,-0.578,0.000,0.000,0.000,-222849
2.051831542,127213819,3.227,-9.172,-0.656,0.000,0.000,0.000,-222338
2.051934125,127217039,3.227,-9.172,-0.656,0.000,0.000,0.000,-221794
2.052044667,127223259,3.227,-9.172,-0.656,0.000,0.000,0.000,-221786
2.052146375,127227480,3.227,-9.172,-0.656,0.000,0.000,0.000,-222998
2.052252333,127231701,3.227,-9.172,-0.656,0.000,0.000,0.000,-222145
2.052354625,127236922,3.227,-9.172,-0.656,0.000,0.000,0.000,-222444
2.052461208,127241143,3.227,-9.172,-0.656,0.000,0.000,0.000,-222923
2.052564167,127245364,3.266,-9.094,-0.539,0.000,0.000,0.000,-222192
2.052672917,127248584,3.266,-9.094,-0.539,0.000,0.000,0.000,-223287
2.052781833,127254804,3.266,-9.094,-0.539,0.000,0.000,0.000,-222563
2.052885542,127260024,3.266,-9.094,-0.539,0.000,0.000,0.000,-222574
2.052994167,127264244,3.266,-9.094,-0.539,0.000,0.000,0.000,-222447
2.053113458,127268465,3.266,-9.094,-0.539,0.000,0.000,0.000,-222098
2.053239792,127272686,3.266,-9.094,-0.539,0.000,0.000,0.000,-222627
2.053349125,127277906,3.227,-9.137,-0.617,0.000,0.000,0.000,-223582
2.05345275,127281127,3.227,-9.137,-0.617,0.000,0.000,0.000,-221947
2.053571167,127286348,3.227,-9.137,-0.617,0.000,0.000,0.000,-222034
2.053673583,127290569,3.227,-9.137,-0.617,0.000,0.000,0.000,-222460
2.053852125,127293789,3.227,-9.137,-0.617,0.000,0.000,0.000,-222908
2.053954917,127299009,3.227,-9.137,-0.617,0.000,0.000,0.000,-223041
2.054063917,127303229,3.227,-9.137,-0.617,0.000,0.000,0.000,-222263
2.054406458,127309450,3.266,-9.176,-0.617,0.000,0.000,0.000,-222146
2.054518958,127311671,3.266,-9.176,-0.617,0.000,0.000,0.000,-222725
2.0546305,127316892,3.266,-9.176,-0.617,0.000,0.000,0.000,-223291
2.054746583,127322113,3.266,-9.176,-0.617,0.000,0.000,0.000,-222260
2.054858958,127327333,3.266,-9.133,-0.578,0.000,0.000,0.000,-222773
2.054964167,127329554,3.266,-9.133,-0.578,0.000,0.000,0.000,-222473
2.055073458,127334775,3.266,-9.133,-0.578,0.000,0.000,0.000,-222859
2.055177708,127338995,3.266,-9.133,-0.578,0.000,0.000,0.000,-223236
2.05528025,127342216,3.266,-9.133,-0.578,0.000,0.000,0.000,-222427
2.0553935,127346436,3.266,-9.133,-0.578,0.000,0.000,0.000,-222276
2.055499167,127351657,3.266,-9.133,-0.578,0.000,0.000,0.000,-222281
2.055607583,127356878,3.266,-9.176,-0.578,0.000,0.000,0.000,-221875
2.055710458,127359098,3.266,-9.176,-0.578,0.000,0.000,0.000,-222451
2.055812375,127364318,3.266,-9.176,-0.578,0.000,0.000,0.000,-222263
2.0559315,127368538,3.266,-9.176,-0.578,0.000,0.000,0.000,-221978
2.05604175,127372759,3.266,-9.176,-0.578,0.000,0.000,0.000,-222574
2.056149833,127376979,3.266,-9.176,-0.617,0.000,0.000,0.000,-222470
2.056255792,127379199,3.266,-9.176,-0.617,0.000,0.000,0.000,-222650
2.05636825,127384419,3.266,-9.176,-0.617,0.000,0.000,0.000,-221842
2.056473583,127388640,3.266,-9.176,-0.617,0.000,0.000,0.000,-222200
2.056586292,127392860,3.266,-9.176,-0.617,0.000,0.000,0.000,-222716
2.056700583,127398083,3.266,-9.176,-0.617,0.000,0.000,0.000,-222696
2.056803167,127402303,3.266,-9.176,-0.617,0.000,0.000,0.000,-222558
2.056909542,127406523,3.266,-9.176,-0.539,0.000,0.000,0.000,-222386
2.057005833,127409743,3.266,-9.176,-0.539,0.000,0.000,0.000,-223618
2.057111458,127415963,3.266,-9.176,-0.539,0.000,0.000,0.000,-222779
2.05720825,127420184,3.266,-9.176,-0.539,0.000,0.000,0.000,-222104
2.057315167,127424405,3.266,-9.176,-0.539,0.000,0.000,0.000,-222698
2.057420875,127429626,3.266,-9.176,-0.539,0.000,0.000,0.000,-222503
2.057521917,127433846,3.266,-9.176,-0.539,0.000,0.000,0.000,-221805
2.057626375,127438066,3.266,-9.172,-0.691,0.000,0.000,0.000,-221869
2.057722417,127440286,3.266,-9.172,-0.691,0.000,0.000,0.000,-222493
2.057820792,127444506,3.266,-9.172,-0.691,0.000,0.000,0.000,-223965
2.0579195,127449726,3.266,-9.094,-0.578,0.000,0.000,0.000,-222796
2.058018792,127452947,3.266,-9.094,-0.578,0.000,0.000,0.000,-222739
2.058122667,127459168,3.266,-9.094,-0.578,0.000,0.000,0.000,-223359
2.058219167,127463388,3.266,-9.094,-0.578,0.000,0.000,0.000,-222305
2.058325792,127467609,3.266,-9.094,-0.578,0.000,0.000,0.000,-222186
2.058422375,127471830,3.266,-9.094,-0.578,0.000,0.000,0.000,-222430
2.058525292,127477051,3.266,-9.094,-0.578,0.000,0.000,0.000,-223153
2.058634542,127481271,3.227,-9.098,-0.617,0.000,0.000,0.000,-222401
2.0587325,127484491,3.227,-9.098,-0.617,0.000,0.000,0.000,-222269
2.058836,127489711,3.227,-9.098,-0.617,0.000,0.000,0.000,-222245
2.058933708,127493932,3.227,-9.098,-0.617,0.000,0.000,0.000,-221908
2.059038833,127499153,3.227,-9.098,-0.617,0.000,0.000,0.000,-222614
2.05913475,127503374,3.227,-9.098,-0.617,0.000,0.000,0.000,-222546
2.059235875,127507595,3.227,-9.098,-0.617,0.000,0.000,0.000,-222023
2.059337417,127511816,3.266,-9.094,-0.617,0.000,0.000,0.000,-222664
2.059433792,127515036,3.266,-9.094,-0.617,0.000,0.000,0.000,-222409
2.059541,127520256,3.266,-9.094,-0.617,0.000,0.000,0.000,-222487
2.059638417,127524476,3.266,-9.094,-0.617,0.000,0.000,0.000,-223490
2.059741208,127528696,3.266,-9.094,-0.617,0.000,0.000,0.000,-222510
2.059889792,127532916,3.266,-9.094,-0.617,0.000,0.000,0.000,-222119
2.05998625,127538137,3.266,-9.094,-0.617,0.000,0.000,0.000,-223222
2.060087917,127542357,3.266,-9.133,-0.617,0.000,0.000,0.000,-222696
2.06018425,127544577,3.266,-9.133,-0.617,0.000,0.000,0.000,-223384
2.06028575,127549797,3.266,-9.133,-0.617,0.000,0.000,0.000,-222142
2.060381625,127554017,3.266,-9.133,-0.617,0.000,0.000,0.000,-222385
2.060480875,127560237,3.266,-9.133,-0.617,0.000,0.000,0.000,-222410
2.06058025,127565458,3.266,-9.133,-0.617,0.000,0.000,0.000,-223618
2.060681667,127569679,3.266,-9.133,-0.617,0.000,0.000,0.000,-222077
2.060791333,127573900,3.227,-9.137,-0.617,0.000,0.000,0.000,-222546
2.060888208,127577120,3.227,-9.137,-0.617,0.000,0.000,0.000,-222748
2.060988792,127583341,3.227,-9.137,-0.617,0.000,0.000,0.000,-222083
2.061085,127587561,3.227,-9.137,-0.617,0.000,0.000,0.000,-222367
2.061180708,127591781,3.227,-9.137,-0.617,0.000,0.000,0.000,-223479
2.061282083,127597002,3.227,-9.137,-0.617,0.000,0.000,0.000,-222720
2.061377583,127601222,3.227,-9.137,-0.617,0.000,0.000,0.000,-221984
2.061478708,127605442,3.227,-9.137,-0.578,0.000,0.000,0.000,-222765
2.061576167,127608662,3.227,-9.137,-0.578,0.000,0.000,0.000,-222944
2.061679708,127613883,3.227,-9.137,-0.578,0.000,0.000,0.000,-221744
2.061775542,127618104,3.227,-9.137,-0.578,0.000,0.000,0.000,-222728
2.061874,127622324,3.227,-9.137,-0.578,0.000,0.000,0.000,-223154
2.061975167,127626545,3.227,-9.137,-0.578,0.000,0.000,0.000,-223300
2.062072625,127630765,3.227,-9.137,-0.578,0.000,0.000,0.000,-222494
2.062177542,127633986,3.227,-9.137,-0.539,0.000,0.000,0.000,-222621
2.062273292,127637207,3.227,-9.137,-0.539,0.000,0.000,0.000,-221616
2.06237375,127642428,3.227,-9.137,-0.539,0.000,0.000,0.000,-222798
2.0624695,127646648,3.227,-9.137,-0.539,0.000,0.000,0.000,-222233
2.062565792,127649869,3.227,-9.137,-0.539,0.000,0.000,0.000,-222253
2.062666458,127654090,3.227,-9.137,-0.539,0.000,0.000,0.000,-222703
2.062762,127658310,3.227,-9.137,-0.539,0.000,0.000,0.000,-222775
2.062866,127662531,3.266,-9.133,-0.578,0.000,0.000,0.000,-222954
2.062962167,127664751,3.266,-9.133,-0.578,0.000,0.000,0.000,-221561
2.063068583,127669972,3.266,-9.133,-0.578,0.000,0.000,0.000,-222311
2.063179542,127674193,3.266,-9.133,-0.578,0.000,0.000,0.000,-223027
2.063308583,127678413,3.266,-9.133,-0.578,0.000,0.000,0.000,-222723
2.063408583,127682634,3.266,-9.133,-0.578,0.000,0.000,0.000,-223070
2.063505042,127687854,3.266,-9.133,-0.578,0.000,0.000,0.000,-222163
2.063606583,127692075,3.266,-9.133,-0.578,0.000,0.000,0.000,-222873
2.063703667,127695295,3.266,-9.133,-0.578,0.000,0.000,0.000,-222149
2.063816,127701516,3.266,-9.133,-0.578,0.000,0.000,0.000,-222026
2.063913667,127705737,3.266,-9.133,-0.578,0.000,0.000,0.000,-221915
2.064052917,127708958,3.266,-9.133,-0.578,0.000,0.000,0.000,-222882
2.064157708,127713179,3.266,-9.133,-0.578,0.000,0.000,0.000,-222740
2.0644245,127717399,3.266,-9.133,-0.578,0.000,0.000,0.000,-222521
2.064527042,127721619,3.266,-9.176,-0.617,0.000,0.000,0.000,-222190
2.0646235,127724840,3.266,-9.176,-0.617,0.000,0.000,0.000,-223372
2.067089583,127730060,3.266,-9.176,-0.617,0.000,0.000,0.000,-222013
2.067183875,127734280,3.266,-9.176,-0.617,0.000,0.000,0.000,-222751
2.067280958,127739500,3.266,-9.176,-0.617,0.000,0.000,0.000,-222703
2.067387125,127743721,3.266,-9.176,-0.617,0.000,0.000,0.000,-223538
2.067483292,127748941,3.266,-9.176,-0.617,0.000,0.000,0.000,-222382
2.067591875,127753162,3.266,-9.094,-0.539,0.000,0.000,0.000,-222080
2.067685583,127756382,3.266,-9.094,-0.539,0.000,0.000,0.000,-222869
2.067779042,127761602,3.266,-9.094,-0.539,0.000,0.000,0.000,-223363
2.067883833,127766823,3.266,-9.094,-0.539,0.000,0.000,0.000,-222890
2.067976958,127770044,3.227,-9.172,-0.617,0.000,0.000,0.000,-221611
2.068078667,127772264,3.227,-9.172,-0.617,0.000,0.000,0.000,-222278
2.068172167,127777485,3.227,-9.172,-0.617,0.000,0.000,0.000,-223178
2.068270583,127781705,3.227,-9.172,-0.617,0.000,0.000,0.000,-222350
2.068364375,127786926,3.227,-9.172,-0.617,0.000,0.000,0.000,-222312
2.068456542,127791146,3.227,-9.172,-0.617,0.000,0.000,0.000,-222922
2.068565083,127797366,3.227,-9.172,-0.617,0.000,0.000,0.000,-222662
2.068658292,127801587,3.266,-9.133,-0.617,0.000,0.000,0.000,-222322
2.068759,127804807,3.266,-9.133,-0.617,0.000,0.000,0.000,-222307
2.068852667,127812027,3.266,-9.133,-0.617,0.000,0.000,0.000,-223185
2.0689545,127816247,3.266,-9.133,-0.617,0.000,0.000,0.000,-222751
2.069047958,127819468,3.266,-9.133,-0.617,0.000,0.000,0.000,-222305
2.06914125,127824688,3.266,-9.133,-0.617,0.000,0.000,0.000,-222376
2.069242792,127829909,3.266,-9.133,-0.617,0.000,0.000,0.000,-222641
2.0693515,127835130,3.266,-9.176,-0.539,0.000,0.000,0.000,-222304
2.069455958,127838350,3.266,-9.176,-0.539,0.000,0.000,0.000,-222429
2.069561042,127844570,3.266,-9.176,-0.539,0.000,0.000,0.000,-223320
2.06965825,127848791,3.266,-9.176,-0.539,0.000,0.000,0.000,-222136
2.069751708,127853012,3.266,-9.176,-0.539,0.000,0.000,0.000,-222357
2.069845167,127859232,3.266,-9.176,-0.539,0.000,0.000,0.000,-223381
2.069943417,127863452,3.266,-9.176,-0.539,0.000,0.000,0.000,-221644
2.070036583,127867672,3.227,-9.137,-0.539,0.000,0.000,0.000,-223063
2.07013725,127869892,3.227,-9.137,-0.539,0.000,0.000,0.000,-222392
2.070230667,127874113,3.227,-9.137,-0.539,0.000,0.000,0.000,-223226
2.070333,127879334,3.227,-9.137,-0.539,0.000,0.000,0.000,-223027
2.070427458,127882554,3.227,-9.137,-0.539,0.000,0.000,0.000,-222876
2.070526417,127887774,3.227,-9.137,-0.539,0.000,0.000,0.000,-222538
2.070626792,127891995,3.227,-9.137,-0.539,0.000,0.000,0.000,-222092
2.07071975,127896216,3.227,-9.172,-0.656,0.000,0.000,0.000,-222835
2.07081725,127899436,3.227,-9.172,-0.656,0.000,0.000,0.000,-221966
2.070907458,127904657,3.227,-9.172,-0.656,0.000,0.000,0.000,-222237
2.070996875,127908879,3.227,-9.172,-0.656,0.000,0.000,0.000,-222964
2.071085292,127913100,3.227,-9.172,-0.656,0.000,0.000,0.000,-223069
2.0711765,127918320,3.227,-9.172,-0.656,0.000,0.000,0.000,-222698
2.071264667,127922541,3.227,-9.172,-0.656,0.000,0.000,0.000,-222636
2.071355458,127926761,3.227,-9.137,-0.539,0.000,0.000,0.000,-222613
2.071443083,127928982,3.227,-9.137,-0.539,0.000,0.000,0.000,-223352
2.071539583,127933202,3.227,-9.137,-0.539,0.000,0.000,0.000,-221866
2.071631125,127937423,3.227,-9.137,-0.539,0.000,0.000,0.000,-223221
2.071719333,127941644,3.227,-9.137,-0.539,0.000,0.000,0.000,-223223
2.071810208,127946864,3.227,-9.137,-0.539,0.000,0.000,0.000,-222300
2.0718985,127952084,3.227,-9.137,-0.539,0.000,0.000,0.000,-222105
2.071988583,127957304,3.266,-9.176,-0.617,0.000,0.000,0.000,-222555
2.072077333,127960524,3.266,-9.176,-0.617,0.000,0.000,0.000,-223219
2.072165875,127965744,3.266,-9.176,-0.617,0.000,0.000,0.000,-222901
2.072254625,127969965,3.266,-9.176,-0.617,0.000,0.000,0.000,-222096
2.0723455,127975185,3.266,-9.176,-0.617,0.000,0.000,0.000,-223629
2.076369875,127979406,3.266,-9.176,-0.617,0.000,0.000,0.000,-222225
2.079593375,127982627,3.266,-9.176,-0.617,0.000,0.000,0.000,-222562
2.083820667,127986848,3.266,-9.133,-0.617,0.000,0.000,0.000,-222108
2.087035458,127990069,3.266,-9.133,-0.617,0.000,0.000,0.000,-222900
2.093264042,127996290,3.266,-9.133,-0.617,0.000,0.000,0.000,-222726
2.0974395,128000511,3.266,-9.133,-0.617,0.000,0.000,0.000,-222298
2.10169775,128004731,3.266,-9.133,-0.617,0.000,0.000,0.000,-222222
2.106896917,128009951,3.266,-9.133,-0.617,0.000,0.000,0.000,-223013
2.11113575,128014172,3.266,-9.133,-0.617,0.000,0.000,0.000,-222516
2.115372042,128018392,3.266,-9.133,-0.617,0.000,0.000,0.000,-222339
2.11857975,128021612,3.266,-9.133,-0.617,0.000,0.000,0.000,-222889
2.124824708,128027832,3.266,-9.133,-0.617,0.000,0.000,0.000,-223033
2.129042708,128032053,3.266,-9.133,-0.617,0.000,0.000,0.000,-222345
2.134256042,128037273,3.266,-9.133,-0.617,0.000,0.000,0.000,-222058
2.139488125,128042494,3.266,-9.133,-0.617,0.000,0.000,0.000,-222517
2.144849417,128047714,3.266,-9.133,-0.578,0.000,0.000,0.000,-223122
2.147923333,128050934,3.266,-9.133,-0.578,0.000,0.000,0.000,-222363
2.154162917,128057155,3.266,-9.133,-0.578,0.000,0.000,0.000,-222843
2.158366917,128061376,3.266,-9.133,-0.578,0.000,0.000,0.000,-222354
2.163612333,128066597,3.266,-9.133,-0.578,0.000,0.000,0.000,-222736
2.167816667,128070818,3.266,-9.133,-0.578,0.000,0.000,0.000,-222554
2.174085042,128077039,3.266,-9.133,-0.578,0.000,0.000,0.000,-222879
2.178157083,128081260,3.266,-9.133,-0.578,0.000,0.000,0.000,-222592
2.180456667,128083480,3.266,-9.133,-0.578,0.000,0.000,0.000,-223291
2.184738083,128087700,3.266,-9.133,-0.578,0.000,0.000,0.000,-221675
2.188924625,128091921,3.266,-9.133,-0.578,0.000,0.000,0.000,-222503
2.194101333,128097142,3.266,-9.133,-0.578,0.000,0.000,0.000,-222022
2.198359917,128101362,3.266,-9.133,-0.578,0.000,0.000,0.000,-222505
2.201570292,128104582,3.266,-9.133,-0.578,0.000,0.000,0.000,-222491
2.205775583,128108803,3.266,-9.094,-0.617,0.000,0.000,0.000,-222856
2.208997958,128112024,3.266,-9.094,-0.617,0.000,0.000,0.000,-222802
2.215269667,128118244,3.266,-9.094,-0.617,0.000,0.000,0.000,-221480
2.219487833,128122464,3.266,-9.094,-0.617,0.000,0.000,0.000,-221971
2.223723958,128126684,3.266,-9.094,-0.617,0.000,0.000,0.000,-222461
2.227916542,128130905,3.266,-9.094,-0.617,0.000,0.000,0.000,-222070
2.232115917,128135126,3.266,-9.094,-0.617,0.000,0.000,0.000,-222160
2.237307667,128140346,3.266,-9.133,-0.617,0.000,0.000,0.000,-223189
2.24061675,128143566,3.266,-9.133,-0.617,0.000,0.000,0.000,-223004
2.24588225,128148787,3.266,-9.133,-0.617,0.000,0.000,0.000,-222809
2.2499045,128153008,3.266,-9.133,-0.617,0.000,0.000,0.000,-222453
2.25525025,128158229,3.266,-9.133,-0.617,0.000,0.000,0.000,-222042
2.259527458,128162450,3.266,-9.133,-0.617,0.000,0.000,0.000,-222875
2.263675083,128166671,3.266,-9.133,-0.617,0.000,0.000,0.000,-222543
2.26892175,128171892,3.227,-9.137,-0.539,0.000,0.000,0.000,-222373
2.272150708,128175112,3.227,-9.137,-0.539,0.000,0.000,0.000,-223099
2.278357292,128181333,3.227,-9.137,-0.539,0.000,0.000,0.000,-222372
2.282632292,128185554,3.227,-9.137,-0.539,0.000,0.000,0.000,-222776
2.286981042,128189774,3.227,-9.137,-0.539,0.000,0.000,0.000,-222487
2.291072,128193994,3.227,-9.137,-0.539,0.000,0.000,0.000,-222866
2.296323208,128199215,3.227,-9.137,-0.539,0.000,0.000,0.000,-222191
2.300459583,128203436,3.266,-9.176,-0.617,0.000,0.000,0.000,-222226
2.303808,128206657,3.266,-9.176,-0.617,0.000,0.000,0.000,-223067
2.308920333,128211877,3.266,-9.176,-0.617,0.000,0.000,0.000,-223128
2.314320583,128217098,3.266,-9.176,-0.617,0.000,0.000,0.000,-223869
2.318436417,128221319,3.266,-9.176,-0.617,0.000,0.000,0.000,-221986
2.321746375,128224540,3.266,-9.176,-0.617,0.000,0.000,0.000,-222680
2.325891875,128228761,3.266,-9.133,-0.578,0.000,0.000,0.000,-223469
2.327982708,128230981,3.266,-9.133,-0.578,0.000,0.000,0.000,-222334
2.332389375,128235201,3.266,-9.133,-0.578,0.000,0.000,0.000,-221866
2.337416208,128240421,3.266,-9.133,-0.578,0.000,0.000,0.000,-222550
2.341690042,128244641,3.266,-9.133,-0.578,0.000,0.000,0.000,-223249
2.345862625,128248861,3.266,-9.133,-0.578,0.000,0.000,0.000,-222771
2.349567583,128252082,3.266,-9.133,-0.578,0.000,0.000,0.000,-222428
2.354551583,128257302,3.227,-9.133,-0.691,0.000,0.000,0.000,-222921
2.356686875,128259522,3.227,-9.133,-0.691,0.000,0.000,0.000,-222076
2.36098375,128263743,3.227,-9.133,-0.691,0.000,0.000,0.000,-221927
2.365036375,128267964,3.227,-9.133,-0.691,0.000,0.000,0.000,-221840
2.3692985,128272185,3.227,-9.133,-0.691,0.000,0.000,0.000,-222701
2.374516708,128277406,3.227,-9.133,-0.691,0.000,0.000,0.000,-222782
2.378692458,128281626,3.227,-9.133,-0.691,0.000,0.000,0.000,-222513
2.383211167,128285847,3.266,-9.176,-0.500,0.000,0.000,0.000,-222219
2.386277667,128289068,3.266,-9.176,-0.500,0.000,0.000,0.000,-222737
2.392337,128295288,3.266,-9.176,-0.500,0.000,0.000,0.000,-223217
2.396632875,128299509,3.266,-9.176,-0.500,0.000,0.000,0.000,-222370
2.399833167,128302730,3.266,-9.176,-0.500,0.000,0.000,0.000,-222747
2.404241625,128306951,3.266,-9.176,-0.500,0.000,0.000,0.000,-222134
2.409391208,128312172,3.266,-9.176,-0.500,0.000,0.000,0.000,-223318
2.416462083,128319393,3.227,-9.137,-0.578,0.000,0.000,0.000,-222979
2.41971025,128322614,3.227,-9.137,-0.578,0.000,0.000,0.000,-223362
2.424935333,128327834,3.227,-9.137,-0.578,0.000,0.000,0.000,-223593
2.4292165,128332055,3.227,-9.137,-0.578,0.000,0.000,0.000,-222406
2.434334583,128337275,3.227,-9.137,-0.578,0.000,0.000,0.000,-222093
2.438631583,128341496,3.227,-9.137,-0.578,0.000,0.000,0.000,-222801
2.442886167,128345717,3.227,-9.137,-0.578,0.000,0.000,0.000,-223035
2.448030208,128350937,3.227,-9.137,-0.617,0.000,0.000,0.000,-221992
2.451418417,128354158,3.227,-9.137,-0.617,0.000,0.000,0.000,-222537
2.457502292,128360379,3.227,-9.137,-0.617,0.000,0.000,0.000,-223411
2.461636708,128364600,3.227,-9.137,-0.617,0.000,0.000,0.000,-222264
2.46587825,128368821,3.227,-9.137,-0.617,0.000,0.000,0.000,-222440
2.470189667,128373042,3.227,-9.137,-0.617,0.000,0.000,0.000,-222725
2.475343,128378263,3.227,-9.137,-0.617,0.000,0.000,0.000,-222595
2.47955275,128382483,3.266,-9.133,-0.656,0.000,0.000,0.000,-222079
2.482837208,128385704,3.266,-9.133,-0.656,0.000,0.000,0.000,-222461
2.489007208,128391924,3.266,-9.133,-0.656,0.000,0.000,0.000,-223556
2.493188125,128396145,3.266,-9.133,-0.656,0.000,0.000,0.000,-222725
2.497492542,128400368,3.266,-9.133,-0.656,0.000,0.000,0.000,-221929
2.502938292,128405589,3.266,-9.133,-0.656,0.000,0.000,0.000,-222275
2.507412917,128409809,3.266,-9.133,-0.656,0.000,0.000,0.000,-223049
2.51105575,128414029,3.227,-9.137,-0.539,0.000,0.000,0.000,-222845
2.51554025,128417250,3.227,-9.137,-0.539,0.000,0.000,0.000,-222097
2.520695458,128423470,3.227,-9.137,-0.539,0.000,0.000,0.000,-223227
2.524820417,128427690,3.227,-9.137,-0.539,0.000,0.000,0.000,-223144
2.528973,128431910,3.227,-9.137,-0.539,0.000,0.000,0.000,-222603
2.534201833,128437130,3.227,-9.137,-0.539,0.000,0.000,0.000,-222223
2.538839,128441350,3.227,-9.137,-0.539,0.000,0.000,0.000,-223024
2.542137042,128444571,3.266,-9.133,-0.617,0.000,0.000,0.000,-222695
2.5448165,128447791,3.266,-9.133,-0.617,0.000,0.000,0.000,-222892
2.550632167,128453011,3.266,-9.133,-0.617,0.000,0.000,0.000,-222124
2.555480083,128458232,3.266,-9.133,-0.617,0.000,0.000,0.000,-222235
2.559470083,128462453,3.266,-9.133,-0.617,0.000,0.000,0.000,-221927
2.564185083,128466673,3.266,-9.133,-0.617,0.000,0.000,0.000,-222508
2.568204917,128470894,3.266,-9.133,-0.617,0.000,0.000,0.000,-222748
2.572415792,128475115,3.266,-9.133,-0.617,0.000,0.000,0.000,-223026
2.575321917,128478336,3.266,-9.133,-0.617,0.000,0.000,0.000,-223174
2.582316958,128484557,3.266,-9.133,-0.617,0.000,0.000,0.000,-222410
2.586102542,128488778,3.266,-9.133,-0.617,0.000,0.000,0.000,-223335
2.59013175,128492999,3.266,-9.133,-0.617,0.000,0.000,0.000,-223003
2.595491083,128498220,3.266,-9.133,-0.617,0.000,0.000,0.000,-222334
2.599571083,128502440,3.266,-9.133,-0.617,0.000,0.000,0.000,-222794
2.603836125,128506660,3.305,-9.133,-0.578,0.000,0.000,0.000,-223373
2.605866875,128508880,3.305,-9.133,-0.578,0.000,0.000,0.000,-222207
2.610115417,128513100,3.305,-9.133,-0.578,0.000,0.000,0.000,-222688
2.615373333,128518320,3.305,-9.133,-0.578,0.000,0.000,0.000,-222333
2.619622708,128522541,3.305,-9.133,-0.578,0.000,0.000,0.000,-222680
2.623919708,128526762,3.305,-9.133,-0.578,0.000,0.000,0.000,-222417
2.629174542,128531983,3.305,-9.133,-0.578,0.000,0.000,0.000,-222652
2.63427375,128537204,3.266,-9.133,-0.578,0.000,0.000,0.000,-222896
2.637436,128540424,3.266,-9.133,-0.578,0.000,0.000,0.000,-223277
2.642571583,128545644,3.266,-9.133,-0.578,0.000,0.000,0.000,-222778
2.646846333,128549865,3.266,-9.133,-0.578,0.000,0.000,0.000,-222623
2.650074167,128553086,3.266,-9.133,-0.578,0.000,0.000,0.000,-222960
2.656314292,128559307,3.266,-9.133,-0.578,0.000,0.000,0.000,-222860
2.660618208,128563528,3.266,-9.133,-0.578,0.000,0.000,0.000,-222900
2.667778542,128570748,3.227,-9.172,-0.617,0.000,0.000,0.000,-222178
2.669936417,128572969,3.227,-9.172,-0.617,0.000,0.000,0.000,-221663
2.675078625,128578190,3.227,-9.172,-0.617,0.000,0.000,0.000,-222427
2.679370583,128582411,3.227,-9.172,-0.617,0.000,0.000,0.000,-222502
2.682614625,128585632,3.227,-9.172,-0.617,0.000,0.000,0.000,-223087
2.686818917,128589852,3.227,-9.172,-0.617,0.000,0.000,0.000,-222267
2.692020833,128595074,3.227,-9.172,-0.617,0.000,0.000,0.000,-222336
2.69725575,128600294,3.266,-9.133,-0.578,0.000,0.000,0.000,-222278
2.700459792,128603515,3.266,-9.133,-0.578,0.000,0.000,0.000,-222797
2.705720042,128608736,3.266,-9.133,-0.578,0.000,0.000,0.000,-223510
2.709897292,128612957,3.266,-9.133,-0.578,0.000,0.000,0.000,-223063
2.715153458,128618177,3.266,-9.133,-0.578,0.000,0.000,0.000,-222673
2.7193655,128622398,3.266,-9.133,-0.578,0.000,0.000,0.000,-222217
2.7236275,128626619,3.266,-9.133,-0.578,0.000,0.000,0.000,-222483
2.72678775,128629839,3.266,-9.176,-0.578,0.000,0.000,0.000,-222942
2.730009625,128633059,3.266,-9.176,-0.578,0.000,0.000,0.000,-222717
2.736188333,128639279,3.266,-9.176,-0.578,0.000,0.000,0.000,-222853
2.740489708,128643500,3.266,-9.176,-0.578,0.000,0.000,0.000,-222940
2.744682167,128647721,3.266,-9.176,-0.578,0.000,0.000,0.000,-222517
2.749918167,128652941,3.266,-9.176,-0.578,0.000,0.000,0.000,-222359
2.75516475,128658162,3.266,-9.176,-0.578,0.000,0.000,0.000,-222933
2.759328833,128662367,3.305,-9.133,-0.578,0.000,0.000,0.000,-222933
2.761542125,128664587,3.305,-9.133,-0.578,0.000,0.000,0.000,-222185
2.765797708,128668808,3.305,-9.133,-0.578,0.000,0.000,0.000,-222510
2.770074458,128673031,3.305,-9.133,-0.578,0.000,0.000,0.000,-222088
2.7745265,128677252,3.305,-9.133,-0.578,0.000,0.000,0.000,-223851
2.778472167,128681473,3.305,-9.133,-0.578,0.000,0.000,0.000,-222602
2.781787792,128684694,3.305,-9.133,-0.578,0.000,0.000,0.000,-222761
2.786227,128688914,3.266,-9.133,-0.539,0.000,0.000,0.000,-223050
2.78814675,128691135,3.266,-9.133,-0.539,0.000,0.000,0.000,-222577
2.794400375,128697355,3.266,-9.133,-0.539,0.000,0.000,0.000,-222964
2.798592875,128701575,3.266,-9.133,-0.539,0.000,0.000,0.000,-221929
2.802798917,128705795,3.266,-9.133,-0.539,0.000,0.000,0.000,-222803
2.807020375,128710016,3.266,-9.133,-0.539,0.000,0.000,0.000,-223038
2.811252,128714237,3.305,-9.133,-0.539,0.000,0.000,0.000,-222362
2.814461667,128717458,3.305,-9.133,-0.539,0.000,0.000,0.000,-222207
2.819724625,128722679,3.305,-9.133,-0.539,0.000,0.000,0.000,-222556
2.824907292,128727899,3.305,-9.133,-0.539,0.000,0.000,0.000,-222354
2.829208792,128732120,3.305,-9.133,-0.539,0.000,0.000,0.000,-221929
2.834383958,128737341,3.305,-9.133,-0.539,0.000,0.000,0.000,-222464
2.839633875,128742562,3.305,-9.133,-0.539,0.000,0.000,0.000,-222744
2.844316542,128746783,3.266,-9.094,-0.617,0.000,0.000,0.000,-222910
2.847027125,128750003,3.266,-9.094,-0.617,0.000,0.000,0.000,-222189
2.852268792,128755223,3.266,-9.094,-0.617,0.000,0.000,0.000,-222437
2.856525292,128759443,3.266,-9.094,-0.617,0.000,0.000,0.000,-223162
2.860650667,128763663,3.266,-9.094,-0.617,0.000,0.000,0.000,-222425
2.864940625,128767883,3.266,-9.094,-0.617,0.000,0.000,0.000,-221995
2.869113833,128772103,3.266,-9.094,-0.617,0.000,0.000,0.000,-222709
2.874374875,128777324,3.266,-9.133,-0.578,0.000,0.000,0.000,-222228
2.8775885,128780545,3.266,-9.133,-0.578,0.000,0.000,0.000,-222454
2.88285125,128785765,3.266,-9.133,-0.578,0.000,0.000,0.000,-222382
2.887043042,128789986,3.266,-9.133,-0.578,0.000,0.000,0.000,-222826
2.890608042,128793207,3.266,-9.133,-0.578,0.000,0.000,0.000,-222787
2.896526167,128799428,3.266,-9.133,-0.578,0.000,0.000,0.000,-222970
2.900687208,128803648,3.266,-9.133,-0.578,0.000,0.000,0.000,-222193
2.904957167,128807869,3.305,-9.133,-0.539,0.000,0.000,0.000,-222736
2.90714325,128810089,3.305,-9.133,-0.539,0.000,0.000,0.000,-222532
2.912382417,128815309,3.305,-9.133,-0.539,0.000,0.000,0.000,-223445
2.917576667,128820529,3.305,-9.133,-0.539,0.000,0.000,0.000,-223058
2.921866583,128824750,3.305,-9.133,-0.539,0.000,0.000,0.000,-222504
2.928015208,128830971,3.305,-9.133,-0.539,0.000,0.000,0.000,-222617
2.932382792,128835192,3.305,-9.133,-0.539,0.000,0.000,0.000,-223061
2.937124833,128839412,3.266,-9.133,-0.578,0.000,0.000,0.000,-222726
2.938677458,128841633,3.266,-9.133,-0.578,0.000,0.000,0.000,-222851
2.9439505,128846854,3.266,-9.133,-0.578,0.000,0.000,0.000,-223043
2.948643125,128850075,3.266,-9.133,-0.578,0.000,0.000,0.000,-222089
2.951391417,128854295,3.266,-9.133,-0.578,0.000,0.000,0.000,-221734
2.956744208,128859515,3.266,-9.133,-0.578,0.000,0.000,0.000,-222845
2.960790125,128863735,3.266,-9.133,-0.578,0.000,0.000,0.000,-223196
2.965133833,128867955,3.227,-9.172,-0.578,0.000,0.000,0.000,-222407
2.968542667,128871175,3.227,-9.172,-0.578,0.000,0.000,0.000,-221780
2.974731625,128877395,3.227,-9.172,-0.578,0.000,0.000,0.000,-222827
2.978669208,128881615,3.227,-9.172,-0.578,0.000,0.000,0.000,-222047
2.983479292,128885836,3.227,-9.172,-0.578,0.000,0.000,0.000,-223146
2.987130375,128890057,3.227,-9.172,-0.578,0.000,0.000,0.000,-222525
2.991398,128894277,3.227,-9.172,-0.578,0.000,0.000,0.000,-222801
2.995639958,128898497,3.266,-9.133,-0.578,0.000,0.000,0.000,-222934
2.997729542,128900717,3.266,-9.133,-0.578,0.000,0.000,0.000,-222025
3.001942875,128904937,3.266,-9.133,-0.578,0.000,0.000,0.000,-222151
3.006266208,128909157,3.266,-9.133,-0.578,0.000,0.000,0.000,-222259
3.01045525,128913377,3.266,-9.133,-0.578,0.000,0.000,0.000,-223339
3.017352458,128919597,3.266,-9.133,-0.578,0.000,0.000,0.000,-222284
3.020860167,128923817,3.266,-9.133,-0.578,0.000,0.000,0.000,-223153
3.025072125,128928038,3.266,-9.176,-0.617,0.000,0.000,0.000,-222575
3.027313542,128930259,3.266,-9.176,-0.617,0.000,0.000,0.000,-222687
3.031564042,128934480,3.266,-9.176,-0.617,0.000,0.000,0.000,-221730
3.03574,128938701,3.266,-9.176,-0.617,0.000,0.000,0.000,-222705
3.040013042,128942922,3.266,-9.176,-0.617,0.000,0.000,0.000,-222512
3.045210042,128948143,3.266,-9.176,-0.617,0.000,0.000,0.000,-222302
3.049381708,128952364,3.266,-9.176,-0.617,0.000,0.000,0.000,-222101
3.054612375,128957584,3.305,-9.176,-0.617,0.000,0.000,0.000,-222155
3.0568145,128959805,3.305,-9.176,-0.617,0.000,0.000,0.000,-223278
3.061023333,128964027,3.305,-9.176,-0.617,0.000,0.000,0.000,-222678
3.065255958,128968248,3.305,-9.176,-0.617,0.000,0.000,0.000,-222761
3.069421333,128972468,3.305,-9.176,-0.617,0.000,0.000,0.000,-222286
3.074638417,128977689,3.305,-9.176,-0.617,0.000,0.000,0.000,-223074
3.078858583,128981909,3.305,-9.176,-0.617,0.000,0.000,0.000,-222477
3.082116333,128985130,3.305,-9.176,-0.617,0.000,0.000,0.000,-222120
3.088333042,128991350,3.305,-9.176,-0.617,0.000,0.000,0.000,-222552
3.093549292,128996571,3.305,-9.176,-0.617,0.000,0.000,0.000,-223765
3.097779375,129000791,3.305,-9.176,-0.617,0.000,0.000,0.000,-221993
3.10198925,129005012,3.305,-9.176,-0.617,0.000,0.000,0.000,-222977
3.10721825,129010233,3.305,-9.176,-0.617,0.000,0.000,0.000,-223221
3.111365583,129014439,3.266,-9.176,-0.617,0.000,0.000,0.000,-223221
3.114627042,129017659,3.266,-9.176,-0.617,0.000,0.000,0.000,-222842
3.119844583,129022879,3.266,-9.176,-0.617,0.000,0.000,0.000,-222586
3.124101708,129027100,3.266,-9.176,-0.617,0.000,0.000,0.000,-223098
3.128297125,129031320,3.266,-9.176,-0.617,0.000,0.000,0.000,-222538
3.13252475,129035541,3.266,-9.176,-0.617,0.000,0.000,0.000,-222258
3.137752667,129040761,3.266,-9.133,-0.617,0.000,0.000,0.000,-222068
3.139973083,129042982,3.266,-9.133,-0.617,0.000,0.000,0.000,-222462
3.14517375,129048203,3.266,-9.133,-0.617,0.000,0.000,0.000,-223062
3.149394417,129052423,3.266,-9.133,-0.617,0.000,0.000,0.000,-222789
3.154667792,129057643,3.266,-9.133,-0.617,0.000,0.000,0.000,-222526
3.1578505,129060864,3.227,-9.172,-0.617,0.000,0.000,0.000,-222713
3.162066292,129065085,3.227,-9.172,-0.617,0.000,0.000,0.000,-222833
3.16629275,129069305,3.227,-9.172,-0.617,0.000,0.000,0.000,-222191
3.169488708,129072525,3.227,-9.172,-0.617,0.000,0.000,0.000,-222639
3.176789458,129079748,3.227,-9.172,-0.617,0.000,0.000,0.000,-223480
3.180927292,129083968,3.227,-9.172,-0.617,0.000,0.000,0.000,-222813
3.185233667,129088189,3.227,-9.172,-0.617,0.000,0.000,0.000,-222803
3.188451958,129091410,3.227,-9.172,-0.617,0.000,0.000,0.000,-222738
3.194651292,129097631,3.227,-9.172,-0.617,0.000,0.000,0.000,-223033
3.198859792,129101852,3.227,-9.172,-0.617,0.000,0.000,0.000,-222137
3.203039625,129106073,3.227,-9.172,-0.617,0.000,0.000,0.000,-222970
3.207310708,129110294,3.227,-9.172,-0.617,0.000,0.000,0.000,-223082
3.211512833,129114514,3.266,-9.176,-0.578,0.000,0.000,0.000,-222326
3.21475625,129117735,3.266,-9.176,-0.578,0.000,0.000,0.000,-222732
3.221010125,129123956,3.266,-9.176,-0.578,0.000,0.000,0.000,-222420
3.225178458,129128177,3.266,-9.176,-0.578,0.000,0.000,0.000,-221824
3.229460583,129132397,3.266,-9.176,-0.578,0.000,0.000,0.000,-222673
3.234661417,129137617,3.266,-9.176,-0.578,0.000,0.000,0.000,-222137
3.238841,129141838,3.266,-9.176,-0.539,0.000,0.000,0.000,-222629
3.242065917,129145060,3.266,-9.176,-0.539,0.000,0.000,0.000,-223454
3.248317625,129151280,3.266,-9.176,-0.539,0.000,0.000,0.000,-221632
3.252534167,129155501,3.266,-9.176,-0.539,0.000,0.000,0.000,-222365
3.2577185,129160721,3.266,-9.176,-0.539,0.000,0.000,0.000,-223528
3.262087583,129164942,3.266,-9.176,-0.539,0.000,0.000,0.000,-223097
3.266230208,129169162,3.266,-9.176,-0.539,0.000,0.000,0.000,-222304
3.27040125,129173382,3.305,-9.176,-0.617,0.000,0.000,0.000,-222161
3.273649333,129176602,3.305,-9.176,-0.617,0.000,0.000,0.000,-222771
3.279849708,129182822,3.305,-9.176,-0.617,0.000,0.000,0.000,-222542
3.284285833,129187045,3.305,-9.176,-0.617,0.000,0.000,0.000,-221516
3.287326042,129190265,3.305,-9.176,-0.617,0.000,0.000,0.000,-222784
3.291551,129194485,3.305,-9.176,-0.617,0.000,0.000,0.000,-222860
3.295784,129198706,3.305,-9.176,-0.617,0.000,0.000,0.000,-222235
3.299991208,129202926,3.305,-9.133,-0.578,0.000,0.000,0.000,-222206
3.302202417,129205146,3.305,-9.133,-0.578,0.000,0.000,0.000,-222941
3.3075265,129210366,3.305,-9.133,-0.578,0.000,0.000,0.000,-223066
3.311722,129214586,3.305,-9.133,-0.578,0.000,0.000,0.000,-223626
3.315871917,129218806,3.305,-9.133,-0.578,0.000,0.000,0.000,-222151
3.32009925,129223027,3.305,-9.133,-0.578,0.000,0.000,0.000,-222250
3.324341542,129227248,3.305,-9.133,-0.578,0.000,0.000,0.000,-222548
3.328596417,129231468,3.227,-9.137,-0.578,0.000,0.000,0.000,-222435
3.33075475,129233688,3.227,-9.137,-0.578,0.000,0.000,0.000,-222230
3.336948208,129239909,3.227,-9.137,-0.578,0.000,0.000,0.000,-222221
3.34122225,129244130,3.227,-9.137,-0.578,0.000,0.000,0.000,-222985
3.345512917,129248351,3.227,-9.137,-0.578,0.000,0.000,0.000,-223542
3.350830792,129253571,3.227,-9.137,-0.578,0.000,0.000,0.000,-222282
3.355916417,129258792,3.227,-9.137,-0.578,0.000,0.000,0.000,-223037
3.360802417,129263013,3.266,-9.176,-0.617,0.000,0.000,0.000,-223244
3.363220083,129266233,3.266,-9.176,-0.617,0.000,0.000,0.000,-222761
3.36854425,129271454,3.266,-9.176,-0.617,0.000,0.000,0.000,-222172
3.372746208,129275675,3.266,-9.176,-0.617,0.000,0.000,0.000,-222908
3.377981458,129280896,3.266,-9.176,-0.617,0.000,0.000,0.000,-222213
3.382787958,129285117,3.266,-9.176,-0.617,0.000,0.000,0.000,-222017
3.386348583,129289337,3.266,-9.176,-0.617,0.000,0.000,0.000,-222607
3.390612542,129293557,3.266,-9.176,-0.578,0.000,0.000,0.000,-222347
3.392843375,129295777,3.266,-9.176,-0.578,0.000,0.000,0.000,-222708
3.398121792,129300998,3.266,-9.176,-0.578,0.000,0.000,0.000,-222461
3.402387958,129305219,3.266,-9.176,-0.578,0.000,0.000,0.000,-222735
3.405636083,129308439,3.266,-9.176,-0.578,0.000,0.000,0.000,-222477
3.409968667,129312660,3.266,-9.176,-0.578,0.000,0.000,0.000,-222997
3.415211708,129317880,3.266,-9.176,-0.578,0.000,0.000,0.000,-222174
3.420772042,129323101,3.266,-9.176,-0.578,0.000,0.000,0.000,-222417
3.423426875,129326322,3.266,-9.176,-0.578,0.000,0.000,0.000,-221979
3.4315745,129334543,3.266,-9.176,-0.578,0.000,0.000,0.000,-222206
3.4367655,129339764,3.266,-9.176,-0.578,0.000,0.000,0.000,-222131
3.441079375,129343984,3.266,-9.176,-0.578,0.000,0.000,0.000,-224203
3.44532225,129348204,3.266,-9.176,-0.578,0.000,0.000,0.000,-223071
3.449472792,129352425,3.266,-9.176,-0.578,0.000,0.000,0.000,-222149
3.45484675,129357645,3.266,-9.133,-0.617,0.000,0.000,0.000,-222389
3.457951792,129360865,3.266,-9.133,-0.617,0.000,0.000,0.000,-222076
3.463151375,129366085,3.266,-9.133,-0.617,0.000,0.000,0.000,-223379
3.468383625,129371306,3.266,-9.133,-0.617,0.000,0.000,0.000,-222759
3.472537375,129375527,3.266,-9.133,-0.617,0.000,0.000,0.000,-222671
3.477965875,129380747,3.266,-9.133,-0.617,0.000,0.000,0.000,-222301
3.481058875,129383968,3.227,-9.137,-0.578,0.000,0.000,0.000,-222967
3.485295167,129388188,3.227,-9.137,-0.578,0.000,0.000,0.000,-222475
3.48843125,129391409,3.266,-9.133,-0.617,0.000,0.000,0.000,-223589
3.492713792,129395629,3.266,-9.133,-0.617,0.000,0.000,0.000,-223087
3.497990583,129400850,3.266,-9.133,-0.617,0.000,0.000,0.000,-223410
3.502107,129405070,3.266,-9.133,-0.617,0.000,0.000,0.000,-222892
3.506427292,129409290,3.266,-9.133,-0.617,0.000,0.000,0.000,-222342
3.510612625,129413511,3.266,-9.133,-0.617,0.000,0.000,0.000,-222209
3.516709792,129418732,3.266,-9.176,-0.656,0.000,0.000,0.000,-222521
3.519465917,129421952,3.266,-9.176,-0.656,0.000,0.000,0.000,-222082
3.524278125,129427172,3.266,-9.176,-0.656,0.000,0.000,0.000,-223057
3.527419,129430392,3.266,-9.176,-0.656,0.000,0.000,0.000,-222237
3.53172175,129434612,3.266,-9.176,-0.656,0.000,0.000,0.000,-222478
3.536913125,129439833,3.266,-9.176,-0.656,0.000,0.000,0.000,-222301
3.541259542,129444055,3.266,-9.176,-0.656,0.000,0.000,0.000,-222991
3.545622333,129448276,3.227,-9.137,-0.617,0.000,0.000,0.000,-222857
3.548814333,129451496,3.227,-9.137,-0.617,0.000,0.000,0.000,-222712
3.554868375,129457717,3.227,-9.137,-0.617,0.000,0.000,0.000,-221990
3.559023375,129461938,3.227,-9.137,-0.617,0.000,0.000,0.000,-222711
3.563296292,129466159,3.227,-9.137,-0.617,0.000,0.000,0.000,-222800
3.5675755,129470379,3.227,-9.137,-0.617,0.000,0.000,0.000,-222160
3.571902042,129474599,3.227,-9.137,-0.617,0.000,0.000,0.000,-222349
3.57713725,129479820,3.227,-9.172,-0.578,0.000,0.000,0.000,-223085
3.58035075,129483041,3.227,-9.172,-0.578,0.000,0.000,0.000,-222991
3.5870825,129489261,3.227,-9.172,-0.578,0.000,0.000,0.000,-222676
3.590599333,129493481,3.227,-9.172,-0.578,0.000,0.000,0.000,-222877
3.594845958,129497702,3.227,-9.172,-0.578,0.000,0.000,0.000,-222521
3.599115667,129501923,3.227,-9.172,-0.578,0.000,0.000,0.000,-222538
3.603455458,129506144,3.227,-9.172,-0.578,0.000,0.000,0.000,-222858
3.60768025,129510364,3.266,-9.133,-0.617,0.000,0.000,0.000,-223165
3.610114833,129512584,3.266,-9.133,-0.617,0.000,0.000,0.000,-223226
3.614293708,129516804,3.266,-9.133,-0.617,0.000,0.000,0.000,-222827
3.618241125,129521024,3.266,-9.133,-0.617,0.000,0.000,0.000,-222278
3.622582208,129525245,3.266,-9.133,-0.617,0.000,0.000,0.000,-221989
3.626455375,129529466,3.266,-9.133,-0.617,0.000,0.000,0.000,-222123
3.630764667,129533686,3.266,-9.133,-0.617,0.000,0.000,0.000,-223179
3.635975417,129538906,3.227,-9.172,-0.617,0.000,0.000,0.000,-222641
3.639191417,129542127,3.227,-9.172,-0.617,0.000,0.000,0.000,-222860
3.644491917,129547348,3.227,-9.172,-0.617,0.000,0.000,0.000,-222653
3.648684083,129551569,3.227,-9.172,-0.617,0.000,0.000,0.000,-221915
3.65416825,129556790,3.227,-9.172,-0.617,0.000,0.000,0.000,-222302
3.658117208,129561010,3.227,-9.172,-0.617,0.000,0.000,0.000,-222804
3.662287958,129565230,3.227,-9.172,-0.617,0.000,0.000,0.000,-223294
3.667569125,129570450,3.227,-9.172,-0.578,0.000,0.000,0.000,-221864
3.67073875,129573671,3.227,-9.172,-0.578,0.000,0.000,0.000,-223119
3.676975125,129579892,3.227,-9.172,-0.578,0.000,0.000,0.000,-222685
3.681202875,129584112,3.227,-9.172,-0.578,0.000,0.000,0.000,-222387
3.688418708,129591333,3.227,-9.172,-0.578,0.000,0.000,0.000,-222244
3.692672042,129595554,3.227,-9.172,-0.578,0.000,0.000,0.000,-222807
3.697887125,129600774,3.227,-9.172,-0.578,0.000,0.000,0.000,-222688
3.701199,129603994,3.266,-9.176,-0.578,0.000,0.000,0.000,-222040
3.70352275,129606215,3.266,-9.176,-0.578,0.000,0.000,0.000,-222430
3.708744917,129611435,3.266,-9.176,-0.578,0.000,0.000,0.000,-222958
3.712973292,129615655,3.266,-9.176,-0.578,0.000,0.000,0.000,-222366
3.718255833,129620875,3.266,-9.176,-0.578,0.000,0.000,0.000,-222672
3.723168875,129626095,3.266,-9.176,-0.578,0.000,0.000,0.000,-222833
3.728430625,129631315,3.266,-9.133,-0.578,0.000,0.000,0.000,-223013
3.731669917,129634535,3.266,-9.133,-0.578,0.000,0.000,0.000,-221750
3.7379825,129640755,3.266,-9.133,-0.578,0.000,0.000,0.000,-223102
3.741994208,129644976,3.266,-9.133,-0.578,0.000,0.000,0.000,-223549
3.746521167,129649197,3.266,-9.133,-0.578,0.000,0.000,0.000,-221630
3.750786167,129653418,3.266,-9.133,-0.578,0.000,0.000,0.000,-221778
3.755684542,129658638,3.266,-9.133,-0.578,0.000,0.000,0.000,-222698
3.760019208,129662858,3.266,-9.133,-0.578,0.000,0.000,0.000,-222681
3.76326675,129666078,3.266,-9.133,-0.578,0.000,0.000,0.000,-222930
3.768526792,129671298,3.266,-9.133,-0.578,0.000,0.000,0.000,-221932
3.773840917,129676519,3.266,-9.133,-0.578,0.000,0.000,0.000,-222912
3.778111583,129680740,3.266,-9.133,-0.578,0.000,0.000,0.000,-222044
3.782294417,129684961,3.266,-9.133,-0.578,0.000,0.000,0.000,-222109
3.786247833,129689182,3.266,-9.133,-0.578,0.000,0.000,0.000,-222669
3.790464917,129693403,3.227,-9.172,-0.617,0.000,0.000,0.000,-223019
3.793671583,129696624,3.227,-9.172,-0.617,0.000,0.000,0.000,-223414
3.798914667,129701845,3.227,-9.172,-0.617,0.000,0.000,0.000,-222528
3.80314925,129706065,3.227,-9.172,-0.617,0.000,0.000,0.000,-222950
3.807616375,129710285,3.227,-9.172,-0.617,0.000,0.000,0.000,-222201
3.812805667,129715505,3.227,-9.172,-0.617,0.000,0.000,0.000,-222928
3.81789,129720726,3.227,-9.172,-0.617,0.000,0.000,0.000,-222219
3.821067792,129723946,3.227,-9.172,-0.656,0.000,0.000,0.000,-223226
3.826223125,129729167,3.227,-9.172,-0.656,0.000,0.000,0.000,-222720
3.830433542,129733387,3.227,-9.172,-0.656,0.000,0.000,0.000,-221608
3.834681167,129737608,3.227,-9.172,-0.656,0.000,0.000,0.000,-222402
3.83889025,129741829,3.227,-9.172,-0.656,0.000,0.000,0.000,-221753
3.843118833,129746051,3.227,-9.172,-0.656,0.000,0.000,0.000,-222934
3.847326792,129750272,3.266,-9.133,-0.617,0.000,0.000,0.000,-222389
3.849628417,129752492,3.266,-9.133,-0.617,0.000,0.000,0.000,-221830
3.855791083,129758713,3.266,-9.133,-0.617,0.000,0.000,0.000,-222952
3.859993208,129762934,3.266,-9.133,-0.617,0.000,0.000,0.000,-222662
3.864152833,129767155,3.266,-9.133,-0.617,0.000,0.000,0.000,-223069
3.868403333,129771375,3.266,-9.133,-0.617,0.000,0.000,0.000,-222196
3.873699083,129776595,3.266,-9.133,-0.617,0.000,0.000,0.000,-223337
3.877875875,129780816,3.266,-9.133,-0.578,0.000,0.000,0.000,-223396
3.880077333,129783037,3.266,-9.133,-0.578,0.000,0.000,0.000,-222378
3.884433333,129787258,3.266,-9.133,-0.578,0.000,0.000,0.000,-221819
3.888920625,129791478,3.266,-9.133,-0.578,0.000,0.000,0.000,-222150
3.892789833,129795699,3.266,-9.133,-0.578,0.000,0.000,0.000,-222730
3.896969125,129799919,3.266,-9.133,-0.578,0.000,0.000,0.000,-222765
3.901221292,129804141,3.266,-9.133,-0.578,0.000,0.000,0.000,-222269
3.905515958,129808361,3.266,-9.133,-0.578,0.000,0.000,0.000,-222664
3.908671167,129811582,3.266,-9.133,-0.578,0.000,0.000,0.000,-222760
3.91494275,129817803,3.266,-9.133,-0.578,0.000,0.000,0.000,-222641
3.919137792,129822024,3.266,-9.133,-0.578,0.000,0.000,0.000,-222041
3.923567,129826244,3.266,-9.133,-0.578,0.000,0.000,0.000,-223247
3.928573875,129831464,3.266,-9.133,-0.578,0.000,0.000,0.000,-222374
3.932826542,129835685,3.266,-9.133,-0.578,0.000,0.000,0.000,-222158
3.937990542,129840905,3.266,-9.172,-0.691,0.000,0.000,0.000,-222923
3.940131083,129843125,3.266,-9.172,-0.691,0.000,0.000,0.000,-222989
3.948417833,129851345,3.266,-9.172,-0.691,0.000,0.000,0.000,-221894
3.952697542,129855565,3.266,-9.172,-0.691,0.000,0.000,0.000,-222972
3.95689275,129859785,3.266,-9.172,-0.691,0.000,0.000,0.000,-222076
3.961090208,129864006,3.266,-9.172,-0.691,0.000,0.000,0.000,-221647
3.96628575,129869226,3.266,-9.172,-0.691,0.000,0.000,0.000,-222026
3.970642583,129873446,3.266,-9.133,-0.578,0.000,0.000,0.000,-221949
3.973976083,129876667,3.266,-9.133,-0.578,0.000,0.000,0.000,-223871
3.978958833,129881888,3.266,-9.133,-0.578,0.000,0.000,0.000,-222962
3.984474292,129887109,3.266,-9.133,-0.578,0.000,0.000,0.000,-221638
3.988392667,129891329,3.266,-9.133,-0.578,0.000,0.000,0.000,-222849
3.993578708,129896549,3.266,-9.133,-0.578,0.000,0.000,0.000,-222153
3.99791225,129900770,3.266,-9.133,-0.578,0.000,0.000,0.000,-223215
4.002071875,129904990,3.266,-9.176,-0.578,0.000,0.000,0.000,-222577
4.004242875,129907210,3.266,-9.176,-0.578,0.000,0.000,0.000,-223377
4.0085635,129911430,3.266,-9.176,-0.578,0.000,0.000,0.000,-222343
4.012940833,129915651,3.266,-9.176,-0.578,0.000,0.000,0.000,-222131
4.017986333,129920872,3.266,-9.176,-0.578,0.000,0.000,0.000,-222460
4.022115958,129925093,3.266,-9.176,-0.578,0.000,0.000,0.000,-223609
4.026369375,129929313,3.266,-9.176,-0.578,0.000,0.000,0.000,-222620
4.030636042,129933534,3.266,-9.133,-0.656,0.000,0.000,0.000,-222287
4.033810333,129936755,3.266,-9.133,-0.656,0.000,0.000,0.000,-222278
4.039046208,129941975,3.266,-9.133,-0.656,0.000,0.000,0.000,-223220
4.043264875,129946198,3.266,-9.133,-0.656,0.000,0.000,0.000,-222765
4.048538292,129951419,3.266,-9.133,-0.656,0.000,0.000,0.000,-223045
4.052802958,129955640,3.266,-9.133,-0.656,0.000,0.000,0.000,-222355
4.057947042,129960861,3.266,-9.133,-0.656,0.000,0.000,0.000,-223231
4.062225958,129965081,3.227,-9.172,-0.578,0.000,0.000,0.000,-222684
4.065394042,129968301,3.227,-9.172,-0.578,0.000,0.000,0.000,-222020
4.070645792,129973521,3.227,-9.172,-0.578,0.000,0.000,0.000,-223337
4.075820875,129978742,3.227,-9.172,-0.578,0.000,0.000,0.000,-223293
4.081053083,129983963,3.227,-9.172,-0.578,0.000,0.000,0.000,-221929
4.086286333,129989184,3.266,-9.176,-0.578,0.000,0.000,0.000,-222475
4.089404,129992404,3.266,-9.176,-0.578,0.000,0.000,0.000,-222968
4.09580475,129998625,3.266,-9.176,-0.578,0.000,0.000,0.000,-222713
4.099895125,130002845,3.266,-9.176,-0.578,0.000,0.000,0.000,-222215
4.104084958,130007066,3.266,-9.176,-0.578,0.000,0.000,0.000,-222645
4.108330167,130011286,3.266,-9.176,-0.578,0.000,0.000,0.000,-223420
4.113568208,130016507,3.266,-9.176,-0.578,0.000,0.000,0.000,-222730
4.117867917,130020727,3.266,-9.133,-0.656,0.000,0.000,0.000,-222055
4.121341042,130023947,3.266,-9.133,-0.656,0.000,0.000,0.000,-222780
4.12621875,130029167,3.266,-9.133,-0.656,0.000,0.000,0.000,-223031
4.131426375,130034387,3.266,-9.133,-0.656,0.000,0.000,0.000,-222627
4.135663542,130038608,3.266,-9.133,-0.656,0.000,0.000,0.000,-221744
4.140883792,130043828,3.266,-9.133,-0.656,0.000,0.000,0.000,-222300
4.146151167,130049050,3.266,-9.133,-0.656,0.000,0.000,0.000,-222587
4.150346583,130053270,3.266,-9.133,-0.539,0.000,0.000,0.000,-222286
4.15254875,130055491,3.266,-9.133,-0.539,0.000,0.000,0.000,-222224
4.157794625,130060711,3.266,-9.133,-0.539,0.000,0.000,0.000,-222600
4.161070667,130063931,3.266,-9.133,-0.539,0.000,0.000,0.000,-223327
4.165241417,130068151,3.266,-9.133,-0.539,0.000,0.000,0.000,-222597
4.169529833,130072371,3.266,-9.133,-0.539,0.000,0.000,0.000,-221888
4.173757917,130076592,3.266,-9.133,-0.539,0.000,0.000,0.000,-222808
4.179326708,130081813,3.305,-9.133,-0.617,0.000,0.000,0.000,-222372
4.182181833,130085033,3.305,-9.133,-0.617,0.000,0.000,0.000,-222310
4.187354333,130090253,3.305,-9.133,-0.617,0.000,0.000,0.000,-222400
4.191591417,130094474,3.305,-9.133,-0.617,0.000,0.000,0.000,-222887
4.198898042,130101695,3.305,-9.133,-0.617,0.000,0.000,0.000,-222418
4.203239833,130105915,3.305,-9.133,-0.617,0.000,0.000,0.000,-222680
4.206139,130109136,3.305,-9.133,-0.617,0.000,0.000,0.000,-223036
4.210677833,130113356,3.227,-9.137,-0.617,0.000,0.000,0.000,-222530
4.21410225,130116577,3.227,-9.137,-0.617,0.000,0.000,0.000,-222826
4.218903208,130121799,3.227,-9.137,-0.617,0.000,0.000,0.000,-222728
4.223041583,130126020,3.227,-9.137,-0.617,0.000,0.000,0.000,-222605
4.228325208,130131240,3.227,-9.137,-0.617,0.000,0.000,0.000,-223301
4.233551792,130136460,3.227,-9.137,-0.617,0.000,0.000,0.000,-222661
4.237740708,130140665,3.227,-9.137,-0.617,0.000,0.000,0.000,-222661
4.242026625,130144885,3.227,-9.098,-0.578,0.000,0.000,0.000,-222836
4.2452045,130148105,3.227,-9.098,-0.578,0.000,0.000,0.000,-222558
4.251422583,130154326,3.227,-9.098,-0.578,0.000,0.000,0.000,-221914
4.256687667,130159546,3.227,-9.098,-0.578,0.000,0.000,0.000,-222716
4.260769792,130163767,3.227,-9.098,-0.578,0.000,0.000,0.000,-222755
4.266010917,130168988,3.227,-9.098,-0.578,0.000,0.000,0.000,-221933
4.271260542,130174209,3.191,-9.211,-0.617,0.000,0.000,0.000,-222089
4.27454675,130177430,3.191,-9.211,-0.617,0.000,0.000,0.000,-223296
4.280830792,130183650,3.191,-9.211,-0.617,0.000,0.000,0.000,-223144
4.285265667,130187871,3.191,-9.211,-0.617,0.000,0.000,0.000,-222011
4.289163042,130192091,3.191,-9.211,-0.617,0.000,0.000,0.000,-222526
4.2933935,130196312,3.191,-9.211,-0.617,0.000,0.000,0.000,-222827
4.298666042,130201533,3.191,-9.211,-0.617,0.000,0.000,0.000,-222263
4.302987708,130205754,3.227,-9.172,-0.578,0.000,0.000,0.000,-222208
4.306304333,130208975,3.227,-9.172,-0.578,0.000,0.000,0.000,-222363
4.311573792,130214195,3.227,-9.172,-0.578,0.000,0.000,0.000,-222784
4.316772417,130219415,3.227,-9.172,-0.578,0.000,0.000,0.000,-222768
4.320680417,130223636,3.227,-9.172,-0.578,0.000,0.000,0.000,-223091
4.324969333,130227856,3.227,-9.172,-0.578,0.000,0.000,0.000,-222925
4.328120667,130231077,3.227,-9.172,-0.578,0.000,0.000,0.000,-222604
4.332417083,130235297,3.266,-9.133,-0.539,0.000,0.000,0.000,-222363
4.335714,130238517,3.266,-9.133,-0.539,0.000,0.000,0.000,-222512
4.342099583,130244737,3.266,-9.133,-0.539,0.000,0.000,0.000,-222438
4.346270375,130248958,3.266,-9.133,-0.539,0.000,0.000,0.000,-222203
4.35148525,130253179,3.266,-9.133,-0.539,0.000,0.000,0.000,-221962
4.355550083,130258400,3.266,-9.133,-0.539,0.000,0.000,0.000,-223095
4.35969175,130262621,3.266,-9.133,-0.539,0.000,0.000,0.000,-222638
4.363856583,130266842,3.227,-9.172,-0.656,0.000,0.000,0.000,-222189
4.367150042,130270062,3.227,-9.172,-0.656,0.000,0.000,0.000,-221588
4.372354625,130275283,3.227,-9.172,-0.656,0.000,0.000,0.000,-222206
4.377621542,130280504,3.227,-9.172,-0.656,0.000,0.000,0.000,-222665
4.382621208,130284724,3.227,-9.172,-0.656,0.000,0.000,0.000,-222819
4.386058667,130288945,3.227,-9.172,-0.656,0.000,0.000,0.000,-222539
4.390268875,130293166,3.227,-9.172,-0.656,0.000,0.000,0.000,-222847
4.395541208,130298386,3.266,-9.133,-0.656,0.000,0.000,0.000,-222412
4.397723542,130300607,3.266,-9.133,-0.656,0.000,0.000,0.000,-222247
4.402912833,130305828,3.266,-9.133,-0.656,0.000,0.000,0.000,-222928
4.4082885,130311050,3.266,-9.133,-0.656,0.000,0.000,0.000,-223491
4.4125915,130315271,3.266,-9.133,-0.656,0.000,0.000,0.000,-223044
4.416827125,130319491,3.266,-9.133,-0.656,0.000,0.000,0.000,-222463
4.420293125,130322711,3.266,-9.133,-0.656,0.000,0.000,0.000,-222611
4.423963958,130326931,3.227,-9.137,-0.617,0.000,0.000,0.000,-222491
4.42622875,130329151,3.227,-9.137,-0.617,0.000,0.000,0.000,-222226
4.430403375,130333371,3.227,-9.137,-0.617,0.000,0.000,0.000,-222030
4.435669875,130338592,3.227,-9.137,-0.617,0.000,0.000,0.000,-222137
4.440979875,130343813,3.227,-9.137,-0.617,0.000,0.000,0.000,-224131
4.447226,130350033,3.227,-9.137,-0.617,0.000,0.000,0.000,-222373
4.451467208,130354254,3.227,-9.137,-0.617,0.000,0.000,0.000,-222363
4.456562708,130359475,3.227,-9.137,-0.617,0.000,0.000,0.000,-222575
4.458773417,130361696,3.227,-9.137,-0.617,0.000,0.000,0.000,-222668
4.46401325,130366916,3.227,-9.137,-0.617,0.000,0.000,0.000,-222792
4.46825325,130371137,3.227,-9.137,-0.617,0.000,0.000,0.000,-222400
4.472557167,130375357,3.227,-9.137,-0.617,0.000,0.000,0.000,-222198
4.477896208,130380578,3.227,-9.137,-0.617,0.000,0.000,0.000,-222689
4.482118167,130384798,3.227,-9.137,-0.617,0.000,0.000,0.000,-222242
4.486544708,130389019,3.266,-9.176,-0.617,0.000,0.000,0.000,-222109
4.489303167,130392239,3.266,-9.176,-0.617,0.000,0.000,0.000,-222589
4.495522625,130398460,3.266,-9.176,-0.617,0.000,0.000,0.000,-222937
4.499767458,130402681,3.266,-9.176,-0.617,0.000,0.000,0.000,-223068
4.502971667,130405901,3.266,-9.176,-0.617,0.000,0.000,0.000,-222334
4.508254792,130411121,3.266,-9.176,-0.617,0.000,0.000,0.000,-222445
4.5124865,130415342,3.266,-9.176,-0.617,0.000,0.000,0.000,-222599
4.519008917,130419562,3.266,-9.133,-0.617,0.000,0.000,0.000,-222486
4.519296875,130421783,3.266,-9.133,-0.617,0.000,0.000,0.000,-221858
4.523027375,130426004,3.266,-9.133,-0.617,0.000,0.000,0.000,-222564
4.527615667,130430224,3.266,-9.133,-0.617,0.000,0.000,0.000,-223046
4.53092025,130433444,3.266,-9.133,-0.617,0.000,0.000,0.000,-222127
4.536768583,130439665,3.266,-9.133,-0.617,0.000,0.000,0.000,-221860
4.541015708,130443886,3.266,-9.133,-0.617,0.000,0.000,0.000,-222616
4.545312917,130448092,3.305,-9.133,-0.617,0.000,0.000,0.000,-222616
4.547480333,130450312,3.305,-9.133,-0.617,0.000,0.000,0.000,-222725
4.551611375,130454533,3.305,-9.133,-0.617,0.000,0.000,0.000,-222617
4.555835958,130458754,3.305,-9.133,-0.617,0.000,0.000,0.000,-223024
4.561098667,130463974,3.305,-9.133,-0.617,0.000,0.000,0.000,-222944
4.566283,130469194,3.266,-9.176,-0.617,0.000,0.000,0.000,-222890
4.569721667,130472414,3.266,-9.176,-0.617,0.000,0.000,0.000,-221936
4.575972042,130478635,3.266,-9.176,-0.617,0.000,0.000,0.000,-222081
4.580166583,130482855,3.266,-9.176,-0.617,0.000,0.000,0.000,-222766
4.584753083,130487075,3.266,-9.176,-0.617,0.000,0.000,0.000,-222575
4.588383,130491295,3.266,-9.176,-0.617,0.000,0.000,0.000,-222228
4.591614,130494516,3.305,-9.176,-0.578,0.000,0.000,0.000,-222405
4.593820208,130496736,3.305,-9.176,-0.578,0.000,0.000,0.000,-222427
4.599082333,130501956,3.305,-9.176,-0.578,0.000,0.000,0.000,-222631
4.603335042,130506176,3.305,-9.176,-0.578,0.000,0.000,0.000,-222488
4.607706167,130510397,3.305,-9.176,-0.578,0.000,0.000,0.000,-222262
4.611948333,130514618,3.305,-9.176,-0.578,0.000,0.000,0.000,-222358
4.617184667,130519838,3.305,-9.176,-0.578,0.000,0.000,0.000,-222291
4.621138625,130524059,3.266,-9.094,-0.617,0.000,0.000,0.000,-223206
4.624320583,130527279,3.266,-9.094,-0.617,0.000,0.000,0.000,-222770
4.62958575,130532502,3.266,-9.094,-0.617,0.000,0.000,0.000,-222351
4.633828375,130536723,3.266,-9.094,-0.617,0.000,0.000,0.000,-222293
4.639016333,130541943,3.266,-9.094,-0.617,0.000,0.000,0.000,-223349
4.643472375,130546163,3.266,-9.094,-0.617,0.000,0.000,0.000,-222553
4.647420625,130550383,3.266,-9.094,-0.617,0.000,0.000,0.000,-222651
4.650690542,130553603,3.266,-9.094,-0.656,0.000,0.000,0.000,-222455
4.652944833,130555824,3.266,-9.094,-0.656,0.000,0.000,0.000,-222719
4.658139625,130561046,3.266,-9.094,-0.656,0.000,0.000,0.000,-223170
4.662453208,130565266,3.266,-9.094,-0.656,0.000,0.000,0.000,-222505
4.666779292,130569487,3.266,-9.094,-0.656,0.000,0.000,0.000,-221298
4.670813083,130573708,3.266,-9.094,-0.656,0.000,0.000,0.000,-223358
4.676054917,130578929,3.266,-9.176,-0.578,0.000,0.000,0.000,-223167
4.678431083,130581150,3.266,-9.176,-0.578,0.000,0.000,0.000,-222497
4.682903958,130585371,3.266,-9.176,-0.578,0.000,0.000,0.000,-222202
4.686634542,130589591,3.266,-9.176,-0.578,0.000,0.000,0.000,-222375
4.690928542,130593812,3.266,-9.176,-0.578,0.000,0.000,0.000,-223009
4.698161375,130601032,3.266,-9.176,-0.578,0.000,0.000,0.000,-223271
4.702470125,130605252,3.266,-9.176,-0.578,0.000,0.000,0.000,-222482
4.705851458,130608472,3.305,-9.176,-0.617,0.000,0.000,0.000,-222066
4.707995875,130610692,3.305,-9.176,-0.617,0.000,0.000,0.000,-222395
4.712361042,130614913,3.305,-9.176,-0.617,0.000,0.000,0.000,-222648
4.716466083,130619133,3.305,-9.176,-0.617,0.000,0.000,0.000,-222488
4.721421708,130624353,3.305,-9.176,-0.617,0.000,0.000,0.000,-222878
4.725699042,130628573,3.305,-9.176,-0.617,0.000,0.000,0.000,-223384
4.729924583,130632793,3.305,-9.176,-0.617,0.000,0.000,0.000,-222174
4.733140042,130636014,3.266,-9.133,-0.617,0.000,0.000,0.000,-221928
4.736558625,130639234,3.266,-9.133,-0.617,0.000,0.000,0.000,-222042
4.741468167,130644455,3.266,-9.133,-0.617,0.000,0.000,0.000,-222519
4.745928583,130648676,3.266,-9.133,-0.617,0.000,0.000,0.000,-222821
4.748958875,130651897,3.266,-9.133,-0.617,0.000,0.000,0.000,-222092
4.753182625,130656118,3.266,-9.133,-0.617,0.000,0.000,0.000,-222507
4.757395583,130660339,3.266,-9.133,-0.617,0.000,0.000,0.000,-222869
4.760759917,130663560,3.266,-9.137,-0.691,0.000,0.000,0.000,-222563
4.763149875,130665781,3.266,-9.137,-0.691,0.000,0.000,0.000,-221948
4.767043917,130670001,3.266,-9.137,-0.691,0.000,0.000,0.000,-222985
4.771588708,130674222,3.266,-9.137,-0.691,0.000,0.000,0.000,-222256
4.77674925,130679427,3.266,-9.137,-0.691,0.000,0.000,0.000,-222256
4.780964125,130683647,3.266,-9.137,-0.691,0.000,0.000,0.000,-222623
4.785523167,130687868,3.266,-9.137,-0.691,0.000,0.000,0.000,-221869
4.788614667,130691089,3.227,-9.172,-0.578,0.000,0.000,0.000,-223633
4.790379542,130693310,3.227,-9.172,-0.578,0.000,0.000,0.000,-223645
4.795587792,130698531,3.227,-9.172,-0.578,0.000,0.000,0.000,-222990
4.800833917,130703752,3.227,-9.172,-0.578,0.000,0.000,0.000,-222531
4.804172458,130706972,3.227,-9.172,-0.578,0.000,0.000,0.000,-223144
4.80871675,130711193,3.227,-9.172,-0.578,0.000,0.000,0.000,-222618
4.812728708,130715413,3.227,-9.172,-0.578,0.000,0.000,0.000,-222598
4.816735,130719633,3.266,-9.133,-0.578,0.000,0.000,0.000,-221935
4.819206792,130721854,3.266,-9.133,-0.578,0.000,0.000,0.000,-222639
4.824144167,130727074,3.266,-9.133,-0.578,0.000,0.000,0.000,-223302
4.828316125,130731294,3.266,-9.133,-0.578,0.000,0.000,0.000,-222159
4.831589583,130734514,3.266,-9.133,-0.578,0.000,0.000,0.000,-221937
4.836868417,130739735,3.266,-9.133,-0.578,0.000,0.000,0.000,-223504
4.841031042,130743956,3.266,-9.133,-0.578,0.000,0.000,0.000,-223185
4.844263208,130747177,3.266,-9.176,-0.656,0.000,0.000,0.000,-222822
4.849532125,130752397,3.266,-9.176,-0.656,0.000,0.000,0.000,-222661
4.853825917,130756618,3.266,-9.176,-0.656,0.000,0.000,0.000,-222388
4.858908292,130761841,3.266,-9.176,-0.656,0.000,0.000,0.000,-223019
4.864523917,130767061,3.266,-9.176,-0.656,0.000,0.000,0.000,-222104
4.869318667,130772282,3.266,-9.176,-0.617,0.000,0.000,0.000,-222823
4.872610708,130775502,3.266,-9.176,-0.617,0.000,0.000,0.000,-223193
4.87877525,130781722,3.266,-9.176,-0.617,0.000,0.000,0.000,-222428
4.883033875,130785942,3.266,-9.176,-0.617,0.000,0.000,0.000,-221698
4.887778333,130790163,3.266,-9.176,-0.617,0.000,0.000,0.000,-223338
4.891509625,130794383,3.266,-9.176,-0.617,0.000,0.000,0.000,-222806
4.896792417,130799603,3.266,-9.176,-0.617,0.000,0.000,0.000,-222301
4.900977792,130803825,3.266,-9.133,-0.617,0.000,0.000,0.000,-222204
4.904101458,130807046,3.266,-9.133,-0.617,0.000,0.000,0.000,-222630
4.909430167,130812266,3.266,-9.133,-0.617,0.000,0.000,0.000,-223889
4.914735375,130817487,3.266,-9.133,-0.617,0.000,0.000,0.000,-222117
4.919070833,130821708,3.266,-9.133,-0.617,0.000,0.000,0.000,-223078
4.92306925,130825929,3.266,-9.133,-0.617,0.000,0.000,0.000,-223355
4.927192083,130830150,3.266,-9.133,-0.617,0.000,0.000,0.000,-222742
4.931596,130834370,3.266,-9.176,-0.617,0.000,0.000,0.000,-222548
4.9349545,130837591,3.266,-9.176,-0.617,0.000,0.000,0.000,-222644
4.939913625,130842812,3.266,-9.176,-0.617,0.000,0.000,0.000,-223305
4.944102667,130847033,3.266,-9.176,-0.617,0.000,0.000,0.000,-222221
4.948324417,130851253,3.266,-9.176,-0.617,0.000,0.000,0.000,-223184
4.9529215,130855474,3.266,-9.176,-0.617,0.000,0.000,0.000,-222250
4.959785083,130862694,3.266,-9.176,-0.617,0.000,0.000,0.000,-222777
4.963992542,130866914,3.266,-9.176,-0.539,0.000,0.000,0.000,-222935
4.96730275,130870134,3.266,-9.176,-0.539,0.000,0.000,0.000,-221909
4.973703417,130876355,3.266,-9.176,-0.539,0.000,0.000,0.000,-223201
4.978647667,130881576,3.266,-9.176,-0.539,0.000,0.000,0.000,-222407
4.983154208,130885796,3.266,-9.176,-0.539,0.000,0.000,0.000,-222508
4.987394125,130890016,3.266,-9.176,-0.539,0.000,0.000,0.000,-222687
4.991283333,130894237,3.266,-9.176,-0.539,0.000,0.000,0.000,-222883
4.996566292,130899457,3.266,-9.176,-0.656,0.000,0.000,0.000,-222670
4.998754917,130901678,3.266,-9.176,-0.656,0.000,0.000,0.000,-222341
5.003990083,130906899,3.266,-9.176,-0.656,0.000,0.000,0.000,-222470
5.008247083,130911120,3.266,-9.176,-0.656,0.000,0.000,0.000,-222450
5.012552333,130915340,3.266,-9.176,-0.656,0.000,0.000,0.000,-222743
5.016911042,130919561,3.266,-9.176,-0.656,0.000,0.000,0.000,-222646
5.020875875,130923782,3.266,-9.176,-0.656,0.000,0.000,0.000,-222661
5.025039583,130928003,3.266,-9.133,-0.578,0.000,0.000,0.000,-223443
5.02831725,130931224,3.266,-9.133,-0.578,0.000,0.000,0.000,-222560
5.034555333,130937444,3.266,-9.133,-0.578,0.000,0.000,0.000,-222547
5.038756875,130941664,3.266,-9.133,-0.578,0.000,0.000,0.000,-222657
5.041957917,130944885,3.266,-9.133,-0.578,0.000,0.000,0.000,-222707
5.046183292,130949106,3.266,-9.133,-0.578,0.000,0.000,0.000,-222292
5.050394125,130953326,3.266,-9.133,-0.578,0.000,0.000,0.000,-222375
5.055643625,130958546,3.227,-9.137,-0.656,0.000,0.000,0.000,-223339
5.057859375,130960766,3.227,-9.137,-0.656,0.000,0.000,0.000,-222556
5.064068875,130966986,3.227,-9.137,-0.656,0.000,0.000,0.000,-221666
5.068290042,130971207,3.227,-9.137,-0.656,0.000,0.000,0.000,-222569
5.071526875,130974427,3.227,-9.137,-0.656,0.000,0.000,0.000,-222318
5.076756958,130979650,3.227,-9.137,-0.656,0.000,0.000,0.000,-223245
5.080995333,130983871,3.227,-9.137,-0.656,0.000,0.000,0.000,-221213
5.08631375,130989092,3.266,-9.133,-0.617,0.000,0.000,0.000,-222433
5.089354667,130992313,3.266,-9.133,-0.617,0.000,0.000,0.000,-223143
5.095816375,130998534,3.266,-9.133,-0.617,0.000,0.000,0.000,-222826
5.099764708,131002755,3.266,-9.133,-0.617,0.000,0.000,0.000,-222013
5.104082125,131006976,3.266,-9.133,-0.617,0.000,0.000,0.000,-223228
5.108293542,131011197,3.266,-9.133,-0.617,0.000,0.000,0.000,-222861
5.113506917,131016418,3.266,-9.133,-0.617,0.000,0.000,0.000,-222714
5.117591792,131020638,3.227,-9.172,-0.539,0.000,0.000,0.000,-222317
5.120956667,131023858,3.227,-9.172,-0.539,0.000,0.000,0.000,-222004
5.126174583,131029079,3.227,-9.172,-0.539,0.000,0.000,0.000,-222876
5.130405708,131033299,3.227,-9.137,-0.656,0.000,0.000,0.000,-222322
5.133626542,131036519,3.227,-9.137,-0.656,0.000,0.000,0.000,-221937
5.138840542,131041740,3.227,-9.137,-0.656,0.000,0.000,0.000,-222432
5.143069125,131045960,3.227,-9.137,-0.656,0.000,0.000,0.000,-222583
5.147253833,131050181,3.227,-9.137,-0.656,0.000,0.000,0.000,-222324
5.152856333,131055402,3.227,-9.137,-0.656,0.000,0.000,0.000,-222735
5.157723875,131060622,3.227,-9.137,-0.656,0.000,0.000,0.000,-222444
5.161963875,131064843,3.266,-9.176,-0.578,0.000,0.000,0.000,-222594
5.164171708,131067064,3.266,-9.176,-0.578,0.000,0.000,0.000,-221834
5.169424875,131072285,3.266,-9.176,-0.578,0.000,0.000,0.000,-222575
5.174716958,131077505,3.266,-9.176,-0.578,0.000,0.000,0.000,-222486
5.179096458,131081726,3.266,-9.176,-0.578,0.000,0.000,0.000,-222455
5.183074958,131085946,3.266,-9.176,-0.578,0.000,0.000,0.000,-222265
5.188260292,131091167,3.266,-9.176,-0.578,0.000,0.000,0.000,-223386
5.192411208,131095387,3.266,-9.133,-0.617,0.000,0.000,0.000,-222160
5.195640458,131098607,3.266,-9.133,-0.617,0.000,0.000,0.000,-221922
5.202020083,131104828,3.266,-9.133,-0.617,0.000,0.000,0.000,-222915
5.208266667,131111048,3.266,-9.133,-0.617,0.000,0.000,0.000,-223459
5.211594708,131114268,3.266,-9.133,-0.617,0.000,0.000,0.000,-223065
5.215551375,131118488,3.266,-9.133,-0.617,0.000,0.000,0.000,-222797
5.219811,131122708,3.266,-9.133,-0.617,0.000,0.000,0.000,-223026
5.225024417,131127929,3.227,-9.137,-0.617,0.000,0.000,0.000,-222733
5.228229042,131131149,3.227,-9.137,-0.617,0.000,0.000,0.000,-223603
5.233453333,131136369,3.227,-9.137,-0.617,0.000,0.000,0.000,-223188
5.237677708,131140590,3.227,-9.137,-0.617,0.000,0.000,0.000,-222557
5.240873292,131143810,3.227,-9.137,-0.617,0.000,0.000,0.000,-223331
5.245202292,131148033,3.227,-9.137,-0.617,0.000,0.000,0.000,-222799
5.248334458,131151254,3.227,-9.137,-0.617,0.000,0.000,0.000,-221645
5.252702125,131155475,3.305,-9.133,-0.617,0.000,0.000,0.000,-222277
5.255787958,131158696,3.305,-9.133,-0.617,0.000,0.000,0.000,-222753
5.260993458,131163917,3.305,-9.133,-0.617,0.000,0.000,0.000,-223370
5.265221875,131168140,3.305,-9.133,-0.617,0.000,0.000,0.000,-222196
5.269514833,131172360,3.305,-9.133,-0.617,0.000,0.000,0.000,-222140
5.274677333,131177581,3.305,-9.133,-0.617,0.000,0.000,0.000,-222047
5.278897417,131181802,3.305,-9.133,-0.617,0.000,0.000,0.000,-221977
5.282098958,131185023,3.266,-9.133,-0.617,0.000,0.000,0.000,-222233
5.284432333,131187243,3.266,-9.133,-0.617,0.000,0.000,0.000,-222737
5.288532458,131191463,3.266,-9.133,-0.617,0.000,0.000,0.000,-222917
5.292784792,131195684,3.266,-9.133,-0.617,0.000,0.000,0.000,-223193
5.297046958,131199904,3.266,-9.133,-0.617,0.000,0.000,0.000,-222592
5.301357542,131204125,3.266,-9.133,-0.617,0.000,0.000,0.000,-222126
5.306674583,131209345,3.266,-9.133,-0.617,0.000,0.000,0.000,-223803
5.309899292,131212566,3.227,-9.137,-0.578,0.000,0.000,0.000,-222636
5.3121015,131214786,3.227,-9.137,-0.578,0.000,0.000,0.000,-220876
5.317223542,131220006,3.227,-9.137,-0.578,0.000,0.000,0.000,-222008
5.321277292,131224226,3.227,-9.137,-0.578,0.000,0.000,0.000,-222790
5.326571375,131229447,3.227,-9.137,-0.578,0.000,0.000,0.000,-223323
5.330792875,131233667,3.227,-9.137,-0.578,0.000,0.000,0.000,-222392
5.335977583,131238888,3.227,-9.137,-0.578,0.000,0.000,0.000,-222648
5.33923,131242108,3.266,-9.176,-0.617,0.000,0.000,0.000,-222827
5.341545292,131244329,3.266,-9.176,-0.617,0.000,0.000,0.000,-222970
5.34685725,131249549,3.266,-9.176,-0.617,0.000,0.000,0.000,-222433
5.351596542,131253771,3.266,-9.176,-0.617,0.000,0.000,0.000,-222615
5.356052375,131258991,3.266,-9.176,-0.617,0.000,0.000,0.000,-222952
5.359245208,131262212,3.266,-9.176,-0.500,0.000,0.000,0.000,-223533
5.361520083,131264433,3.266,-9.176,-0.500,0.000,0.000,0.000,-221796
5.366744958,131269654,3.266,-9.176,-0.500,0.000,0.000,0.000,-222499
5.370957875,131273875,3.266,-9.176,-0.500,0.000,0.000,0.000,-222586
5.375174167,131278096,3.266,-9.176,-0.500,0.000,0.000,0.000,-222500
5.379355208,131282316,3.266,-9.176,-0.500,0.000,0.000,0.000,-222823
5.384634833,131287536,3.266,-9.176,-0.500,0.000,0.000,0.000,-222812
5.388861625,131291757,3.266,-9.133,-0.617,0.000,0.000,0.000,-223594
5.392121417,131294978,3.266,-9.133,-0.617,0.000,0.000,0.000,-222853
5.398327458,131301198,3.266,-9.133,-0.617,0.000,0.000,0.000,-222555
5.402592333,131305419,3.266,-9.133,-0.617,0.000,0.000,0.000,-222482
5.406792917,131309640,3.266,-9.133,-0.617,0.000,0.000,0.000,-223149
5.412096625,131314860,3.266,-9.133,-0.617,0.000,0.000,0.000,-222784
5.416318083,131319081,3.266,-9.133,-0.617,0.000,0.000,0.000,-222270
5.419762375,131322302,3.227,-9.137,-0.539,0.000,0.000,0.000,-221761
5.421988083,131324522,3.227,-9.137,-0.539,0.000,0.000,0.000,-223438
5.4257865,131328742,3.227,-9.137,-0.539,0.000,0.000,0.000,-223362
5.430040583,131332962,3.227,-9.137,-0.539,0.000,0.000,0.000,-222842
5.434278125,131337183,3.227,-9.137,-0.539,0.000,0.000,0.000,-221725
5.43850425,131341404,3.227,-9.137,-0.539,0.000,0.000,0.000,-222621
5.44166575,131344624,3.227,-9.137,-0.539,0.000,0.000,0.000,-222774
5.445963042,131348844,3.266,-9.133,-0.578,0.000,0.000,0.000,-222216
5.449174417,131352064,3.266,-9.133,-0.578,0.000,0.000,0.000,-222246
5.455516292,131358284,3.266,-9.133,-0.578,0.000,0.000,0.000,-223198
5.459584917,131362504,3.266,-9.133,-0.578,0.000,0.000,0.000,-223165
5.463870667,131366725,3.266,-9.133,-0.578,0.004,-0.004,0.002,-223094
5.469042958,131371946,3.266,-9.133,-0.578,0.004,0.000,0.012,-222059
5.473289542,131376167,3.266,-9.133,-0.578,0.002,0.014,-0.006,-222700
5.47754575,131380388,3.227,-9.098,-0.617,0.002,0.014,-0.006,-222057
5.479745292,131382609,3.227,-9.098,-0.617,0.010,0.000,-0.008,-222137
5.484963958,131387832,3.227,-9.098,-0.617,-0.004,0.000,0.006,-222798
5.489145958,131392052,3.227,-9.098,-0.617,-0.008,0.004,0.000,-223062
5.493364208,131396273,3.227,-9.098,-0.617,0.002,0.000,0.006,-223299
5.498644667,131401493,3.227,-9.098,-0.617,0.006,0.002,0.016,-222007
5.503041667,131405714,3.227,-9.098,-0.617,-0.002,-0.002,0.000,-222196
5.507073667,131409935,3.266,-9.176,-0.500,-0.002,-0.002,0.000,-223354
5.510315958,131413157,3.266,-9.176,-0.500,0.008,0.004,-0.002,-222320
5.516521458,131419378,3.266,-9.176,-0.500,0.002,0.006,0.012,-221973
5.520684542,131423598,3.266,-9.176,-0.500,0.000,-0.004,-0.006,-222414
5.523921625,131426819,3.266,-9.176,-0.500,0.002,0.004,0.012,-223587
5.528240583,131431040,3.266,-9.176,-0.500,0.008,-0.002,-0.002,-223340
5.53236925,131435261,3.266,-9.176,-0.500,-0.008,0.000,0.010,-222460
5.537750125,131440482,3.227,-9.172,-0.617,-0.008,0.000,0.010,-222349
5.541064375,131443703,3.227,-9.172,-0.617,0.002,0.004,-0.008,-223305
5.546262333,131448924,3.227,-9.172,-0.617,0.002,0.000,0.000,-222181
5.550896875,131453145,3.227,-9.172,-0.617,-0.002,0.006,0.006,-221750
5.554412042,131457366,3.227,-9.172,-0.617,0.006,0.000,0.004,-222841
5.558723917,131461587,3.227,-9.172,-0.617,0.000,0.000,0.002,-223128
5.562017167,131464808,3.227,-9.172,-0.617,0.002,0.012,0.000,-222991
5.566178667,131469030,3.266,-9.094,-0.656,0.002,0.012,0.000,-222358
5.569475625,131472251,3.266,-9.094,-0.656,0.004,0.002,0.008,-222681
5.575877667,131478472,3.266,-9.094,-0.656,-0.006,0.000,-0.002,-222275
5.580033958,131482693,3.266,-9.094,-0.656,0.004,0.000,-0.002,-222833
5.584748125,131486914,3.266,-9.094,-0.656,-0.012,-0.004,0.023,-222857
5.589264625,131492135,3.266,-9.094,-0.656,0.000,0.004,-0.010,-222912
5.593395542,131496356,3.266,-9.094,-0.656,-0.012,0.010,0.000,-223006
5.598706,131501577,3.266,-9.133,-0.539,-0.012,0.010,0.000,-222393
5.600845,131503798,3.266,-9.133,-0.539,-0.006,0.002,0.002,-221740
5.606143792,131509019,3.266,-9.133,-0.539,-0.008,0.002,0.002,-222979
5.61044825,131513240,3.266,-9.133,-0.578,-0.008,0.002,0.002,-223258
5.612815292,131515461,3.266,-9.133,-0.578,0.000,0.002,0.014,-222053
5.617107833,131519682,3.266,-9.133,-0.578,-0.002,-0.008,0.006,-221802
5.621154042,131523903,3.266,-9.133,-0.578,0.006,0.004,0.012,-223177
5.625194667,131528124,3.266,-9.133,-0.578,0.008,-0.006,-0.002,-223254
5.6294435,131532345,3.266,-9.133,-0.578,-0.008,-0.008,0.004,-222153
5.634692792,131537566,3.266,-9.133,-0.578,-0.014,0.006,-0.008,-222160
5.638856542,131541787,3.266,-9.133,-0.500,-0.014,0.006,-0.008,-223901
5.641080625,131544008,3.266,-9.133,-0.500,0.002,-0.004,0.006,-222441
5.645413792,131548229,3.266,-9.133,-0.500,0.000,-0.002,0.010,-222365
5.649540917,131552450,3.266,-9.133,-0.500,0.010,0.000,-0.004,-222433
5.65396275,131556671,3.266,-9.133,-0.500,0.004,0.004,-0.008,-222728
5.658985042,131561892,3.266,-9.133,-0.500,-0.008,0.006,0.004,-224254
5.66323375,131566113,3.266,-9.133,-0.500,0.012,0.004,-0.002,-222732
5.668436125,131571334,3.227,-9.133,-0.691,0.012,0.004,-0.002,-222242
5.671656458,131574555,3.227,-9.133,-0.691,-0.002,0.000,0.004,-223663
5.677932167,131580776,3.227,-9.133,-0.691,0.000,0.004,0.000,-222446
5.682120833,131584997,3.227,-9.133,-0.691,-0.004,0.004,0.002,-222624
5.686309,131589218,3.227,-9.133,-0.691,-0.002,-0.006,0.012,-222089
5.690594583,131593439,3.227,-9.133,-0.691,-0.002,0.000,-0.008,-222725
5.6957375,131598660,3.227,-9.133,-0.691,0.002,-0.008,0.004,-222460
5.699030917,131601881,3.266,-9.133,-0.617,0.002,-0.008,0.004,-222663
5.70130825,131604102,3.266,-9.133,-0.617,-0.004,-0.002,0.000,-222759
5.706441125,131609323,3.266,-9.133,-0.617,0.000,0.000,0.010,-222724
5.710654583,131613544,3.266,-9.133,-0.617,0.010,0.006,0.004,-222819
5.717224,131619765,3.266,-9.133,-0.617,0.002,-0.002,-0.002,-222301
5.721071667,131623986,3.266,-9.133,-0.617,-0.004,-0.008,0.002,-222321
5.725347583,131628207,3.266,-9.133,-0.617,-0.016,0.008,0.000,-222593
5.729661917,131632428,3.266,-9.176,-0.617,-0.016,0.008,0.000,-222567
5.732725792,131635649,3.266,-9.176,-0.617,-0.008,-0.004,0.002,-222193
5.738898625,131641870,3.266,-9.176,-0.617,0.004,0.002,0.018,-222554
5.744418708,131647091,3.266,-9.176,-0.617,0.002,0.000,0.004,-222798
5.748433208,131651312,3.266,-9.176,-0.617,0.006,0.000,0.000,-222167
5.752705958,131655533,3.266,-9.176,-0.617,0.000,-0.006,0.004,-222478
5.756955333,131659754,3.266,-9.176,-0.617,-0.004,-0.012,0.000,-222979
5.761096833,131663975,3.227,-9.176,-0.691,-0.004,-0.012,0.000,-222704
5.76427025,131667196,3.227,-9.176,-0.691,-0.004,0.004,-0.012,-222080
5.770035625,131672417,3.227,-9.176,-0.691,0.004,0.000,0.002,-222874
5.773989167,131676637,3.227,-9.176,-0.691,-0.008,0.012,0.004,-222965
5.778196417,131680858,3.227,-9.176,-0.691,-0.006,-0.004,-0.014,-222250
5.782431625,131685079,3.227,-9.176,-0.691,0.002,0.008,0.006,-222814
5.786732833,131689300,3.227,-9.176,-0.691,-0.004,0.000,0.002,-222689
5.790733375,131693521,3.266,-9.133,-0.578,-0.004,0.000,0.002,-223103
5.793875083,131696742,3.266,-9.133,-0.578,0.006,-0.002,0.002,-222762
5.800319333,131702963,3.266,-9.133,-0.578,0.012,-0.004,0.002,-222819
5.804820208,131707184,3.266,-9.133,-0.578,0.004,0.006,-0.006,-223391
5.809750292,131712405,3.266,-9.133,-0.578,0.004,0.004,-0.008,-222618
5.814075125,131716626,3.266,-9.133,-0.578,-0.008,-0.002,0.002,-222349
5.819040792,131721847,3.266,-9.133,-0.578,-0.004,0.006,0.002,-222459
5.82214275,131725068,3.227,-9.172,-0.617,-0.004,0.006,0.002,-223133
5.826370458,131729289,3.227,-9.172,-0.617,-0.004,-0.004,0.012,-222482
5.830604667,131733510,3.227,-9.137,-0.539,-0.004,-0.004,0.012,-222366
5.836821708,131739731,3.227,-9.137,-0.539,0.004,0.000,0.000,-222680
5.841043583,131743951,3.227,-9.137,-0.539,-0.004,-0.006,-0.008,-223129
5.845374542,131748172,3.227,-9.137,-0.539,0.000,0.002,-0.002,-222979
5.851670833,131753393,3.227,-9.137,-0.539,-0.010,-0.006,0.010,-222838
5.854728292,131757614,3.227,-9.137,-0.539,0.008,0.004,-0.008,-222848
5.858948667,131761835,3.227,-9.137,-0.578,0.008,0.004,-0.008,-222809
5.862150292,131765056,3.227,-9.137,-0.578,-0.004,0.002,0.010,-222654
5.867387708,131770277,3.227,-9.137,-0.578,-0.008,-0.002,0.002,-221894
5.871646958,131774498,3.227,-9.137,-0.578,-0.012,0.000,-0.008,-223712
5.87582925,131778719,3.227,-9.137,-0.578,0.010,0.010,0.000,-222634
5.880012208,131782940,3.227,-9.137,-0.578,-0.004,0.014,0.006,-222351
5.884518375,131787161,3.266,-9.176,-0.578,-0.004,0.014,0.006,-223023
5.887499833,131790382,3.266,-9.176,-0.578,0.000,0.002,-0.008,-222654
5.892703208,131795603,3.266,-9.176,-0.578,-0.004,-0.008,0.012,-222945
5.897982292,131800825,3.266,-9.176,-0.578,0.000,0.006,0.000,-222462
5.902146875,131805045,3.266,-9.176,-0.578,-0.002,-0.008,-0.008,-221948
5.907345,131810266,3.266,-9.176,-0.578,-0.004,0.004,0.016,-223078
5.912645708,131815487,3.266,-9.176,-0.578,0.002,0.014,-0.006,-222643
5.918065958,131820708,3.266,-9.133,-0.578,0.002,0.014,-0.006,-221934
5.921089625,131823914,3.266,-9.133,-0.578,-0.014,-0.006,-0.002,-221934
5.926203875,131829134,3.266,-9.133,-0.578,-0.008,0.004,-0.002,-222664
5.930531625,131833355,3.266,-9.133,-0.578,-0.002,-0.006,0.008,-222215
5.934804292,131837576,3.266,-9.133,-0.578,0.008,0.002,-0.002,-222594
5.9398275,131842797,3.266,-9.133,-0.578,0.000,0.000,0.020,-222619
5.944167458,131847018,3.266,-9.133,-0.578,-0.004,0.000,0.006,-222727
5.948322958,131851239,3.305,-9.133,-0.617,-0.004,0.000,0.006,-222186
5.950586667,131853460,3.305,-9.133,-0.617,-0.008,0.002,-0.018,-221456
5.956838917,131859681,3.305,-9.133,-0.617,-0.008,-0.002,-0.006,-223530
5.960989458,131863902,3.305,-9.133,-0.617,0.008,-0.008,0.002,-223329
5.965148292,131868123,3.305,-9.133,-0.617,-0.008,0.016,0.002,-222330
5.969471333,131872344,3.305,-9.133,-0.617,-0.004,-0.006,0.000,-222577
5.974954083,131877565,3.305,-9.133,-0.617,-0.004,0.004,0.000,-222569
5.978882333,131881786,3.227,-9.137,-0.578,-0.004,0.004,0.000,-222218
5.982395292,131885007,3.227,-9.137,-0.578,-0.002,0.004,-0.006,-222885
5.987301417,131890228,3.227,-9.137,-0.578,0.002,-0.004,0.000,-222398
5.992540875,131895449,3.227,-9.137,-0.578,-0.010,0.006,0.000,-223391
5.996778792,131899670,3.227,-9.137,-0.578,0.002,0.004,-0.012,-222573
6.002031083,131904891,3.227,-9.137,-0.578,-0.002,0.008,0.006,-222166
6.006194042,131909112,3.227,-9.137,-0.578,-0.002,-0.012,0.004,-222846
6.010393083,131913333,3.227,-9.172,-0.617,-0.002,-0.012,0.004,-222878
6.012612917,131915554,3.227,-9.172,-0.617,0.004,0.006,-0.004,-222325
6.017868292,131920775,3.227,-9.172,-0.617,-0.004,0.008,0.000,-222791
6.022057958,131924996,3.227,-9.172,-0.617,0.000,-0.006,0.010,-222888
6.026281083,131929217,3.227,-9.172,-0.617,0.004,0.002,-0.002,-222899
6.030528,131933438,3.227,-9.172,-0.617,-0.004,0.000,0.000,-221930
6.034770917,131937659,3.227,-9.172,-0.617,-0.006,-0.004,-0.012,-222513
6.039993083,131942880,3.266,-9.133,-0.578,-0.006,-0.004,-0.012,-222927
6.04319825,131946101,3.266,-9.133,-0.578,0.021,0.004,0.010,-222681
6.049411125,131952322,3.266,-9.133,-0.578,0.002,0.004,0.002,-222042
6.053626792,131956543,3.266,-9.133,-0.578,0.004,-0.004,-0.002,-222976
6.057868333,131960764,3.266,-9.133,-0.578,0.004,0.000,0.002,-223162
6.062064667,131964987,3.266,-9.133,-0.578,0.002,0.004,0.000,-222410
6.067316875,131970208,3.266,-9.133,-0.578,0.014,0.002,-0.018,-222542
6.071648958,131974429,3.266,-9.211,-0.656,0.014,0.002,-0.018,-222356
6.074789292,131977650,3.266,-9.211,-0.656,0.002,0.004,0.012,-222871
6.080967625,131983871,3.266,-9.211,-0.656,0.000,0.002,0.006,-222041
6.085507417,131988092,3.266,-9.211,-0.656,0.000,-0.010,-0.012,-222610
6.089395625,131992313,3.266,-9.211,-0.656,0.000,0.004,0.006,-222500
6.094760167,131997534,3.266,-9.211,-0.656,0.004,-0.006,0.000,-222968
6.098871458,132001755,3.266,-9.211,-0.656,0.000,0.004,-0.010,-223229
6.103124542,132005976,3.305,-9.133,-0.578,0.000,0.004,-0.010,-222833
6.10538575,132008197,3.305,-9.133,-0.578,0.000,-0.006,-0.006,-222605
6.109678375,132012418,3.305,-9.133,-0.578,0.002,0.000,-0.014,-223188
6.114125333,132016639,3.305,-9.133,-0.578,-0.006,0.004,0.004,-222402
6.118997708,132021860,3.305,-9.133,-0.578,-0.004,0.002,0.002,-222725
6.123132583,132026081,3.305,-9.133,-0.578,-0.002,-0.008,-0.012,-222165
6.127382583,132030302,3.305,-9.133,-0.578,-0.002,-0.004,0.006,-222642
6.131572792,132034523,3.266,-9.176,-0.539,-0.002,-0.004,0.006,-222082
6.13483475,132037745,3.266,-9.176,-0.539,-0.004,0.000,0.000,-222636
6.1415415,132043966,3.266,-9.176,-0.539,-0.002,-0.006,-0.006,-223449
6.146269792,132049187,3.266,-9.176,-0.539,0.002,0.002,0.014,-222260
6.149753625,132052408,3.266,-9.133,-0.617,0.002,0.002,0.014,-223145
6.151718167,132054629,3.266,-9.133,-0.617,-0.008,-0.004,-0.004,-222724
6.156942292,132059850,3.266,-9.133,-0.617,0.000,0.000,0.000,-222399
6.161163167,132064070,3.266,-9.133,-0.617,0.004,-0.006,0.000,-223015
6.165380875,132068291,3.266,-9.133,-0.617,-0.006,0.008,0.010,-222826
6.169576625,132072497,3.266,-9.133,-0.617,0.002,-0.002,-0.004,-222826
6.173880208,132076717,3.266,-9.133,-0.617,0.000,0.004,-0.008,-223192
6.178026917,132080938,3.227,-9.137,-0.578,0.000,0.004,-0.008,-223293
6.181239,132084159,3.227,-9.137,-0.578,0.002,0.000,0.002,-222805
6.18805475,132090380,3.227,-9.137,-0.578,0.006,0.006,0.004,-221941
6.191700125,132094600,3.227,-9.137,-0.578,0.002,0.006,-0.010,-222860
6.196932083,132099823,3.227,-9.137,-0.578,0.002,-0.008,0.004,-222871
6.201175708,132104043,3.227,-9.137,-0.578,0.000,0.006,0.004,-222008
6.20539625,132108264,3.227,-9.137,-0.578,0.008,0.002,-0.010,-222580
6.209603292,132112485,3.266,-9.133,-0.578,0.008,0.002,-0.010,-222872
6.21189775,132114706,3.266,-9.133,-0.578,-0.010,0.004,-0.002,-222304
6.218685833,132120927,3.266,-9.133,-0.578,-0.002,0.002,0.004,-223468
6.222636833,132125148,3.266,-9.133,-0.578,0.000,-0.006,0.006,-222995
6.226458792,132129369,3.266,-9.133,-0.578,0.010,0.000,0.002,-222501
6.230708667,132133590,3.266,-9.133,-0.578,0.002,0.004,0.002,-222684
6.235908167,132138812,3.266,-9.133,-0.578,-0.004,0.000,0.006,-223177
6.240114542,132143032,3.227,-9.137,-0.617,-0.004,0.000,0.006,-223069
6.243394875,132146253,3.227,-9.137,-0.617,0.002,0.004,0.002,-222350
6.248555458,132151474,3.227,-9.137,-0.617,-0.004,0.008,0.000,-222184
6.252870792,132155695,3.227,-9.137,-0.617,0.002,0.000,0.004,-222547
6.258044708,132160916,3.227,-9.137,-0.617,-0.008,0.000,-0.002,-222616
6.262232375,132165137,3.227,-9.137,-0.617,-0.004,0.008,0.008,-221884
6.26651375,132169359,3.227,-9.137,-0.617,-0.002,0.002,-0.004,-222037
6.269637833,132172580,3.227,-9.098,-0.578,-0.002,0.002,-0.004,-221947
6.271896583,132174801,3.227,-9.098,-0.578,0.008,-0.010,-0.006,-222989
6.277224583,132180023,3.227,-9.098,-0.578,-0.002,-0.006,-0.018,-222380
6.281326958,132184244,3.227,-9.098,-0.578,0.004,0.006,0.008,-222482
6.286822083,132189465,3.227,-9.098,-0.578,0.006,0.012,-0.016,-221749
6.2907345,132193686,3.227,-9.098,-0.578,0.008,-0.008,0.014,-222729
6.296978125,132199907,3.227,-9.098,-0.578,0.002,0.002,-0.006,-222606
6.301235417,132204128,3.266,-9.133,-0.578,0.002,0.002,-0.006,-222859
6.303674125,132206349,3.266,-9.133,-0.578,-0.010,0.002,0.012,-222110
6.307606083,132210570,3.266,-9.133,-0.578,0.006,0.004,0.002,-223052
6.31180725,132214791,3.266,-9.133,-0.578,0.000,0.002,0.006,-222931
6.317148875,132220012,3.266,-9.133,-0.578,-0.002,0.000,-0.012,-222975
6.321279542,132224233,3.266,-9.133,-0.578,0.004,0.008,0.002,-221881
6.325601708,132228454,3.266,-9.133,-0.578,-0.002,-0.008,0.006,-223090
6.328804417,132231675,3.266,-9.176,-0.539,-0.002,-0.008,0.006,-222941
6.331045667,132233896,3.266,-9.176,-0.539,0.004,-0.004,0.004,-222594
6.336290167,132239117,3.266,-9.176,-0.539,0.000,0.012,0.012,-222758
6.341694917,132244337,3.266,-9.176,-0.539,0.002,0.006,0.000,-223474
6.344912,132247558,3.266,-9.176,-0.539,-0.002,0.008,-0.012,-222791
6.351127625,132252779,3.266,-9.176,-0.539,-0.010,0.002,0.014,-222093
6.3550625,132258000,3.266,-9.176,-0.539,-0.016,-0.004,0.004,-222677
6.36028375,132263221,3.266,-9.133,-0.578,-0.016,-0.004,0.004,-222916
6.363489292,132266442,3.266,-9.133,-0.578,-0.006,-0.006,0.006,-222436
6.368792,132271663,3.266,-9.133,-0.578,-0.004,-0.004,0.004,-223138
6.372975667,132275884,3.266,-9.133,-0.578,0.008,0.000,0.014,-222239
6.378315125,132281105,3.266,-9.133,-0.578,0.000,0.006,-0.006,-222991
6.382497417,132285326,3.266,-9.133,-0.578,0.010,-0.006,0.000,-222709
6.386658625,132289547,3.266,-9.133,-0.578,0.000,-0.002,0.006,-222336
6.389910125,132292768,3.305,-9.094,-0.617,0.000,-0.002,0.006,-222924
6.393106958,132295989,3.305,-9.094,-0.617,-0.002,-0.008,0.014,-223289
6.399350458,132302210,3.305,-9.094,-0.617,-0.002,0.002,-0.014,-222944
6.403585167,132306431,3.305,-9.094,-0.617,0.000,-0.006,-0.018,-222101
6.407894833,132310652,3.305,-9.094,-0.617,0.004,-0.006,-0.004,-223235
6.412111,132314873,3.305,-9.094,-0.617,-0.002,0.004,0.008,-223291
6.417460167,132320094,3.266,-9.133,-0.617,-0.002,0.004,0.008,-222194
6.420425708,132322315,3.266,-9.133,-0.617,0.002,0.002,0.000,-222958
6.424642292,132327536,3.266,-9.133,-0.617,0.006,-0.002,-0.004,-223247
6.428829208,132331757,3.266,-9.133,-0.617,-0.002,0.000,0.002,-222329
6.433081167,132335978,3.266,-9.133,-0.617,-0.002,-0.004,0.002,-222035
6.43736825,132340199,3.266,-9.133,-0.617,-0.010,0.004,0.006,-221931
6.441570667,132344420,3.266,-9.133,-0.617,-0.008,0.002,-0.006,-222962
6.444698458,132347641,3.266,-9.133,-0.617,-0.008,0.002,-0.006,-223143
6.447021958,132349862,3.266,-9.133,-0.617,-0.006,-0.010,0.002,-222616
6.452950167,132355083,3.266,-9.133,-0.617,-0.002,0.010,0.020,-223405
6.456370417,132359304,3.266,-9.133,-0.617,0.004,0.000,-0.002,-223215
6.461625958,132364525,3.266,-9.133,-0.617,-0.004,-0.006,-0.004,-223366
6.465907583,132368746,3.266,-9.133,-0.617,-0.002,0.004,0.002,-223080
6.470027958,132372967,3.266,-9.133,-0.617,0.002,0.006,0.002,-221922
6.47431625,132377188,3.266,-9.133,-0.578,0.002,0.006,0.002,-223423
6.477913292,132380409,3.266,-9.133,-0.578,-0.018,0.002,-0.008,-222160
6.4830115,132385630,3.266,-9.133,-0.578,-0.002,-0.006,-0.004,-222285
6.486964125,132389851,3.266,-9.133,-0.578,-0.008,-0.004,0.006,-222598
6.490146167,132393072,3.266,-9.133,-0.578,0.010,0.002,-0.010,-222333
6.495425792,132398293,3.266,-9.133,-0.578,0.008,-0.004,-0.002,-222545
6.500664542,132403514,3.266,-9.133,-0.578,-0.002,0.000,0.004,-222907
6.504911667,132407735,3.305,-9.176,-0.539,-0.002,0.000,0.004,-222043
6.508085917,132410956,3.305,-9.176,-0.539,-0.010,0.002,-0.002,-223298
6.514301417,132417177,3.305,-9.176,-0.539,0.004,-0.012,0.004,-223092
6.520015333,132422398,3.305,-9.176,-0.539,-0.008,0.004,0.012,-222168
6.523771083,132426619,3.305,-9.176,-0.539,0.004,0.000,0.000,-222841
6.527950042,132430840,3.305,-9.176,-0.539,-0.012,-0.004,0.002,-223740
6.532214125,132435061,3.305,-9.176,-0.539,0.002,-0.006,0.000,-222128
6.537528292,132440282,3.227,-9.137,-0.617,0.002,-0.006,0.000,-222849
6.54084125,132443503,3.227,-9.137,-0.617,-0.004,0.000,0.004,-222198
6.546064542,132448724,3.227,-9.137,-0.617,-0.006,0.004,0.002,-222697
6.549370292,132451945,3.227,-9.137,-0.617,-0.012,0.004,-0.012,-222713
6.55334975,132456166,3.227,-9.137,-0.617,0.014,0.004,-0.012,-221820
6.558500292,132461387,3.227,-9.137,-0.617,0.004,0.004,0.000,-223580
6.562754167,132465608,3.227,-9.137,-0.617,0.000,0.002,0.008,-222106
6.566880125,132469829,3.227,-9.137,-0.578,0.000,0.002,0.008,-222137
6.570106417,132473050,3.227,-9.137,-0.578,-0.002,0.004,0.002,-221686
6.576549708,132479271,3.227,-9.137,-0.578,-0.004,0.002,-0.002,-222884
6.580935333,132483492,3.227,-9.137,-0.578,-0.004,0.000,0.018,-222633
6.585906625,132487713,3.227,-9.137,-0.578,-0.002,-0.002,-0.002,-223109
6.58904025,132491934,3.227,-9.137,-0.578,0.002,0.000,0.000,-222899
6.592280375,132495155,3.227,-9.137,-0.578,-0.010,0.000,0.006,-223336
6.596583958,132499376,3.266,-9.133,-0.617,-0.010,0.000,0.006,-222520
6.599789708,132502597,3.266,-9.133,-0.617,0.006,0.000,-0.004,-222753
6.605227167,132507818,3.266,-9.133,-0.617,0.008,-0.004,-0.014,-222647
6.610430333,132513039,3.266,-9.133,-0.617,0.008,0.008,-0.002,-222169
6.614636792,132517260,3.266,-9.133,-0.617,-0.002,0.004,0.002,-222083
6.619972417,132522481,3.266,-9.133,-0.617,0.000,0.012,-0.006,-222607
6.623967708,132526702,3.227,-9.172,-0.578,0.000,0.012,-0.006,-223041
6.627026708,132529923,3.227,-9.172,-0.578,-0.004,-0.004,0.004,-222482
6.63230975,132535144,3.227,-9.172,-0.578,-0.014,0.004,0.000,-222273
6.637503958,132540365,3.227,-9.172,-0.578,0.010,0.002,0.004,-221872
6.641801958,132544586,3.227,-9.172,-0.578,-0.014,0.006,0.010,-223416
6.647122583,132549807,3.227,-9.172,-0.578,-0.008,0.004,-0.008,-223367
6.652506833,132555028,3.227,-9.172,-0.578,0.004,-0.002,0.006,-222972
6.659412458,132562249,3.305,-9.133,-0.539,0.004,-0.002,0.006,-223181
6.662561,132565470,3.305,-9.133,-0.539,-0.002,0.004,-0.006,-222794
6.667815625,132570676,3.305,-9.133,-0.539,-0.002,0.002,-0.006,-222794
6.672028417,132574896,3.305,-9.133,-0.539,-0.010,-0.004,0.004,-222347
6.677360458,132580117,3.305,-9.133,-0.539,0.000,0.000,0.000,-222972
6.681469792,132584338,3.305,-9.133,-0.539,0.000,0.000,0.000,-221753
6.686047167,132588559,3.305,-9.133,-0.539,0.000,0.000,0.000,-223198
6.689893083,132592779,3.227,-9.137,-0.617,0.000,0.000,0.000,-222527
6.692098292,132594999,3.227,-9.137,-0.617,0.000,0.000,0.000,-223426
6.698850792,132601220,3.227,-9.137,-0.617,0.000,0.000,0.000,-222599
6.702625333,132605441,3.227,-9.137,-0.617,0.000,0.000,0.000,-222101
6.706883708,132609661,3.227,-9.137,-0.617,0.000,0.000,0.000,-222441
6.712122125,132614882,3.227,-9.137,-0.617,0.000,0.000,0.000,-222301
6.718245125,132621103,3.227,-9.137,-0.617,0.000,0.000,0.000,-222740
6.722490583,132625324,3.266,-9.133,-0.578,0.000,0.000,0.000,-222067
6.7256275,132628545,3.266,-9.133,-0.578,0.000,0.000,0.000,-222572
6.730979375,132633765,3.266,-9.133,-0.578,0.000,0.000,0.000,-222449
6.735204167,132637986,3.266,-9.133,-0.578,0.000,0.000,0.000,-222438
6.740280917,132643206,3.266,-9.133,-0.578,0.000,0.000,0.000,-223039
6.745419708,132647426,3.266,-9.133,-0.578,0.000,0.000,0.000,-221701
6.74884675,132651646,3.266,-9.133,-0.578,0.000,0.000,0.000,-222558
6.752118417,132654867,3.227,-9.172,-0.539,0.000,0.000,0.000,-222680
6.755231958,132658087,3.227,-9.172,-0.539,0.000,0.000,0.000,-222769
6.761528375,132664307,3.227,-9.172,-0.539,0.000,0.000,0.000,-222816
6.765873125,132668528,3.227,-9.172,-0.539,0.000,0.000,0.000,-222234
6.76997325,132672748,3.227,-9.172,-0.539,0.000,0.000,0.000,-221721
6.775255458,132677968,3.227,-9.172,-0.539,0.000,0.000,0.000,-222309
6.780597083,132683189,3.227,-9.172,-0.539,0.000,0.000,0.000,-222409
6.784870042,132687410,3.305,-9.133,-0.617,0.000,0.000,0.000,-222903
6.787801333,132690631,3.305,-9.133,-0.617,0.000,0.000,0.000,-222796
6.793019042,132695852,3.305,-9.133,-0.617,0.000,0.000,0.000,-222913
6.798302042,132701073,3.305,-9.133,-0.617,0.000,0.000,0.000,-223098
6.802999333,132705293,3.305,-9.133,-0.617,0.000,0.000,0.000,-222656
6.806873333,132709514,3.305,-9.133,-0.617,0.000,0.000,0.000,-222700
6.81108425,132713735,3.305,-9.133,-0.617,0.000,0.000,0.000,-222101
6.815247083,132717956,3.227,-9.137,-0.578,0.000,0.000,0.000,-222583
6.817222083,132720177,3.227,-9.137,-0.578,0.000,0.000,0.000,-222127
6.822463875,132725397,3.227,-9.137,-0.578,0.000,0.000,0.000,-223191
6.826712375,132729618,3.227,-9.137,-0.578,0.000,0.000,0.000,-222431
6.829951833,132732839,3.227,-9.137,-0.578,0.000,0.000,0.000,-222880
6.834199375,132737059,3.227,-9.137,-0.578,0.000,0.000,0.000,-222607
6.839399167,132742279,3.227,-9.137,-0.578,0.000,0.000,0.000,-222676
6.842594083,132745500,3.227,-9.137,-0.578,0.000,0.000,0.000,-223266
6.84798975,132750720,3.227,-9.137,-0.578,0.000,0.000,0.000,-223228
6.852758667,132754940,3.227,-9.137,-0.578,0.000,0.000,0.000,-222876
6.856230125,132759161,3.227,-9.137,-0.578,0.000,0.000,0.000,-222514
6.860495042,132763381,3.227,-9.137,-0.578,0.000,0.000,0.000,-222936
6.864672042,132767601,3.227,-9.137,-0.578,0.000,0.000,0.000,-222708
6.868044167,132770821,3.227,-9.137,-0.656,0.000,0.000,0.000,-221916
6.870128042,132773042,3.227,-9.137,-0.656,0.000,0.000,0.000,-222558
6.875390917,132778262,3.227,-9.137,-0.656,0.000,0.000,0.000,-223350
6.880560542,132783483,3.227,-9.137,-0.656,0.000,0.000,0.000,-222179
6.884874375,132787703,3.227,-9.137,-0.656,0.000,0.000,0.000,-222666
6.889041167,132791924,3.227,-9.137,-0.617,0.000,0.000,0.000,-222606
6.891269167,132794145,3.227,-9.137,-0.617,0.000,0.000,0.000,-222765
6.896175167,132798366,3.227,-9.137,-0.617,0.000,0.000,0.000,-221514
6.899729708,132802586,3.227,-9.137,-0.617,0.000,0.000,0.000,-222211
6.9040025,132806807,3.227,-9.137,-0.617,0.000,0.000,0.000,-222340
6.909250167,132812027,3.227,-9.137,-0.617,0.000,0.000,0.000,-222663
6.9145115,132817248,3.227,-9.137,-0.617,0.000,0.000,0.000,-222359
6.921556333,132824469,3.227,-9.137,-0.656,0.000,0.000,0.000,-222644
6.924863667,132827690,3.227,-9.137,-0.656,0.000,0.000,0.000,-222581
6.930089792,132832911,3.227,-9.137,-0.656,0.000,0.000,0.000,-222588
6.934332417,132837131,3.227,-9.137,-0.656,0.000,0.000,0.000,-222384
6.939461417,132842352,3.227,-9.137,-0.656,0.000,0.000,0.000,-222880
6.943706458,132846573,3.227,-9.137,-0.656,0.000,0.000,0.000,-222892
6.948255917,132850794,3.227,-9.137,-0.656,0.000,0.000,0.000,-222314
6.952162458,132855016,3.266,-9.211,-0.617,0.000,0.000,0.000,-221757
6.955463917,132858237,3.266,-9.211,-0.617,0.000,0.000,0.000,-221945
6.960617292,132863458,3.266,-9.211,-0.617,0.000,0.000,0.000,-223431
6.964885042,132867679,3.266,-9.211,-0.617,0.000,0.000,0.000,-222866
6.970126375,132872900,3.266,-9.211,-0.617,0.000,0.000,0.000,-222894
6.974410417,132877121,3.266,-9.211,-0.617,0.000,0.000,0.000,-222764
6.979449583,132882341,3.266,-9.211,-0.617,0.000,0.000,0.000,-222681
6.984867875,132886562,3.266,-9.176,-0.578,0.000,0.000,0.000,-223022
6.987509542,132889783,3.266,-9.176,-0.578,0.000,0.000,0.000,-223023
6.99209875,132895003,3.266,-9.176,-0.578,0.000,0.000,0.000,-223278
6.997304917,132900223,3.266,-9.176,-0.578,0.000,0.000,0.000,-223296
7.002719167,132905444,3.266,-9.176,-0.578,0.000,0.000,0.000,-222720
7.007848667,132910665,3.266,-9.133,-0.578,0.000,0.000,0.000,-222694
7.011018292,132913886,3.266,-9.133,-0.578,0.000,0.000,0.000,-223589
7.017287542,132920107,3.266,-9.133,-0.578,0.000,0.000,0.000,-222978
7.021447042,132924327,3.266,-9.133,-0.578,0.000,0.000,0.000,-222559
7.025624417,132928548,3.266,-9.133,-0.578,0.000,0.000,0.000,-223581
7.029923917,132932769,3.266,-9.133,-0.578,0.000,0.000,0.000,-223068
7.034141542,132936989,3.266,-9.133,-0.578,0.000,0.000,0.000,-222134
7.039327875,132942209,3.266,-9.094,-0.539,0.000,0.000,0.000,-222331
7.042528292,132945430,3.266,-9.094,-0.539,0.000,0.000,0.000,-222818
7.0478155,132950650,3.266,-9.094,-0.539,0.000,0.000,0.000,-222470
7.0530845,132954870,3.266,-9.094,-0.539,0.000,0.000,0.000,-222699
7.057235708,132960091,3.266,-9.094,-0.539,0.000,0.000,0.000,-223255
7.06148425,132964311,3.266,-9.094,-0.539,0.000,0.000,0.000,-223179
7.065722958,132968532,3.266,-9.094,-0.539,0.000,0.000,0.000,-221603
7.070320792,132972753,3.266,-9.133,-0.617,0.000,0.000,0.000,-222469
7.072132333,132974974,3.266,-9.133,-0.617,0.000,0.000,0.000,-223138
7.0784565,132981194,3.266,-9.133,-0.617,0.000,0.000,0.000,-222305
7.08257875,132985414,3.266,-9.133,-0.617,0.000,0.000,0.000,-222603
7.086793833,132989634,3.266,-9.133,-0.617,0.000,0.000,0.000,-221897
7.092066667,132994854,3.266,-9.133,-0.617,0.000,0.000,0.000,-222852
7.098340167,133001075,3.266,-9.133,-0.617,0.000,0.000,0.000,-222646
7.102584875,133005296,3.266,-9.133,-0.617,0.000,0.000,0.000,-222365
7.10588675,133008516,3.266,-9.133,-0.617,0.000,0.000,0.000,-222699
7.112138708,133014736,3.266,-9.133,-0.617,0.000,0.000,0.000,-222600
7.116698125,133018957,3.266,-9.133,-0.617,0.000,0.000,0.000,-222323
7.119307208,133022177,3.266,-9.133,-0.617,0.000,0.000,0.000,-223325
7.123449667,133026397,3.266,-9.133,-0.617,0.000,0.000,0.000,-222706
7.128615333,133030617,3.266,-9.133,-0.617,0.000,0.000,0.000,-222594
7.1319525,133034838,3.266,-9.133,-0.578,0.000,0.000,0.000,-222792
7.1351565,133038059,3.266,-9.133,-0.578,0.000,0.000,0.000,-221774
7.141436167,133044279,3.266,-9.133,-0.578,0.000,0.000,0.000,-223250
7.145575583,133048500,3.266,-9.133,-0.578,0.000,0.000,0.000,-223445
7.150233542,133052721,3.266,-9.133,-0.578,0.000,0.000,0.000,-222012
7.154125375,133056942,3.266,-9.133,-0.578,0.000,0.000,0.000,-223125
7.159299042,133062163,3.266,-9.133,-0.578,0.000,0.000,0.000,-222693
7.163541833,133066383,3.227,-9.172,-0.617,0.000,0.000,0.000,-222223
7.16671475,133069604,3.227,-9.172,-0.617,0.000,0.000,0.000,-221465
7.173059792,133075825,3.227,-9.172,-0.617,0.000,0.000,0.000,-223055
7.177215208,133080046,3.227,-9.172,-0.617,0.000,0.000,0.000,-221856
7.180620625,133083266,3.227,-9.172,-0.617,0.000,0.000,0.000,-223747
7.185108792,133087486,3.227,-9.172,-0.617,0.000,0.000,0.000,-222272
7.188771833,133091706,3.227,-9.172,-0.617,0.000,0.000,0.000,-222076
7.1930665,133095927,3.227,-9.172,-0.617,0.000,0.000,0.000,-222340
7.196331625,133099148,3.227,-9.172,-0.617,0.000,0.000,0.000,-223439
7.20150925,133104369,3.227,-9.172,-0.617,0.000,0.000,0.000,-222629
7.204805833,133107590,3.227,-9.172,-0.617,0.000,0.000,0.000,-222891
7.208040583,133110810,3.227,-9.172,-0.617,0.000,0.000,0.000,-222821
7.212263917,133115030,3.227,-9.172,-0.617,0.000,0.000,0.000,-222497
7.21740325,133120251,3.227,-9.172,-0.617,0.000,0.000,0.000,-222380
7.220556375,133123471,3.305,-9.133,-0.617,0.000,0.000,0.000,-222862
7.2258345,133128691,3.305,-9.133,-0.617,0.000,0.000,0.000,-223692
7.230038792,133132912,3.305,-9.133,-0.617,0.000,0.000,0.000,-222601
7.234291833,133137132,3.305,-9.133,-0.617,0.000,0.000,0.000,-221625
7.239489167,133142353,3.305,-9.133,-0.617,0.000,0.000,0.000,-222890
7.244039208,133146574,3.266,-9.133,-0.617,0.000,0.000,0.000,-222956
7.245926708,133148795,3.266,-9.133,-0.617,0.000,0.000,0.000,-222994
7.251144417,133154015,3.266,-9.133,-0.617,0.000,0.000,0.000,-222389
7.255374,133158236,3.266,-9.133,-0.617,0.000,0.000,0.000,-223665
7.260042208,133162458,3.266,-9.133,-0.617,0.000,0.000,0.000,-222800
7.263816875,133166679,3.266,-9.133,-0.617,0.000,0.000,0.000,-222202
7.268088583,133170900,3.266,-9.133,-0.617,0.000,0.000,0.000,-222202
7.272338458,133175121,3.227,-9.172,-0.578,0.000,0.000,0.000,-222280
7.275462167,133178342,3.227,-9.172,-0.578,0.000,0.000,0.000,-222843
7.280791667,133183563,3.227,-9.172,-0.578,0.000,0.000,0.000,-222146
7.285473583,133187783,3.227,-9.172,-0.578,0.000,0.000,0.000,-222775
7.288416958,133191005,3.227,-9.172,-0.578,0.000,0.000,0.000,-223080
7.292365667,133195226,3.227,-9.172,-0.578,0.000,0.000,0.000,-223041
7.298640417,133201447,3.227,-9.172,-0.578,0.000,0.000,0.000,-222898
7.302916625,133205668,3.227,-9.172,-0.617,0.000,0.000,0.000,-223136
7.306077875,133208888,3.227,-9.172,-0.617,0.000,0.000,0.000,-222892
7.311312583,133214109,3.227,-9.172,-0.617,0.000,0.000,0.000,-222733
7.315593583,133218329,3.227,-9.172,-0.617,0.000,0.000,0.000,-223347
7.320890542,133223549,3.227,-9.172,-0.617,0.000,0.000,0.000,-222448
7.324954375,133227770,3.227,-9.172,-0.617,0.000,0.000,0.000,-222918
7.329132708,133231990,3.227,-9.172,-0.617,0.000,0.000,0.000,-222861
7.332388542,133235210,3.266,-9.133,-0.617,0.000,0.000,0.000,-222937
7.335573917,133238430,3.266,-9.133,-0.617,0.000,0.000,0.000,-222101
7.342330917,133244651,3.266,-9.133,-0.617,0.000,0.000,0.000,-223466
7.346390917,133248872,3.266,-9.133,-0.617,0.000,0.000,0.000,-222744
7.350504417,133253093,3.266,-9.133,-0.617,0.000,0.000,0.000,-222267
7.355445958,133258313,3.266,-9.133,-0.617,0.000,0.000,0.000,-222109
7.359590917,133262533,3.266,-9.133,-0.617,0.000,0.000,0.000,-223518
7.363861958,133266754,3.266,-9.176,-0.539,0.000,0.000,0.000,-223131
7.36708075,133269974,3.266,-9.176,-0.539,0.000,0.000,0.000,-222447
7.372327542,133275194,3.266,-9.176,-0.539,0.000,0.000,0.000,-222898
7.376540167,133279414,3.266,-9.176,-0.539,0.000,0.000,0.000,-222907
7.380857625,133283635,3.266,-9.176,-0.539,0.000,0.000,0.000,-222513
7.385063083,133287856,3.266,-9.176,-0.539,0.000,0.000,0.000,-222312
7.38919675,133292077,3.266,-9.176,-0.539,0.000,0.000,0.000,-222853
7.393414708,133296297,3.266,-9.133,-0.578,0.000,0.000,0.000,-222894
7.396756542,133299518,3.266,-9.133,-0.578,0.000,0.000,0.000,-222865
7.402912458,133305738,3.266,-9.133,-0.578,0.000,0.000,0.000,-222235
7.40711625,133309959,3.266,-9.133,-0.578,0.000,0.000,0.000,-222587
7.410400458,133313179,3.266,-9.133,-0.578,0.000,0.000,0.000,-223224
7.414678042,133317400,3.266,-9.133,-0.578,0.000,0.000,0.000,-223875
7.420310583,133322620,3.266,-9.133,-0.578,0.000,0.000,0.000,-222210
7.423927333,133326840,3.266,-9.133,-0.578,0.000,0.000,0.000,-223324
7.427252042,133330061,3.266,-9.133,-0.578,0.000,0.000,0.000,-223110
7.434415292,133337281,3.266,-9.133,-0.578,0.000,0.000,0.000,-222063
7.438605417,133341502,3.266,-9.133,-0.578,0.000,0.000,0.000,-222106
7.441809375,133344723,3.266,-9.133,-0.578,0.000,0.000,0.000,-222838
7.446102875,133348944,3.266,-9.133,-0.578,0.000,0.000,0.000,-222442
7.450241375,133353165,3.266,-9.133,-0.578,0.000,0.000,0.000,-222414
7.454736792,133357385,3.266,-9.094,-0.656,0.000,0.000,0.000,-222658
7.456718625,133359606,3.266,-9.094,-0.656,0.000,0.000,0.000,-223434
7.46192325,133364827,3.266,-9.094,-0.656,0.000,0.000,0.000,-223415
7.466176958,133369047,3.266,-9.094,-0.656,0.000,0.000,0.000,-222627
7.470441333,133373267,3.266,-9.094,-0.656,0.000,0.000,0.000,-222316
7.475631417,133378488,3.266,-9.094,-0.656,0.000,0.000,0.000,-222541
7.479939167,133382709,3.266,-9.094,-0.656,0.000,0.000,0.000,-222990
7.48312075,133385929,3.266,-9.133,-0.539,0.000,0.000,0.000,-222118
7.485349958,133388150,3.266,-9.133,-0.539,0.000,0.000,0.000,-222904
7.489434333,133392370,3.266,-9.133,-0.539,0.000,0.000,0.000,-223005
7.493677708,133396575,3.266,-9.133,-0.539,0.000,0.000,0.000,-223005
7.498908375,133401795,3.266,-9.133,-0.539,0.000,0.000,0.000,-221973
7.503243167,133406015,3.266,-9.133,-0.539,0.000,0.000,0.000,-223062
7.507342333,133410236,3.266,-9.133,-0.539,0.000,0.000,0.000,-223232
7.511614167,133414456,3.227,-9.098,-0.578,0.000,0.000,0.000,-223360
7.513904417,133416676,3.227,-9.098,-0.578,0.000,0.000,0.000,-222309
7.51907125,133421897,3.227,-9.098,-0.578,0.000,0.000,0.000,-223217
7.523237125,133426117,3.227,-9.098,-0.578,0.000,0.000,0.000,-222208
7.527467875,133430338,3.227,-9.098,-0.578,0.000,0.000,0.000,-222977
7.531738708,133434558,3.227,-9.098,-0.578,0.000,0.000,0.000,-222791
7.536050375,133438779,3.227,-9.098,-0.578,0.000,0.000,0.000,-222161
7.541494333,133444002,3.227,-9.137,-0.656,0.000,0.000,0.000,-223691
7.544607583,133447223,3.227,-9.137,-0.656,0.000,0.000,0.000,-222874
7.549985042,133452444,3.227,-9.137,-0.656,0.000,0.000,0.000,-222325
7.553112333,133455665,3.227,-9.137,-0.617,0.000,0.000,0.000,-222125
7.558007708,133460885,3.227,-9.137,-0.617,0.000,0.000,0.000,-222587
7.562315333,133465106,3.227,-9.137,-0.617,0.000,0.000,0.000,-222574
7.566489292,133469327,3.227,-9.137,-0.617,0.000,0.000,0.000,-222923
7.571922208,133474548,3.227,-9.137,-0.617,0.000,0.000,0.000,-222717
7.57611125,133478754,3.227,-9.137,-0.617,0.000,0.000,0.000,-222717
7.580449,133482974,3.227,-9.172,-0.617,0.000,0.000,0.000,-222238
7.583350583,133486194,3.227,-9.172,-0.617,0.000,0.000,0.000,-223255
7.588554,133491414,3.227,-9.172,-0.617,0.000,0.000,0.000,-222827
7.59280625,133495635,3.227,-9.172,-0.617,0.000,0.000,0.000,-222976
7.598023,133500856,3.227,-9.172,-0.617,0.000,0.000,0.000,-222369
7.602432042,133505077,3.227,-9.172,-0.617,0.000,0.000,0.000,-222216
7.606652417,133509298,3.227,-9.172,-0.617,0.000,0.000,0.000,-222350
7.610871208,133513518,3.266,-9.176,-0.578,0.000,0.000,0.000,-222517
7.613097292,133515739,3.266,-9.176,-0.578,0.000,0.000,0.000,-222421
7.619530167,133521959,3.266,-9.176,-0.578,0.000,0.000,0.000,-222935
7.623281333,133526180,3.266,-9.176,-0.578,0.000,0.000,0.000,-223185
7.627566417,133530400,3.266,-9.176,-0.578,0.000,0.000,0.000,-222637
7.631726375,133534620,3.266,-9.176,-0.578,0.000,0.000,0.000,-221953
7.635969917,133538841,3.266,-9.176,-0.578,0.000,0.000,0.000,-221934
7.6412555,133544062,3.227,-9.172,-0.578,0.000,0.000,0.000,-222805
7.644458208,133547282,3.227,-9.172,-0.578,0.000,0.000,0.000,-222846
7.651091667,133553502,3.227,-9.172,-0.578,0.000,0.000,0.000,-222238
7.654835958,133557723,3.227,-9.172,-0.578,0.000,0.000,0.000,-222539
7.659097292,133561944,3.227,-9.172,-0.578,0.000,0.000,0.000,-223223
7.663305958,133566165,3.227,-9.172,-0.578,0.000,0.000,0.000,-223141
7.66864075,133571385,3.227,-9.172,-0.578,0.000,0.000,0.000,-223185
7.672770167,133575605,3.266,-9.133,-0.539,0.000,0.000,0.000,-222967
7.676003583,133578825,3.266,-9.133,-0.539,0.000,0.000,0.000,-222344
7.68321925,133586046,3.266,-9.133,-0.539,0.000,0.000,0.000,-221912
7.68737075,133590267,3.266,-9.133,-0.539,0.000,0.000,0.000,-222177
7.691610542,133594488,3.266,-9.133,-0.539,0.000,0.000,0.000,-221884
7.697162625,133599709,3.266,-9.133,-0.539,0.000,0.000,0.000,-223082
7.701048917,133603929,3.266,-9.133,-0.539,0.000,0.000,0.000,-222513
7.706343042,133609150,3.305,-9.133,-0.578,0.000,0.000,0.000,-222789
7.709621042,133612371,3.305,-9.133,-0.578,0.000,0.000,0.000,-222776
7.716032667,133618591,3.305,-9.133,-0.578,0.000,0.000,0.000,-222563
7.721541,133623812,3.305,-9.133,-0.578,0.000,0.000,0.000,-222243
7.72522375,133628032,3.305,-9.133,-0.578,0.000,0.000,0.000,-223146
7.729365292,133632253,3.305,-9.133,-0.578,0.000,0.000,0.000,-222141
7.73365675,133636474,3.305,-9.133,-0.578,0.000,0.000,0.000,-222215
7.737928292,133640694,3.266,-9.176,-0.656,0.000,0.000,0.000,-222309
7.739988583,133642915,3.266,-9.176,-0.656,0.000,0.000,0.000,-223042
7.744552958,133647135,3.266,-9.176,-0.656,0.000,0.000,0.000,-223004
7.749634708,133652356,3.266,-9.176,-0.656,0.000,0.000,0.000,-222217
7.754206542,133656576,3.266,-9.176,-0.656,0.000,0.000,0.000,-222468
7.758900375,133661796,3.266,-9.176,-0.656,0.000,0.000,0.000,-223327
7.763118167,133666016,3.266,-9.176,-0.656,0.000,0.000,0.000,-222305
7.767323708,133670237,3.227,-9.137,-0.578,0.000,0.000,0.000,-221827
7.770701208,133673458,3.227,-9.137,-0.578,0.000,0.000,0.000,-222309
7.777089833,133679679,3.227,-9.137,-0.578,0.000,0.000,0.000,-221792
7.781146583,133683900,3.227,-9.137,-0.578,0.000,0.000,0.000,-223341
7.785646042,133688121,3.227,-9.137,-0.578,0.000,0.000,0.000,-222540
7.789415292,133692341,3.227,-9.137,-0.578,0.000,0.000,0.000,-222941
7.793700167,133696562,3.227,-9.137,-0.578,0.000,0.000,0.000,-221975
7.799026708,133701783,3.266,-9.094,-0.578,0.000,0.000,0.000,-222358
7.802218417,133705005,3.266,-9.094,-0.578,0.000,0.000,0.000,-222527
7.807329333,133710226,3.266,-9.094,-0.578,0.000,0.000,0.000,-223292
7.810906333,133713447,3.305,-9.133,-0.539,0.000,0.000,0.000,-223082
7.81511,133717668,3.305,-9.133,-0.539,0.000,0.000,0.000,-222275
7.819385958,133721888,3.305,-9.133,-0.539,0.000,0.000,0.000,-222251
7.823224625,133726109,3.305,-9.133,-0.539,0.000,0.000,0.000,-222799
7.827449833,133730329,3.305,-9.133,-0.539,0.000,0.000,0.000,-222638
7.832667583,133735549,3.305,-9.133,-0.539,0.000,0.000,0.000,-222627
7.837880875,133740770,3.227,-9.215,-0.617,0.000,0.000,0.000,-223431
7.841099083,133743990,3.227,-9.215,-0.617,0.000,0.000,0.000,-223214
7.846308167,133749210,3.227,-9.215,-0.617,0.000,0.000,0.000,-223003
7.850650917,133753430,3.227,-9.215,-0.617,0.000,0.000,0.000,-221818
7.853879042,133756651,3.227,-9.215,-0.617,0.000,0.000,0.000,-222336
7.860003542,133762871,3.227,-9.215,-0.617,0.000,0.000,0.000,-222967
7.864170458,133767092,3.227,-9.215,-0.617,0.000,0.000,0.000,-223311
7.868430625,133771313,3.266,-9.133,-0.617,0.000,0.000,0.000,-222381
7.870639792,133773533,3.266,-9.133,-0.617,0.000,0.000,0.000,-222397
7.874898583,133777754,3.266,-9.133,-0.617,0.000,0.000,0.000,-223051
7.880137042,133782974,3.266,-9.133,-0.617,0.000,0.000,0.000,-222819
7.883270583,133786194,3.266,-9.133,-0.617,0.000,0.000,0.000,-222445
7.88856825,133791415,3.266,-9.133,-0.617,0.000,0.000,0.000,-222387
7.892747375,133795636,3.266,-9.133,-0.617,0.000,0.000,0.000,-222611
7.898134833,133800857,3.266,-9.133,-0.578,0.000,0.000,0.000,-222592
7.900228875,133803078,3.266,-9.133,-0.578,0.000,0.000,0.000,-222680
7.904441333,133807299,3.266,-9.133,-0.578,0.000,0.000,0.000,-222677
7.908688083,133811519,3.266,-9.133,-0.578,0.000,0.000,0.000,-223587
7.91294025,133815739,3.266,-9.133,-0.578,0.000,0.000,0.000,-222203
7.919065625,133821959,3.266,-9.133,-0.578,0.000,0.000,0.000,-222141
7.923282333,133826179,3.266,-9.133,-0.578,0.000,0.000,0.000,-222767
7.926537833,133829400,3.227,-9.172,-0.578,0.000,0.000,0.000,-222517
7.928973292,133831621,3.227,-9.172,-0.578,0.000,0.000,0.000,-222403
7.93397425,133836842,3.227,-9.172,-0.578,0.000,0.000,0.000,-222697
7.940154958,133843063,3.227,-9.172,-0.578,0.000,0.000,0.000,-222766
7.943328583,133846283,3.227,-9.172,-0.578,0.000,0.000,0.000,-223100
7.9475825,133850503,3.227,-9.172,-0.578,0.000,0.000,0.000,-222577
7.951911542,133854723,3.227,-9.172,-0.578,0.000,0.000,0.000,-222123
7.9561125,133858944,3.227,-9.172,-0.539,0.000,0.000,0.000,-223419
7.95836275,133861164,3.227,-9.172,-0.539,0.000,0.000,0.000,-223080
7.963471625,133866384,3.227,-9.172,-0.539,0.000,0.000,0.000,-222831
7.967643417,133870604,3.227,-9.172,-0.539,0.000,0.000,0.000,-221508
7.972163667,133874824,3.227,-9.172,-0.539,0.000,0.000,0.000,-223133
7.976403125,133879045,3.227,-9.172,-0.539,0.000,0.000,0.000,-223631
7.981713042,133884266,3.227,-9.172,-0.539,0.000,0.000,0.000,-222618
7.985756875,133888486,3.266,-9.176,-0.617,0.000,0.000,0.000,-222670
7.988822917,133891706,3.266,-9.176,-0.617,0.000,0.000,0.000,-223307
7.995239625,133897926,3.266,-9.176,-0.617,0.000,0.000,0.000,-223252
8.000227,133903147,3.266,-9.176,-0.617,0.000,0.000,0.000,-222067
8.004450333,133907367,3.266,-9.176,-0.617,0.000,0.000,0.000,-222386
8.008774083,133911588,3.266,-9.176,-0.617,0.000,0.000,0.000,-222406
8.013032875,133915809,3.266,-9.176,-0.617,0.000,0.000,0.000,-222342
8.018418708,133921030,3.266,-9.133,-0.617,0.000,0.000,0.000,-222288
8.02034725,133923250,3.266,-9.133,-0.617,0.000,0.000,0.000,-222999
8.0256185,133928471,3.266,-9.133,-0.617,0.000,0.000,0.000,-222252
8.029930583,133932692,3.266,-9.133,-0.617,0.000,0.000,0.000,-222686
8.034080208,133936913,3.266,-9.133,-0.617,0.000,0.000,0.000,-222403
8.039254375,133942134,3.266,-9.133,-0.617,0.000,0.000,0.000,-222575
8.043489875,133946354,3.266,-9.133,-0.617,0.000,0.000,0.000,-223031
8.047723833,133950575,3.266,-9.133,-0.617,0.000,0.000,0.000,-222092
8.049926,133952796,3.266,-9.133,-0.617,0.000,0.000,0.000,-222396
8.056161292,133959016,3.266,-9.133,-0.617,0.000,0.000,0.000,-222009
8.0603425,133963238,3.266,-9.133,-0.617,0.000,0.000,0.000,-222810
8.064556,133967458,3.266,-9.133,-0.617,0.000,0.000,0.000,-222958
8.06875625,133971678,3.266,-9.133,-0.617,0.000,0.000,0.000,-222083
8.073967083,133976898,3.266,-9.133,-0.617,0.000,0.000,0.000,-222651
8.078209125,133981119,3.266,-9.133,-0.656,0.000,0.000,0.000,-222088
8.080364375,133983340,3.266,-9.133,-0.656,0.000,0.000,0.000,-222583
8.085549958,133988561,3.266,-9.133,-0.656,0.000,0.000,0.000,-222617
8.089756667,133992782,3.266,-9.133,-0.656,0.000,0.000,0.000,-222401
8.094034667,133997002,3.266,-9.133,-0.656,0.000,0.000,0.000,-222789
8.100189792,134003222,3.266,-9.133,-0.656,0.000,0.000,0.000,-222297
8.105499042,134008442,3.266,-9.133,-0.656,0.000,0.000,0.000,-222599
8.110677083,134013663,3.227,-9.137,-0.539,0.000,0.000,0.000,-223533
8.112912625,134015883,3.227,-9.137,-0.539,0.000,0.000,0.000,-222532
8.118162667,134021104,3.227,-9.137,-0.539,0.000,0.000,0.000,-223033
8.123354208,134026324,3.227,-9.137,-0.539,0.000,0.000,0.000,-223156
8.128599583,134031545,3.266,-9.133,-0.656,0.000,0.000,0.000,-223106
8.130753792,134033751,3.266,-9.133,-0.656,0.000,0.000,0.000,-223106
8.134970667,134037971,3.266,-9.133,-0.656,0.000,0.000,0.000,-222662
8.139237875,134042192,3.266,-9.133,-0.656,0.000,0.000,0.000,-222989
8.142463583,134045413,3.266,-9.133,-0.656,0.000,0.000,0.000,-223358
8.146675292,134049634,3.266,-9.133,-0.656,0.000,0.000,0.000,-222746
8.149890375,134052855,3.266,-9.133,-0.656,0.000,0.000,0.000,-222829
8.154153583,134057076,3.266,-9.133,-0.578,0.000,0.000,0.000,-222444
8.157369833,134060296,3.266,-9.133,-0.578,0.000,0.000,0.000,-223045
8.162581625,134065517,3.266,-9.133,-0.578,0.000,0.000,0.000,-222472
8.166699292,134069737,3.266,-9.133,-0.578,0.000,0.000,0.000,-222644
8.169914458,134072959,3.266,-9.133,-0.578,0.000,0.000,0.000,-222362
8.175181667,134078180,3.266,-9.133,-0.578,0.000,0.000,0.000,-223400
8.180468333,134083400,3.266,-9.133,-0.578,0.000,0.000,0.000,-222818
8.184853,134087620,3.266,-9.133,-0.578,0.000,0.000,0.000,-222052
8.187893125,134090840,3.266,-9.133,-0.578,0.000,0.000,0.000,-223671
8.193111917,134096061,3.266,-9.133,-0.578,0.000,0.000,0.000,-222708
8.200354958,134103281,3.266,-9.133,-0.578,0.000,0.000,0.000,-222211
8.204524375,134107502,3.266,-9.133,-0.578,0.000,0.000,0.000,-222819
8.209783875,134112723,3.266,-9.133,-0.578,0.000,0.000,0.000,-222593
8.213947917,134116944,3.266,-9.133,-0.578,0.000,0.000,0.000,-222423
8.218205083,134121165,3.227,-9.137,-0.617,0.000,0.000,0.000,-221804
8.220446417,134123386,3.227,-9.137,-0.617,0.000,0.000,0.000,-222460
8.2246755,134127607,3.227,-9.137,-0.617,0.000,0.000,0.000,-223684
8.228883167,134131827,3.227,-9.137,-0.617,0.000,0.000,0.000,-222534
8.233118417,134136047,3.227,-9.137,-0.617,0.000,0.000,0.000,-222072
8.238331875,134141267,3.227,-9.137,-0.617,0.000,0.000,0.000,-222603
8.2425525,134145488,3.227,-9.137,-0.617,0.000,0.000,0.000,-222532
8.247776042,134150709,3.227,-9.137,-0.617,0.000,0.000,0.000,-223530
8.251010125,134153930,3.227,-9.137,-0.617,0.000,0.000,0.000,-222923
8.25823675,134161151,3.227,-9.137,-0.617,0.000,0.000,0.000,-222637
8.262439,134165371,3.227,-9.137,-0.617,0.000,0.000,0.000,-223012
8.266679167,134169591,3.227,-9.137,-0.617,0.000,0.000,0.000,-223152
8.270893292,134173811,3.227,-9.137,-0.617,0.000,0.000,0.000,-222783
8.276069958,134179031,3.227,-9.137,-0.617,0.000,0.000,0.000,-222024
8.280311167,134183251,3.227,-9.098,-0.656,0.000,0.000,0.000,-223057
8.283583542,134186471,3.227,-9.098,-0.656,0.000,0.000,0.000,-222188
8.2890605,134191691,3.227,-9.098,-0.656,0.000,0.000,0.000,-222753
8.293036917,134195911,3.227,-9.098,-0.656,0.000,0.000,0.000,-222183
8.298248625,134201132,3.227,-9.098,-0.656,0.000,0.000,0.000,-222470
8.303492417,134206353,3.227,-9.098,-0.656,0.000,0.000,0.000,-222383
8.308686625,134211574,3.227,-9.098,-0.656,0.000,0.000,0.000,-222379
8.313969375,134216795,3.227,-9.098,-0.578,0.000,0.000,0.000,-222054
8.317172583,134220016,3.227,-9.098,-0.578,0.000,0.000,0.000,-222829
8.3234075,134226237,3.227,-9.098,-0.578,0.000,0.000,0.000,-222447
8.327579417,134230457,3.227,-9.098,-0.578,0.000,0.000,0.000,-222437
8.330826042,134233677,3.227,-9.098,-0.578,0.000,0.000,0.000,-222267
8.336132,134238897,3.227,-9.098,-0.578,0.000,0.000,0.000,-222397
8.341517208,134244118,3.266,-9.176,-0.539,0.000,0.000,0.000,-223318
8.3437885,134246338,3.266,-9.176,-0.539,0.000,0.000,0.000,-222532
8.348952917,134251558,3.266,-9.176,-0.539,0.000,0.000,0.000,-222645
8.353006125,134255779,3.266,-9.176,-0.539,0.000,0.000,0.000,-222154
8.35814475,134261000,3.266,-9.176,-0.539,0.000,0.000,0.000,-222878
8.362350542,134265220,3.266,-9.176,-0.539,0.000,0.000,0.000,-222598
8.367580333,134270441,3.266,-9.176,-0.539,0.000,0.000,0.000,-221846
8.371779792,134274661,3.305,-9.133,-0.617,0.000,0.000,0.000,-222501
8.375006208,134277884,3.305,-9.133,-0.617,0.000,0.000,0.000,-222567
8.380461958,134283105,3.305,-9.133,-0.617,0.000,0.000,0.000,-221934
8.384499458,134287326,3.305,-9.133,-0.617,0.000,0.000,0.000,-221525
8.388707625,134291546,3.305,-9.133,-0.617,0.000,0.000,0.000,-222287
8.392901333,134295766,3.305,-9.133,-0.617,0.000,0.000,0.000,-222639
8.398104083,134300986,3.305,-9.133,-0.617,0.000,0.000,0.000,-222705
8.403383125,134306206,3.305,-9.176,-0.578,0.000,0.000,0.000,-222399
8.405542583,134308427,3.305,-9.176,-0.578,0.000,0.000,0.000,-222913
8.410775958,134313648,3.305,-9.176,-0.578,0.000,0.000,0.000,-222678
8.414988583,134317868,3.305,-9.176,-0.578,0.000,0.000,0.000,-222259
8.419775042,134322089,3.305,-9.176,-0.578,0.000,0.000,0.000,-222844
8.4234085,134326310,3.305,-9.176,-0.578,0.000,0.000,0.000,-223854
8.427624083,134330531,3.266,-9.133,-0.617,0.000,0.000,0.000,-222575
8.429872292,134332751,3.266,-9.133,-0.617,0.000,0.000,0.000,-222639
8.434085667,134336972,3.266,-9.133,-0.617,0.000,0.000,0.000,-222550
8.4393005,134342193,3.266,-9.133,-0.617,0.000,0.000,0.000,-222379
8.443541042,134346414,3.266,-9.133,-0.617,0.000,0.000,0.000,-222517
8.447738708,134350635,3.266,-9.133,-0.617,0.000,0.000,0.000,-223112
8.450973583,134353855,3.266,-9.133,-0.617,0.000,0.000,0.000,-222051
8.454229167,134357075,3.227,-9.172,-0.617,0.000,0.000,0.000,-222536
8.461445083,134364295,3.227,-9.172,-0.617,0.000,0.000,0.000,-222828
8.465653875,134368515,3.227,-9.172,-0.617,0.000,0.000,0.000,-222696
8.469866792,134372736,3.227,-9.172,-0.617,0.000,0.000,0.000,-222655
8.474101542,134376956,3.227,-9.172,-0.617,0.000,0.000,0.000,-223179
8.479328917,134382177,3.227,-9.172,-0.617,0.000,0.000,0.000,-222523
8.482560375,134385398,3.266,-9.176,-0.617,0.000,0.000,0.000,-222782
8.485110542,134387619,3.266,-9.176,-0.617,0.000,0.000,0.000,-222739
8.488896458,134391840,3.266,-9.176,-0.617,0.000,0.000,0.000,-222888
8.493187333,134396061,3.266,-9.176,-0.617,0.000,0.000,0.000,-222443
8.49842625,134401281,3.266,-9.176,-0.617,0.000,0.000,0.000,-221928
8.502646958,134405502,3.266,-9.176,-0.617,0.000,0.000,0.000,-222356
8.50681925,134409723,3.266,-9.176,-0.617,0.000,0.000,0.000,-222578
8.511123792,134413944,3.266,-9.176,-0.656,0.000,0.000,0.000,-222346
8.514346833,134417164,3.266,-9.176,-0.656,0.000,0.000,0.000,-222339
8.520508458,134423370,3.266,-9.176,-0.656,0.000,0.000,0.000,-222339
8.524746583,134427590,3.266,-9.176,-0.656,0.000,0.000,0.000,-222867
8.527891042,134430811,3.266,-9.176,-0.656,0.000,0.000,0.000,-222771
8.532169708,134435032,3.266,-9.176,-0.656,0.000,0.000,0.000,-222983
8.536383583,134439252,3.266,-9.176,-0.656,0.000,0.000,0.000,-222105
8.540719125,134443473,3.266,-9.094,-0.578,0.000,0.000,0.000,-222695
8.542916458,134445693,3.266,-9.094,-0.578,0.000,0.000,0.000,-223151
8.54805375,134450913,3.266,-9.094,-0.578,0.000,0.000,0.000,-222730
8.552218458,134455134,3.266,-9.094,-0.578,0.000,0.000,0.000,-221731
8.555464333,134458355,3.266,-9.094,-0.578,0.000,0.000,0.000,-222860
8.5606965,134463576,3.266,-9.094,-0.578,0.000,0.000,0.000,-223100
8.564989125,134467796,3.266,-9.094,-0.578,0.000,0.000,0.000,-222836
8.569175458,134472017,3.266,-9.133,-0.578,0.000,0.000,0.000,-222408
8.571359417,134474238,3.266,-9.133,-0.578,0.000,0.000,0.000,-223274
8.576627125,134479459,3.266,-9.133,-0.578,0.000,0.000,0.000,-223015
8.582507125,134484680,3.266,-9.133,-0.578,0.000,0.000,0.000,-221973
8.586838333,134488900,3.266,-9.133,-0.578,0.000,0.000,0.000,-223181
8.590209833,134493121,3.266,-9.133,-0.578,0.000,0.000,0.000,-222808
8.595555167,134498341,3.266,-9.133,-0.578,0.000,0.000,0.000,-223187
8.600814292,134503561,3.266,-9.094,-0.656,0.000,0.000,0.000,-223234
8.604115792,134506782,3.266,-9.094,-0.656,0.000,0.000,0.000,-222774
8.609389,134512002,3.266,-9.094,-0.656,0.000,0.000,0.000,-222747
8.614077917,134516222,3.266,-9.094,-0.656,0.000,0.000,0.000,-222181
8.618614083,134521443,3.266,-9.094,-0.656,0.000,0.000,0.000,-222630
8.623062958,134525663,3.266,-9.094,-0.656,0.000,0.000,0.000,-222439
8.627003833,134529884,3.266,-9.094,-0.656,0.000,0.000,0.000,-222918
8.63121075,134534105,3.266,-9.133,-0.578,0.000,0.000,0.000,-221981
8.633443167,134536326,3.266,-9.133,-0.578,0.000,0.000,0.000,-222385
8.639700125,134542547,3.266,-9.133,-0.578,0.000,0.000,0.000,-224027
8.643944792,134546767,3.266,-9.133,-0.578,0.000,0.000,0.000,-223530
8.648090833,134550989,3.266,-9.133,-0.578,0.000,0.000,0.000,-221808
8.65252875,134555210,3.266,-9.133,-0.578,0.000,0.000,0.000,-222411
8.656562125,134559431,3.266,-9.133,-0.578,0.000,0.000,0.000,-222637
8.660827958,134563651,3.305,-9.133,-0.539,0.000,0.000,0.000,-222891
8.6639955,134566871,3.305,-9.133,-0.539,0.000,0.000,0.000,-221397
8.670222667,134573091,3.305,-9.133,-0.539,0.000,0.000,0.000,-222584
8.674386042,134577312,3.305,-9.133,-0.539,0.000,0.000,0.000,-222265
8.678713542,134581533,3.305,-9.133,-0.539,0.000,0.000,0.000,-222801
8.684145167,134586754,3.266,-9.176,-0.617,0.000,0.000,0.000,-222943
8.687287167,134589975,3.266,-9.176,-0.617,0.000,0.000,0.000,-223383
8.692329,134595195,3.266,-9.176,-0.617,0.000,0.000,0.000,-222518
8.696720625,134599416,3.266,-9.176,-0.617,0.000,0.000,0.000,-223071
8.701872083,134604637,3.266,-9.176,-0.617,0.000,0.000,0.000,-221890
8.706213042,134608858,3.266,-9.176,-0.617,0.000,0.000,0.000,-222828
8.710455458,134613078,3.266,-9.176,-0.617,0.000,0.000,0.000,-223011
8.714713167,134617299,3.305,-9.176,-0.500,0.000,0.000,0.000,-222315
8.716867667,134619520,3.305,-9.176,-0.500,0.000,0.000,0.000,-222367
8.723881542,134626740,3.305,-9.176,-0.500,0.000,0.000,0.000,-222513
8.729104708,134631961,3.305,-9.176,-0.500,0.000,0.000,0.000,-223284
8.73336425,134636182,3.305,-9.176,-0.500,0.000,0.000,0.000,-221961
8.738633917,134641402,3.305,-9.176,-0.500,0.000,0.000,0.000,-222905
8.7426615,134645623,3.305,-9.176,-0.500,0.000,0.000,0.000,-222278
8.747086583,134649843,3.305,-9.094,-0.617,0.000,0.000,0.000,-222378
8.750464958,134653063,3.305,-9.094,-0.617,0.000,0.000,0.000,-222001
8.755344958,134658283,3.305,-9.094,-0.617,0.000,0.000,0.000,-223336
8.759677292,134662503,3.305,-9.094,-0.617,0.000,0.000,0.000,-222683
8.763874833,134666723,3.305,-9.094,-0.617,0.000,0.000,0.000,-222570
8.768022208,134670944,3.305,-9.094,-0.617,0.000,0.000,0.000,-221913
8.7725455,134675165,3.305,-9.094,-0.617,0.000,0.000,0.000,-223273
8.77703875,134679385,3.266,-9.133,-0.578,0.000,0.000,0.000,-223217
8.778843583,134681606,3.266,-9.133,-0.578,0.000,0.000,0.000,-222669
8.784260792,134686826,3.266,-9.133,-0.578,0.000,0.000,0.000,-221804
8.78915975,134691047,3.266,-9.133,-0.578,0.000,0.000,0.000,-222251
8.791386125,134694267,3.266,-9.133,-0.578,0.000,0.000,0.000,-222531
8.795688917,134698488,3.266,-9.133,-0.578,0.000,0.000,0.000,-222618
8.800037875,134702709,3.266,-9.133,-0.578,0.000,0.000,0.000,-222487
8.804139917,134706930,3.305,-9.133,-0.617,0.000,0.000,0.000,-223016
8.806385542,134709150,3.305,-9.133,-0.617,0.000,0.000,0.000,-222430
8.811780792,134714370,3.305,-9.133,-0.617,0.000,0.000,0.000,-223291
8.815687,134718591,3.305,-9.133,-0.617,0.000,0.000,0.000,-222279
8.821050375,134722812,3.305,-9.133,-0.617,0.000,0.000,0.000,-222609
8.82414325,134727033,3.305,-9.133,-0.617,0.000,0.000,0.000,-222526
8.829361458,134732253,3.305,-9.133,-0.617,0.000,0.000,0.000,-222317
8.833583792,134736474,3.305,-9.176,-0.578,0.000,0.000,0.000,-222256
8.83682025,134739694,3.305,-9.176,-0.578,0.000,0.000,0.000,-222707
8.84307375,134745915,3.305,-9.176,-0.578,0.000,0.000,0.000,-223026
8.847274333,134750136,3.305,-9.176,-0.578,0.000,0.000,0.000,-222415
8.850498167,134753356,3.305,-9.176,-0.578,0.000,0.000,0.000,-222419
8.854689292,134757577,3.305,-9.176,-0.578,0.000,0.000,0.000,-222437
8.8589465,134761797,3.305,-9.176,-0.578,0.000,0.000,0.000,-223371
8.863137708,134766017,3.266,-9.133,-0.617,0.000,0.000,0.000,-222481
8.866319167,134769238,3.266,-9.133,-0.617,0.000,0.000,0.000,-222916
8.872556417,134775443,3.266,-9.133,-0.617,0.000,0.000,0.000,-222916
8.876811583,134779663,3.266,-9.133,-0.617,0.000,0.000,0.000,-222575
8.881228167,134783883,3.266,-9.133,-0.617,0.000,0.000,0.000,-222398
8.885230208,134788104,3.266,-9.133,-0.617,0.000,0.000,0.000,-222459
8.890473917,134793324,3.266,-9.133,-0.617,0.000,0.000,0.000,-223530
8.894642875,134797544,3.227,-9.137,-0.578,0.000,0.000,0.000,-223209
8.897979708,134800765,3.227,-9.137,-0.578,0.000,0.000,0.000,-223080
8.904410917,134806987,3.227,-9.137,-0.578,0.000,0.000,0.000,-221990
8.9083545,134811207,3.227,-9.137,-0.578,0.000,0.000,0.000,-222992
8.911605417,134814428,3.227,-9.137,-0.578,0.000,0.000,0.000,-223435
8.916036833,134818648,3.227,-9.137,-0.578,0.000,0.000,0.000,-222320
8.920078625,134822868,3.227,-9.137,-0.578,0.000,0.000,0.000,-222513
8.923220167,134826089,3.266,-9.094,-0.578,0.000,0.000,0.000,-222770
8.925386833,134828309,3.266,-9.094,-0.578,0.000,0.000,0.000,-223218
8.929677208,134832530,3.266,-9.094,-0.578,0.000,0.000,0.000,-223112
8.933976042,134836751,3.266,-9.094,-0.578,0.000,0.000,0.000,-222647
8.939260667,134841971,3.266,-9.094,-0.578,0.000,0.000,0.000,-222117
8.943255625,134846191,3.266,-9.094,-0.578,0.000,0.000,0.000,-222733
8.947503792,134850411,3.266,-9.094,-0.578,0.000,0.000,0.000,-222727
8.9510975,134853631,3.227,-9.098,-0.617,0.000,0.000,0.000,-222587
8.952981583,134855851,3.227,-9.098,-0.617,0.000,0.000,0.000,-222080
8.95924475,134862071,3.227,-9.098,-0.617,0.000,0.000,0.000,-222341
8.963412417,134866291,3.227,-9.098,-0.617,0.000,0.000,0.000,-223162
8.968600667,134871511,3.227,-9.098,-0.617,0.000,0.000,0.000,-222420
8.973090125,134875731,3.227,-9.098,-0.617,0.000,0.000,0.000,-223384
8.978043708,134880952,3.227,-9.098,-0.617,0.000,0.000,0.000,-223065
8.982318458,134885173,3.266,-9.133,-0.578,0.000,0.000,0.000,-222679
8.98494675,134887393,3.266,-9.133,-0.578,0.000,0.000,0.000,-221989
8.988731333,134891614,3.266,-9.133,-0.578,0.000,0.000,0.000,-222677
8.992952208,134895834,3.266,-9.133,-0.578,0.000,0.000,0.000,-222801
8.998169,134901054,3.266,-9.133,-0.578,0.000,0.000,0.000,-221950
9.002413708,134905274,3.266,-9.133,-0.578,0.000,0.000,0.000,-222275
9.006624667,134909494,3.266,-9.133,-0.578,0.000,0.000,0.000,-222524
9.010952792,134913715,3.305,-9.176,-0.578,0.000,0.000,0.000,-223167
9.013286958,134915936,3.305,-9.176,-0.578,0.000,0.000,0.000,-222688
9.020527583,134922156,3.305,-9.176,-0.578,0.000,0.000,0.000,-222047
9.023480375,134926376,3.305,-9.176,-0.578,0.000,0.000,0.000,-223664
9.026767375,134929596,3.305,-9.176,-0.578,0.000,0.000,0.000,-222620
9.030944375,134933817,3.305,-9.176,-0.578,0.000,0.000,0.000,-222949
9.036192417,134939038,3.305,-9.176,-0.578,0.000,0.000,0.000,-222059
9.041375,134944258,3.227,-9.137,-0.656,0.000,0.000,0.000,-223139
9.043695792,134946479,3.227,-9.137,-0.656,0.000,0.000,0.000,-222850
9.048813208,134951699,3.227,-9.137,-0.656,0.000,0.000,0.000,-222189
9.05314925,134955920,3.227,-9.137,-0.656,0.000,0.000,0.000,-222732
9.058321583,134961141,3.266,-9.176,-0.539,0.000,0.000,0.000,-223151
9.060605,134963361,3.266,-9.176,-0.539,0.000,0.000,0.000,-222888
9.064724417,134967581,3.266,-9.176,-0.539,0.000,0.000,0.000,-222514
9.068956708,134971802,3.266,-9.176,-0.539,0.000,0.000,0.000,-221797
9.073182125,134976023,3.266,-9.176,-0.539,0.000,0.000,0.000,-222702
9.078674375,134981243,3.266,-9.176,-0.539,0.000,0.000,0.000,-222693
9.08270525,134985464,3.266,-9.133,-0.656,0.000,0.000,0.000,-222450
9.085960125,134988685,3.266,-9.133,-0.656,0.000,0.000,0.000,-223138
9.091092208,134993905,3.266,-9.133,-0.656,0.000,0.000,0.000,-223461
9.095260833,134998126,3.266,-9.133,-0.656,0.000,0.000,0.000,-222932
9.099721333,135002347,3.266,-9.133,-0.656,0.000,0.000,0.000,-222392
9.104985667,135007568,3.266,-9.133,-0.656,0.000,0.000,0.000,-223250
9.109270625,135011788,3.266,-9.133,-0.656,0.000,0.000,0.000,-223219
9.114383125,135017008,3.191,-9.133,-0.578,0.000,0.000,0.000,-222008
9.117595708,135020229,3.191,-9.133,-0.578,0.000,0.000,0.000,-221965
9.122586458,135025449,3.191,-9.133,-0.578,0.000,0.000,0.000,-223335
9.126805542,135029669,3.191,-9.133,-0.578,0.000,0.000,0.000,-222852
9.132031625,135034890,3.191,-9.133,-0.578,0.000,0.000,0.000,-222141
9.136439792,135039111,3.191,-9.133,-0.578,0.000,0.000,0.000,-222707
9.141488417,135044317,3.191,-9.133,-0.578,0.000,0.000,0.000,-222707
9.144781125,135047537,3.266,-9.133,-0.617,0.000,0.000,0.000,-222417
9.150144583,135052758,3.266,-9.133,-0.617,0.000,0.000,0.000,-222020
9.154172958,135056980,3.266,-9.133,-0.617,0.000,0.000,0.000,-222021
9.159335,135062201,3.266,-9.133,-0.617,0.000,0.000,0.000,-223108
9.16353325,135066421,3.266,-9.133,-0.617,0.000,0.000,0.000,-222179
9.167781833,135070641,3.266,-9.133,-0.617,0.000,0.000,0.000,-222352
9.170922333,135073862,3.266,-9.133,-0.617,0.000,0.000,0.000,-223269
9.173158375,135076083,3.266,-9.133,-0.617,0.000,0.000,0.000,-223402
9.178405917,135081304,3.266,-9.133,-0.617,0.000,0.000,0.000,-223692
9.183679417,135086525,3.266,-9.133,-0.617,0.000,0.000,0.000,-222539
9.187916458,135090746,3.266,-9.094,-0.656,0.000,0.000,0.000,-222075
9.190087125,135092966,3.266,-9.094,-0.656,0.000,0.000,0.000,-223554
9.194307125,135097186,3.266,-9.094,-0.656,0.000,0.000,0.000,-223726
9.199541917,135102407,3.266,-9.094,-0.656,0.000,0.000,0.000,-221254
9.20379575,135106627,3.266,-9.094,-0.656,0.000,0.000,0.000,-222249
9.206969708,135109848,3.227,-9.137,-0.617,0.000,0.000,0.000,-221979
9.211174792,135114069,3.227,-9.137,-0.617,0.000,0.000,0.000,-222570
9.215444167,135118290,3.227,-9.137,-0.617,0.000,0.000,0.000,-222910
9.219784167,135122510,3.227,-9.137,-0.617,0.000,0.000,0.000,-222908
9.223845292,135126731,3.227,-9.137,-0.617,0.000,0.000,0.000,-222677
9.227066042,135129951,3.266,-9.133,-0.656,0.000,0.000,0.000,-223164
9.234313833,135137171,3.266,-9.133,-0.656,0.000,0.000,0.000,-222028
9.239529125,135142392,3.266,-9.133,-0.656,0.000,0.000,0.000,-222468
9.243750958,135146613,3.266,-9.133,-0.656,0.000,0.000,0.000,-223422
9.248990458,135151834,3.266,-9.133,-0.656,0.000,0.000,0.000,-222715
9.252231292,135155055,3.266,-9.176,-0.578,0.000,0.000,0.000,-222684
9.254434125,135157276,3.266,-9.176,-0.578,0.000,0.000,0.000,-223076
9.260616292,135163497,3.266,-9.176,-0.578,0.000,0.000,0.000,-223265
9.264839375,135167718,3.266,-9.176,-0.578,0.000,0.000,0.000,-223263
9.269221208,135171939,3.266,-9.176,-0.578,0.000,0.000,0.000,-222581
9.273324083,135176160,3.266,-9.176,-0.578,0.000,0.000,0.000,-222954
9.277524458,135180381,3.266,-9.133,-0.617,0.000,0.000,0.000,-223424
9.279742167,135182602,3.266,-9.133,-0.617,0.000,0.000,0.000,-222648
9.286103917,135187823,3.266,-9.133,-0.617,0.000,0.000,0.000,-222159
9.289173,135192044,3.266,-9.133,-0.617,0.000,0.000,0.000,-222108
9.293405625,135196264,3.266,-9.133,-0.617,0.000,0.000,0.000,-223007
9.298627292,135201485,3.266,-9.133,-0.617,0.000,0.000,0.000,-222581
9.303870375,135206706,3.266,-9.133,-0.617,0.000,0.000,0.000,-222246
9.308247625,135210927,3.266,-9.176,-0.617,0.000,0.000,0.000,-222673
9.31058175,135213147,3.266,-9.176,-0.617,0.000,0.000,0.000,-223051
9.315454625,135218368,3.266,-9.176,-0.617,0.000,0.000,0.000,-222281
9.319897375,135222589,3.266,-9.176,-0.617,0.000,0.000,0.000,-222964
9.323877375,135226810,3.266,-9.176,-0.617,0.000,0.000,0.000,-223070
9.329172667,135232016,3.266,-9.133,-0.656,0.000,0.000,0.000,-223070
9.3324685,135235236,3.266,-9.133,-0.656,0.000,0.000,0.000,-222061
9.338816833,135241457,3.266,-9.133,-0.656,0.000,0.000,0.000,-222601
9.343041625,135245677,3.266,-9.133,-0.656,0.000,0.000,0.000,-223521
9.347327417,135249898,3.266,-9.133,-0.656,0.000,0.000,0.000,-223005
9.351599792,135254119,3.266,-9.133,-0.656,0.000,0.000,0.000,-221783
9.354406833,135257339,3.266,-9.133,-0.656,0.000,0.000,0.000,-222345
9.359764208,135262560,3.266,-9.133,-0.578,0.000,0.000,0.000,-222823
9.361937042,135264781,3.266,-9.133,-0.578,0.000,0.000,0.000,-222993
9.366111958,135269002,3.266,-9.133,-0.578,0.000,0.000,0.000,-222389
9.37037,135273222,3.266,-9.133,-0.578,0.000,0.000,0.000,-222868
9.374557125,135277442,3.266,-9.133,-0.578,0.000,0.000,0.000,-223213
9.380497,135282663,3.266,-9.133,-0.578,0.000,0.000,0.000,-223259
9.384110125,135286883,3.266,-9.133,-0.578,0.000,0.000,0.000,-222172
9.388210542,135291104,3.266,-9.133,-0.578,0.000,0.000,0.000,-222195
9.390440208,135293324,3.266,-9.133,-0.578,0.000,0.000,0.000,-222704
9.394667708,135297544,3.266,-9.133,-0.578,0.000,0.000,0.000,-223493
9.399907542,135302765,3.266,-9.133,-0.578,0.000,0.000,0.000,-222730
9.404165167,135306986,3.266,-9.133,-0.578,0.000,0.000,0.000,-222624
9.409451375,135312206,3.266,-9.133,-0.578,0.000,0.000,0.000,-222712
9.41421325,135316426,3.266,-9.133,-0.578,0.000,0.000,0.000,-222206
9.419067708,135321646,3.266,-9.176,-0.617,0.000,0.000,0.000,-222030
9.421684542,135323867,3.266,-9.176,-0.617,0.000,0.000,0.000,-221960
9.425212542,135328087,3.266,-9.176,-0.617,0.000,0.000,0.000,-223075
9.429435167,135332307,3.266,-9.176,-0.617,0.000,0.000,0.000,-222699
9.433675042,135336527,3.266,-9.176,-0.617,0.000,0.000,0.000,-222031
9.438887,135341748,3.266,-9.176,-0.617,0.000,0.000,0.000,-222686
9.44318675,135345969,3.266,-9.176,-0.617,0.000,0.000,0.000,-222576
9.447376667,135350190,3.266,-9.176,-0.500,0.000,0.000,0.000,-223122
9.450534958,135353411,3.266,-9.176,-0.500,0.000,0.000,0.000,-222458
9.454762083,135357632,3.266,-9.176,-0.500,0.000,0.000,0.000,-222778
9.46000675,135362853,3.266,-9.176,-0.500,0.000,0.000,0.000,-222563
9.464244708,135367074,3.266,-9.176,-0.500,0.000,0.000,0.000,-223084
9.468532833,135371294,3.266,-9.176,-0.500,0.000,0.000,0.000,-222839
9.47269475,135375515,3.266,-9.176,-0.500,0.000,0.000,0.000,-222698
9.4771005,135379736,3.305,-9.133,-0.617,0.000,0.000,0.000,-223132
9.479108125,135381957,3.305,-9.133,-0.617,0.000,0.000,0.000,-222691
9.4843265,135387177,3.305,-9.133,-0.617,0.000,0.000,0.000,-222729
9.490492917,135393397,3.305,-9.133,-0.617,0.000,0.000,0.000,-222999
9.494751958,135397617,3.305,-9.133,-0.617,0.000,0.000,0.000,-222773
9.500053833,135402838,3.305,-9.133,-0.617,0.000,0.000,0.000,-222826
9.504221375,135407058,3.305,-9.133,-0.617,0.000,0.000,0.000,-222514
9.509442708,135412279,3.227,-9.172,-0.617,0.000,0.000,0.000,-223188
9.5116205,135414500,3.227,-9.172,-0.617,0.000,0.000,0.000,-222484
9.516956042,135419721,3.227,-9.172,-0.617,0.000,0.000,0.000,-222729
9.522079125,135424942,3.227,-9.172,-0.617,0.000,0.000,0.000,-223193
9.526306,135429163,3.227,-9.172,-0.617,0.000,0.000,0.000,-223258
9.530600833,135433384,3.227,-9.172,-0.617,0.000,0.000,0.000,-221692
9.534703917,135437604,3.227,-9.172,-0.617,0.000,0.000,0.000,-222047
9.5389985,135441824,3.266,-9.176,-0.578,0.000,0.000,0.000,-222909
9.5412925,135444045,3.266,-9.176,-0.578,0.000,0.000,0.000,-222723
9.545703042,135448266,3.266,-9.176,-0.578,0.000,0.000,0.000,-222721
9.5500935,135452486,3.266,-9.176,-0.578,0.000,0.000,0.000,-222117
9.553911542,135456706,3.266,-9.176,-0.578,0.000,0.000,0.000,-223135
9.559078667,135461926,3.266,-9.176,-0.578,0.000,0.000,0.000,-223026
9.563255083,135466147,3.266,-9.176,-0.578,0.000,0.000,0.000,-222902
9.566558875,135469367,3.227,-9.137,-0.617,0.000,0.000,0.000,-221835
9.569726833,135472588,3.227,-9.137,-0.617,0.000,0.000,0.000,-221739
9.57524775,135477808,3.227,-9.137,-0.617,0.000,0.000,0.000,-222535
9.580528292,135483029,3.227,-9.137,-0.617,0.000,0.000,0.000,-222676
9.584836,135487250,3.227,-9.137,-0.617,0.000,0.000,0.000,-222695
9.588532,135491471,3.227,-9.137,-0.617,0.000,0.000,0.000,-222870
9.592808792,135495692,3.227,-9.137,-0.617,0.000,0.000,0.000,-223056
9.597074708,135499913,3.266,-9.176,-0.539,0.000,0.000,0.000,-222514
9.599287458,135502133,3.266,-9.176,-0.539,0.000,0.000,0.000,-222427
9.604523125,135507353,3.266,-9.176,-0.539,0.000,0.000,0.000,-222946
9.608832958,135511576,3.266,-9.176,-0.539,0.000,0.000,0.000,-222715
9.612150083,135514797,3.266,-9.176,-0.539,0.000,0.000,0.000,-222585
9.616418167,135519018,3.266,-9.176,-0.539,0.000,0.000,0.000,-222463
9.620532708,135523239,3.266,-9.176,-0.539,0.000,0.000,0.000,-223406
9.6235885,135526459,3.266,-9.133,-0.539,0.000,0.000,0.000,-222662
9.625719833,135528679,3.266,-9.133,-0.539,0.000,0.000,0.000,-223498
9.629956708,135532900,3.266,-9.133,-0.539,0.000,0.000,0.000,-222423
9.634265917,135537121,3.266,-9.133,-0.539,0.000,0.000,0.000,-222716
9.639472,135542341,3.266,-9.133,-0.539,0.000,0.000,0.000,-221853
9.64367025,135546547,3.266,-9.133,-0.539,0.000,0.000,0.000,-221853
9.647860042,135550767,3.266,-9.133,-0.539,0.000,0.000,0.000,-223020
9.651057125,135553988,3.305,-9.094,-0.578,0.000,0.000,0.000,-222190
9.653305292,135556209,3.305,-9.094,-0.578,0.000,0.000,0.000,-222174
9.658603458,135561430,3.305,-9.094,-0.578,0.000,0.000,0.000,-223102
9.663792542,135566650,3.305,-9.094,-0.578,0.000,0.000,0.000,-222697
9.666993625,135569870,3.305,-9.094,-0.578,0.000,0.000,0.000,-222454
9.67126775,135574091,3.305,-9.094,-0.578,0.000,0.000,0.000,-223043
9.675496167,135578311,3.305,-9.094,-0.578,0.000,0.000,0.000,-222719
9.679816042,135582532,3.227,-9.137,-0.617,0.000,0.000,0.000,-222380
9.682084375,135584752,3.227,-9.137,-0.617,0.000,0.000,0.000,-222409
9.687118333,135589974,3.227,-9.137,-0.617,0.000,0.000,0.000,-222495
9.691332875,135594195,3.227,-9.137,-0.617,0.000,0.000,0.000,-222706
9.694558125,135597415,3.227,-9.137,-0.617,0.000,0.000,0.000,-222484
9.699804917,135602636,3.227,-9.137,-0.617,0.000,0.000,0.000,-222403
9.70402725,135606856,3.227,-9.137,-0.617,0.000,0.000,0.000,-222692
9.707241958,135610077,3.227,-9.098,-0.617,0.000,0.000,0.000,-222785
9.711566417,135614297,3.227,-9.098,-0.617,0.000,0.000,0.000,-222637
9.714891958,135617517,3.227,-9.133,-0.691,0.000,0.000,0.000,-222155
9.720160292,135622737,3.227,-9.133,-0.691,0.000,0.000,0.000,-222085
9.724133667,135626958,3.227,-9.133,-0.691,0.000,0.000,0.000,-222068
9.727374667,135630179,3.227,-9.133,-0.691,0.000,0.000,0.000,-222234
9.731693667,135634400,3.227,-9.133,-0.691,0.000,0.000,0.000,-222927
9.737005667,135639620,3.227,-9.133,-0.691,0.000,0.000,0.000,-222614
9.743906792,135646841,3.266,-9.176,-0.578,0.000,0.000,0.000,-223775
9.747128917,135650061,3.266,-9.176,-0.578,0.000,0.000,0.000,-222154
9.752618667,135655282,3.266,-9.176,-0.578,0.000,0.000,0.000,-222722
9.756717583,135659506,3.266,-9.176,-0.578,0.000,0.000,0.000,-223341
9.760934667,135663726,3.266,-9.176,-0.578,0.000,0.000,0.000,-222598
9.765290042,135667946,3.266,-9.176,-0.578,0.000,0.000,0.000,-222286
9.770276708,135673167,3.266,-9.176,-0.578,0.000,0.000,0.000,-222509
9.77497075,135677388,3.227,-9.098,-0.578,0.000,0.000,0.000,-223105
9.777750542,135680608,3.227,-9.098,-0.578,0.000,0.000,0.000,-222736
9.784258625,135686829,3.227,-9.098,-0.578,0.000,0.000,0.000,-222388
9.7882535,135691049,3.227,-9.098,-0.578,0.000,0.000,0.000,-222541
9.791407333,135694270,3.227,-9.098,-0.578,0.000,0.000,0.000,-223009
9.795596375,135698491,3.227,-9.098,-0.578,0.000,0.000,0.000,-222374
9.799912833,135702711,3.227,-9.098,-0.578,0.000,0.000,0.000,-223086
9.8041835,135706931,3.227,-9.137,-0.578,0.000,0.000,0.000,-222727
9.806525583,135709151,3.227,-9.137,-0.578,0.000,0.000,0.000,-222927
9.811751917,135714371,3.227,-9.137,-0.578,0.000,0.000,0.000,-223111
9.815706208,135718592,3.227,-9.137,-0.578,0.000,0.000,0.000,-223013
9.82083875,135722812,3.227,-9.137,-0.578,0.000,0.000,0.000,-223210
9.82414225,135727032,3.227,-9.137,-0.578,0.000,0.000,0.000,-222257
9.828379625,135731252,3.227,-9.137,-0.578,0.000,0.000,0.000,-222572
9.832611375,135735472,3.266,-9.133,-0.578,0.000,0.000,0.000,-222148
9.835794875,135738692,3.266,-9.133,-0.578,0.000,0.000,0.000,-222591
9.84203225,135744913,3.266,-9.133,-0.578,0.000,0.000,0.000,-223776
9.846285083,135749133,3.266,-9.133,-0.578,0.000,0.000,0.000,-222593
9.85048225,135753353,3.266,-9.133,-0.578,0.000,0.000,0.000,-222049
9.85489625,135757574,3.266,-9.133,-0.578,0.000,0.000,0.000,-222001
9.859930958,135762797,3.266,-9.133,-0.578,0.000,0.000,0.000,-222715
9.864114667,135767017,3.227,-9.137,-0.656,0.000,0.000,0.000,-222512
9.8673675,135770238,3.227,-9.137,-0.656,0.000,0.000,0.000,-222056
9.872603542,135775459,3.227,-9.137,-0.656,0.000,0.000,0.000,-222388
9.878049,135780680,3.227,-9.137,-0.656,0.000,0.000,0.000,-222914
9.8820565,135784901,3.227,-9.137,-0.656,0.000,0.000,0.000,-222507
9.887242625,135790122,3.227,-9.137,-0.656,0.000,0.000,0.000,-222424
9.891523958,135794342,3.227,-9.137,-0.656,0.000,0.000,0.000,-222948
9.895694542,135798562,3.266,-9.176,-0.539,0.000,0.000,0.000,-223305
9.897891083,135800783,3.266,-9.176,-0.539,0.000,0.000,0.000,-222641
9.903143708,135806003,3.266,-9.176,-0.539,0.000,0.000,0.000,-222639
9.907368958,135810223,3.266,-9.176,-0.539,0.000,0.000,0.000,-223084
9.911600125,135814444,3.266,-9.176,-0.539,0.000,0.000,0.000,-223330
9.915901708,135818664,3.266,-9.176,-0.539,0.000,0.000,0.000,-222628
9.921044875,135823885,3.266,-9.176,-0.539,0.000,0.000,0.000,-222985
9.925183458,135828106,3.266,-9.133,-0.578,0.000,0.000,0.000,-223152
9.928472542,135831326,3.266,-9.133,-0.578,0.000,0.000,0.000,-221908
9.933741583,135836547,3.266,-9.133,-0.578,0.000,0.000,0.000,-222863
9.938905,135841767,3.266,-9.133,-0.578,0.000,0.000,0.000,-223006
9.942040417,135844988,3.266,-9.133,-0.578,0.000,0.000,0.000,-222918
9.946283583,135849208,3.266,-9.133,-0.578,0.000,0.000,0.000,-222824
9.950534125,135853428,3.266,-9.133,-0.578,0.000,0.000,0.000,-221466
9.954841792,135857649,3.227,-9.137,-0.656,0.000,0.000,0.000,-222697
9.958043583,135860870,3.227,-9.137,-0.656,0.000,0.000,0.000,-223520
9.964160833,135867091,3.227,-9.137,-0.656,0.000,0.000,0.000,-223007
9.968542292,135871312,3.227,-9.137,-0.656,0.000,0.000,0.000,-222351
9.971910125,135874533,3.227,-9.137,-0.656,0.000,0.000,0.000,-222891
9.977182208,135879753,3.227,-9.137,-0.656,0.000,0.000,0.000,-223003
9.982428583,135884975,3.227,-9.137,-0.578,0.000,0.000,0.000,-222889
9.985382333,135888196,3.227,-9.137,-0.578,0.000,0.000,0.000,-222449
9.991537125,135894417,3.227,-9.137,-0.578,0.000,0.000,0.000,-223013
9.995834458,135898622,3.227,-9.137,-0.578,0.000,0.000,0.000,-223013
9.999956875,135902842,3.227,-9.137,-0.578,0.000,0.000,0.000,-222277
10.004206458,135907063,3.227,-9.137,-0.578,0.000,0.000,0.000,-223018
10.007470625,135910284,3.227,-9.137,-0.578,0.000,0.000,0.000,-223416
10.01176225,135914504,3.266,-9.176,-0.578,0.000,0.000,0.000,-222801
10.01492225,135917724,3.266,-9.176,-0.578,0.000,0.000,0.000,-221908
10.02110375,135923944,3.266,-9.176,-0.578,0.000,0.000,0.000,-222336
10.025243542,135928164,3.266,-9.176,-0.578,0.000,0.000,0.000,-223348
10.0294845,135932384,3.266,-9.176,-0.578,0.000,0.000,0.000,-223044
10.034780708,135937604,3.266,-9.176,-0.578,0.000,0.000,0.000,-222106
10.039006292,135941825,3.266,-9.176,-0.578,0.000,0.000,0.000,-222055
10.0431675,135946046,3.266,-9.133,-0.656,0.000,0.000,0.000,-223928
10.046415,135949266,3.266,-9.133,-0.656,0.000,0.000,0.000,-222461
10.052795542,135955486,3.266,-9.133,-0.656,0.000,0.000,0.000,-222649
10.05680475,135959706,3.266,-9.133,-0.656,0.000,0.000,0.000,-223632
10.062075208,135964926,3.266,-9.133,-0.656,0.000,0.000,0.000,-223733
10.067306625,135970146,3.266,-9.133,-0.656,0.000,0.000,0.000,-221928
10.072559542,135975366,3.266,-9.133,-0.656,0.000,0.000,0.000,-223056
10.075678042,135978586,3.266,-9.133,-0.656,0.000,0.000,0.000,-223278
10.082209667,135984807,3.266,-9.133,-0.656,0.000,0.000,0.000,-222497
10.086545625,135989028,3.266,-9.133,-0.656,0.000,0.000,0.000,-222184
10.090379875,135993248,3.266,-9.133,-0.656,0.000,0.000,0.000,-222341
10.094618875,135997469,3.266,-9.133,-0.656,0.000,0.000,0.000,-222847
10.10002725,136002689,3.266,-9.133,-0.656,0.000,0.000,0.000,-222989
10.104168417,136006909,3.266,-9.176,-0.578,0.000,0.000,0.000,-222335
10.107486833,136010129,3.266,-9.176,-0.578,0.000,0.000,0.000,-222979
10.112990167,136015350,3.266,-9.176,-0.578,0.000,0.000,0.000,-222907
10.118085667,136020571,3.266,-9.176,-0.578,0.000,0.000,0.000,-222471
10.122187625,136024792,3.266,-9.176,-0.578,0.000,0.000,0.000,-223117
10.127174792,136030013,3.266,-9.176,-0.578,0.000,0.000,0.000,-223372
10.132410167,136035233,3.266,-9.176,-0.578,0.000,0.000,0.000,-222430
10.136704375,136039454,3.266,-9.176,-0.578,0.000,0.000,0.000,-222157
10.139918417,136042675,3.266,-9.176,-0.578,0.000,0.000,0.000,-222251
10.145328583,136047896,3.266,-9.176,-0.578,0.000,0.000,0.000,-223062
10.149524875,136052117,3.266,-9.176,-0.578,0.000,0.000,0.000,-222847
10.15352325,136056338,3.266,-9.176,-0.578,0.000,0.000,0.000,-222432
10.158692458,136061559,3.266,-9.176,-0.578,0.000,0.000,0.000,-222788
10.162893292,136065780,3.266,-9.176,-0.578,0.000,0.000,0.000,-223058
10.166178167,136069001,3.266,-9.133,-0.539,0.000,0.000,0.000,-222835
10.169837042,136072222,3.266,-9.133,-0.539,0.000,0.000,0.000,-223080
10.174839875,136077443,3.266,-9.133,-0.539,0.000,0.000,0.000,-223183
10.180170375,136082664,3.266,-9.133,-0.539,0.000,0.000,0.000,-222204
10.184294208,136086885,3.266,-9.133,-0.539,0.000,0.000,0.000,-222791
10.188253708,136091105,3.266,-9.133,-0.539,0.000,0.000,0.000,-222207
10.192479458,136095325,3.266,-9.133,-0.656,0.000,0.000,0.000,-222579
10.195690208,136098545,3.266,-9.133,-0.656,0.000,0.000,0.000,-222257
10.201832,136104767,3.266,-9.133,-0.656,0.000,0.000,0.000,-222260
10.2061265,136108988,3.266,-9.133,-0.656,0.000,0.000,0.000,-222403
10.210305042,136113209,3.266,-9.133,-0.656,0.000,0.000,0.000,-222401
10.214559583,136117430,3.266,-9.133,-0.656,0.000,0.000,0.000,-222271
10.219727833,136122650,3.266,-9.133,-0.656,0.000,0.000,0.000,-222754
10.223943167,136126870,3.227,-9.172,-0.539,0.000,0.000,0.000,-222768
10.227224542,136130090,3.227,-9.172,-0.539,0.000,0.000,0.000,-222697
10.232428292,136135311,3.227,-9.172,-0.539,0.000,0.000,0.000,-222697
10.237675,136140532,3.227,-9.172,-0.539,0.000,0.000,0.000,-222706
10.241861542,136144754,3.227,-9.172,-0.539,0.000,0.000,0.000,-222504
10.246147292,136148974,3.227,-9.172,-0.539,0.000,0.000,0.000,-223242
10.25226575,136155195,3.227,-9.172,-0.539,0.000,0.000,0.000,-222717
10.256551125,136159416,3.266,-9.176,-0.539,0.000,0.000,0.000,-223266
10.259777792,136162637,3.266,-9.176,-0.539,0.000,0.000,0.000,-222456
10.2650055,136167858,3.266,-9.176,-0.539,0.000,0.000,0.000,-222714
10.269162417,136172078,3.266,-9.176,-0.539,0.000,0.000,0.000,-222332
10.272493792,136175299,3.266,-9.176,-0.539,0.000,0.000,0.000,-223510
10.276655458,136179520,3.266,-9.176,-0.539,0.000,0.000,0.000,-223316
10.282218167,136184741,3.266,-9.176,-0.539,0.000,0.000,0.000,-222603
10.285099625,136187961,3.227,-9.137,-0.656,0.000,0.000,0.000,-222327
10.290321083,136193181,3.227,-9.137,-0.656,0.000,0.000,0.000,-223179
10.294467625,136197402,3.227,-9.137,-0.656,0.000,0.000,0.000,-222603
10.298777333,136201622,3.227,-9.137,-0.656,0.000,0.000,0.000,-221884
10.302936958,136205843,3.227,-9.137,-0.656,0.000,0.000,0.000,-222174
10.307218208,136210064,3.227,-9.137,-0.656,0.000,0.000,0.000,-222482
10.310565083,136213284,3.227,-9.172,-0.578,0.000,0.000,0.000,-223000
10.312739417,136215505,3.227,-9.172,-0.578,0.000,0.000,0.000,-222189
10.318165292,136220726,3.227,-9.172,-0.578,0.000,0.000,0.000,-222601
10.322079875,136224946,3.227,-9.172,-0.578,0.000,0.000,0.000,-223309
10.325218417,136228166,3.227,-9.172,-0.578,0.000,0.000,0.000,-222956
10.329568292,136232386,3.227,-9.172,-0.578,0.000,0.000,0.000,-223469
10.333872833,136236607,3.227,-9.172,-0.617,0.000,0.000,0.000,-221683
10.337088083,136239828,3.227,-9.172,-0.617,0.000,0.000,0.000,-223179
10.342484083,136245049,3.227,-9.172,-0.617,0.000,0.000,0.000,-223169
10.347668208,136250270,3.227,-9.172,-0.617,0.000,0.000,0.000,-222255
10.352528417,136254491,3.227,-9.172,-0.617,0.000,0.000,0.000,-222088
10.355860042,136258711,3.227,-9.172,-0.617,0.000,0.000,0.000,-222446
10.360053125,136262932,3.227,-9.172,-0.617,0.000,0.000,0.000,-222837
10.364273667,136267153,3.266,-9.133,-0.617,0.000,0.000,0.000,-222267
10.367522125,136270374,3.266,-9.133,-0.617,0.000,0.000,0.000,-221267
10.372780083,136275594,3.266,-9.133,-0.617,0.000,0.000,0.000,-222889
10.376946625,136279814,3.266,-9.133,-0.617,0.000,0.000,0.000,-223183
10.382166667,136285035,3.266,-9.133,-0.617,0.000,0.000,0.000,-221823
10.386411708,136289255,3.227,-9.172,-0.617,0.000,0.000,0.000,-222487
10.390726625,136293475,3.227,-9.172,-0.617,0.000,0.000,0.000,-223331
10.394870625,136297696,3.227,-9.172,-0.617,0.000,0.000,0.000,-223641
10.399112458,136301916,3.227,-9.172,-0.617,0.000,0.000,0.000,-222369
10.4033785,136306137,3.227,-9.172,-0.617,0.000,0.000,0.000,-222428
10.407609792,136310358,3.227,-9.172,-0.617,0.000,0.000,0.000,-223280
10.412987958,136315579,3.266,-9.133,-0.500,0.000,0.000,0.000,-222883
10.416185833,136318799,3.266,-9.133,-0.500,0.000,0.000,0.000,-222695
10.422455458,136325020,3.266,-9.133,-0.500,0.000,0.000,0.000,-222901
10.426429875,136329241,3.266,-9.133,-0.500,0.000,0.000,0.000,-223292
10.4305445,136333462,3.266,-9.133,-0.500,0.000,0.000,0.000,-222509
10.434826875,136337682,3.266,-9.133,-0.500,0.000,0.000,0.000,-222105
10.440051458,136342903,3.266,-9.133,-0.500,0.000,0.000,0.000,-222588
10.444312958,136347124,3.227,-9.172,-0.656,0.000,0.000,0.000,-223320
10.447590458,136350344,3.227,-9.172,-0.656,0.000,0.000,0.000,-221815
10.453591208,136355565,3.227,-9.172,-0.656,0.000,0.000,0.000,-222776
10.457912542,136360786,3.227,-9.172,-0.656,0.000,0.000,0.000,-222190
10.462185292,136365006,3.227,-9.172,-0.656,0.000,0.000,0.000,-222393
10.467381833,136370227,3.227,-9.172,-0.656,0.000,0.000,0.000,-222378
10.472616542,136375447,3.227,-9.172,-0.656,0.000,0.000,0.000,-222469
10.476864708,136379668,3.266,-9.137,-0.691,0.000,0.000,0.000,-223341
10.480145292,136382888,3.266,-9.137,-0.691,0.000,0.000,0.000,-223124
10.485273333,136388109,3.266,-9.137,-0.691,0.000,0.000,0.000,-221805
10.489417958,136392329,3.266,-9.137,-0.691,0.000,0.000,0.000,-223266
10.493673458,136396550,3.266,-9.137,-0.691,0.000,0.000,0.000,-223871
10.500020917,136402771,3.266,-9.137,-0.691,0.000,0.000,0.000,-222911
10.505173833,136407992,3.266,-9.137,-0.691,0.000,0.000,0.000,-223075
10.509399917,136412213,3.227,-9.137,-0.539,0.000,0.000,0.000,-221838
10.512699292,136415433,3.227,-9.137,-0.539,0.000,0.000,0.000,-223465
10.519164167,136421655,3.227,-9.137,-0.539,0.000,0.000,0.000,-222390
10.523031208,136425875,3.227,-9.137,-0.539,0.000,0.000,0.000,-223454
10.52725825,136430095,3.227,-9.137,-0.539,0.000,0.000,0.000,-222509
10.532450292,136435316,3.227,-9.137,-0.539,0.000,0.000,0.000,-222813
10.536779333,136439537,3.227,-9.137,-0.539,0.000,0.000,0.000,-221372
10.541289083,136443759,3.227,-9.215,-0.617,0.000,0.000,0.000,-222399
10.543350667,136445979,3.227,-9.215,-0.617,0.000,0.000,0.000,-223548
10.548605708,136451200,3.227,-9.215,-0.617,0.000,0.000,0.000,-222021
10.553229708,136455420,3.227,-9.215,-0.617,0.000,0.000,0.000,-222737
10.556816667,136459641,3.227,-9.215,-0.617,0.000,0.000,0.000,-222708
10.5610085,136463861,3.227,-9.215,-0.617,0.000,0.000,0.000,-222619
10.564429625,136467082,3.305,-9.133,-0.617,0.000,0.000,0.000,-223553
10.567487625,136470303,3.305,-9.133,-0.617,0.000,0.000,0.000,-222988
10.572827833,136475523,3.305,-9.133,-0.617,0.000,0.000,0.000,-222347
10.578540083,136480744,3.305,-9.133,-0.617,0.000,0.000,0.000,-222215
10.5823545,136484966,3.305,-9.133,-0.617,0.000,0.000,0.000,-221901
10.58734925,136490186,3.305,-9.133,-0.617,0.000,0.000,0.000,-221682
10.592560083,136495407,3.305,-9.133,-0.617,0.000,0.000,0.000,-222822
10.596817458,136499627,3.266,-9.176,-0.617,0.000,0.000,0.000,-222409
10.600040333,136502848,3.266,-9.176,-0.617,0.000,0.000,0.000,-222624
10.606430667,136509068,3.266,-9.176,-0.617,0.000,0.000,0.000,-221565
10.610917458,136513288,3.266,-9.176,-0.617,0.000,0.000,0.000,-222937
10.615001875,136517508,3.266,-9.176,-0.617,0.000,0.000,0.000,-222069
10.620227792,136522729,3.266,-9.176,-0.617,0.000,0.000,0.000,-222851
10.625111292,136527950,3.266,-9.176,-0.617,0.000,0.000,0.000,-222419
10.62926,136532170,3.227,-9.133,-0.691,0.000,0.000,0.000,-222032
10.63249825,136535391,3.227,-9.133,-0.691,0.000,0.000,0.000,-221665
10.637705292,136540611,3.227,-9.133,-0.691,0.000,0.000,0.000,-222686
10.642945208,136545832,3.227,-9.133,-0.691,0.000,0.000,0.000,-223016
10.647248625,136550053,3.227,-9.133,-0.691,0.000,0.000,0.000,-222909
10.651430333,136554274,3.227,-9.133,-0.691,0.000,0.000,0.000,-221951
10.65468225,136557495,3.227,-9.133,-0.691,0.000,0.000,0.000,-222334
10.659844625,136562716,3.266,-9.133,-0.578,0.000,0.000,0.000,-222706
10.662073208,136564937,3.266,-9.133,-0.578,0.000,0.000,0.000,-222870
10.666263375,136569158,3.266,-9.133,-0.578,0.000,0.000,0.000,-222274
10.67048625,136573379,3.266,-9.133,-0.578,0.000,0.000,0.000,-221879
10.674798333,136577599,3.266,-9.133,-0.578,0.000,0.000,0.000,-223015
10.680136167,136582819,3.266,-9.133,-0.578,0.000,0.000,0.000,-222473
10.685246458,136587039,3.266,-9.133,-0.578,0.000,0.000,0.000,-222440
10.688366333,136591259,3.227,-9.137,-0.617,0.000,0.000,0.000,-222778
10.691639667,136594480,3.227,-9.137,-0.617,0.000,0.000,0.000,-222210
10.69788925,136600701,3.227,-9.137,-0.617,0.000,0.000,0.000,-222845
10.70220425,136604922,3.227,-9.137,-0.617,0.000,0.000,0.000,-221888
10.705545708,136608142,3.227,-9.137,-0.617,0.000,0.000,0.000,-223329
10.709802542,136612363,3.227,-9.137,-0.617,0.000,0.000,0.000,-222736
10.714089125,136616584,3.227,-9.137,-0.617,0.000,0.000,0.000,-222871
10.718450958,136620805,3.266,-9.133,-0.656,0.000,0.000,0.000,-221989
10.720138833,136623025,3.266,-9.133,-0.656,0.000,0.000,0.000,-222837
10.725383625,136628245,3.266,-9.133,-0.656,0.000,0.000,0.000,-223514
10.729623167,136632465,3.266,-9.133,-0.656,0.000,0.000,0.000,-222400
10.732827917,136635685,3.266,-9.133,-0.656,0.000,0.000,0.000,-222774
10.737091167,136639906,3.266,-9.133,-0.656,0.000,0.000,0.000,-222422
10.7422105,136645127,3.266,-9.133,-0.656,0.000,0.000,0.000,-222981
10.745420917,136648347,3.266,-9.133,-0.539,0.000,0.000,0.000,-223661
10.752767417,136655568,3.266,-9.133,-0.539,0.000,0.000,0.000,-221939
10.756996792,136659789,3.266,-9.133,-0.539,0.000,0.000,0.000,-223430
10.761280958,136664010,3.266,-9.133,-0.539,0.000,0.000,0.000,-223511
10.765328042,136668230,3.266,-9.133,-0.539,0.000,0.000,0.000,-223042
10.770852042,136673451,3.266,-9.133,-0.539,0.000,0.000,0.000,-221240
10.774877625,136677672,3.227,-9.172,-0.617,0.000,0.000,0.000,-223181
10.778277083,136680893,3.227,-9.172,-0.617,0.000,0.000,0.000,-222787
10.785934583,136688114,3.227,-9.172,-0.617,0.000,0.000,0.000,-221964
10.790458542,136693334,3.227,-9.172,-0.617,0.000,0.000,0.000,-222884
10.794737667,136697555,3.227,-9.172,-0.617,0.000,0.000,0.000,-223162
10.799976125,136702776,3.227,-9.172,-0.617,0.000,0.000,0.000,-222232
10.804302208,136706997,3.227,-9.172,-0.617,0.000,0.000,0.000,-222623
10.808707667,136711217,3.227,-9.172,-0.656,0.000,0.000,0.000,-222750
10.81180525,136714438,3.227,-9.172,-0.656,0.000,0.000,0.000,-222460
10.819037042,136721658,3.227,-9.172,-0.656,0.000,0.000,0.000,-222259
10.824991625,136727878,3.227,-9.172,-0.656,0.000,0.000,0.000,-223324
10.828232167,136731099,3.227,-9.172,-0.656,0.000,0.000,0.000,-222458
10.832485917,136735320,3.227,-9.172,-0.656,0.000,0.000,0.000,-222285
10.835645792,136738540,3.227,-9.172,-0.656,0.000,0.000,0.000,-222368
10.839894625,136742761,3.227,-9.137,-0.656,0.000,0.000,0.000,-222704
10.842126708,136744982,3.227,-9.137,-0.656,0.000,0.000,0.000,-222681
10.849317958,136752202,3.227,-9.137,-0.656,0.000,0.000,0.000,-222456
10.855578583,136758422,3.227,-9.137,-0.656,0.000,0.000,0.000,-221832
10.860797417,136763643,3.227,-9.137,-0.656,0.000,0.000,0.000,-223059
10.865009292,136767863,3.227,-9.137,-0.656,0.000,0.000,0.000,-222822
10.869205958,136772084,3.227,-9.137,-0.656,0.000,0.000,0.000,-222627
10.873456,136776304,3.227,-9.137,-0.617,0.000,0.000,0.000,-223321
10.876688167,136779524,3.227,-9.137,-0.617,0.000,0.000,0.000,-222810
10.882995,136785745,3.227,-9.137,-0.617,0.000,0.000,0.000,-222269
10.887259208,136789966,3.227,-9.137,-0.617,0.000,0.000,0.000,-222141
10.890302458,136793186,3.227,-9.137,-0.617,0.000,0.000,0.000,-223261
10.894601333,136797407,3.227,-9.137,-0.617,0.000,0.000,0.000,-222887
10.899803875,136802627,3.227,-9.137,-0.617,0.000,0.000,0.000,-222926
10.902938833,136805848,3.266,-9.133,-0.578,0.000,0.000,0.000,-222967
10.908236083,136811068,3.266,-9.133,-0.578,0.000,0.000,0.000,-223263
10.912451125,136815288,3.266,-9.133,-0.578,0.000,0.000,0.000,-222271
10.916793958,136819508,3.266,-9.133,-0.578,0.000,0.000,0.000,-222446
10.921872,136824729,3.266,-9.133,-0.578,0.000,0.000,0.000,-222728
10.926121,136828949,3.227,-9.133,-0.691,0.000,0.000,0.000,-223377
10.92833075,136831170,3.227,-9.133,-0.691,0.000,0.000,0.000,-222526
10.933614042,136836390,3.227,-9.133,-0.691,0.000,0.000,0.000,-222681
10.937811708,136840611,3.227,-9.133,-0.691,0.000,0.000,0.000,-222741
10.941915333,136844832,3.227,-9.133,-0.691,0.000,0.000,0.000,-222850
10.946119417,136849052,3.227,-9.133,-0.691,0.000,0.000,0.000,-223160
10.950713917,136853272,3.227,-9.133,-0.691,0.000,0.000,0.000,-221900
10.954672833,136857493,3.227,-9.137,-0.617,0.000,0.000,0.000,-222138
10.956891667,136859714,3.227,-9.137,-0.617,0.000,0.000,0.000,-222948
10.962082375,136864934,3.227,-9.137,-0.617,0.000,0.000,0.000,-222637
10.966348833,136869154,3.227,-9.137,-0.617,0.000,0.000,0.000,-222864
10.970966958,136873374,3.227,-9.137,-0.617,0.000,0.000,0.000,-221649
10.97484775,136877595,3.227,-9.137,-0.617,0.000,0.000,0.000,-223133
10.97989075,136882801,3.227,-9.137,-0.617,0.000,0.000,0.000,-223133
10.983437833,136886021,3.266,-9.176,-0.617,0.000,0.000,0.000,-222004
10.985457,136888241,3.266,-9.176,-0.617,0.000,0.000,0.000,-222344
10.990607375,136893462,3.266,-9.176,-0.617,0.000,0.000,0.000,-221771
10.9948505,136897682,3.266,-9.176,-0.617,0.000,0.000,0.000,-223394
11.001047042,136903903,3.266,-9.176,-0.617,0.000,0.000,0.000,-222988
11.005233125,136908123,3.266,-9.176,-0.617,0.000,0.000,0.000,-222944
11.010503042,136913343,3.266,-9.176,-0.617,0.000,0.000,0.000,-223187
11.014820083,136917563,3.227,-9.172,-0.617,0.000,0.000,0.000,-222573
11.018169958,136920784,3.227,-9.172,-0.617,0.000,0.000,0.000,-222508
11.023426583,136926004,3.227,-9.172,-0.617,0.000,0.000,0.000,-222846
11.028566083,136931224,3.227,-9.172,-0.617,0.000,0.000,0.000,-222570
11.032599792,136935445,3.227,-9.172,-0.617,0.000,0.000,0.000,-222396
11.037900042,136940666,3.227,-9.172,-0.617,0.000,0.000,0.000,-222307
11.044037042,136946886,3.227,-9.172,-0.617,0.000,0.000,0.000,-223752
11.048246083,136951107,3.266,-9.133,-0.578,0.000,0.000,0.000,-223041
11.051480042,136954328,3.266,-9.133,-0.578,0.000,0.000,0.000,-222089
11.056698667,136959548,3.266,-9.133,-0.578,0.000,0.000,0.000,-222275
11.0619225,136964768,3.266,-9.133,-0.578,0.000,0.000,0.000,-222993
11.0661485,136968989,3.266,-9.133,-0.578,0.000,0.000,0.000,-222275
11.070403625,136973209,3.266,-9.133,-0.578,0.000,0.000,0.000,-222706
11.075654958,136978430,3.266,-9.133,-0.578,0.000,0.000,0.000,-223107
11.080063,136982651,3.266,-9.094,-0.578,0.000,0.000,0.000,-222599
11.083292167,136985871,3.266,-9.094,-0.578,0.000,0.000,0.000,-222828
11.088654458,136991091,3.266,-9.094,-0.578,0.000,0.000,0.000,-221748
11.093521958,136996311,3.266,-9.094,-0.578,0.000,0.000,0.000,-222646
11.097734958,137000532,3.266,-9.094,-0.578,0.000,0.000,0.000,-221968
11.102994583,137005753,3.266,-9.094,-0.578,0.000,0.000,0.000,-222480
11.107363875,137009973,3.266,-9.094,-0.578,0.000,0.000,0.000,-222856
11.111580625,137014194,3.266,-9.176,-0.656,0.000,0.000,0.000,-222890
11.1148045,137017415,3.266,-9.176,-0.656,0.000,0.000,0.000,-222618
11.120986333,137023636,3.266,-9.176,-0.656,0.000,0.000,0.000,-222062
11.125012875,137027857,3.266,-9.176,-0.656,0.000,0.000,0.000,-222626
11.129224417,137032078,3.266,-9.176,-0.656,0.000,0.000,0.000,-222420
11.133680792,137036298,3.266,-9.176,-0.656,0.000,0.000,0.000,-222566
11.137781542,137040518,3.266,-9.176,-0.656,0.000,0.000,0.000,-222229
11.142102667,137044741,3.305,-9.133,-0.617,0.000,0.000,0.000,-222067
11.144339667,137046961,3.305,-9.133,-0.617,0.000,0.000,0.000,-223336
11.148574375,137051182,3.305,-9.133,-0.617,0.000,0.000,0.000,-223421
11.15359175,137055402,3.305,-9.133,-0.617,0.000,0.000,0.000,-222380
11.156746083,137059622,3.305,-9.133,-0.617,0.000,0.000,0.000,-222792
11.1620055,137064843,3.305,-9.133,-0.617,0.000,0.000,0.000,-222997
11.166259875,137069063,3.305,-9.176,-0.578,0.000,0.000,0.000,-222059
11.169443083,137072284,3.305,-9.176,-0.578,0.000,0.000,0.000,-222372
11.174903,137077504,3.305,-9.176,-0.578,0.000,0.000,0.000,-223815
11.179105333,137081724,3.305,-9.176,-0.578,0.000,0.000,0.000,-222314
11.183346083,137085944,3.305,-9.176,-0.578,0.000,0.000,0.000,-222134
11.187640917,137090164,3.305,-9.176,-0.578,0.000,0.000,0.000,-222220
11.192494167,137095384,3.305,-9.176,-0.578,0.000,0.000,0.000,-223187
11.195765458,137098605,3.266,-9.176,-0.617,0.000,0.000,0.000,-222509
11.199099417,137101826,3.266,-9.176,-0.617,0.000,0.000,0.000,-223133
11.205201958,137108047,3.266,-9.176,-0.617,0.000,0.000,0.000,-222477
11.20941475,137112268,3.266,-9.176,-0.617,0.000,0.000,0.000,-222821
11.213976833,137116489,3.266,-9.176,-0.617,0.000,0.000,0.000,-222629
11.218877667,137121709,3.266,-9.176,-0.617,0.000,0.000,0.000,-223212
11.224099125,137126929,3.266,-9.176,-0.617,0.000,0.000,0.000,-222584
11.2282845,137131149,3.266,-9.133,-0.617,0.000,0.000,0.000,-223264
11.23048875,137133369,3.266,-9.133,-0.617,0.000,0.000,0.000,-222796
11.235749833,137138589,3.266,-9.133,-0.617,0.000,0.000,0.000,-222813
11.240981417,137143810,3.266,-9.133,-0.617,0.000,0.000,0.000,-223003
11.245168333,137148031,3.266,-9.133,-0.617,0.000,0.000,0.000,-223096
11.252647625,137155252,3.266,-9.133,-0.617,0.000,0.000,0.000,-222441
11.25762725,137160473,3.266,-9.133,-0.617,0.000,0.000,0.000,-223078
11.261978708,137164693,3.227,-9.137,-0.656,0.000,0.000,0.000,-222669
11.264100667,137166914,3.227,-9.137,-0.656,0.000,0.000,0.000,-222735
11.269295375,137172135,3.227,-9.137,-0.656,0.000,0.000,0.000,-221879
11.273503708,137176355,3.227,-9.137,-0.656,0.000,0.000,0.000,-222657
11.278792792,137181576,3.227,-9.137,-0.656,0.000,0.000,0.000,-223490
11.282960167,137185796,3.227,-9.137,-0.656,0.000,0.000,0.000,-222585
11.287246792,137190017,3.227,-9.137,-0.656,0.000,0.000,0.000,-223092
11.292390542,137195237,3.227,-9.176,-0.691,0.000,0.000,0.000,-223122
11.296085333,137198457,3.227,-9.176,-0.691,0.000,0.000,0.000,-223109
11.3019555,137204677,3.227,-9.176,-0.691,0.000,0.000,0.000,-222864
11.306146208,137208898,3.227,-9.176,-0.691,0.000,0.000,0.000,-223318
11.3104965,137213119,3.227,-9.176,-0.691,0.000,0.000,0.000,-222587
11.314744417,137217339,3.227,-9.176,-0.691,0.000,0.000,0.000,-223611
11.3192705,137221559,3.227,-9.176,-0.691,0.000,0.000,0.000,-222922
11.323975792,137226780,3.266,-9.133,-0.578,0.000,0.000,0.000,-222882
11.327161042,137230000,3.266,-9.133,-0.578,0.000,0.000,0.000,-223266
11.333414708,137236220,3.266,-9.133,-0.578,0.000,0.000,0.000,-222437
11.337718625,137240441,3.266,-9.133,-0.578,0.000,0.000,0.000,-222240
11.342271375,137244661,3.266,-9.133,-0.578,0.000,0.000,0.000,-222111
11.346284042,137248882,3.266,-9.133,-0.578,0.000,0.000,0.000,-222881
11.351514708,137254103,3.266,-9.133,-0.578,0.000,0.000,0.000,-221922
11.355510167,137258324,3.305,-9.176,-0.617,0.000,0.000,0.000,-223211
11.358672167,137261544,3.305,-9.176,-0.617,0.000,0.000,0.000,-223801
11.364890375,137267764,3.305,-9.176,-0.617,0.000,0.000,0.000,-223050
11.369125333,137271985,3.305,-9.176,-0.617,0.000,0.000,0.000,-222397
11.372352917,137275206,3.305,-9.176,-0.617,0.000,0.000,0.000,-222619
11.376583583,137279426,3.305,-9.176,-0.617,0.000,0.000,0.000,-223340
11.380770292,137283647,3.305,-9.176,-0.617,0.000,0.000,0.000,-222159
11.385068125,137287868,3.266,-9.133,-0.617,0.000,0.000,0.000,-222517
11.388229542,137291088,3.266,-9.133,-0.617,0.000,0.000,0.000,-222867
11.393475792,137296309,3.266,-9.133,-0.617,0.000,0.000,0.000,-222318
11.397696125,137300530,3.266,-9.133,-0.617,0.000,0.000,0.000,-222913
11.401898167,137304753,3.266,-9.133,-0.617,0.000,0.000,0.000,-222583
11.406091333,137308973,3.266,-9.133,-0.617,0.000,0.000,0.000,-223082
11.410372708,137313194,3.266,-9.133,-0.617,0.000,0.000,0.000,-222325
11.4146745,137317415,3.266,-9.176,-0.617,0.000,0.000,0.000,-222860
11.417917167,137320636,3.266,-9.176,-0.617,0.000,0.000,0.000,-223178
11.423982833,137326856,3.266,-9.176,-0.617,0.000,0.000,0.000,-222757
11.428234333,137331077,3.266,-9.176,-0.617,0.000,0.000,0.000,-222969
11.433460458,137336298,3.266,-9.176,-0.617,0.000,0.000,0.000,-223058
11.437686917,137340519,3.266,-9.176,-0.617,0.000,0.000,0.000,-222396
11.442883417,137345739,3.266,-9.176,-0.617,0.000,0.000,0.000,-223016
11.446113708,137348959,3.266,-9.211,-0.617,0.000,0.000,0.000,-223388
11.451352875,137354179,3.266,-9.211,-0.617,0.000,0.000,0.000,-222267
11.455585958,137358400,3.266,-9.211,-0.617,0.000,0.000,0.000,-222606
11.46078525,137363621,3.266,-9.211,-0.617,0.000,0.000,0.000,-223602
11.464998208,137367842,3.266,-9.211,-0.617,0.000,0.000,0.000,-223193
11.469287708,137372063,3.266,-9.211,-0.617,0.000,0.000,0.000,-222497
11.473441,137376284,3.266,-9.176,-0.578,0.000,0.000,0.000,-222572
11.476676333,137379504,3.266,-9.176,-0.578,0.000,0.000,0.000,-223104
11.482891875,137385725,3.266,-9.176,-0.578,0.000,0.000,0.000,-222838
11.487260833,137389945,3.266,-9.176,-0.578,0.000,0.000,0.000,-222608
11.491284958,137394166,3.266,-9.176,-0.578,0.000,0.000,0.000,-222472
11.495570375,137398387,3.266,-9.176,-0.578,0.000,0.000,0.000,-222797
11.502923583,137405609,3.266,-9.176,-0.578,0.000,0.000,0.000,-221794
11.507053083,137409829,3.305,-9.133,-0.617,0.000,0.000,0.000,-223121
11.510184958,137413049,3.305,-9.133,-0.617,0.000,0.000,0.000,-222319
11.515482125,137418270,3.305,-9.133,-0.617,0.000,0.000,0.000,-222323
11.520690375,137423490,3.305,-9.133,-0.617,0.000,0.000,0.000,-223897
11.525848917,137428711,3.305,-9.133,-0.617,0.000,0.000,0.000,-223800
11.530213125,137432931,3.305,-9.133,-0.617,0.000,0.000,0.000,-222400
11.534402875,137437151,3.305,-9.133,-0.617,0.000,0.000,0.000,-221996
11.538764542,137441372,3.266,-9.133,-0.617,0.000,0.000,0.000,-222278
11.540985833,137443592,3.266,-9.133,-0.617,0.000,0.000,0.000,-222212
11.546191625,137448812,3.266,-9.133,-0.617,0.000,0.000,0.000,-222787
11.550433542,137453017,3.266,-9.133,-0.617,0.000,0.000,0.000,-222787
11.553770583,137456237,3.266,-9.133,-0.617,0.000,0.000,0.000,-222285
11.557568417,137460458,3.266,-9.133,-0.617,0.000,0.000,0.000,-222945
11.563066667,137465679,3.266,-9.133,-0.617,0.000,0.000,0.000,-222296
11.567098042,137469900,3.305,-9.133,-0.617,0.000,0.000,0.000,-222648
11.570369667,137473120,3.305,-9.133,-0.617,0.000,0.000,0.000,-222020
11.575731292,137478340,3.305,-9.133,-0.617,0.000,0.000,0.000,-222871
11.580948042,137483561,3.305,-9.133,-0.617,0.000,0.000,0.000,-222645
11.587230708,137488782,3.305,-9.133,-0.617,0.000,0.000,0.000,-222860
11.5911205,137494003,3.227,-9.137,-0.617,0.000,0.000,0.000,-222536
11.594362458,137497223,3.227,-9.137,-0.617,0.000,0.000,0.000,-223062
11.600622333,137503443,3.227,-9.137,-0.617,0.000,0.000,0.000,-222987
11.604972625,137507664,3.227,-9.137,-0.617,0.000,0.000,0.000,-222605
11.609276458,137511884,3.227,-9.137,-0.617,0.000,0.000,0.000,-222608
11.613648333,137516104,3.227,-9.137,-0.617,0.000,0.000,0.000,-222789
11.618733833,137521325,3.227,-9.137,-0.617,0.000,0.000,0.000,-222514
11.623430667,137525546,3.266,-9.133,-0.578,0.000,0.000,0.000,-223013
11.625931542,137528767,3.266,-9.133,-0.578,0.000,0.000,0.000,-222707
11.631147917,137533988,3.266,-9.133,-0.578,0.000,0.000,0.000,-221895
11.6363585,137539208,3.266,-9.133,-0.578,0.000,0.000,0.000,-222535
11.640592667,137543429,3.266,-9.133,-0.578,0.000,0.000,0.000,-222969
11.64487875,137547649,3.266,-9.133,-0.578,0.000,0.000,0.000,-223379
11.6489855,137551869,3.266,-9.133,-0.578,0.000,0.000,0.000,-222797
11.653919375,137556089,3.227,-9.137,-0.539,0.000,0.000,0.000,-221895
11.655422583,137558309,3.227,-9.137,-0.539,0.000,0.000,0.000,-222638
11.661687583,137564529,3.227,-9.137,-0.539,0.000,0.000,0.000,-223163
11.665899667,137568750,3.227,-9.137,-0.539,0.000,0.000,0.000,-222030
11.6701425,137572970,3.227,-9.137,-0.539,0.000,0.000,0.000,-222310
11.674381,137577190,3.227,-9.137,-0.539,0.000,0.000,0.000,-222736
11.678652,137581410,3.227,-9.137,-0.539,0.000,0.000,0.000,-221835
11.683831833,137586631,3.266,-9.176,-0.617,0.000,0.000,0.000,-222794
11.687154917,137589851,3.266,-9.176,-0.617,0.000,0.000,0.000,-222920
11.693228458,137596071,3.266,-9.176,-0.617,0.000,0.000,0.000,-222511
11.697441083,137600291,3.266,-9.176,-0.617,0.000,0.000,0.000,-222440
11.701645958,137604512,3.266,-9.176,-0.617,0.000,0.000,0.000,-222529
11.7059255,137608734,3.266,-9.176,-0.617,0.000,0.000,0.000,-223224
11.711227417,137613955,3.266,-9.176,-0.617,0.000,0.000,0.000,-222384
11.71558625,137618175,3.227,-9.137,-0.500,0.000,0.000,0.000,-222467
11.719948583,137621396,3.227,-9.137,-0.500,0.000,0.000,0.000,-223149
11.72379225,137626617,3.227,-9.137,-0.500,0.000,0.000,0.000,-222070
11.729045,137631837,3.227,-9.137,-0.500,0.000,0.000,0.000,-222050
11.733339458,137636057,3.227,-9.137,-0.500,0.000,0.000,0.000,-222140
11.738437333,137641277,3.227,-9.137,-0.500,0.000,0.000,0.000,-222287
11.74257,137645498,3.227,-9.137,-0.500,0.000,0.000,0.000,-222858
11.747143708,137649719,3.266,-9.133,-0.617,0.000,0.000,0.000,-223356
11.750403542,137652939,3.266,-9.133,-0.617,0.000,0.000,0.000,-222349
11.757428083,137660159,3.266,-9.133,-0.617,0.000,0.000,0.000,-222305
11.762540125,137665381,3.266,-9.133,-0.617,0.000,0.000,0.000,-222013
11.76676275,137669601,3.266,-9.133,-0.617,0.000,0.000,0.000,-222297
11.771077667,137673821,3.266,-9.133,-0.617,0.000,0.000,0.000,-223083
11.776453542,137679041,3.266,-9.133,-0.617,0.000,0.000,0.000,-222743
11.780674458,137683261,3.227,-9.098,-0.578,0.000,0.000,0.000,-222882
11.782904,137685482,3.227,-9.098,-0.578,0.000,0.000,0.000,-222183
11.787144875,137689702,3.227,-9.098,-0.578,0.000,0.000,0.000,-223093
11.792110958,137694922,3.227,-9.098,-0.578,0.000,0.000,0.000,-222960
11.796273458,137699142,3.227,-9.098,-0.578,0.000,0.000,0.000,-222928
11.801541708,137704362,3.227,-9.098,-0.578,0.000,0.000,0.000,-222884
11.80585525,137708583,3.227,-9.098,-0.578,0.000,0.000,0.000,-222725
11.811201083,137713804,3.266,-9.133,-0.539,0.000,0.000,0.000,-222879
11.813426958,137716024,3.266,-9.133,-0.539,0.000,0.000,0.000,-223051
11.817385667,137720244,3.266,-9.133,-0.539,0.000,0.000,0.000,-222772
11.8217505,137724464,3.266,-9.133,-0.539,0.000,0.000,0.000,-222592
11.824881458,137727685,3.266,-9.133,-0.539,0.000,0.000,0.000,-222245
11.829063875,137731905,3.266,-9.133,-0.539,0.000,0.000,0.000,-222049
11.833309667,137736126,3.266,-9.133,-0.539,0.000,0.000,0.000,-222315
11.837485417,137740347,3.227,-9.137,-0.617,0.000,0.000,0.000,-222413
11.840731083,137743568,3.227,-9.137,-0.617,0.000,0.000,0.000,-222131
11.8470105,137749789,3.227,-9.137,-0.617,0.000,0.000,0.000,-223054
11.851183167,137754010,3.227,-9.137,-0.617,0.000,0.000,0.000,-222685
11.855766458,137758230,3.227,-9.137,-0.617,0.000,0.000,0.000,-222495
11.860586458,137763451,3.227,-9.137,-0.617,0.000,0.000,0.000,-223035
11.865090208,137767672,3.227,-9.137,-0.617,0.000,0.000,0.000,-222972
11.868994792,137771893,3.266,-9.211,-0.617,0.000,0.000,0.000,-222324
11.872247542,137775113,3.266,-9.211,-0.617,0.000,0.000,0.000,-222666
11.878467875,137781334,3.266,-9.211,-0.617,0.000,0.000,0.000,-223193
11.883691,137786555,3.266,-9.211,-0.617,0.000,0.000,0.000,-222579
11.888322958,137790776,3.266,-9.211,-0.617,0.000,0.000,0.000,-222259
11.89314775,137795996,3.266,-9.211,-0.617,0.000,0.000,0.000,-222773
11.898370042,137801217,3.266,-9.211,-0.617,0.000,0.000,0.000,-222042
11.902608125,137805438,3.266,-9.133,-0.617,0.000,0.000,0.000,-222380
11.90579775,137808659,3.266,-9.133,-0.617,0.000,0.000,0.000,-223460
11.911289167,137813879,3.266,-9.133,-0.617,0.000,0.000,0.000,-222226
11.915222458,137818100,3.266,-9.133,-0.617,0.000,0.000,0.000,-222838
11.920544917,137823320,3.266,-9.133,-0.617,0.000,0.000,0.000,-222718
11.924725417,137827541,3.266,-9.133,-0.617,0.000,0.000,0.000,-223171
11.928906042,137831761,3.266,-9.133,-0.617,0.000,0.000,0.000,-222906
11.933157292,137835982,3.266,-9.133,-0.617,0.000,0.000,0.000,-222492
11.936371833,137839203,3.266,-9.133,-0.617,0.000,0.000,0.000,-222289
11.941532917,137844424,3.266,-9.133,-0.617,0.000,0.000,0.000,-223060
11.9459425,137848644,3.266,-9.133,-0.617,0.000,0.000,0.000,-222902
11.950159583,137852865,3.266,-9.133,-0.617,0.000,0.000,0.000,-222523
11.954254375,137857086,3.266,-9.133,-0.617,0.000,0.000,0.000,-222376
11.960463792,137863307,3.266,-9.133,-0.617,0.000,0.000,0.000,-223487
11.965651208,137868527,3.266,-9.176,-0.617,0.000,0.000,0.000,-222357
11.96883675,137871748,3.266,-9.176,-0.617,0.000,0.000,0.000,-222171
11.97505125,137877969,3.266,-9.176,-0.617,0.000,0.000,0.000,-222575
11.979293042,137882189,3.266,-9.176,-0.617,0.000,0.000,0.000,-223974
11.983668208,137886410,3.266,-9.176,-0.617,0.000,0.000,0.000,-222643
11.988165958,137890631,3.266,-9.176,-0.617,0.000,0.000,0.000,-222506
11.993030458,137895852,3.266,-9.176,-0.617,0.000,0.000,0.000,-223108
11.99620525,137899072,3.227,-9.137,-0.578,0.000,0.000,0.000,-222861
11.999499333,137902292,3.227,-9.137,-0.578,0.000,0.000,0.000,-222563
12.004660333,137907512,3.227,-9.137,-0.578,0.000,0.000,0.000,-222918
12.008040375,137910734,3.227,-9.137,-0.578,0.000,0.000,0.000,-222557
12.01416325,137916955,3.227,-9.137,-0.578,0.000,0.000,0.000,-223099
12.018381333,137921176,3.227,-9.137,-0.578,0.000,0.000,0.000,-222802
12.023516042,137926397,3.227,-9.137,-0.578,0.000,0.000,0.000,-222877
12.027767375,137930617,3.266,-9.133,-0.656,0.000,0.000,0.000,-223013
12.030959625,137933837,3.266,-9.133,-0.656,0.000,0.000,0.000,-221685
12.036195792,137939058,3.266,-9.133,-0.656,0.000,0.000,0.000,-222634
12.041439125,137944279,3.266,-9.133,-0.656,0.000,0.000,0.000,-222587
12.045645708,137948500,3.266,-9.133,-0.656,0.000,0.000,0.000,-223381
12.051046917,137953721,3.266,-9.133,-0.656,0.000,0.000,0.000,-221633
12.056106083,137958943,3.266,-9.133,-0.656,0.000,0.000,0.000,-223122
12.061305625,137964164,3.266,-9.176,-0.578,0.000,0.000,0.000,-223362
12.064603625,137967384,3.266,-9.176,-0.578,0.000,0.000,0.000,-222862
12.06987975,137972604,3.266,-9.176,-0.578,0.000,0.000,0.000,-221855
12.07400825,137976825,3.266,-9.176,-0.578,0.000,0.000,0.000,-222559
12.079281417,137982045,3.266,-9.176,-0.578,0.000,0.000,0.000,-223117
12.085594208,137987265,3.266,-9.176,-0.578,0.000,0.000,0.000,-222788
12.089676083,137992485,3.266,-9.176,-0.578,0.000,0.000,0.000,-222874
12.094011125,137996705,3.266,-9.133,-0.539,0.000,0.000,0.000,-222168
12.096099417,137998925,3.266,-9.133,-0.539,0.000,0.000,0.000,-222244
12.102342083,138005145,3.266,-9.133,-0.539,0.000,0.000,0.000,-222691
12.106636875,138009365,3.266,-9.133,-0.539,0.000,0.000,0.000,-223195
12.110971875,138013586,3.266,-9.133,-0.539,0.000,0.000,0.000,-222507
12.115213167,138017807,3.266,-9.133,-0.539,0.000,0.000,0.000,-221889
12.119569083,138022028,3.266,-9.133,-0.539,0.000,0.000,0.000,-222657
12.124399208,138027248,3.266,-9.133,-0.656,0.000,0.000,0.000,-223012
12.12774775,138030469,3.266,-9.133,-0.656,0.000,0.000,0.000,-222354
12.133988833,138036690,3.266,-9.133,-0.656,0.000,0.000,0.000,-222125
12.138313417,138040911,3.266,-9.133,-0.656,0.000,0.000,0.000,-222821
12.1425265,138045132,3.266,-9.133,-0.656,0.000,0.000,0.000,-222751
12.146758042,138049353,3.266,-9.133,-0.656,0.000,0.000,0.000,-223079
12.151999333,138054574,3.266,-9.133,-0.656,0.000,0.000,0.000,-222828
12.155986042,138058794,3.305,-9.133,-0.578,0.000,0.000,0.000,-222551
12.159166,138062014,3.305,-9.133,-0.578,0.000,0.000,0.000,-223162
12.165402708,138068235,3.305,-9.133,-0.578,0.000,0.000,0.000,-223076
12.169672375,138072456,3.305,-9.133,-0.578,0.000,0.000,0.000,-222353
12.17293525,138075677,3.305,-9.133,-0.578,0.000,0.000,0.000,-223140
12.177274167,138079897,3.305,-9.133,-0.578,0.000,0.000,0.000,-221995
12.181664417,138084117,3.305,-9.133,-0.578,0.000,0.000,0.000,-223458
12.185553042,138088337,3.227,-9.137,-0.578,0.000,0.000,0.000,-222249
12.188781917,138091557,3.227,-9.137,-0.578,0.000,0.000,0.000,-222511
12.193935583,138096778,3.227,-9.137,-0.578,0.000,0.000,0.000,-222632
12.19812925,138100999,3.227,-9.137,-0.578,0.000,0.000,0.000,-222957
12.203365833,138106220,3.227,-9.137,-0.578,0.000,0.000,0.000,-221861
12.207620542,138110441,3.227,-9.137,-0.578,0.000,0.000,0.000,-222390
12.21179125,138114662,3.227,-9.137,-0.578,0.000,0.000,0.000,-222313
12.216068083,138118883,3.266,-9.133,-0.617,0.000,0.000,0.000,-222802
12.219282667,138122104,3.266,-9.133,-0.617,0.000,0.000,0.000,-222036
12.224452083,138127325,3.266,-9.133,-0.617,0.000,0.000,0.000,-222049
12.228668875,138131546,3.266,-9.133,-0.617,0.000,0.000,0.000,-222635
12.232916542,138135767,3.266,-9.133,-0.617,0.000,0.000,0.000,-223426
12.237132167,138139988,3.266,-9.133,-0.617,0.000,0.000,0.000,-222338
12.242350792,138145209,3.266,-9.133,-0.617,0.000,0.000,0.000,-223194
12.246580542,138149430,3.266,-9.133,-0.617,0.000,0.000,0.000,-222257
12.249811708,138152651,3.266,-9.133,-0.617,0.000,0.000,0.000,-222725
12.256107708,138158871,3.266,-9.133,-0.617,0.000,0.000,0.000,-223031
12.263211875,138166091,3.266,-9.133,-0.617,0.000,0.000,0.000,-222571
12.268452042,138171312,3.266,-9.133,-0.617,0.000,0.000,0.000,-222310
12.272706458,138175533,3.266,-9.133,-0.617,0.000,0.000,0.000,-222637
12.276897583,138179754,3.266,-9.133,-0.617,0.000,0.000,0.000,-223033
12.282216792,138184975,3.305,-9.133,-0.617,0.000,0.000,0.000,-222908
12.2854305,138188195,3.305,-9.133,-0.617,0.000,0.000,0.000,-222547
12.290599583,138193415,3.305,-9.133,-0.617,0.000,0.000,0.000,-222857
12.293947792,138196635,3.266,-9.094,-0.656,0.000,0.000,0.000,-222376
12.298065208,138200855,3.266,-9.094,-0.656,0.000,0.000,0.000,-222974
12.302208333,138205075,3.266,-9.094,-0.656,0.000,0.000,0.000,-222855
12.306491458,138209295,3.266,-9.094,-0.656,0.000,0.000,0.000,-222822
12.310721,138213516,3.266,-9.094,-0.656,0.000,0.000,0.000,-222890
12.316041542,138218736,3.266,-9.094,-0.656,0.000,0.000,0.000,-221697
12.321696792,138223957,3.266,-9.133,-0.656,0.000,0.000,0.000,-222730
12.324300208,138227164,3.266,-9.133,-0.656,0.000,0.000,0.000,-222730
12.32960375,138232384,3.266,-9.133,-0.656,0.000,0.000,0.000,-221899
12.333905875,138236605,3.266,-9.133,-0.656,0.000,0.000,0.000,-221708
12.338134583,138240825,3.266,-9.133,-0.656,0.000,0.000,0.000,-222832
12.34443525,138247045,3.266,-9.133,-0.656,0.000,0.000,0.000,-223436
12.348888167,138251265,3.266,-9.133,-0.656,0.000,0.000,0.000,-222518
12.352868583,138255486,3.266,-9.211,-0.617,0.000,0.000,0.000,-221868
12.355810667,138258706,3.266,-9.211,-0.617,0.000,0.000,0.000,-222243
12.362041042,138264926,3.266,-9.211,-0.617,0.000,0.000,0.000,-223053
12.366330292,138269146,3.266,-9.211,-0.617,0.000,0.000,0.000,-221808
12.370531458,138273367,3.266,-9.211,-0.617,0.000,0.000,0.000,-221961
12.374749625,138277588,3.266,-9.211,-0.617,0.000,0.000,0.000,-222883
12.37896675,138281808,3.266,-9.211,-0.617,0.000,0.000,0.000,-222583
12.384440125,138287029,3.227,-9.137,-0.539,0.000,0.000,0.000,-222052
12.3877,138290250,3.227,-9.137,-0.539,0.000,0.000,0.000,-222094
12.393720625,138296471,3.227,-9.137,-0.539,0.000,0.000,0.000,-222794
12.397928917,138300692,3.227,-9.137,-0.539,0.000,0.000,0.000,-222688
12.402093625,138304912,3.227,-9.137,-0.539,0.000,0.000,0.000,-222508
12.406266167,138309132,3.227,-9.137,-0.539,0.000,0.000,0.000,-222705
12.410625917,138313352,3.227,-9.137,-0.539,0.000,0.000,0.000,-223175
12.415734375,138318573,3.305,-9.176,-0.578,0.000,0.000,0.000,-222855
12.4189685,138321794,3.305,-9.176,-0.578,0.000,0.000,0.000,-222638
12.42518825,138328014,3.305,-9.176,-0.578,0.000,0.000,0.000,-223749
12.429388708,138332234,3.305,-9.176,-0.578,0.000,0.000,0.000,-222293
12.434034292,138336454,3.305,-9.176,-0.578,0.000,0.000,0.000,-222315
12.438828542,138341675,3.305,-9.176,-0.578,0.000,0.000,0.000,-222812
12.443030583,138345880,3.305,-9.176,-0.578,0.000,0.000,0.000,-222812
12.447271542,138350100,3.266,-9.137,-0.691,0.000,0.000,0.000,-223201
12.450454167,138353320,3.266,-9.137,-0.691,0.000,0.000,0.000,-222874
12.457500792,138359541,3.266,-9.137,-0.691,0.000,0.000,0.000,-223009
12.4619155,138364762,3.266,-9.137,-0.691,0.000,0.000,0.000,-223531
12.466151583,138368983,3.266,-9.137,-0.691,0.000,0.000,0.000,-222006
12.4713595,138374204,3.266,-9.137,-0.691,0.000,0.000,0.000,-222194
12.475631292,138378425,3.266,-9.133,-0.617,0.000,0.000,0.000,-222843
12.477873542,138380645,3.266,-9.133,-0.617,0.000,0.000,0.000,-222806
12.482021917,138384866,3.266,-9.133,-0.617,0.000,0.000,0.000,-222742
12.486351667,138389087,3.266,-9.133,-0.617,0.000,0.000,0.000,-223112
12.490419875,138393307,3.266,-9.133,-0.617,0.000,0.000,0.000,-222821
12.494696875,138397528,3.266,-9.133,-0.617,0.000,0.000,0.000,-223396
12.498918167,138401749,3.266,-9.133,-0.617,0.000,0.000,0.000,-221797
12.503715083,138405969,3.266,-9.133,-0.617,0.000,0.000,0.000,-222208
12.505352083,138408190,3.266,-9.133,-0.617,0.000,0.000,0.000,-222729
12.511607167,138414410,3.266,-9.133,-0.617,0.000,0.000,0.000,-222886
12.515786875,138418631,3.266,-9.133,-0.617,0.000,0.000,0.000,-222793
12.522019667,138424852,3.266,-9.133,-0.617,0.000,0.000,0.000,-222450
12.52645475,138429072,3.266,-9.133,-0.617,0.000,0.000,0.000,-222664
12.530587875,138433292,3.266,-9.133,-0.617,0.000,0.000,0.000,-223093
12.535771333,138438513,3.227,-9.137,-0.539,0.000,0.000,0.000,-222355
12.539137833,138441733,3.227,-9.137,-0.539,0.000,0.000,0.000,-221951
12.545359083,138447953,3.227,-9.137,-0.539,0.000,0.000,0.000,-222945
12.550191208,138452174,3.227,-9.137,-0.539,0.000,0.000,0.000,-222486
12.553877167,138456395,3.227,-9.137,-0.539,0.000,0.000,0.000,-222304
12.5577815,138460616,3.227,-9.137,-0.539,0.000,0.000,0.000,-223697
12.563030667,138465836,3.227,-9.137,-0.539,0.000,0.000,0.000,-223310
12.567272625,138470057,3.266,-9.133,-0.656,0.000,0.000,0.000,-221744
12.570536292,138473278,3.266,-9.133,-0.656,0.000,0.000,0.000,-221618
12.576915375,138479498,3.266,-9.133,-0.656,0.000,0.000,0.000,-222272
12.582132875,138484719,3.266,-9.133,-0.656,0.000,0.000,0.000,-223196
12.587238667,138488941,3.266,-9.133,-0.656,0.000,0.000,0.000,-222251
12.591269208,138494161,3.266,-9.133,-0.656,0.000,0.000,0.000,-222430
12.594570917,138497381,3.266,-9.176,-0.578,0.000,0.000,0.000,-222555
12.596798125,138499601,3.266,-9.176,-0.578,0.000,0.000,0.000,-222930
12.604099333,138506821,3.266,-9.176,-0.578,0.000,0.000,0.000,-222252
12.608319875,138511042,3.266,-9.176,-0.578,0.000,0.000,0.000,-222643
12.612672667,138515263,3.266,-9.176,-0.578,0.000,0.000,0.000,-222839
12.616935833,138519483,3.266,-9.176,-0.578,0.000,0.000,0.000,-222338
12.622007,138524703,3.266,-9.176,-0.578,0.000,0.000,0.000,-222741
12.626074042,138528923,3.227,-9.098,-0.539,0.000,0.000,0.000,-223046
12.629289875,138532144,3.227,-9.098,-0.539,0.000,0.000,0.000,-223653
12.634613958,138537364,3.227,-9.098,-0.539,0.000,0.000,0.000,-222806
12.638744833,138541585,3.227,-9.098,-0.539,0.000,0.000,0.000,-223066
12.642961708,138545806,3.227,-9.098,-0.539,0.000,0.000,0.000,-223034
12.647295875,138550027,3.227,-9.098,-0.539,0.000,0.000,0.000,-222719
12.651457958,138554247,3.227,-9.098,-0.539,0.000,0.000,0.000,-222731
12.655843583,138558468,3.227,-9.137,-0.617,0.000,0.000,0.000,-223153
12.658853708,138561689,3.227,-9.137,-0.617,0.000,0.000,0.000,-222782
12.6650895,138567910,3.227,-9.137,-0.617,0.000,0.000,0.000,-222960
12.6692395,138572130,3.227,-9.137,-0.617,0.000,0.000,0.000,-222255
12.673532625,138576351,3.227,-9.137,-0.617,0.000,0.000,0.000,-222600
12.677858917,138580571,3.227,-9.137,-0.617,0.000,0.000,0.000,-222492
12.683021083,138585792,3.227,-9.137,-0.617,0.000,0.000,0.000,-222159
12.6873225,138590012,3.227,-9.172,-0.578,0.000,0.000,0.000,-222254
12.690417792,138593233,3.227,-9.172,-0.578,0.000,0.000,0.000,-222961
12.695630375,138598454,3.227,-9.172,-0.578,0.000,0.000,0.000,-222870
12.699965125,138602675,3.266,-9.176,-0.656,0.000,0.000,0.000,-222419
12.70529125,138607898,3.266,-9.176,-0.656,0.000,0.000,0.000,-222715
12.709577375,138612119,3.266,-9.176,-0.656,0.000,0.000,0.000,-223064
12.714833375,138617339,3.266,-9.176,-0.656,0.000,0.000,0.000,-222111
12.718998583,138621559,3.266,-9.176,-0.656,0.000,0.000,0.000,-222081
12.724229625,138626780,3.266,-9.176,-0.656,0.000,0.000,0.000,-223059
12.728207292,138630985,3.227,-9.137,-0.578,0.000,0.000,0.000,-223059
12.731430875,138634205,3.227,-9.137,-0.578,0.000,0.000,0.000,-222504
12.736697167,138639426,3.227,-9.137,-0.578,0.000,0.000,0.000,-222353
12.741796333,138644647,3.227,-9.137,-0.578,0.000,0.000,0.000,-222661
12.746279292,138648868,3.227,-9.137,-0.578,0.000,0.000,0.000,-223469
12.751880583,138654089,3.227,-9.137,-0.578,0.000,0.000,0.000,-222426
12.756585833,138659310,3.227,-9.137,-0.578,0.000,0.000,0.000,-222322
12.76170525,138664530,3.227,-9.137,-0.617,0.000,0.000,0.000,-223426
12.764907417,138667750,3.227,-9.137,-0.617,0.000,0.000,0.000,-222612
12.770598958,138672971,3.227,-9.137,-0.617,0.000,0.000,0.000,-222751
12.774592333,138677192,3.227,-9.137,-0.617,0.000,0.000,0.000,-223495
12.782179875,138684413,3.227,-9.137,-0.617,0.000,0.000,0.000,-221660
12.786926917,138689633,3.227,-9.137,-0.617,0.000,0.000,0.000,-222254
12.791039792,138693854,3.227,-9.137,-0.617,0.000,0.000,0.000,-223591
12.795186583,138698075,3.266,-9.133,-0.656,0.000,0.000,0.000,-222476
12.797513083,138700295,3.266,-9.133,-0.656,0.000,0.000,0.000,-223033
12.802801458,138705516,3.266,-9.133,-0.656,0.000,0.000,0.000,-222197
12.807133167,138709737,3.266,-9.133,-0.656,0.000,0.000,0.000,-222753
12.811062667,138713958,3.266,-9.133,-0.656,0.000,0.000,0.000,-223802
12.81530125,138718179,3.266,-9.133,-0.656,0.000,0.000,0.000,-223007
12.819914667,138722399,3.266,-9.133,-0.656,0.000,0.000,0.000,-223089
12.824789375,138727619,3.227,-9.172,-0.578,0.000,0.000,0.000,-222271
12.828021458,138730840,3.227,-9.172,-0.578,0.000,0.000,0.000,-223090
12.834222292,138737060,3.227,-9.172,-0.578,0.000,0.000,0.000,-222027
12.838501583,138741281,3.227,-9.172,-0.578,0.000,0.000,0.000,-222349
12.842616875,138745502,3.227,-9.172,-0.578,0.000,0.000,0.000,-223702
12.847044167,138749723,3.227,-9.172,-0.578,0.000,0.000,0.000,-222923
12.852083458,138754943,3.227,-9.172,-0.578,0.000,0.000,0.000,-221708
12.856268667,138759163,3.266,-9.133,-0.578,0.000,0.000,0.000,-222488
12.85958925,138762384,3.266,-9.133,-0.578,0.000,0.000,0.000,-223253
12.8657955,138768604,3.266,-9.133,-0.578,0.000,0.000,0.000,-221658
12.869954917,138772825,3.266,-9.133,-0.578,0.000,0.000,0.000,-221841
12.874209167,138777046,3.266,-9.133,-0.578,0.000,0.000,0.000,-223803
12.87951425,138782266,3.266,-9.133,-0.578,0.000,0.000,0.000,-222458
12.883707625,138786487,3.266,-9.133,-0.578,0.000,0.000,0.000,-222578
12.887886375,138790707,3.266,-9.176,-0.617,0.000,0.000,0.000,-222160
12.891084417,138793930,3.266,-9.176,-0.617,0.000,0.000,0.000,-222490
12.897442542,138800150,3.266,-9.176,-0.617,0.000,0.000,0.000,-223146
12.90261825,138805370,3.266,-9.176,-0.617,0.000,0.000,0.000,-222205
12.906815625,138809591,3.266,-9.176,-0.617,0.000,0.000,0.000,-222960
12.91103225,138813811,3.266,-9.176,-0.617,0.000,0.000,0.000,-222798
12.915159792,138818031,3.266,-9.176,-0.617,0.000,0.000,0.000,-221767
12.919702708,138822252,3.191,-9.094,-0.578,0.000,0.000,0.000,-222464
12.9226075,138825473,3.191,-9.094,-0.578,0.000,0.000,0.000,-223410
12.928894625,138831693,3.191,-9.094,-0.578,0.000,0.000,0.000,-222810
12.934153917,138836914,3.191,-9.094,-0.578,0.000,0.000,0.000,-223302
12.938364042,138841135,3.191,-9.094,-0.578,0.000,0.000,0.000,-222897
12.943496167,138846355,3.191,-9.094,-0.578,0.000,0.000,0.000,-223194
12.947721792,138850576,3.191,-9.094,-0.578,0.000,0.000,0.000,-222732
12.951960958,138854797,3.227,-9.137,-0.578,0.000,0.000,0.000,-222851
12.954646958,138857017,3.227,-9.137,-0.578,0.000,0.000,0.000,-222582
12.959475542,138862237,3.227,-9.137,-0.578,0.000,0.000,0.000,-222876
12.964777875,138867457,3.227,-9.137,-0.578,0.000,0.000,0.000,-222632
12.968872083,138871677,3.227,-9.137,-0.578,0.000,0.000,0.000,-223078
12.973127292,138875897,3.227,-9.137,-0.578,0.000,0.000,0.000,-222297
12.977431625,138880117,3.227,-9.137,-0.578,0.000,0.000,0.000,-223243
12.981513417,138884337,3.266,-9.133,-0.617,0.000,0.000,0.000,-222562
12.984642958,138886558,3.266,-9.133,-0.617,0.000,0.000,0.000,-222415
12.988906667,138891778,3.266,-9.133,-0.617,0.000,0.000,0.000,-222816
12.993171333,138895999,3.266,-9.133,-0.617,0.000,0.000,0.000,-222971
12.997401292,138900220,3.266,-9.133,-0.617,0.000,0.000,0.000,-222632
13.003004333,138905440,3.266,-9.133,-0.617,0.000,0.000,0.000,-223232
13.006908542,138909660,3.266,-9.133,-0.617,0.000,0.000,0.000,-222331
13.010166542,138912880,3.266,-9.176,-0.539,0.000,0.000,0.000,-222462
13.01332325,138916101,3.266,-9.176,-0.539,0.000,0.000,0.000,-222924
13.018777583,138921321,3.266,-9.176,-0.539,0.000,0.000,0.000,-221975
13.022717167,138925542,3.266,-9.176,-0.539,0.000,0.000,0.000,-223479
13.026891792,138929763,3.266,-9.176,-0.539,0.000,0.000,0.000,-223039
13.033147458,138935983,3.266,-9.176,-0.539,0.000,0.000,0.000,-222592
13.037897875,138940204,3.266,-9.176,-0.539,0.000,0.000,0.000,-222610
13.042596458,138945425,3.227,-9.137,-0.617,0.000,0.000,0.000,-222938
13.04595075,138948646,3.227,-9.137,-0.617,0.000,0.000,0.000,-222407
13.051091667,138953866,3.227,-9.137,-0.617,0.000,0.000,0.000,-222404
13.055374708,138958087,3.227,-9.137,-0.617,0.000,0.000,0.000,-222990
13.059436708,138962308,3.227,-9.137,-0.617,0.000,0.000,0.000,-223111
13.064680208,138967529,3.227,-9.137,-0.617,0.000,0.000,0.000,-223057
13.068910958,138971750,3.227,-9.137,-0.617,0.000,0.000,0.000,-222991
13.073060042,138975956,3.227,-9.137,-0.578,0.000,0.000,0.000,-222991
13.076259125,138979176,3.227,-9.137,-0.578,0.000,0.000,0.000,-222275
13.082524583,138985396,3.227,-9.137,-0.578,0.000,0.000,0.000,-222895
13.086668292,138989617,3.227,-9.137,-0.578,0.000,0.000,0.000,-222471
13.091874583,138994837,3.227,-9.137,-0.578,0.000,0.000,0.000,-223161
13.09607875,138999058,3.227,-9.137,-0.578,0.000,0.000,0.000,-222590
13.101291542,139004281,3.227,-9.137,-0.578,0.000,0.000,0.000,-222101
13.104508875,139007501,3.266,-9.176,-0.539,0.000,0.000,0.000,-222287
13.108773417,139011721,3.266,-9.176,-0.539,0.000,0.000,0.000,-224007
13.113024708,139015941,3.227,-9.137,-0.617,0.000,0.000,0.000,-221982
13.117191458,139020162,3.227,-9.137,-0.617,0.000,0.000,0.000,-222254
13.122436833,139025383,3.227,-9.137,-0.617,0.000,0.000,0.000,-222965
13.12662425,139029604,3.227,-9.137,-0.617,0.000,0.000,0.000,-223179
13.131855917,139034825,3.266,-9.094,-0.656,0.000,0.000,0.000,-222733
13.134094125,139037045,3.266,-9.094,-0.656,0.000,0.000,0.000,-221890
13.139248792,139042265,3.266,-9.094,-0.656,0.000,0.000,0.000,-223045
13.143542083,139046486,3.266,-9.094,-0.656,0.000,0.000,0.000,-222752
13.14684725,139049707,3.266,-9.094,-0.656,0.000,0.000,0.000,-223153
13.151008125,139053929,3.266,-9.094,-0.656,0.000,0.000,0.000,-223513
13.155219625,139058135,3.266,-9.094,-0.656,0.000,0.000,0.000,-223513
13.158442,139061355,3.266,-9.176,-0.578,0.000,0.000,0.000,-223053
13.161619625,139064576,3.266,-9.176,-0.578,0.000,0.000,0.000,-223186
13.166836792,139069797,3.266,-9.176,-0.578,0.000,0.000,0.000,-222712
13.171098833,139074017,3.266,-9.176,-0.578,0.000,0.000,0.000,-222376
13.174337958,139077238,3.266,-9.176,-0.578,0.000,0.000,0.000,-222952
13.178568,139081458,3.266,-9.176,-0.578,0.000,0.000,0.000,-223246
13.182762042,139085678,3.266,-9.176,-0.578,0.000,0.000,0.000,-222662
13.185982958,139088899,3.227,-9.172,-0.578,0.000,0.000,0.000,-222923
13.1884385,139091119,3.227,-9.172,-0.578,0.000,0.000,0.000,-222404
13.192430083,139095340,3.227,-9.172,-0.578,0.000,0.000,0.000,-223665
13.196683667,139099561,3.227,-9.172,-0.578,0.000,0.000,0.000,-223007
13.201881625,139104782,3.227,-9.172,-0.578,0.000,0.000,0.000,-222740
13.206107958,139109003,3.227,-9.172,-0.578,0.000,0.000,0.000,-222666
13.210337875,139113224,3.227,-9.172,-0.578,0.000,0.000,0.000,-222959
13.213531292,139116444,3.266,-9.176,-0.617,0.000,0.000,0.000,-222319
13.215761875,139118665,3.266,-9.176,-0.617,0.000,0.000,0.000,-221793
13.221950958,139124886,3.266,-9.176,-0.617,0.000,0.000,0.000,-223224
13.226297542,139129107,3.266,-9.176,-0.617,0.000,0.000,0.000,-221968
13.229391125,139132327,3.266,-9.176,-0.617,0.000,0.000,0.000,-222513
13.233696125,139136547,3.266,-9.176,-0.617,0.000,0.000,0.000,-222533
13.237876958,139140768,3.266,-9.176,-0.617,0.000,0.000,0.000,-222225
13.242081583,139144989,3.227,-9.172,-0.578,0.000,0.000,0.000,-222708
13.244252125,139147210,3.227,-9.172,-0.578,0.000,0.000,0.000,-222951
13.249521625,139152431,3.227,-9.172,-0.578,0.000,0.000,0.000,-222053
13.25377225,139156651,3.227,-9.172,-0.578,0.000,0.000,0.000,-222579
13.257023,139159872,3.227,-9.172,-0.578,0.000,0.000,0.000,-223311
13.262297,139165093,3.227,-9.172,-0.578,0.000,0.000,0.000,-223212
13.266440958,139169313,3.227,-9.172,-0.578,0.000,0.000,0.000,-222505
13.269729833,139172533,3.227,-9.137,-0.617,0.000,0.000,0.000,-222450
13.274889417,139177754,3.227,-9.137,-0.617,0.000,0.000,0.000,-222950
13.279147208,139181975,3.227,-9.137,-0.617,0.000,0.000,0.000,-222276
13.285298083,139188196,3.227,-9.137,-0.617,0.000,0.000,0.000,-221991
13.289567208,139192416,3.227,-9.137,-0.617,0.000,0.000,0.000,-222807
13.294743583,139197636,3.227,-9.137,-0.617,0.000,0.000,0.000,-222292
13.299008333,139201857,3.266,-9.133,-0.578,0.000,0.000,0.000,-221766
13.30223,139205077,3.266,-9.133,-0.578,0.000,0.000,0.000,-221603
13.308479042,139211297,3.266,-9.133,-0.578,0.000,0.000,0.000,-222655
13.312693458,139215518,3.266,-9.133,-0.578,0.000,0.000,0.000,-223366
13.31696425,139219739,3.266,-9.133,-0.578,0.000,0.000,0.000,-222404
13.322178875,139224960,3.266,-9.133,-0.578,0.000,0.000,0.000,-222723
13.326408417,139229181,3.266,-9.133,-0.578,0.000,0.000,0.000,-223414
13.330554833,139233402,3.227,-9.137,-0.617,0.000,0.000,0.000,-222902
13.333885875,139236622,3.227,-9.137,-0.617,0.000,0.000,0.000,-221690
13.339325083,139241842,3.227,-9.137,-0.617,0.000,0.000,0.000,-222505
13.34331975,139246063,3.227,-9.137,-0.617,0.000,0.000,0.000,-223273
13.3476635,139250283,3.227,-9.137,-0.617,0.000,0.000,0.000,-222514
13.351939333,139254504,3.227,-9.137,-0.617,0.000,0.000,0.000,-222708
13.356054292,139258727,3.227,-9.137,-0.617,0.000,0.000,0.000,-222670
13.3600815,139262947,3.227,-9.172,-0.617,0.000,0.000,0.000,-224132
13.362584083,139265167,3.227,-9.172,-0.617,0.000,0.000,0.000,-223038
13.367590458,139270388,3.227,-9.172,-0.617,0.000,0.000,0.000,-222229
13.371804542,139274608,3.227,-9.172,-0.617,0.000,0.000,0.000,-222233
13.376000708,139278829,3.227,-9.172,-0.617,0.000,0.000,0.000,-223024
13.382388583,139285049,3.227,-9.172,-0.617,0.000,0.000,0.000,-222644
13.387643667,139290270,3.227,-9.172,-0.617,0.000,0.000,0.000,-222521
13.391666208,139294490,3.266,-9.133,-0.617,0.000,0.000,0.000,-222391
13.394921917,139297712,3.266,-9.133,-0.617,0.000,0.000,0.000,-222949
13.401108042,139303932,3.266,-9.133,-0.617,0.000,0.000,0.000,-222524
13.405385667,139308153,3.266,-9.133,-0.617,0.000,0.000,0.000,-222689
13.409601333,139312374,3.266,-9.133,-0.617,0.000,0.000,0.000,-223234
13.414117167,139316594,3.266,-9.133,-0.617,0.000,0.000,0.000,-223118
13.419415667,139321814,3.266,-9.133,-0.617,0.000,0.000,0.000,-222406
13.423191917,139326035,3.227,-9.094,-0.691,0.000,0.000,0.000,-222856
13.42643175,139329255,3.227,-9.094,-0.691,0.000,0.000,0.000,-222785
13.432659292,139335476,3.227,-9.094,-0.691,0.000,0.000,0.000,-222454
13.436864458,139339696,3.227,-9.094,-0.691,0.000,0.000,0.000,-222547
13.44207475,139344917,3.227,-9.094,-0.691,0.000,0.000,0.000,-222569
13.446304167,139349138,3.227,-9.094,-0.691,0.000,0.000,0.000,-223571
13.450569458,139353358,3.227,-9.094,-0.691,0.000,0.000,0.000,-222000
13.453840583,139356578,3.266,-9.133,-0.578,0.000,0.000,0.000,-221856
13.455998458,139358798,3.266,-9.133,-0.578,0.000,0.000,0.000,-222710
13.4611835,139364018,3.266,-9.133,-0.578,0.000,0.000,0.000,-222996
13.466415458,139369239,3.266,-9.133,-0.578,0.000,0.000,0.000,-222059
13.47065225,139373460,3.266,-9.133,-0.617,0.000,0.000,0.000,-223659
13.473875375,139376681,3.266,-9.133,-0.617,0.000,0.000,0.000,-222913
13.4791,139381901,3.266,-9.133,-0.617,0.000,0.000,0.000,-222683
13.483343042,139386122,3.266,-9.133,-0.617,0.000,0.000,0.000,-222626
13.487735625,139390343,3.266,-9.133,-0.617,0.000,0.000,0.000,-222201
13.491750583,139394563,3.266,-9.133,-0.617,0.000,0.000,0.000,-223687
13.495965417,139398783,3.266,-9.133,-0.617,0.000,0.000,0.000,-222625
13.501262833,139404004,3.227,-9.137,-0.578,0.000,0.000,0.000,-222636
13.503511667,139406224,3.227,-9.137,-0.578,0.000,0.000,0.000,-222403
13.5075925,139410445,3.227,-9.137,-0.578,0.000,0.000,0.000,-223021
13.511859,139414665,3.227,-9.137,-0.578,0.000,0.000,0.000,-222645
13.515116083,139417887,3.227,-9.137,-0.578,0.000,0.000,0.000,-222230
13.520422958,139423108,3.227,-9.137,-0.578,0.000,0.000,0.000,-222782
13.525547583,139428328,3.266,-9.133,-0.617,0.000,0.000,0.000,-222376
13.528789542,139431551,3.266,-9.133,-0.617,0.000,0.000,0.000,-222308
13.535105542,139437772,3.266,-9.133,-0.617,0.000,0.000,0.000,-222635
13.539235167,139441992,3.266,-9.133,-0.617,0.000,0.000,0.000,-223136
13.544149917,139446213,3.266,-9.133,-0.617,0.000,0.000,0.000,-221950
13.547927583,139450434,3.266,-9.133,-0.617,0.000,0.000,0.000,-222046
13.553528625,139455654,3.266,-9.133,-0.617,0.000,0.000,0.000,-222661
13.557101208,139459875,3.266,-9.133,-0.617,0.000,0.000,0.000,-222859
13.560289208,139463096,3.266,-9.133,-0.617,0.000,0.000,0.000,-222231
13.566561,139469316,3.266,-9.133,-0.617,0.000,0.000,0.000,-222326
13.570754875,139473537,3.266,-9.133,-0.617,0.000,0.000,0.000,-222486
13.574035625,139476757,3.266,-9.133,-0.617,0.000,0.000,0.000,-223393
13.579399542,139481978,3.266,-9.133,-0.617,0.000,0.000,0.000,-222684
13.585962667,139487198,3.266,-9.133,-0.617,0.000,0.000,0.000,-222204
13.589429583,139491419,3.266,-9.176,-0.539,0.000,0.000,0.000,-222970
13.591810417,139494639,3.266,-9.176,-0.539,0.000,0.000,0.000,-222625
13.597133958,139499859,3.266,-9.176,-0.539,0.000,0.000,0.000,-223095
13.602399417,139505079,3.266,-9.176,-0.539,0.000,0.000,0.000,-222648
13.607593833,139510299,3.266,-9.176,-0.539,0.000,0.000,0.000,-222317
13.611820458,139514520,3.266,-9.176,-0.539,0.000,0.000,0.000,-222132
13.61625875,139518741,3.266,-9.176,-0.539,0.000,0.000,0.000,-222375
13.619562542,139521962,3.266,-9.133,-0.617,0.000,0.000,0.000,-221738
13.621857,139524183,3.266,-9.133,-0.617,0.000,0.000,0.000,-222860
13.6265465,139529403,3.266,-9.133,-0.617,0.000,0.000,0.000,-223107
13.631832917,139534623,3.266,-9.133,-0.617,0.000,0.000,0.000,-222596
13.635038083,139537843,3.266,-9.176,-0.578,0.000,0.000,0.000,-222608
13.637247708,139540063,3.266,-9.176,-0.578,0.000,0.000,0.000,-222151
13.642487458,139545284,3.266,-9.176,-0.578,0.000,0.000,0.000,-223001
13.646777542,139549504,3.266,-9.176,-0.578,0.000,0.000,0.000,-223143
13.65193075,139554724,3.266,-9.176,-0.578,0.000,0.000,0.000,-222377
13.656173208,139558945,3.266,-9.176,-0.578,0.000,0.000,0.000,-222370
13.662419792,139565166,3.266,-9.176,-0.578,0.000,0.000,0.000,-222701
13.666617375,139569387,3.266,-9.094,-0.656,0.000,0.000,0.000,-222402
13.669899,139572608,3.266,-9.094,-0.656,0.000,0.000,0.000,-221779
13.675120167,139577828,3.266,-9.094,-0.656,0.000,0.000,0.000,-222193
13.679290917,139582048,3.266,-9.094,-0.656,0.000,0.000,0.000,-223697
13.684531958,139587268,3.266,-9.094,-0.656,0.000,0.000,0.000,-221877
13.689673042,139592489,3.266,-9.094,-0.656,0.000,0.000,0.000,-222456
13.694880167,139597709,3.266,-9.094,-0.656,0.000,0.000,0.000,-222480
13.699484375,139601929,3.266,-9.094,-0.578,0.000,0.000,0.000,-222388
13.702406083,139605149,3.266,-9.094,-0.578,0.000,0.000,0.000,-223003
13.707657375,139610369,3.266,-9.094,-0.578,0.000,0.000,0.000,-223634
13.711838,139614589,3.266,-9.094,-0.578,0.000,0.000,0.000,-223032
13.71597675,139618810,3.266,-9.094,-0.578,0.000,0.000,0.000,-222534
13.721158375,139624031,3.266,-9.094,-0.578,0.000,0.000,0.000,-222679
13.725440125,139628251,3.266,-9.094,-0.578,0.000,0.000,0.000,-222730
13.728635958,139631472,3.266,-9.133,-0.578,0.000,0.000,0.000,-222793
13.731925,139634692,3.266,-9.133,-0.578,0.000,0.000,0.000,-221809
13.737064417,139639912,3.266,-9.133,-0.578,0.000,0.000,0.000,-222355
13.742227375,139645132,3.266,-9.133,-0.578,0.000,0.000,0.000,-222798
13.746811417,139649353,3.266,-9.133,-0.578,0.000,0.000,0.000,-222776
13.7528985,139654574,3.266,-9.133,-0.578,0.000,0.000,0.000,-222701
13.75598275,139658795,3.266,-9.133,-0.539,0.000,0.000,0.000,-222241
13.759153042,139662016,3.266,-9.133,-0.539,0.000,0.000,0.000,-222666
13.7643825,139667236,3.266,-9.133,-0.539,0.000,0.000,0.000,-223501
13.768763625,139671456,3.266,-9.133,-0.539,0.000,0.000,0.000,-222194
13.772833125,139675677,3.266,-9.133,-0.539,0.000,0.000,0.000,-222699
13.777418375,139679897,3.266,-9.133,-0.539,0.000,0.000,0.000,-223022
13.784473,139687118,3.227,-9.172,-0.578,0.000,0.000,0.000,-222555
13.787015708,139689339,3.227,-9.172,-0.578,0.000,0.000,0.000,-221286
13.790741708,139693560,3.227,-9.172,-0.578,0.000,0.000,0.000,-222991
13.794994292,139697781,3.227,-9.172,-0.578,0.000,0.000,0.000,-223207
13.800313417,139703001,3.227,-9.172,-0.578,0.000,0.000,0.000,-222096
13.805434583,139708222,3.227,-9.172,-0.578,0.000,0.000,0.000,-222391
13.810778792,139713442,3.227,-9.172,-0.578,0.000,0.000,0.000,-223803
13.814824583,139717663,3.227,-9.172,-0.578,0.000,0.000,0.000,-222298
13.817113,139719884,3.227,-9.172,-0.578,0.000,0.000,0.000,-222961
13.82345975,139726105,3.227,-9.172,-0.578,0.000,0.000,0.000,-222737
13.827444667,139730325,3.227,-9.172,-0.578,0.000,0.000,0.000,-222485
13.831746375,139734545,3.227,-9.172,-0.578,0.000,0.000,0.000,-221925
13.83591325,139738765,3.227,-9.172,-0.578,0.000,0.000,0.000,-222254
13.840192542,139742986,3.227,-9.172,-0.578,0.000,0.000,0.000,-222174
13.84438375,139747207,3.227,-9.176,-0.691,0.000,0.000,0.000,-223021
13.848058875,139750428,3.227,-9.176,-0.691,0.000,0.000,0.000,-222439
13.852908625,139755648,3.227,-9.176,-0.691,0.000,0.000,0.000,-223325
13.857043417,139759869,3.227,-9.176,-0.691,0.000,0.000,0.000,-223098
13.861237417,139764090,3.227,-9.176,-0.691,0.000,0.000,0.000,-222313
13.865504375,139768310,3.227,-9.176,-0.691,0.000,0.000,0.000,-222278
13.86969,139772531,3.227,-9.176,-0.691,0.000,0.000,0.000,-222448
13.874944875,139777751,3.227,-9.137,-0.539,0.000,0.000,0.000,-222186
13.8782475,139780972,3.227,-9.137,-0.539,0.000,0.000,0.000,-222533
13.885467167,139787192,3.227,-9.137,-0.539,0.000,0.000,0.000,-222337
13.8886285,139791412,3.227,-9.137,-0.539,0.000,0.000,0.000,-222084
13.892808958,139795633,3.227,-9.137,-0.539,0.000,0.000,0.000,-222582
13.897067042,139799854,3.227,-9.137,-0.539,0.000,0.000,0.000,-223625
13.9023035,139805074,3.227,-9.133,-0.691,0.000,0.000,0.000,-221960
13.90452075,139807295,3.227,-9.133,-0.691,0.000,0.000,0.000,-222495
13.908820583,139811516,3.227,-9.133,-0.691,0.000,0.000,0.000,-222179
13.9129335,139815737,3.227,-9.133,-0.691,0.000,0.000,0.000,-222554
13.917365292,139819958,3.227,-9.133,-0.691,0.000,0.000,0.000,-222556
13.922495042,139825178,3.227,-9.133,-0.691,0.000,0.000,0.000,-222487
13.926666833,139829399,3.227,-9.133,-0.691,0.000,0.000,0.000,-223392
13.930898208,139833620,3.266,-9.133,-0.578,0.000,0.000,0.000,-222735
13.934080917,139836840,3.266,-9.133,-0.578,0.000,0.000,0.000,-223106
13.939311167,139842061,3.266,-9.133,-0.578,0.000,0.000,0.000,-222230
13.943569917,139846281,3.266,-9.133,-0.578,0.000,0.000,0.000,-223994
13.947748375,139850502,3.266,-9.133,-0.578,0.000,0.000,0.000,-222501
13.9523515,139854722,3.266,-9.133,-0.578,0.000,0.000,0.000,-221773
13.956129792,139858943,3.266,-9.133,-0.578,0.000,0.000,0.000,-222252
13.961350292,139864164,3.266,-9.133,-0.539,0.000,0.000,0.000,-223170
13.963720833,139866385,3.266,-9.133,-0.539,0.000,0.000,0.000,-222652
13.967892958,139870605,3.266,-9.133,-0.539,0.000,0.000,0.000,-222105
13.9721465,139874825,3.266,-9.133,-0.539,0.000,0.000,0.000,-222158
13.975230417,139878046,3.266,-9.133,-0.539,0.000,0.000,0.000,-223119
13.980079333,139882267,3.266,-9.133,-0.539,0.000,0.000,0.000,-223351
13.983970583,139886488,3.227,-9.098,-0.578,0.000,0.000,0.000,-222388
13.986920125,139889708,3.227,-9.098,-0.578,0.000,0.000,0.000,-221555
13.993141875,139895928,3.227,-9.098,-0.578,0.000,0.000,0.000,-223284
13.997357917,139900151,3.227,-9.098,-0.578,0.000,0.000,0.000,-222489
14.002673833,139905371,3.227,-9.098,-0.578,0.000,0.000,0.000,-222384
14.00697275,139909592,3.227,-9.098,-0.578,0.000,0.000,0.000,-222364
14.011444167,139913813,3.227,-9.098,-0.578,0.000,0.000,0.000,-223161
14.01530225,139918033,3.227,-9.172,-0.539,0.000,0.000,0.000,-222395
14.018449417,139921253,3.227,-9.172,-0.539,0.000,0.000,0.000,-222633
14.024979,139927473,3.227,-9.172,-0.539,0.000,0.000,0.000,-222448
14.028919,139931693,3.227,-9.172,-0.539,0.000,0.000,0.000,-223052
14.033130583,139935915,3.227,-9.172,-0.539,0.000,0.000,0.000,-222080
14.037319583,139940136,3.227,-9.172,-0.539,0.000,0.000,0.000,-222398
14.044560667,139947356,3.227,-9.172,-0.539,0.000,0.000,0.000,-222678
14.048845708,139951576,3.227,-9.137,-0.539,0.000,0.000,0.000,-222761
14.052023792,139954797,3.227,-9.137,-0.539,0.000,0.000,0.000,-222760
14.058213125,139961018,3.227,-9.137,-0.539,0.000,0.000,0.000,-222749
14.063479208,139966239,3.227,-9.137,-0.539,0.000,0.000,0.000,-223130
14.067678042,139970459,3.227,-9.137,-0.539,0.000,0.000,0.000,-222367
14.071955292,139974680,3.227,-9.137,-0.539,0.000,0.000,0.000,-222837
14.076099042,139978900,3.227,-9.137,-0.539,0.000,0.000,0.000,-223855
14.079438375,139982121,3.227,-9.137,-0.617,0.000,0.000,0.000,-223262
14.082629875,139985341,3.227,-9.137,-0.617,0.000,0.000,0.000,-222840
14.087982542,139990562,3.227,-9.137,-0.617,0.000,0.000,0.000,-222407
14.0920375,139994782,3.227,-9.137,-0.617,0.000,0.000,0.000,-222000
14.095202417,139998003,3.227,-9.137,-0.617,0.000,0.000,0.000,-223270
14.099526792,140002223,3.227,-9.137,-0.617,0.000,0.000,0.000,-222552
14.103675917,140006444,3.227,-9.137,-0.617,0.000,0.000,0.000,-222379
14.107934167,140010664,3.305,-9.176,-0.617,0.000,0.000,0.000,-222365
14.110236708,140012885,3.305,-9.176,-0.617,0.000,0.000,0.000,-222700
14.115291625,140018106,3.305,-9.176,-0.617,0.000,0.000,0.000,-223132
14.120061708,140022326,3.305,-9.176,-0.617,0.000,0.000,0.000,-222688
14.123769583,140026548,3.305,-9.176,-0.617,0.000,0.000,0.000,-223324
14.128055667,140030769,3.305,-9.176,-0.617,0.000,0.000,0.000,-223137
14.133420958,140035989,3.305,-9.176,-0.617,0.000,0.000,0.000,-222411
14.137635958,140040209,3.266,-9.176,-0.539,0.000,0.000,0.000,-222066
14.14101475,140043429,3.266,-9.176,-0.539,0.000,0.000,0.000,-222668
14.147580875,140049650,3.266,-9.176,-0.539,0.000,0.000,0.000,-221615
14.151313083,140053870,3.266,-9.176,-0.539,0.000,0.000,0.000,-222819
14.155406458,140058091,3.266,-9.176,-0.539,0.000,0.000,0.000,-222577
14.160498042,140063311,3.266,-9.176,-0.539,0.000,0.000,0.000,-223114
14.165797125,140068532,3.266,-9.176,-0.539,0.000,0.000,0.000,-223196
14.16995375,140072752,3.266,-9.133,-0.578,0.000,0.000,0.000,-222548
14.173374667,140075972,3.266,-9.133,-0.578,0.000,0.000,0.000,-222558
14.178659292,140081193,3.266,-9.133,-0.578,0.000,0.000,0.000,-222559
14.183663375,140086414,3.266,-9.133,-0.578,0.000,0.000,0.000,-222284
14.187964417,140090634,3.266,-9.133,-0.578,0.000,0.000,0.000,-222771
14.192061333,140094855,3.266,-9.133,-0.578,0.000,0.000,0.000,-222539
14.196267958,140099076,3.266,-9.133,-0.578,0.000,0.000,0.000,-222920
14.199550042,140102297,3.266,-9.098,-0.691,0.000,0.000,0.000,-222891
14.202793,140105517,3.266,-9.098,-0.691,0.000,0.000,0.000,-222042
14.208301167,140110738,3.266,-9.098,-0.691,0.000,0.000,0.000,-222699
14.212231958,140114959,3.266,-9.098,-0.691,0.000,0.000,0.000,-223373
14.215693042,140118179,3.266,-9.098,-0.691,0.000,0.000,0.000,-222183
14.219684958,140122400,3.266,-9.098,-0.691,0.000,0.000,0.000,-222382
14.223913792,140126621,3.266,-9.098,-0.691,0.000,0.000,0.000,-222600
14.226973292,140129842,3.266,-9.133,-0.578,0.000,0.000,0.000,-223315
14.230289875,140133062,3.266,-9.133,-0.578,0.000,0.000,0.000,-223146
14.235601792,140138283,3.266,-9.133,-0.578,0.000,0.000,0.000,-221919
14.239705458,140142504,3.266,-9.133,-0.578,0.000,0.000,0.000,-222325
14.243921708,140146728,3.266,-9.133,-0.578,0.000,0.000,0.000,-222526
14.248107333,140150948,3.266,-9.133,-0.578,0.000,0.000,0.000,-223061
14.253414417,140156168,3.266,-9.133,-0.578,0.000,0.000,0.000,-222218
14.257628958,140160388,3.266,-9.133,-0.539,0.000,0.000,0.000,-222967
14.260799417,140163608,3.266,-9.133,-0.539,0.000,0.000,0.000,-222221
14.267059083,140169828,3.266,-9.133,-0.539,0.000,0.000,0.000,-222010
14.271231375,140174049,3.266,-9.133,-0.539,0.000,0.000,0.000,-222501
14.274441,140177254,3.266,-9.133,-0.539,0.000,0.000,0.000,-222501
14.278922333,140181474,3.266,-9.133,-0.539,0.000,0.000,0.000,-223335
14.282899458,140185695,3.266,-9.133,-0.539,0.000,0.000,0.000,-222476
14.28810275,140190917,3.266,-9.133,-0.617,0.000,0.000,0.000,-222711
14.290328417,140193137,3.266,-9.133,-0.617,0.000,0.000,0.000,-222322
14.295584917,140198358,3.266,-9.133,-0.617,0.000,0.000,0.000,-223623
14.301873208,140204578,3.266,-9.133,-0.617,0.000,0.000,0.000,-222647
14.306020292,140208799,3.266,-9.133,-0.617,0.000,0.000,0.000,-223241
14.310183583,140213020,3.266,-9.133,-0.617,0.000,0.000,0.000,-222562
14.315398042,140218241,3.266,-9.133,-0.617,0.000,0.000,0.000,-222771
14.319706167,140222462,3.266,-9.133,-0.578,0.000,0.000,0.000,-222896
14.322870667,140225683,3.266,-9.133,-0.578,0.000,0.000,0.000,-222567
14.328216333,140230903,3.266,-9.133,-0.578,0.000,0.000,0.000,-223164
14.332402292,140235124,3.266,-9.133,-0.578,0.000,0.000,0.000,-222418
14.335622,140238344,3.266,-9.133,-0.578,0.000,0.000,0.000,-223391
14.3408695,140243564,3.266,-9.133,-0.578,0.000,0.000,0.000,-222867
14.346320292,140248785,3.266,-9.133,-0.578,0.000,0.000,0.000,-223087
14.350321542,140253005,3.266,-9.176,-0.578,0.000,0.000,0.000,-222310
14.353607875,140256225,3.266,-9.176,-0.578,0.000,0.000,0.000,-221843
14.35977125,140262446,3.266,-9.176,-0.578,0.000,0.000,0.000,-223175
14.363828875,140266666,3.266,-9.176,-0.578,0.000,0.000,0.000,-222920
14.367054542,140269887,3.266,-9.176,-0.578,0.000,0.000,0.000,-222931
14.37257,140275108,3.266,-9.176,-0.578,0.000,0.000,0.000,-221556
14.377823125,140280328,3.266,-9.176,-0.578,0.000,0.000,0.000,-223403
14.382821,140285548,3.227,-9.137,-0.617,0.000,0.000,0.000,-222040
14.386886417,140288768,3.227,-9.137,-0.617,0.000,0.000,0.000,-222736
14.39118975,140293989,3.227,-9.137,-0.617,0.000,0.000,0.000,-222715
14.395490417,140298209,3.227,-9.137,-0.617,0.000,0.000,0.000,-222605
14.39967225,140302430,3.227,-9.137,-0.617,0.000,0.000,0.000,-222596
14.404909625,140307651,3.227,-9.137,-0.617,0.000,0.000,0.000,-222809
14.409189792,140311871,3.227,-9.137,-0.617,0.000,0.000,0.000,-222141
14.412382625,140315092,3.266,-9.133,-0.578,0.000,0.000,0.000,-223046
14.41564025,140318313,3.266,-9.133,-0.578,0.000,0.000,0.000,-222775
14.421960417,140324533,3.266,-9.133,-0.578,0.000,0.000,0.000,-222980
14.425916417,140328753,3.266,-9.133,-0.578,0.000,0.000,0.000,-222537
14.4302675,140332973,3.266,-9.133,-0.578,0.000,0.000,0.000,-222446
14.435403167,140338194,3.266,-9.133,-0.578,0.000,0.000,0.000,-222323
14.439609083,140342415,3.266,-9.133,-0.578,0.000,0.000,0.000,-223185
14.443829083,140346635,3.266,-9.133,-0.617,0.000,0.000,0.000,-223044
14.446116542,140348855,3.266,-9.133,-0.617,0.000,0.000,0.000,-222069
14.450269208,140353077,3.266,-9.133,-0.617,0.000,0.000,0.000,-222693
14.455495042,140358297,3.266,-9.133,-0.617,0.000,0.000,0.000,-222260
14.459742,140362517,3.266,-9.133,-0.617,0.000,0.000,0.000,-223023
14.464973583,140367737,3.266,-9.133,-0.617,0.000,0.000,0.000,-222490
14.470170125,140372958,3.266,-9.133,-0.617,0.000,0.000,0.000,-222647
14.474500042,140377178,3.227,-9.137,-0.578,0.000,0.000,0.000,-221937
14.476593875,140379399,3.227,-9.137,-0.578,0.000,0.000,0.000,-223374
14.482846208,140385620,3.227,-9.137,-0.578,0.000,0.000,0.000,-222251
14.487099542,140389840,3.227,-9.137,-0.578,0.000,0.000,0.000,-222747
14.491262625,140394060,3.227,-9.137,-0.578,0.000,0.000,0.000,-223081
14.495508458,140398280,3.227,-9.137,-0.578,0.000,0.000,0.000,-222829
14.500689167,140403501,3.227,-9.137,-0.578,0.000,0.000,0.000,-222589
14.504999208,140407721,3.227,-9.137,-0.656,0.000,0.000,0.000,-222600
14.508140292,140410941,3.227,-9.137,-0.656,0.000,0.000,0.000,-223172
14.513395833,140416162,3.227,-9.137,-0.656,0.000,0.000,0.000,-222821
14.518911042,140421382,3.227,-9.137,-0.656,0.000,0.000,0.000,-222172
14.522882708,140425603,3.227,-9.137,-0.656,0.000,0.000,0.000,-223483
14.528030333,140430823,3.227,-9.137,-0.656,0.000,0.000,0.000,-221150
14.533356958,140436044,3.227,-9.137,-0.656,0.000,0.000,0.000,-222344
14.537614167,140440264,3.266,-9.133,-0.617,0.000,0.000,0.000,-223056
14.540802958,140443485,3.266,-9.133,-0.617,0.000,0.000,0.000,-222849
14.546220125,140448706,3.266,-9.133,-0.617,0.000,0.000,0.000,-223254
14.550270083,140452926,3.266,-9.133,-0.617,0.000,0.000,0.000,-222760
14.55635275,140459147,3.266,-9.133,-0.617,0.000,0.000,0.000,-222184
14.56070425,140463368,3.266,-9.133,-0.617,0.000,0.000,0.000,-223079
14.565983792,140468589,3.266,-9.133,-0.617,0.000,0.000,0.000,-222949
14.57032525,140472809,3.266,-9.176,-0.617,0.000,0.000,0.000,-222821
14.573254458,140476030,3.266,-9.176,-0.617,0.000,0.000,0.000,-222987
14.578766542,140481250,3.266,-9.176,-0.617,0.000,0.000,0.000,-223078
14.583678792,140486470,3.266,-9.176,-0.617,0.000,0.000,0.000,-222474
14.586978917,140489690,3.266,-9.176,-0.617,0.000,0.000,0.000,-222809
14.591078542,140493912,3.266,-9.176,-0.617,0.000,0.000,0.000,-222613
14.594546625,140497133,3.266,-9.176,-0.617,0.000,0.000,0.000,-222971
14.598537208,140501353,3.305,-9.133,-0.578,0.000,0.000,0.000,-222487
14.601738583,140504573,3.305,-9.133,-0.578,0.000,0.000,0.000,-222629
14.607098083,140509793,3.305,-9.133,-0.578,0.000,0.000,0.000,-222641
14.611394375,140514013,3.305,-9.133,-0.578,0.000,0.000,0.000,-222487
14.615782542,140518233,3.305,-9.133,-0.578,0.000,0.000,0.000,-222742
14.6208255,140523453,3.305,-9.133,-0.578,0.000,0.000,0.000,-222280
14.625184708,140527673,3.305,-9.133,-0.578,0.000,0.000,0.000,-222875
14.628441708,140530894,3.227,-9.137,-0.617,0.000,0.000,0.000,-222787
14.630314458,140533115,3.227,-9.137,-0.617,0.000,0.000,0.000,-222723
14.635583542,140538335,3.227,-9.137,-0.617,0.000,0.000,0.000,-222544
14.640773458,140543555,3.227,-9.137,-0.617,0.000,0.000,0.000,-223454
14.645034042,140547775,3.227,-9.137,-0.617,0.000,0.000,0.000,-223050
14.649194667,140551996,3.227,-9.137,-0.617,0.000,0.000,0.000,-222260
14.653449917,140556217,3.227,-9.137,-0.617,0.000,0.000,0.000,-222625
14.657708958,140560437,3.227,-9.137,-0.578,0.000,0.000,0.000,-222093
14.660875708,140563657,3.227,-9.137,-0.578,0.000,0.000,0.000,-222507
14.666107,140568878,3.227,-9.137,-0.578,0.000,0.000,0.000,-223206
14.670408208,140573099,3.227,-9.137,-0.578,0.000,0.000,0.000,-221077
14.675645292,140578319,3.227,-9.137,-0.578,0.000,0.000,0.000,-222563
14.679734708,140582540,3.227,-9.137,-0.578,0.000,0.000,0.000,-222953
14.685118083,140587760,3.227,-9.137,-0.578,0.000,0.000,0.000,-222194
14.688247542,140590980,3.266,-9.133,-0.617,0.000,0.000,0.000,-223480
14.692450208,140595200,3.266,-9.133,-0.617,0.000,0.000,0.000,-222688
14.695627375,140598421,3.227,-9.215,-0.617,0.000,0.000,0.000,-222970
14.699843583,140602642,3.227,-9.215,-0.617,0.000,0.000,0.000,-222433
14.704050917,140606862,3.227,-9.215,-0.617,0.000,0.000,0.000,-222943
14.707276708,140610082,3.227,-9.215,-0.617,0.000,0.000,0.000,-223888
14.712586417,140615303,3.227,-9.215,-0.617,0.000,0.000,0.000,-222565
14.718262208,140620523,3.227,-9.215,-0.617,0.000,0.000,0.000,-222131
14.723048958,140625743,3.266,-9.133,-0.617,0.000,0.000,0.000,-222752
14.725194083,140627963,3.266,-9.133,-0.617,0.000,0.000,0.000,-222505
14.730689625,140633185,3.266,-9.133,-0.617,0.000,0.000,0.000,-222667
14.734919417,140637405,3.266,-9.133,-0.617,0.000,0.000,0.000,-221540
14.738880083,140641625,3.266,-9.133,-0.617,0.000,0.000,0.000,-222622
14.74303725,140645846,3.266,-9.133,-0.539,0.000,0.000,0.000,-223254
14.745547208,140648067,3.266,-9.133,-0.539,0.000,0.000,0.000,-222295
14.750801042,140653288,3.266,-9.133,-0.539,0.000,0.000,0.000,-222692
14.75477625,140657509,3.266,-9.133,-0.539,0.000,0.000,0.000,-221839
14.758924333,140661730,3.266,-9.133,-0.539,0.000,0.000,0.000,-223168
14.7644555,140666951,3.266,-9.133,-0.539,0.000,0.000,0.000,-222845
14.768368708,140671172,3.266,-9.133,-0.539,0.000,0.000,0.000,-222897
14.772535708,140675393,3.305,-9.133,-0.578,0.000,0.000,0.000,-222782
14.775877542,140678614,3.305,-9.133,-0.578,0.000,0.000,0.000,-222896
14.782226833,140684834,3.305,-9.133,-0.578,0.000,0.000,0.000,-222613
14.786487958,140689055,3.305,-9.133,-0.578,0.000,0.000,0.000,-222062
14.790752542,140693275,3.305,-9.133,-0.578,0.000,0.000,0.000,-222925
14.795727833,140698496,3.305,-9.133,-0.578,0.000,0.000,0.000,-223578
14.799907083,140702717,3.305,-9.133,-0.578,0.000,0.000,0.000,-222278
14.806186,140708938,3.227,-9.137,-0.617,0.000,0.000,0.000,-222822
14.809642083,140712159,3.227,-9.137,-0.617,0.000,0.000,0.000,-222720
14.815880083,140718379,3.227,-9.137,-0.617,0.000,0.000,0.000,-222040
14.821144917,140722599,3.227,-9.137,-0.617,0.000,0.000,0.000,-222395
14.824039375,140726820,3.227,-9.137,-0.617,0.000,0.000,0.000,-222083
14.828270417,140731041,3.227,-9.137,-0.617,0.000,0.000,0.000,-222976
14.833443625,140736261,3.227,-9.137,-0.617,0.000,0.000,0.000,-221961
14.837635625,140740481,3.227,-9.172,-0.578,0.000,0.000,0.000,-222278
14.840899458,140743701,3.227,-9.172,-0.578,0.000,0.000,0.000,-223566
14.847097833,140749921,3.227,-9.172,-0.578,0.000,0.000,0.000,-223145
14.851322792,140754142,3.227,-9.172,-0.578,0.000,0.000,0.000,-222022
14.855586167,140758363,3.227,-9.172,-0.578,0.000,0.000,0.000,-222974
14.860792,140763583,3.227,-9.172,-0.578,0.000,0.000,0.000,-223090
14.866004042,140768803,3.227,-9.172,-0.578,0.000,0.000,0.000,-222232
14.870149792,140773023,3.266,-9.133,-0.617,0.000,0.000,0.000,-222573
14.873410792,140776243,3.266,-9.133,-0.617,0.000,0.000,0.000,-222682
14.878676958,140781464,3.266,-9.133,-0.617,0.000,0.000,0.000,-222509
14.883922417,140786685,3.266,-9.133,-0.617,0.000,0.000,0.000,-222596
14.88811425,140790907,3.266,-9.133,-0.617,0.000,0.000,0.000,-222324
14.892311333,140795127,3.266,-9.133,-0.617,0.000,0.000,0.000,-221760
14.896655833,140799347,3.266,-9.133,-0.617,0.000,0.000,0.000,-223150
14.900794583,140803567,3.266,-9.133,-0.617,0.000,0.000,0.000,-222146
14.902924333,140805788,3.266,-9.133,-0.617,0.000,0.000,0.000,-222620
14.908218542,140811009,3.266,-9.133,-0.617,0.000,0.000,0.000,-223254
14.912626708,140815229,3.266,-9.133,-0.617,0.000,0.000,0.000,-222709
14.915800458,140818449,3.266,-9.133,-0.617,0.000,0.000,0.000,-223240
14.920105375,140822670,3.266,-9.133,-0.617,0.000,0.000,0.000,-222622
14.924168833,140826890,3.266,-9.133,-0.617,0.000,0.000,0.000,-222846
14.927269042,140830111,3.305,-9.133,-0.578,0.000,0.000,0.000,-222659
14.929954042,140832331,3.305,-9.133,-0.578,0.000,0.000,0.000,-222958
14.933935083,140836551,3.305,-9.133,-0.578,0.000,0.000,0.000,-222831
14.938070333,140840772,3.305,-9.133,-0.578,0.000,0.000,0.000,-222657
14.943371667,140845993,3.305,-9.133,-0.578,0.000,0.000,0.000,-222338
14.948866125,140851214,3.305,-9.133,-0.578,0.000,0.000,0.000,-222731
14.9535515,140855434,3.305,-9.133,-0.578,0.000,0.000,0.000,-223226
14.955942333,140858655,3.227,-9.215,-0.656,0.000,0.000,0.000,-221660
14.961067083,140863876,3.227,-9.215,-0.656,0.000,0.000,0.000,-223547
14.965397625,140868096,3.227,-9.215,-0.656,0.000,0.000,0.000,-222950
14.968491958,140871317,3.227,-9.215,-0.656,0.000,0.000,0.000,-222791
14.973004583,140875537,3.227,-9.215,-0.656,0.000,0.000,0.000,-222535
14.977174375,140879757,3.227,-9.215,-0.656,0.000,0.000,0.000,-223664
14.981200583,140883978,3.266,-9.133,-0.578,0.000,0.000,0.000,-222412
14.983699417,140886199,3.266,-9.133,-0.578,0.000,0.000,0.000,-222737
14.988606875,140891420,3.266,-9.133,-0.578,0.000,0.000,0.000,-222120
14.992837917,140895640,3.266,-9.133,-0.578,0.000,0.000,0.000,-222013
14.996320083,140898861,3.266,-9.133,-0.578,0.000,0.000,0.000,-222478
15.000287458,140903082,3.266,-9.133,-0.578,0.000,0.000,0.000,-222282
15.005541875,140908302,3.266,-9.133,-0.578,0.000,0.000,0.000,-222723
15.008790958,140911522,3.266,-9.133,-0.539,0.000,0.000,0.000,-223114
15.014321417,140916743,3.266,-9.133,-0.539,0.000,0.000,0.000,-222046
15.018542875,140920963,3.266,-9.133,-0.539,0.000,0.000,0.000,-222407
15.023037,140925183,3.266,-9.133,-0.539,0.000,0.000,0.000,-222839
15.026595875,140929404,3.266,-9.133,-0.539,0.000,0.000,0.000,-222570
15.030847083,140933624,3.266,-9.133,-0.539,0.000,0.000,0.000,-222476
15.035088167,140937844,3.266,-9.176,-0.539,0.000,0.000,0.000,-222506
15.037311833,140940064,3.266,-9.176,-0.539,0.000,0.000,0.000,-222422
15.041515333,140944284,3.266,-9.176,-0.539,0.000,0.000,0.000,-223247
15.046307333,140948504,3.266,-9.176,-0.539,0.000,0.000,0.000,-222046
15.049990208,140952725,3.266,-9.176,-0.539,0.000,0.000,0.000,-223126
15.056400917,140958946,3.266,-9.176,-0.539,0.000,0.000,0.000,-222307
15.060384583,140963167,3.266,-9.176,-0.539,0.000,0.000,0.000,-223343
15.064696708,140967388,3.266,-9.094,-0.617,0.000,0.000,0.000,-222574
15.066881708,140969608,3.266,-9.094,-0.617,0.000,0.000,0.000,-222650
15.07207425,140974829,3.266,-9.094,-0.617,0.000,0.000,0.000,-222170
15.076288375,140979049,3.266,-9.094,-0.617,0.000,0.000,0.000,-223471
15.081601208,140984269,3.266,-9.094,-0.617,0.000,0.000,0.000,-222617
15.085861625,140988490,3.266,-9.094,-0.617,0.000,0.000,0.000,-221476
15.089925792,140992710,3.266,-9.094,-0.617,0.000,0.000,0.000,-222764
15.095123375,140997931,3.227,-9.137,-0.617,0.000,0.000,0.000,-222920
15.098408833,141001152,3.227,-9.137,-0.617,0.000,0.000,0.000,-222501
15.104713167,141007373,3.227,-9.137,-0.617,0.000,0.000,0.000,-222729
15.10910875,141011593,3.227,-9.137,-0.617,0.000,0.000,0.000,-222482
15.113478708,141015814,3.227,-9.137,-0.617,0.000,0.000,0.000,-222600
15.117718375,141020035,3.227,-9.137,-0.617,0.000,0.000,0.000,-223263
15.122536417,141025256,3.227,-9.137,-0.617,0.000,0.000,0.000,-222775
15.126674083,141029476,3.266,-9.176,-0.578,0.000,0.000,0.000,-222671
15.129863083,141032697,3.266,-9.176,-0.578,0.000,0.000,0.000,-223547
15.136330167,141038917,3.266,-9.176,-0.578,0.000,0.000,0.000,-222423
15.140602917,141043138,3.266,-9.176,-0.578,0.000,0.000,0.000,-222220
15.144805875,141047359,3.266,-9.176,-0.578,0.000,0.000,0.000,-222677
15.1490385,141051580,3.266,-9.176,-0.578,0.000,0.000,0.000,-222760
15.15429325,141056801,3.266,-9.176,-0.578,0.000,0.000,0.000,-222426
15.1582285,141061022,3.266,-9.094,-0.617,0.000,0.000,0.000,-222421
15.161454083,141064242,3.266,-9.094,-0.617,0.000,0.000,0.000,-223483
15.167730792,141070462,3.266,-9.094,-0.617,0.000,0.000,0.000,-222233
15.171973375,141074682,3.266,-9.094,-0.617,0.000,0.000,0.000,-222136
15.175348958,141077904,3.266,-9.094,-0.617,0.000,0.000,0.000,-222870
15.179546208,141082124,3.266,-9.094,-0.617,0.000,0.000,0.000,-222716
15.183818375,141086344,3.266,-9.094,-0.617,0.000,0.000,0.000,-222168
15.187796875,141090565,3.227,-9.137,-0.578,0.000,0.000,0.000,-222338
15.190921625,141093785,3.227,-9.137,-0.578,0.000,0.000,0.000,-223612
15.196216042,141099005,3.227,-9.137,-0.578,0.000,0.000,0.000,-223117
15.200456542,141103225,3.227,-9.137,-0.578,0.000,0.000,0.000,-222607
15.2048465,141107445,3.227,-9.137,-0.578,0.000,0.000,0.000,-222187
15.208979333,141111666,3.227,-9.137,-0.578,0.000,0.000,0.000,-223072
15.213492375,141115887,3.227,-9.137,-0.578,0.000,0.000,0.000,-223272
15.217552292,141120108,3.266,-9.133,-0.578,0.000,0.000,0.000,-222278
15.220833917,141123328,3.266,-9.133,-0.578,0.000,0.000,0.000,-222534
15.226693125,141129549,3.266,-9.133,-0.578,0.000,0.000,0.000,-223194
15.230938125,141133770,3.266,-9.133,-0.578,0.000,0.000,0.000,-223483
15.235186208,141137991,3.266,-9.133,-0.578,0.000,0.000,0.000,-222494
15.240400375,141143212,3.266,-9.133,-0.578,0.000,0.000,0.000,-222547
15.245637625,141148432,3.266,-9.133,-0.578,0.000,0.000,0.000,-223259
15.248836292,141151653,3.266,-9.133,-0.617,0.000,0.000,0.000,-222854
15.254037083,141156873,3.266,-9.133,-0.617,0.000,0.000,0.000,-223363
15.258327792,141161093,3.266,-9.133,-0.617,0.000,0.000,0.000,-222860
15.263481292,141166313,3.266,-9.133,-0.617,0.000,0.000,0.000,-223147
15.267761417,141170534,3.266,-9.133,-0.617,0.000,0.000,0.000,-222753
15.2729355,141175754,3.266,-9.133,-0.617,0.000,0.000,0.000,-222808
15.276164042,141178975,3.266,-9.133,-0.578,0.000,0.000,0.000,-223053
15.278580042,141181196,3.266,-9.133,-0.578,0.000,0.000,0.000,-222990
15.283660125,141186417,3.266,-9.133,-0.578,0.000,0.000,0.000,-223064
15.287850583,141190638,3.266,-9.133,-0.578,0.000,0.000,0.000,-222996
15.291098625,141193858,3.266,-9.133,-0.578,0.000,0.000,0.000,-223542
15.295269875,141198078,3.266,-9.133,-0.578,0.000,0.000,0.000,-222969
15.299555958,141202299,3.266,-9.133,-0.578,0.000,0.000,0.000,-222392
15.305781875,141208520,3.266,-9.133,-0.656,0.000,0.000,0.000,-223332
15.308970625,141211740,3.266,-9.133,-0.656,0.000,0.000,0.000,-222493
15.315158375,141217961,3.266,-9.133,-0.656,0.000,0.000,0.000,-223923
15.319459542,141222181,3.266,-9.133,-0.656,0.000,0.000,0.000,-222255
15.323579042,141226401,3.266,-9.133,-0.656,0.000,0.000,0.000,-222666
15.328784417,141231621,3.266,-9.133,-0.656,0.000,0.000,0.000,-222973
15.333017417,141235842,3.266,-9.133,-0.656,0.000,0.000,0.000,-222917
15.337344708,141240062,3.266,-9.133,-0.617,0.000,0.000,0.000,-223386
15.340587958,141243282,3.266,-9.133,-0.617,0.000,0.000,0.000,-222765
15.347076708,141249503,3.266,-9.133,-0.617,0.000,0.000,0.000,-222698
15.351058625,141253723,3.266,-9.133,-0.617,0.000,0.000,0.000,-222636
15.356211583,141258944,3.266,-9.133,-0.617,0.000,0.000,0.000,-222762
15.360313458,141263165,3.266,-9.133,-0.617,0.000,0.000,0.000,-222424
15.365551792,141268385,3.266,-9.133,-0.617,0.000,0.000,0.000,-222596
15.36976325,141272606,3.191,-9.176,-0.617,0.000,0.000,0.000,-222296
15.373083792,141275826,3.191,-9.176,-0.617,0.000,0.000,0.000,-222445
15.378167583,141281047,3.191,-9.176,-0.617,0.000,0.000,0.000,-223086
15.383467125,141286268,3.191,-9.176,-0.617,0.000,0.000,0.000,-222619
15.387713375,141290489,3.191,-9.176,-0.617,0.000,0.000,0.000,-222815
15.392908,141295709,3.191,-9.176,-0.617,0.000,0.000,0.000,-222315
15.397144333,141299930,3.191,-9.176,-0.617,0.000,0.000,0.000,-222930
15.402396542,141305150,3.227,-9.137,-0.578,0.000,0.000,0.000,-222195
15.404617708,141307370,3.227,-9.137,-0.578,0.000,0.000,0.000,-223415
15.408915458,141311591,3.227,-9.137,-0.578,0.000,0.000,0.000,-223496
15.413244042,141315811,3.227,-9.137,-0.578,0.000,0.000,0.000,-223063
15.417943708,141320031,3.227,-9.137,-0.578,0.000,0.000,0.000,-222917
15.422506292,141325251,3.227,-9.137,-0.578,0.000,0.000,0.000,-222885
15.42669,141329471,3.227,-9.137,-0.578,0.000,0.000,0.000,-222456
15.430902708,141333691,3.227,-9.137,-0.617,0.000,0.000,0.000,-222977
15.434098,141336911,3.227,-9.137,-0.617,0.000,0.000,0.000,-221890
15.439324958,141342132,3.227,-9.137,-0.617,0.000,0.000,0.000,-222695
15.444557958,141347352,3.227,-9.137,-0.617,0.000,0.000,0.000,-223079
15.448805125,141351573,3.227,-9.137,-0.617,0.000,0.000,0.000,-222926
15.452995583,141355794,3.227,-9.137,-0.617,0.000,0.000,0.000,-222526
15.458207083,141361015,3.227,-9.137,-0.617,0.000,0.000,0.000,-222149
15.464686792,141367236,3.266,-9.133,-0.539,0.000,0.000,0.000,-222477
15.467678042,141370456,3.266,-9.133,-0.539,0.000,0.000,0.000,-222466
15.472871375,141375677,3.266,-9.133,-0.539,0.000,0.000,0.000,-222936
15.477225667,141379899,3.266,-9.133,-0.539,0.000,0.000,0.000,-222534
15.480544667,141383120,3.266,-9.133,-0.539,0.000,0.000,0.000,-222962
15.486388208,141388340,3.266,-9.133,-0.539,0.000,0.000,0.000,-222172
15.490774,141393561,3.266,-9.133,-0.539,0.000,0.000,0.000,-222705
15.495985,141398781,3.305,-9.137,-0.691,0.000,0.000,0.000,-222901
15.498188875,141401002,3.305,-9.137,-0.691,0.000,0.000,0.000,-223347
15.50340925,141406222,3.305,-9.137,-0.691,0.000,0.000,0.000,-222771
15.507673333,141410443,3.305,-9.137,-0.691,0.000,0.000,0.000,-222444
15.511897167,141414663,3.305,-9.137,-0.691,0.000,0.000,0.000,-222748
15.516129292,141418884,3.305,-9.137,-0.691,0.000,0.000,0.000,-223505
15.520375333,141423105,3.266,-9.133,-0.539,0.000,0.000,0.000,-222276
15.523529167,141426325,3.266,-9.133,-0.539,0.000,0.000,0.000,-223170
15.528749167,141431546,3.266,-9.133,-0.539,0.000,0.000,0.000,-222711
15.532993,141435767,3.266,-9.133,-0.539,0.000,0.000,0.000,-222615
15.537306917,141439988,3.266,-9.133,-0.539,0.000,0.000,0.000,-222950
15.54264775,141445209,3.266,-9.133,-0.539,0.000,0.000,0.000,-222647
15.547009333,141449430,3.266,-9.133,-0.539,0.000,0.000,0.000,-222245
15.552097583,141454650,3.266,-9.176,-0.578,0.000,0.000,0.000,-222843
15.555035,141457871,3.266,-9.176,-0.578,0.000,0.000,0.000,-222160
15.560288833,141463091,3.266,-9.176,-0.578,0.000,0.000,0.000,-222781
15.564554917,141467311,3.266,-9.176,-0.578,0.000,0.000,0.000,-223242
15.5687555,141471532,3.266,-9.176,-0.578,0.000,0.000,0.000,-221966
15.573108417,141475752,3.266,-9.176,-0.578,0.000,0.000,0.000,-223102
15.579115625,141479973,3.266,-9.176,-0.578,0.000,0.000,0.000,-222257
15.5804695,141483194,3.266,-9.176,-0.617,0.000,0.000,0.000,-222728
15.583643833,141486415,3.266,-9.176,-0.617,0.000,0.000,0.000,-221833
15.588762292,141491635,3.266,-9.176,-0.617,0.000,0.000,0.000,-223178
15.593026333,141495855,3.266,-9.176,-0.617,0.000,0.000,0.000,-223075
15.5962875,141499076,3.266,-9.176,-0.617,0.000,0.000,0.000,-223030
15.600546958,141503297,3.266,-9.176,-0.617,0.000,0.000,0.000,-222654
15.604755917,141507517,3.266,-9.176,-0.617,0.000,0.000,0.000,-223073
15.608024708,141510738,3.227,-9.172,-0.578,0.000,0.000,0.000,-222785
15.610352583,141512958,3.227,-9.172,-0.578,0.000,0.000,0.000,-223330
15.614970208,141517179,3.227,-9.172,-0.578,0.000,0.000,0.000,-222345
15.618834208,141521399,3.227,-9.172,-0.578,0.000,0.000,0.000,-222826
15.623787167,141526620,3.227,-9.172,-0.578,0.000,0.000,0.000,-222801
15.628061792,141530840,3.227,-9.172,-0.578,0.000,0.000,0.000,-223007
15.632285875,141535061,3.227,-9.172,-0.578,0.000,0.000,0.000,-223373
15.635512875,141538282,3.227,-9.098,-0.617,0.000,0.000,0.000,-222344
15.637685042,141540503,3.227,-9.098,-0.617,0.000,0.000,0.000,-222148
15.643952083,141546723,3.227,-9.098,-0.617,0.000,0.000,0.000,-222757
15.648159917,141550944,3.227,-9.098,-0.617,0.000,0.000,0.000,-222412
15.651339917,141554164,3.227,-9.098,-0.617,0.000,0.000,0.000,-222738
15.655758417,141558384,3.227,-9.098,-0.617,0.000,0.000,0.000,-222991
15.659808875,141562605,3.227,-9.098,-0.617,0.000,0.000,0.000,-222467
15.664042667,141566825,3.266,-9.176,-0.617,0.000,0.000,0.000,-223036
15.666231333,141569046,3.266,-9.176,-0.617,0.000,0.000,0.000,-223053
15.671441833,141574267,3.266,-9.176,-0.617,0.000,0.000,0.000,-222496
15.675690917,141578487,3.266,-9.176,-0.617,0.000,0.000,0.000,-223135
15.678931167,141581708,3.266,-9.176,-0.617,0.000,0.000,0.000,-223279
15.6847105,141586929,3.266,-9.176,-0.617,0.000,0.000,0.000,-222138
15.688301458,141591150,3.266,-9.176,-0.617,0.000,0.000,0.000,-222590
15.691591125,141594371,3.227,-9.137,-0.617,0.000,0.000,0.000,-222740
15.69576425,141598592,3.227,-9.137,-0.617,0.000,0.000,0.000,-223478
15.699067375,141601812,3.266,-9.176,-0.578,0.000,0.000,0.000,-222822
15.704495542,141607032,3.266,-9.176,-0.578,0.000,0.000,0.000,-221960
15.708680167,141611252,3.266,-9.176,-0.578,0.000,0.000,0.000,-222937
15.71290675,141615472,3.266,-9.176,-0.578,0.000,0.000,0.000,-223179
15.717170167,141619693,3.266,-9.176,-0.578,0.000,0.000,0.000,-222284
15.721099208,141623913,3.266,-9.176,-0.578,0.000,0.000,0.000,-222571
15.726337542,141629133,3.227,-9.137,-0.578,0.000,0.000,0.000,-223120
15.729529958,141632353,3.227,-9.137,-0.578,0.000,0.000,0.000,-222558
15.734875875,141637574,3.227,-9.137,-0.578,0.000,0.000,0.000,-222239
15.738985042,141641795,3.227,-9.137,-0.578,0.000,0.000,0.000,-222838
15.744363333,141647015,3.227,-9.137,-0.578,0.000,0.000,0.000,-222726
15.74841425,141651236,3.227,-9.137,-0.578,0.000,0.000,0.000,-222798
15.752636125,141655457,3.227,-9.137,-0.578,0.000,0.000,0.000,-222473
15.755811083,141658680,3.305,-9.133,-0.578,0.000,0.000,0.000,-222582
15.759021917,141661900,3.305,-9.133,-0.578,0.000,0.000,0.000,-223403
15.765329792,141668120,3.305,-9.133,-0.578,0.000,0.000,0.000,-222945
15.769736167,141672340,3.305,-9.133,-0.578,0.000,0.000,0.000,-222445
15.774025125,141676561,3.305,-9.133,-0.578,0.000,0.000,0.000,-222737
15.77821525,141680782,3.305,-9.133,-0.578,0.000,0.000,0.000,-223061
15.783434042,141685987,3.305,-9.133,-0.578,0.000,0.000,0.000,-223061
15.788440375,141691207,3.305,-9.176,-0.617,0.000,0.000,0.000,-222326
15.790567125,141693427,3.305,-9.176,-0.617,0.000,0.000,0.000,-222904
15.795846458,141698647,3.305,-9.176,-0.617,0.000,0.000,0.000,-222177
15.799130292,141701868,3.305,-9.176,-0.617,0.000,0.000,0.000,-222871
15.805307542,141708089,3.305,-9.176,-0.617,0.000,0.000,0.000,-222521
15.809742292,141712309,3.305,-9.176,-0.617,0.000,0.000,0.000,-222301
15.814652542,141717530,3.305,-9.176,-0.617,0.000,0.000,0.000,-222701
15.819149583,141721750,3.266,-9.133,-0.656,0.000,0.000,0.000,-222070
15.822124208,141724971,3.266,-9.133,-0.656,0.000,0.000,0.000,-222668
15.8283915,141731192,3.266,-9.133,-0.656,0.000,0.000,0.000,-223077
15.832582542,141735412,3.266,-9.133,-0.656,0.000,0.000,0.000,-222395
15.836823458,141739632,3.266,-9.133,-0.656,0.000,0.000,0.000,-222947
15.84203625,141744838,3.266,-9.133,-0.656,0.000,0.000,0.000,-222947
15.847243333,141750058,3.266,-9.133,-0.656,0.000,0.000,0.000,-222341
15.851516208,141754278,3.266,-9.133,-0.539,0.000,0.000,0.000,-221977
15.853718208,141756499,3.266,-9.133,-0.539,0.000,0.000,0.000,-222148
15.859118458,141761719,3.266,-9.133,-0.539,0.000,0.000,0.000,-222805
15.864128792,141766940,3.266,-9.133,-0.539,0.000,0.000,0.000,-222598
15.868365667,141771160,3.266,-9.133,-0.539,0.000,0.000,0.000,-222074
15.872619958,141775380,3.266,-9.133,-0.539,0.000,0.000,0.000,-223141
15.875777625,141778600,3.266,-9.133,-0.539,0.000,0.000,0.000,-224017
15.880006792,141782821,3.266,-9.133,-0.617,0.000,0.000,0.000,-222491
15.883275292,141786042,3.266,-9.133,-0.617,0.000,0.000,0.000,-222399
15.889440625,141792262,3.266,-9.133,-0.617,0.000,0.000,0.000,-222901
15.893937167,141796482,3.266,-9.133,-0.617,0.000,0.000,0.000,-222916
15.898096792,141800702,3.266,-9.133,-0.617,0.000,0.000,0.000,-221453
15.903073083,141805923,3.266,-9.133,-0.617,0.000,0.000,0.000,-223141
15.908313083,141811144,3.266,-9.133,-0.617,0.000,0.000,0.000,-223129
15.912626917,141815365,3.227,-9.137,-0.578,0.000,0.000,0.000,-222785
15.915841917,141818585,3.227,-9.137,-0.578,0.000,0.000,0.000,-221748
15.921042542,141823805,3.227,-9.137,-0.578,0.000,0.000,0.000,-223512
15.926250125,141829025,3.227,-9.137,-0.578,0.000,0.000,0.000,-222696
15.93047175,141833245,3.227,-9.137,-0.578,0.000,0.000,0.000,-222819
15.934591292,141837465,3.266,-9.176,-0.656,0.000,0.000,0.000,-221912
15.937957375,141840686,3.266,-9.176,-0.656,0.000,0.000,0.000,-223135
15.9440565,141846906,3.266,-9.176,-0.656,0.000,0.000,0.000,-223004
15.948289292,141851126,3.266,-9.176,-0.656,0.000,0.000,0.000,-223495
15.953552833,141856347,3.266,-9.176,-0.656,0.000,0.000,0.000,-222192
15.957967792,141860568,3.266,-9.176,-0.656,0.000,0.000,0.000,-222473
15.963965667,141866789,3.266,-9.176,-0.656,0.000,0.000,0.000,-222978
15.968132792,141871009,3.227,-9.137,-0.656,0.000,0.000,0.000,-222403
15.971677292,141874230,3.227,-9.137,-0.656,0.000,0.000,0.000,-222879
15.976951542,141879451,3.227,-9.137,-0.656,0.000,0.000,0.000,-223364
15.980819625,141883672,3.227,-9.137,-0.656,0.000,0.000,0.000,-222500
15.986472042,141888894,3.227,-9.137,-0.656,0.000,0.000,0.000,-222529
15.991262542,141894114,3.227,-9.137,-0.656,0.000,0.000,0.000,-223019
15.996499667,141899335,3.227,-9.137,-0.656,0.000,0.000,0.000,-222900
16.001817833,141904556,3.305,-9.133,-0.539,0.000,0.000,0.000,-222559
16.004943833,141907777,3.305,-9.133,-0.539,0.000,0.000,0.000,-222342
16.01142625,141913998,3.305,-9.133,-0.539,0.000,0.000,0.000,-223432
16.015657542,141918219,3.305,-9.133,-0.539,0.000,0.000,0.000,-222371
16.020042208,141922439,3.305,-9.133,-0.539,0.000,0.000,0.000,-222667
16.025811292,141928659,3.305,-9.133,-0.539,0.000,0.000,0.000,-223229
16.030077208,141932880,3.305,-9.133,-0.539,0.000,0.000,0.000,-222990
16.033304958,141936100,3.227,-9.172,-0.578,0.000,0.000,0.000,-222788
16.036548667,141939321,3.227,-9.172,-0.578,0.000,0.000,0.000,-223526
16.041731125,141944542,3.227,-9.172,-0.578,0.000,0.000,0.000,-222781
16.047085333,141949763,3.227,-9.172,-0.578,0.000,0.000,0.000,-223124
16.051168667,141953984,3.227,-9.172,-0.578,0.000,0.000,0.000,-221597
16.058482708,141961204,3.227,-9.172,-0.578,0.000,0.000,0.000,-222427
16.064621958,141967424,3.227,-9.172,-0.578,0.000,0.000,0.000,-222289
16.068856042,141971645,3.227,-9.137,-0.578,0.000,0.000,0.000,-222375
16.072119875,141974866,3.227,-9.137,-0.578,0.000,0.000,0.000,-222769
16.078306,141981087,3.227,-9.137,-0.578,0.000,0.000,0.000,-222555
16.08252375,141985308,3.227,-9.137,-0.578,0.000,0.000,0.000,-222443
16.086882458,141989528,3.227,-9.137,-0.578,0.000,0.000,0.000,-222282
16.091086792,141993748,3.227,-9.137,-0.578,0.000,0.000,0.000,-222958
16.094213667,141996969,3.227,-9.137,-0.578,0.000,0.000,0.000,-222512
16.098410958,142001190,3.266,-9.176,-0.617,0.000,0.000,0.000,-222724
16.1016695,142004411,3.266,-9.176,-0.617,0.000,0.000,0.000,-222241
16.108043833,142010632,3.266,-9.176,-0.617,0.000,0.000,0.000,-222552
16.112285583,142014852,3.266,-9.176,-0.617,0.000,0.000,0.000,-223185
16.116563083,142019073,3.266,-9.176,-0.617,0.000,0.000,0.000,-222807
16.121631542,142024293,3.266,-9.176,-0.617,0.000,0.000,0.000,-222662
16.125847917,142028513,3.266,-9.176,-0.617,0.000,0.000,0.000,-223492
16.128917542,142031734,3.266,-9.133,-0.617,0.000,0.000,0.000,-222649
16.131097833,142033954,3.266,-9.133,-0.617,0.000,0.000,0.000,-223189
16.136379625,142039174,3.266,-9.133,-0.617,0.000,0.000,0.000,-222382
16.141642542,142044394,3.266,-9.133,-0.617,0.000,0.000,0.000,-222908
16.146111583,142048615,3.266,-9.133,-0.617,0.000,0.000,0.000,-222758
16.150357667,142052836,3.266,-9.133,-0.617,0.000,0.000,0.000,-222698
16.154381292,142057056,3.266,-9.133,-0.617,0.000,0.000,0.000,-222452
16.15840725,142061277,3.227,-9.137,-0.617,0.000,0.000,0.000,-223133
16.160705292,142063498,3.227,-9.137,-0.617,0.000,0.000,0.000,-222929
16.165934,142068719,3.227,-9.137,-0.617,0.000,0.000,0.000,-222110
16.171180292,142073939,3.227,-9.137,-0.617,0.000,0.000,0.000,-221607
16.175357875,142078160,3.227,-9.137,-0.578,0.000,0.000,0.000,-223183
16.178695083,142081381,3.227,-9.137,-0.578,0.000,0.000,0.000,-222764
16.185085708,142087602,3.227,-9.137,-0.578,0.000,0.000,0.000,-223049
16.18902925,142091822,3.227,-9.137,-0.578,0.000,0.000,0.000,-222644
16.194285542,142097043,3.227,-9.137,-0.578,0.000,0.000,0.000,-222769
16.198492542,142101264,3.227,-9.137,-0.578,0.000,0.000,0.000,-222850
16.203811375,142106484,3.227,-9.137,-0.578,0.000,0.000,0.000,-222031
16.207238958,142109704,3.227,-9.137,-0.656,0.000,0.000,0.000,-223478
16.212435375,142114924,3.227,-9.137,-0.656,0.000,0.000,0.000,-222910
16.216754833,142119144,3.227,-9.137,-0.656,0.000,0.000,0.000,-222325
16.220812625,142123365,3.227,-9.137,-0.656,0.000,0.000,0.000,-221776
16.225767958,142128586,3.227,-9.137,-0.656,0.000,0.000,0.000,-222803
16.230239792,142132807,3.227,-9.137,-0.656,0.000,0.000,0.000,-223140
16.234238375,142137028,3.266,-9.133,-0.617,0.000,0.000,0.000,-221970
16.236426375,142139248,3.266,-9.133,-0.617,0.000,0.000,0.000,-222463
16.2421265,142144469,3.266,-9.133,-0.617,0.000,0.000,0.000,-223197
16.245898792,142148689,3.266,-9.133,-0.617,0.000,0.000,0.000,-222421
16.249097875,142151910,3.266,-9.133,-0.617,0.000,0.000,0.000,-222765
16.25498,142156131,3.266,-9.133,-0.617,0.000,0.000,0.000,-222733
16.257684083,142160351,3.266,-9.133,-0.617,0.000,0.000,0.000,-223010
16.262781375,142165571,3.305,-9.133,-0.578,0.000,0.000,0.000,-223238
16.266058125,142168791,3.305,-9.133,-0.578,0.000,0.000,0.000,-222800
16.271222917,142174012,3.305,-9.133,-0.578,0.000,0.000,0.000,-223479
16.275505208,142178232,3.305,-9.133,-0.578,0.000,0.000,0.000,-222715
16.278679708,142181453,3.305,-9.133,-0.578,0.000,0.000,0.000,-223185
16.283909792,142186674,3.305,-9.133,-0.578,0.000,0.000,0.000,-222183
16.287126958,142189895,3.305,-9.133,-0.578,0.000,0.000,0.000,-222734
16.291321292,142194116,3.305,-9.133,-0.578,0.000,0.000,0.000,-223314
16.294540292,142197336,3.305,-9.133,-0.578,0.000,0.000,0.000,-223421
16.29994725,142202556,3.305,-9.133,-0.578,0.000,0.000,0.000,-222413
16.307005417,142209776,3.305,-9.133,-0.578,0.000,0.000,0.000,-222445
16.311514958,142213996,3.305,-9.133,-0.578,0.000,0.000,0.000,-222471
16.315356167,142218217,3.305,-9.133,-0.578,0.000,0.000,0.000,-222410
16.319814292,142222438,3.305,-9.133,-0.578,0.000,0.000,0.000,-222529
16.323811917,142226659,3.191,-9.176,-0.617,0.000,0.000,0.000,-222569
16.326189417,142228880,3.191,-9.176,-0.617,0.000,0.000,0.000,-223009
16.331319875,142234100,3.191,-9.176,-0.617,0.000,0.000,0.000,-222723
16.335549208,142238321,3.191,-9.176,-0.617,0.000,0.000,0.000,-223032
16.339856042,142242542,3.191,-9.176,-0.617,0.000,0.000,0.000,-223102
16.344880583,142247762,3.191,-9.176,-0.617,0.000,0.000,0.000,-223406
16.349444083,142251983,3.191,-9.176,-0.617,0.000,0.000,0.000,-223333
16.352450292,142255188,3.227,-9.137,-0.617,0.000,0.000,0.000,-223333
16.354622917,142257408,3.227,-9.137,-0.617,0.000,0.000,0.000,-221558
16.359778042,142262629,3.227,-9.137,-0.617,0.000,0.000,0.000,-223485
16.365027542,142267849,3.227,-9.137,-0.617,0.000,0.000,0.000,-223087
16.369624042,142272069,3.227,-9.137,-0.617,0.000,0.000,0.000,-222453
16.373486083,142276290,3.227,-9.137,-0.617,0.000,0.000,0.000,-222898
16.377698875,142280511,3.227,-9.137,-0.617,0.000,0.000,0.000,-223186
16.381224917,142283731,3.266,-9.133,-0.578,0.000,0.000,0.000,-223188
16.384185833,142286952,3.266,-9.133,-0.578,0.000,0.000,0.000,-223405
16.389381417,142292172,3.266,-9.133,-0.578,0.000,0.000,0.000,-222617
16.393601208,142296392,3.266,-9.133,-0.578,0.000,0.000,0.000,-222815
16.396854542,142299613,3.266,-9.133,-0.578,0.000,0.000,0.000,-222466
16.401055792,142303834,3.266,-9.133,-0.578,0.000,0.000,0.000,-222503
16.4052725,142308054,3.266,-9.133,-0.578,0.000,0.000,0.000,-222438
16.409542875,142312276,3.266,-9.133,-0.617,0.000,0.000,0.000,-223240
16.411818458,142314497,3.266,-9.133,-0.617,0.000,0.000,0.000,-223187
16.41721675,142319718,3.266,-9.133,-0.617,0.000,0.000,0.000,-221845
16.421546167,142323938,3.266,-9.133,-0.617,0.000,0.000,0.000,-222700
16.425363375,142328158,3.266,-9.133,-0.617,0.000,0.000,0.000,-223107
16.429647125,142332379,3.266,-9.133,-0.617,0.000,0.000,0.000,-222587
16.434746083,142337599,3.266,-9.133,-0.617,0.000,0.000,0.000,-222343
16.439233542,142341819,3.266,-9.176,-0.578,0.000,0.000,0.000,-222965
16.442245042,142345039,3.266,-9.176,-0.578,0.000,0.000,0.000,-223285
16.448496042,142351260,3.266,-9.176,-0.578,0.000,0.000,0.000,-222791
16.4528825,142355481,3.266,-9.176,-0.578,0.000,0.000,0.000,-222668
16.456849625,142359701,3.266,-9.176,-0.578,0.000,0.000,0.000,-222699
16.462183667,142364922,3.266,-9.176,-0.578,0.000,0.000,0.000,-222910
16.466369208,142369142,3.266,-9.176,-0.578,0.000,0.000,0.000,-223014
16.46961675,142372362,3.266,-9.094,-0.617,0.000,0.000,0.000,-222249
16.471825292,142374582,3.266,-9.094,-0.617,0.000,0.000,0.000,-222905
16.476076708,142378802,3.266,-9.094,-0.617,0.000,0.000,0.000,-223535
16.480608,142383022,3.266,-9.094,-0.617,0.000,0.000,0.000,-223441
16.484705833,142387242,3.266,-9.094,-0.617,0.000,0.000,0.000,-222224
16.488670667,142391463,3.266,-9.094,-0.617,0.000,0.000,0.000,-222700
16.492894458,142395685,3.266,-9.094,-0.617,0.000,0.000,0.000,-223131
16.497296667,142399905,3.266,-9.133,-0.539,0.000,0.000,0.000,-222247
16.499348,142402126,3.266,-9.133,-0.539,0.000,0.000,0.000,-222934
16.504522917,142407347,3.266,-9.133,-0.539,0.000,0.000,0.000,-222862
16.508926083,142411568,3.266,-9.133,-0.539,0.000,0.000,0.000,-222904
16.514130792,142416789,3.266,-9.133,-0.539,0.000,0.000,0.000,-223371
16.519144875,142421009,3.266,-9.133,-0.539,0.000,0.000,0.000,-222031
16.523396792,142426229,3.266,-9.133,-0.539,0.000,0.000,0.000,-222604
16.527710583,142430449,3.266,-9.176,-0.539,0.000,0.000,0.000,-223255
16.530900583,142433670,3.266,-9.176,-0.539,0.000,0.000,0.000,-222834
16.536278167,142438890,3.266,-9.176,-0.539,0.000,0.000,0.000,-222544
16.540562083,142443111,3.227,-9.137,-0.578,0.000,0.000,0.000,-222790
16.544247542,142446332,3.227,-9.137,-0.578,0.000,0.000,0.000,-223137
16.549213458,142451553,3.227,-9.137,-0.578,0.000,0.000,0.000,-223000
16.555023125,142457773,3.227,-9.137,-0.578,0.000,0.000,0.000,-221908
16.559222,142461994,3.227,-9.137,-0.578,0.000,0.000,0.000,-223159
16.5645295,142467215,3.227,-9.137,-0.578,0.000,0.000,0.000,-223270
16.568710125,142471436,3.227,-9.137,-0.578,0.000,0.000,0.000,-222875
16.572901667,142475657,3.305,-9.176,-0.617,0.000,0.000,0.000,-222523
16.576196083,142478881,3.305,-9.176,-0.617,0.000,0.000,0.000,-222851
16.58163875,142484102,3.305,-9.176,-0.617,0.000,0.000,0.000,-222416
16.58714775,142489322,3.305,-9.176,-0.617,0.000,0.000,0.000,-222860
16.590708583,142493543,3.305,-9.176,-0.617,0.000,0.000,0.000,-222757
16.594958083,142497763,3.305,-9.176,-0.617,0.000,0.000,0.000,-223302
16.60021075,142502984,3.305,-9.176,-0.617,0.000,0.000,0.000,-222746
16.605452708,142508205,3.266,-9.133,-0.578,0.000,0.000,0.000,-222321
16.60867975,142511426,3.266,-9.133,-0.578,0.000,0.000,0.000,-222675
16.614029292,142516647,3.266,-9.133,-0.578,0.000,0.000,0.000,-223676
16.618353833,142520867,3.266,-9.133,-0.578,0.000,0.000,0.000,-222651
16.621299292,142524088,3.266,-9.133,-0.578,0.000,0.000,0.000,-221623
16.626498,142529308,3.266,-9.133,-0.578,0.000,0.000,0.000,-222402
16.630739625,142533528,3.266,-9.133,-0.578,0.000,0.000,0.000,-223535
16.634939917,142537748,3.266,-9.133,-0.617,0.000,0.000,0.000,-222238
16.637147625,142539968,3.266,-9.133,-0.617,0.000,0.000,0.000,-222080
16.642431125,142545188,3.266,-9.133,-0.617,0.000,0.000,0.000,-223011
16.647636708,142550409,3.266,-9.133,-0.617,0.000,0.000,0.000,-223406
16.651877042,142554630,3.266,-9.133,-0.617,0.000,0.000,0.000,-221767
16.657091958,142559851,3.266,-9.133,-0.617,0.000,0.000,0.000,-222731
16.661316875,142564072,3.266,-9.133,-0.617,0.000,0.000,0.000,-223395
16.665529583,142568292,3.266,-9.176,-0.539,0.000,0.000,0.000,-222486
16.66882475,142571512,3.266,-9.176,-0.539,0.000,0.000,0.000,-222374
16.67401075,142576732,3.266,-9.176,-0.539,0.000,0.000,0.000,-223583
16.678217875,142580953,3.266,-9.176,-0.539,0.000,0.000,0.000,-222140
16.683513083,142586173,3.266,-9.176,-0.539,0.000,0.000,0.000,-223373
16.687743458,142590394,3.266,-9.133,-0.617,0.000,0.000,0.000,-222948
16.690778958,142593615,3.266,-9.133,-0.617,0.000,0.000,0.000,-223394
16.696057292,142598835,3.266,-9.133,-0.617,0.000,0.000,0.000,-223605
16.700282708,142603055,3.266,-9.133,-0.617,0.000,0.000,0.000,-222208
16.704534917,142607261,3.266,-9.133,-0.617,0.000,0.000,0.000,-222208
16.70874425,142611481,3.266,-9.133,-0.617,0.000,0.000,0.000,-222840
16.712065708,142614701,3.266,-9.133,-0.617,0.000,0.000,0.000,-222270
16.716413292,142618922,3.266,-9.176,-0.578,0.000,0.000,0.000,-221766
16.719675708,142622143,3.266,-9.176,-0.578,0.000,0.000,0.000,-222735
16.725605208,142628363,3.266,-9.176,-0.578,0.000,0.000,0.000,-223044
16.729897958,142632584,3.266,-9.176,-0.578,0.000,0.000,0.000,-223414
16.734093,142636805,3.266,-9.176,-0.578,0.000,0.000,0.000,-221982
16.738318708,142641026,3.266,-9.176,-0.578,0.000,0.000,0.000,-222501
16.742382833,142645246,3.266,-9.176,-0.578,0.000,0.000,0.000,-222920
16.7480125,142650467,3.266,-9.133,-0.617,0.000,0.000,0.000,-222340
16.751208042,142653688,3.266,-9.133,-0.617,0.000,0.000,0.000,-223074
16.757192625,142659909,3.266,-9.133,-0.617,0.000,0.000,0.000,-223052
16.76128375,142664129,3.266,-9.133,-0.617,0.000,0.000,0.000,-223181
16.765531542,142668349,3.266,-9.133,-0.617,0.000,0.000,0.000,-222801
16.770099375,142672570,3.266,-9.133,-0.617,0.000,0.000,0.000,-222089
16.774932292,142677791,3.266,-9.133,-0.617,0.000,0.000,0.000,-223000
16.779455583,142682011,3.266,-9.133,-0.578,0.000,0.000,0.000,-222350
16.782697542,142685233,3.266,-9.133,-0.578,0.000,0.000,0.000,-222600
16.789133708,142691453,3.266,-9.133,-0.578,0.000,0.000,0.000,-222780
16.792874875,142695675,3.266,-9.133,-0.578,0.000,0.000,0.000,-223142
16.7971205,142699895,3.266,-9.133,-0.578,0.000,0.000,0.000,-222521
16.802370583,142705116,3.266,-9.133,-0.578,0.000,0.000,0.000,-222200
16.806658875,142709336,3.266,-9.133,-0.578,0.000,0.000,0.000,-222342
16.809994417,142712556,3.266,-9.176,-0.617,0.000,0.000,0.000,-223296
16.812209375,142714777,3.266,-9.176,-0.617,0.000,0.000,0.000,-223314
16.819531125,142721997,3.266,-9.176,-0.617,0.000,0.000,0.000,-221681
16.823499083,142726218,3.266,-9.176,-0.617,0.000,0.000,0.000,-222384
16.828644542,142731439,3.266,-9.176,-0.617,0.000,0.000,0.000,-222761
16.834150833,142736660,3.266,-9.176,-0.617,0.000,0.000,0.000,-222707
16.83908525,142741882,3.266,-9.176,-0.617,0.000,0.000,0.000,-222725
16.844396833,142747102,3.266,-9.176,-0.617,0.000,0.000,0.000,-223596
16.846518167,142749307,3.266,-9.176,-0.617,0.000,0.000,0.000,-223596
16.851809083,142754527,3.266,-9.176,-0.617,0.000,0.000,0.000,-222618
16.857268542,142759747,3.266,-9.176,-0.617,0.000,0.000,0.000,-222980
16.861171417,142763967,3.266,-9.176,-0.617,0.000,0.000,0.000,-223212
16.866385,142769187,3.266,-9.176,-0.617,0.000,0.000,0.000,-222665
16.87056675,142773408,3.266,-9.176,-0.617,0.000,0.000,0.000,-223044
16.874806833,142777629,3.266,-9.133,-0.578,0.000,0.000,0.000,-222784
16.877019417,142779850,3.266,-9.133,-0.578,0.000,0.000,0.000,-223264
16.881278292,142784070,3.266,-9.133,-0.578,0.000,0.000,0.000,-222310
16.885659583,142788291,3.266,-9.133,-0.578,0.000,0.000,0.000,-221986
16.888745083,142791511,3.266,-9.133,-0.578,0.000,0.000,0.000,-222672
16.894006417,142796731,3.266,-9.133,-0.578,0.000,0.000,0.000,-223579
16.898190583,142800952,3.266,-9.133,-0.578,0.000,0.000,0.000,-222783
16.904397458,142807173,3.266,-9.133,-0.578,0.000,0.000,0.000,-221546
16.90664425,142809393,3.266,-9.133,-0.578,0.000,0.000,0.000,-222623
16.911826667,142814614,3.266,-9.133,-0.578,0.000,0.000,0.000,-223223
16.91607825,142818834,3.227,-9.172,-0.578,0.000,0.000,0.000,-223493
16.918258917,142821054,3.227,-9.172,-0.578,0.000,0.000,0.000,-223247
16.922474083,142825274,3.227,-9.172,-0.578,0.000,0.000,0.000,-222284
16.926889542,142829494,3.227,-9.172,-0.578,0.000,0.000,0.000,-222511
16.929857458,142832715,3.227,-9.172,-0.578,0.000,0.000,0.000,-223494
16.934217333,142836936,3.227,-9.172,-0.578,0.000,0.000,0.000,-222155
16.93856675,142841157,3.227,-9.172,-0.578,0.000,0.000,0.000,-222396
16.9425085,142845378,3.266,-9.176,-0.617,0.000,0.000,0.000,-222601
16.94473825,142847598,3.266,-9.176,-0.617,0.000,0.000,0.000,-224109
16.950128667,142852819,3.266,-9.176,-0.617,0.000,0.000,0.000,-222561
16.954292208,142857040,3.266,-9.176,-0.617,0.000,0.000,0.000,-222590
16.9576435,142860261,3.266,-9.176,-0.617,0.000,0.000,0.000,-222195
16.961743458,142864482,3.266,-9.176,-0.617,0.000,0.000,0.000,-222764
16.967162875,142869703,3.266,-9.176,-0.617,0.000,0.000,0.000,-221879
16.971373708,142873924,3.266,-9.133,-0.617,0.000,0.000,0.000,-221573
16.974413625,142877145,3.266,-9.133,-0.617,0.000,0.000,0.000,-223161
16.97954975,142882365,3.266,-9.133,-0.617,0.000,0.000,0.000,-223362
16.985006583,142887585,3.266,-9.133,-0.617,0.000,0.000,0.000,-222363
16.989479167,142891805,3.266,-9.133,-0.617,0.000,0.000,0.000,-222669
16.994256583,142897026,3.266,-9.133,-0.617,0.000,0.000,0.000,-222710
16.998452042,142901247,3.266,-9.133,-0.617,0.000,0.000,0.000,-222784
17.00464875,142907467,3.266,-9.133,-0.578,0.000,0.000,0.000,-222857
17.006937583,142909688,3.266,-9.133,-0.578,0.000,0.000,0.000,-222861
17.011243917,142913908,3.266,-9.133,-0.578,0.000,0.000,0.000,-222554
17.015632125,142918128,3.266,-9.133,-0.578,0.000,0.000,0.000,-223328
17.020192458,142922348,3.266,-9.133,-0.578,0.000,0.000,0.000,-222172
17.024798708,142927568,3.266,-9.133,-0.578,0.000,0.000,0.000,-222484
17.028995083,142931788,3.266,-9.133,-0.578,0.000,0.000,0.000,-222664
17.032213875,142935009,3.227,-9.137,-0.578,0.000,0.000,0.000,-222258
17.034426708,142937230,3.227,-9.137,-0.578,0.000,0.000,0.000,-222439
17.039647833,142942451,3.227,-9.137,-0.578,0.000,0.000,0.000,-221920
17.044862708,142947671,3.227,-9.137,-0.578,0.000,0.000,0.000,-222877
17.049099125,142951892,3.227,-9.137,-0.578,0.000,0.000,0.000,-221720
17.053306667,142956113,3.227,-9.137,-0.578,0.000,0.000,0.000,-222963
17.058648667,142961333,3.227,-9.137,-0.578,0.000,0.000,0.000,-222581
17.065805792,142968554,3.266,-9.133,-0.578,0.000,0.000,0.000,-222817
17.069050875,142971774,3.266,-9.133,-0.578,0.000,0.000,0.000,-222156
17.074263042,142976995,3.266,-9.133,-0.578,0.000,0.000,0.000,-223003
17.078442167,142981216,3.266,-9.133,-0.578,0.000,0.000,0.000,-223259
17.081670125,142984436,3.266,-9.133,-0.578,0.000,0.000,0.000,-222841
17.086955292,142989656,3.266,-9.133,-0.578,0.000,0.000,0.000,-222221
17.092107917,142994878,3.266,-9.133,-0.578,0.000,0.000,0.000,-222569
17.097320042,143000098,3.305,-9.133,-0.578,0.000,0.000,0.000,-222159
17.099545542,143002318,3.305,-9.133,-0.578,0.000,0.000,0.000,-222526
17.104897792,143007538,3.305,-9.133,-0.578,0.000,0.000,0.000,-221912
17.10921975,143011759,3.305,-9.133,-0.578,0.000,0.000,0.000,-223141
17.113434167,143015980,3.305,-9.133,-0.578,0.000,0.000,0.000,-222767
17.117703667,143020201,3.305,-9.133,-0.578,0.000,0.000,0.000,-223202
17.121798333,143024422,3.305,-9.133,-0.578,0.000,0.000,0.000,-222947
17.125823708,143028643,3.227,-9.137,-0.617,0.000,0.000,0.000,-223417
17.129079458,143031863,3.227,-9.137,-0.617,0.000,0.000,0.000,-222464
17.134328833,143037083,3.227,-9.137,-0.617,0.000,0.000,0.000,-223232
17.138586083,143041303,3.227,-9.137,-0.617,0.000,0.000,0.000,-222901
17.142869708,143045524,3.227,-9.137,-0.617,0.000,0.000,0.000,-222439
17.147490292,143049744,3.227,-9.137,-0.578,0.000,0.000,0.000,-222898
17.150571792,143052964,3.227,-9.137,-0.578,0.000,0.000,0.000,-223086
17.156888083,143059184,3.227,-9.137,-0.578,0.000,0.000,0.000,-222559
17.160654833,143063404,3.227,-9.137,-0.578,0.000,0.000,0.000,-223529
17.164882083,143067625,3.227,-9.137,-0.578,0.000,0.000,0.000,-222883
17.170138167,143072846,3.227,-9.137,-0.578,0.000,0.000,0.000,-222441
17.174588917,143077066,3.227,-9.137,-0.578,0.000,0.000,0.000,-223399
17.178741542,143081289,3.266,-9.176,-0.539,0.000,0.000,0.000,-223789
17.18247125,143084510,3.266,-9.176,-0.539,0.000,0.000,0.000,-222502
17.188273292,143090730,3.266,-9.176,-0.539,0.000,0.000,0.000,-222722
17.192113833,143094951,3.266,-9.176,-0.539,0.000,0.000,0.000,-222596
17.196369917,143099172,3.266,-9.176,-0.539,0.000,0.000,0.000,-223054
17.2006295,143103393,3.266,-9.176,-0.539,0.000,0.000,0.000,-222875
17.20587575,143108613,3.266,-9.176,-0.539,0.000,0.000,0.000,-222717
17.210183958,143112834,3.227,-9.137,-0.617,0.000,0.000,0.000,-223713
17.212503458,143115054,3.227,-9.137,-0.617,0.000,0.000,0.000,-222405
17.217748917,143120275,3.227,-9.137,-0.617,0.000,0.000,0.000,-223153
17.222618917,143124495,3.227,-9.137,-0.617,0.000,0.000,0.000,-221839
17.225895042,143128715,3.227,-9.137,-0.617,0.000,0.000,0.000,-223277
17.230224708,143132936,3.227,-9.137,-0.617,0.000,0.000,0.000,-222218
17.235392792,143138156,3.227,-9.137,-0.617,0.000,0.000,0.000,-223373
17.239572667,143142377,3.305,-9.176,-0.578,0.000,0.000,0.000,-223298
17.242767792,143145598,3.305,-9.176,-0.578,0.000,0.000,0.000,-222858
17.248980292,143151819,3.305,-9.176,-0.578,0.000,0.000,0.000,-222494
17.253522583,143156040,3.305,-9.176,-0.578,0.000,0.000,0.000,-222613
17.256463375,143159260,3.305,-9.176,-0.578,0.000,0.000,0.000,-222179
17.260702792,143163480,3.305,-9.176,-0.578,0.000,0.000,0.000,-223263
17.264949333,143167701,3.305,-9.176,-0.578,0.000,0.000,0.000,-222555
17.269153542,143171922,3.266,-9.137,-0.691,0.000,0.000,0.000,-222591
17.27238375,143175142,3.266,-9.137,-0.691,0.000,0.000,0.000,-222831
17.277573292,143180362,3.266,-9.137,-0.691,0.000,0.000,0.000,-223019
17.2817735,143184583,3.266,-9.137,-0.691,0.000,0.000,0.000,-222552
17.287226708,143189804,3.266,-9.137,-0.691,0.000,0.000,0.000,-222885
17.291251042,143194025,3.266,-9.137,-0.691,0.000,0.000,0.000,-223517
17.296524125,143199245,3.266,-9.137,-0.691,0.000,0.000,0.000,-223523
17.300651292,143203465,3.227,-9.172,-0.578,0.000,0.000,0.000,-222311
17.303855458,143206685,3.227,-9.172,-0.578,0.000,0.000,0.000,-222894
17.310190917,143212906,3.227,-9.172,-0.578,0.000,0.000,0.000,-222538
17.316401208,143219126,3.227,-9.172,-0.578,0.000,0.000,0.000,-223077
17.319665875,143222346,3.227,-9.172,-0.578,0.000,0.000,0.000,-222823
17.324749042,143227567,3.227,-9.172,-0.578,0.000,0.000,0.000,-223086
17.328961792,143231787,3.227,-9.172,-0.578,0.000,0.000,0.000,-222623
17.334249583,143237008,3.266,-9.133,-0.539,0.000,0.000,0.000,-222246
17.337442833,143240228,3.266,-9.133,-0.539,0.000,0.000,0.000,-222127
17.343605708,143246448,3.266,-9.133,-0.539,0.000,0.000,0.000,-222634
17.347226375,143249669,3.266,-9.133,-0.539,0.000,0.000,0.000,-222605
17.352418625,143254889,3.266,-9.133,-0.539,0.000,0.000,0.000,-222206
17.357304792,143260110,3.305,-9.176,-0.617,0.000,0.000,0.000,-222654
17.360512208,143263331,3.305,-9.176,-0.617,0.000,0.000,0.000,-223354
17.366752417,143269552,3.305,-9.176,-0.617,0.000,0.000,0.000,-222060
17.370996625,143273773,3.305,-9.176,-0.617,0.000,0.000,0.000,-222681
17.37519075,143277994,3.305,-9.176,-0.617,0.000,0.000,0.000,-223256
17.37970075,143282215,3.305,-9.176,-0.617,0.000,0.000,0.000,-223067
17.385295083,143287436,3.305,-9.176,-0.617,0.000,0.000,0.000,-222970
17.387820625,143290657,3.266,-9.133,-0.578,0.000,0.000,0.000,-223028
17.390153292,143292877,3.266,-9.133,-0.578,0.000,0.000,0.000,-222282
17.39435875,143297097,3.266,-9.133,-0.578,0.000,0.000,0.000,-223115
17.398685125,143301317,3.266,-9.133,-0.578,0.000,0.000,0.000,-222279
17.403007167,143305537,3.266,-9.133,-0.578,0.000,0.000,0.000,-222126
17.406916667,143309758,3.266,-9.133,-0.578,0.000,0.000,0.000,-222799
17.410194083,143312979,3.266,-9.133,-0.578,0.000,0.000,0.000,-223703
17.414593792,143317200,3.266,-9.133,-0.578,0.000,0.000,0.000,-222921
17.417689875,143320421,3.266,-9.133,-0.578,0.000,0.000,0.000,-222203
17.424484958,143326626,3.266,-9.133,-0.578,0.000,0.000,0.000,-222203
17.428067375,143330846,3.266,-9.133,-0.578,0.000,0.000,0.000,-223164
17.432282583,143335066,3.266,-9.133,-0.578,0.000,0.000,0.000,-222612
17.437838792,143340287,3.266,-9.133,-0.578,0.000,0.000,0.000,-222908
17.441778125,143344507,3.266,-9.133,-0.578,0.000,0.000,0.000,-223035
17.4459665,143348728,3.266,-9.133,-0.617,0.000,0.000,0.000,-223442
17.448127917,143350949,3.266,-9.133,-0.617,0.000,0.000,0.000,-223124
17.454088042,143356169,3.266,-9.133,-0.617,0.000,0.000,0.000,-222738
17.457591292,143360389,3.266,-9.133,-0.617,0.000,0.000,0.000,-222966
17.461865917,143364609,3.266,-9.133,-0.617,0.000,0.000,0.000,-223081
17.466057,143368829,3.266,-9.133,-0.617,0.000,0.000,0.000,-223278
17.469315458,143372049,3.266,-9.176,-0.617,0.000,0.000,0.000,-222963
17.472585375,143375269,3.266,-9.176,-0.617,0.000,0.000,0.000,-222974
17.477948375,143380490,3.266,-9.176,-0.617,0.000,0.000,0.000,-222847
17.483217083,143385710,3.266,-9.176,-0.617,0.000,0.000,0.000,-223264
17.487467792,143389931,3.266,-9.176,-0.617,0.000,0.000,0.000,-222538
17.492347333,143395151,3.266,-9.176,-0.617,0.000,0.000,0.000,-223756
17.497624167,143400372,3.266,-9.176,-0.617,0.000,0.000,0.000,-222748
17.502835,143405592,3.266,-9.172,-0.691,0.000,0.000,0.000,-222885
17.50625,143408813,3.266,-9.172,-0.691,0.000,0.000,0.000,-222054
17.512524417,143415033,3.266,-9.172,-0.691,0.000,0.000,0.000,-223154
17.516766208,143419254,3.266,-9.172,-0.691,0.000,0.000,0.000,-222419
17.520744542,143423474,3.266,-9.172,-0.691,0.000,0.000,0.000,-222875
17.526894125,143429695,3.266,-9.172,-0.691,0.000,0.000,0.000,-222706
17.531078792,143433916,3.266,-9.172,-0.691,0.000,0.000,0.000,-222263
17.535361417,143438137,3.266,-9.133,-0.617,0.000,0.000,0.000,-222676
17.537585708,143440357,3.266,-9.133,-0.617,0.000,0.000,0.000,-222287
17.542876875,143445578,3.266,-9.133,-0.617,0.000,0.000,0.000,-223205
17.548135083,143450800,3.266,-9.133,-0.617,0.000,0.000,0.000,-222542
17.553715,143455021,3.266,-9.133,-0.617,0.000,0.000,0.000,-223232
17.557429083,143460242,3.266,-9.133,-0.617,0.000,0.000,0.000,-223138
17.561693083,143464462,3.266,-9.133,-0.617,0.000,0.000,0.000,-222968
17.565929917,143468667,3.266,-9.133,-0.617,0.000,0.000,0.000,-222968
17.568151,143470887,3.266,-9.133,-0.617,0.000,0.000,0.000,-222946
17.575564667,143478107,3.266,-9.133,-0.617,0.000,0.000,0.000,-222394
17.579857542,143482327,3.266,-9.133,-0.617,0.000,0.000,0.000,-223337
17.585074958,143487547,3.266,-9.133,-0.617,0.000,0.000,0.000,-222243
17.589968917,143492767,3.266,-9.133,-0.617,0.000,0.000,0.000,-223135
17.595237083,143497987,3.227,-9.137,-0.578,0.000,0.000,0.000,-223425
17.598438792,143501208,3.227,-9.137,-0.578,0.000,0.000,0.000,-221990
17.604794458,143507429,3.227,-9.137,-0.578,0.000,0.000,0.000,-222196
17.609098333,143511649,3.227,-9.137,-0.578,0.000,0.000,0.000,-223205
17.613359625,143515871,3.227,-9.137,-0.578,0.000,0.000,0.000,-222946
17.617564083,143520091,3.227,-9.137,-0.578,0.000,0.000,0.000,-222768
17.622609083,143524312,3.227,-9.137,-0.578,0.000,0.000,0.000,-222201
17.626788375,143529532,3.227,-9.172,-0.656,0.000,0.000,0.000,-222651
17.630058958,143532753,3.227,-9.172,-0.656,0.000,0.000,0.000,-222428
17.635523833,143537976,3.227,-9.172,-0.656,0.000,0.000,0.000,-223090
17.640407333,143543197,3.227,-9.172,-0.656,0.000,0.000,0.000,-223526
17.644679708,143547417,3.227,-9.172,-0.656,0.000,0.000,0.000,-222612
17.64889775,143551638,3.227,-9.172,-0.656,0.000,0.000,0.000,-223027
17.652100625,143554859,3.227,-9.172,-0.656,0.000,0.000,0.000,-222438
17.65637775,143559080,3.266,-9.133,-0.617,0.000,0.000,0.000,-222419
17.659570167,143562301,3.266,-9.133,-0.617,0.000,0.000,0.000,-222305
17.665729083,143568522,3.266,-9.133,-0.617,0.000,0.000,0.000,-223475
17.6701195,143572743,3.266,-9.133,-0.617,0.000,0.000,0.000,-223029
17.674291083,143576963,3.266,-9.133,-0.617,0.000,0.000,0.000,-223081
17.678398,143581184,3.266,-9.133,-0.617,0.000,0.000,0.000,-223894
17.682639292,143585404,3.266,-9.133,-0.617,0.000,0.000,0.000,-222482
17.687467208,143589625,3.266,-9.133,-0.539,0.000,0.000,0.000,-222665
17.689049625,143591846,3.266,-9.133,-0.539,0.000,0.000,0.000,-222980
17.693292292,143596067,3.266,-9.133,-0.539,0.000,0.000,0.000,-223096
17.69747025,143600287,3.266,-9.133,-0.539,0.000,0.000,0.000,-223166
17.701796167,143604507,3.266,-9.133,-0.539,0.000,0.000,0.000,-222551
17.707058208,143609727,3.266,-9.133,-0.539,0.000,0.000,0.000,-221870
17.71240025,143614948,3.266,-9.133,-0.656,0.000,0.000,0.000,-223391
17.715645667,143618168,3.266,-9.133,-0.656,0.000,0.000,0.000,-222742
17.72136425,143623388,3.266,-9.133,-0.656,0.000,0.000,0.000,-221993
17.725836792,143628608,3.266,-9.133,-0.656,0.000,0.000,0.000,-222714
17.730047333,143632830,3.266,-9.133,-0.656,0.000,0.000,0.000,-223178
17.735305375,143638051,3.266,-9.176,-0.500,0.000,0.000,0.000,-222153
17.737409625,143640271,3.266,-9.176,-0.500,0.000,0.000,0.000,-222303
17.742638417,143645492,3.266,-9.176,-0.500,0.000,0.000,0.000,-222416
17.746907417,143649713,3.266,-9.176,-0.500,0.000,0.000,0.000,-223305
17.750105542,143652933,3.266,-9.176,-0.500,0.000,0.000,0.000,-222498
17.755321083,143658154,3.266,-9.176,-0.500,0.000,0.000,0.000,-222082
17.760581417,143663375,3.266,-9.176,-0.617,0.000,0.000,0.000,-222961
17.763893042,143666596,3.266,-9.176,-0.617,0.000,0.000,0.000,-222777
17.7701475,143672817,3.266,-9.176,-0.617,0.000,0.000,0.000,-222509
17.774489917,143677037,3.266,-9.176,-0.617,0.000,0.000,0.000,-222915
17.777586667,143680257,3.266,-9.176,-0.617,0.000,0.000,0.000,-222627
17.783083917,143685478,3.266,-9.176,-0.617,0.000,0.000,0.000,-223691
17.786963125,143689698,3.266,-9.133,-0.617,0.000,0.000,0.000,-223079
17.789083125,143691919,3.266,-9.133,-0.617,0.000,0.000,0.000,-222025
17.793371,143696139,3.266,-9.133,-0.617,0.000,0.000,0.000,-223992
17.797781583,143700360,3.266,-9.133,-0.617,0.000,0.000,0.000,-222807
17.801926458,143704581,3.266,-9.133,-0.617,0.000,0.000,0.000,-221805
17.807262625,143709802,3.266,-9.133,-0.617,0.000,0.000,0.000,-222785
17.812496958,143715025,3.266,-9.133,-0.617,0.000,0.000,0.000,-222516
17.816540542,143719245,3.266,-9.176,-0.578,0.000,0.000,0.000,-222612
17.820102167,143722465,3.266,-9.176,-0.578,0.000,0.000,0.000,-222893
17.827883042,143730686,3.266,-9.176,-0.578,0.000,0.000,0.000,-222790
17.833123375,143735906,3.266,-9.176,-0.578,0.000,0.000,0.000,-222916
17.837344875,143740127,3.266,-9.176,-0.578,0.000,0.000,0.000,-223100
17.842539292,143745347,3.266,-9.176,-0.578,0.000,0.000,0.000,-222820
17.848043917,143750568,3.266,-9.176,-0.578,0.000,0.000,0.000,-222552
17.8527155,143754789,3.227,-9.172,-0.656,0.000,0.000,0.000,-223082
17.855633625,143758009,3.227,-9.172,-0.656,0.000,0.000,0.000,-222397
17.860446125,143763229,3.227,-9.172,-0.656,0.000,0.000,0.000,-222991
17.865692167,143768450,3.227,-9.172,-0.656,0.000,0.000,0.000,-223233
17.869867583,143772671,3.227,-9.172,-0.656,0.000,0.000,0.000,-222044
17.875122333,143777892,3.227,-9.172,-0.656,0.000,0.000,0.000,-223069
17.880307292,143783112,3.227,-9.098,-0.656,0.000,0.000,0.000,-223182
17.883595458,143786332,3.227,-9.098,-0.656,0.000,0.000,0.000,-222815
17.888934458,143791553,3.227,-9.098,-0.656,0.000,0.000,0.000,-223059
17.892999208,143795773,3.227,-9.098,-0.656,0.000,0.000,0.000,-223145
17.89831525,143800994,3.227,-9.098,-0.656,0.000,0.000,0.000,-222600
17.902452792,143805215,3.227,-9.098,-0.656,0.000,0.000,0.000,-222517
17.907677208,143810435,3.227,-9.098,-0.656,0.000,0.000,0.000,-222751
17.911923042,143814655,3.266,-9.133,-0.578,0.000,0.000,0.000,-223334
17.915118125,143817876,3.266,-9.133,-0.578,0.000,0.000,0.000,-222471
17.920415958,143823096,3.266,-9.133,-0.578,0.000,0.000,0.000,-221882
17.925550542,143828317,3.266,-9.133,-0.578,0.000,0.000,0.000,-222279
17.929768708,143832538,3.266,-9.133,-0.578,0.000,0.000,0.000,-223372
17.934937958,143837759,3.266,-9.133,-0.578,0.000,0.000,0.000,-222397
17.940141958,143842980,3.266,-9.133,-0.578,0.000,0.000,0.000,-222076
17.945372917,143848201,3.266,-9.133,-0.578,0.000,0.000,0.000,-222179
17.9486325,143851422,3.266,-9.133,-0.578,0.000,0.000,0.000,-223986
17.95389525,143856643,3.266,-9.133,-0.578,0.000,0.000,0.000,-222764
17.958127125,143860865,3.266,-9.133,-0.578,0.000,0.000,0.000,-222905
17.962285042,143865086,3.266,-9.133,-0.578,0.000,0.000,0.000,-222935
17.9665995,143869307,3.266,-9.133,-0.578,0.000,0.000,0.000,-223156
17.970861208,143873530,3.266,-9.133,-0.578,0.000,0.000,0.000,-223034
17.974935958,143877751,3.266,-9.133,-0.578,0.000,0.000,0.000,-223684
17.978146542,143880972,3.266,-9.133,-0.578,0.000,0.000,0.000,-222689
17.98442325,143887193,3.266,-9.133,-0.578,0.000,0.000,0.000,-222968
17.989675792,143891414,3.266,-9.133,-0.578,0.000,0.000,0.000,-222736
17.99279675,143895634,3.266,-9.133,-0.578,0.000,0.000,0.000,-223093
17.997032083,143899855,3.266,-9.133,-0.578,0.000,0.000,0.000,-222530
18.00029425,143903075,3.266,-9.133,-0.578,0.000,0.000,0.000,-222724
18.005592458,143908295,3.227,-9.172,-0.578,0.000,0.000,0.000,-223461
18.007738167,143910515,3.227,-9.172,-0.578,0.000,0.000,0.000,-222638
18.013153917,143915736,3.227,-9.172,-0.578,0.000,0.000,0.000,-222775
18.018729625,143920956,3.227,-9.172,-0.578,0.000,0.000,0.000,-222484
18.022419292,143925177,3.227,-9.172,-0.578,0.000,0.000,0.000,-222179
18.027602417,143930398,3.227,-9.172,-0.578,0.000,0.000,0.000,-223156
18.031861667,143934621,3.227,-9.172,-0.578,0.000,0.000,0.000,-223498
18.036058667,143938842,3.266,-9.133,-0.617,0.000,0.000,0.000,-222771
18.0392655,143942062,3.266,-9.133,-0.617,0.000,0.000,0.000,-222998
18.04555425,143948282,3.266,-9.133,-0.617,0.000,0.000,0.000,-223484
18.049733833,143952502,3.266,-9.133,-0.617,0.000,0.000,0.000,-222916
18.054178375,143956722,3.266,-9.133,-0.617,0.000,0.000,0.000,-222931
18.059187125,143961942,3.266,-9.133,-0.617,0.000,0.000,0.000,-223680
18.063376083,143966162,3.266,-9.133,-0.617,0.000,0.000,0.000,-223171
18.068589083,143971383,3.227,-9.172,-0.578,0.000,0.000,0.000,-222957
18.071720792,143974604,3.227,-9.172,-0.578,0.000,0.000,0.000,-222762
18.076959,143979826,3.227,-9.172,-0.578,0.000,0.000,0.000,-222946
18.081161792,143984047,3.227,-9.172,-0.578,0.000,0.000,0.000,-223206
18.088379125,143991268,3.227,-9.172,-0.578,0.000,0.000,0.000,-222740
18.092570333,143995488,3.227,-9.172,-0.578,0.000,0.000,0.000,-223602
18.0967755,143999709,3.227,-9.172,-0.578,0.000,0.000,0.000,-222986
18.101002833,144003930,3.266,-9.176,-0.539,0.000,0.000,0.000,-222958
18.104204417,144007150,3.266,-9.176,-0.539,0.000,0.000,0.000,-222497
18.110500083,144013370,3.266,-9.176,-0.539,0.000,0.000,0.000,-224324
18.114648125,144017575,3.266,-9.176,-0.539,0.000,0.000,0.000,-224324
18.117941292,144020795,3.266,-9.176,-0.539,0.000,0.000,0.000,-222563
18.122153708,144025016,3.266,-9.176,-0.539,0.000,0.000,0.000,-222930
18.126312625,144029237,3.266,-9.176,-0.539,0.000,0.000,0.000,-222740
18.130583,144033458,3.305,-9.176,-0.617,0.000,0.000,0.000,-223441
18.13280475,144035679,3.305,-9.176,-0.617,0.000,0.000,0.000,-222340
18.138066375,144040900,3.305,-9.176,-0.617,0.000,0.000,0.000,-223456
18.142208375,144045120,3.305,-9.176,-0.617,0.000,0.000,0.000,-223237
18.146502375,144049341,3.305,-9.176,-0.617,0.000,0.000,0.000,-222747
18.150700458,144053562,3.305,-9.176,-0.617,0.000,0.000,0.000,-222786
18.155880792,144058782,3.305,-9.176,-0.617,0.000,0.000,0.000,-222900
18.160173083,144063003,3.227,-9.137,-0.617,0.000,0.000,0.000,-223475
18.163384542,144066224,3.227,-9.137,-0.617,0.000,0.000,0.000,-222551
18.169569042,144072444,3.227,-9.137,-0.617,0.000,0.000,0.000,-222954
18.173823875,144076665,3.227,-9.137,-0.617,0.000,0.000,0.000,-223434
18.177051,144079885,3.227,-9.137,-0.617,0.000,0.000,0.000,-223320
18.181196458,144084106,3.227,-9.137,-0.617,0.000,0.000,0.000,-223126
18.185538917,144088327,3.227,-9.137,-0.617,0.000,0.000,0.000,-223052
18.189882875,144092548,3.305,-9.133,-0.656,0.000,0.000,0.000,-222418
18.192944292,144095768,3.305,-9.133,-0.656,0.000,0.000,0.000,-222769
18.198167708,144100989,3.305,-9.133,-0.656,0.000,0.000,0.000,-223170
18.202373375,144105209,3.305,-9.133,-0.656,0.000,0.000,0.000,-222079
18.207613833,144110430,3.305,-9.133,-0.656,0.000,0.000,0.000,-223173
18.211835667,144114651,3.305,-9.133,-0.656,0.000,0.000,0.000,-222597
18.216014458,144118872,3.305,-9.133,-0.656,0.000,0.000,0.000,-223263
18.220319542,144123093,3.266,-9.176,-0.617,0.000,0.000,0.000,-222133
18.223466083,144126313,3.266,-9.176,-0.617,0.000,0.000,0.000,-223042
18.22874425,144131534,3.266,-9.176,-0.617,0.000,0.000,0.000,-223387
18.232922625,144135755,3.266,-9.176,-0.617,0.000,0.000,0.000,-222073
18.238119583,144140976,3.266,-9.176,-0.617,0.000,0.000,0.000,-221875
18.242378083,144145197,3.266,-9.176,-0.617,0.000,0.000,0.000,-223468
18.2476155,144150418,3.266,-9.176,-0.617,0.000,0.000,0.000,-223377
18.25085675,144153639,3.266,-9.176,-0.578,0.000,0.000,0.000,-222702
18.256057375,144158861,3.266,-9.176,-0.578,0.000,0.000,0.000,-222709
18.260243958,144163082,3.266,-9.176,-0.578,0.000,0.000,0.000,-224025
18.265526333,144168303,3.266,-9.176,-0.578,0.000,0.000,0.000,-222177
18.269765833,144172524,3.266,-9.176,-0.578,0.000,0.000,0.000,-223022
18.273926833,144176745,3.266,-9.176,-0.578,0.000,0.000,0.000,-222804
18.27812675,144180965,3.227,-9.137,-0.656,0.000,0.000,0.000,-222810
18.281339875,144184186,3.227,-9.137,-0.656,0.000,0.000,0.000,-222542
18.287633833,144190407,3.227,-9.137,-0.656,0.000,0.000,0.000,-222110
18.291846875,144194627,3.227,-9.137,-0.656,0.000,0.000,0.000,-223869
18.296033792,144198848,3.227,-9.137,-0.656,0.000,0.000,0.000,-223241
18.300284083,144203068,3.227,-9.137,-0.656,0.000,0.000,0.000,-221739
18.305523167,144208288,3.227,-9.137,-0.656,0.000,0.000,0.000,-222298
18.309692875,144212508,3.227,-9.137,-0.617,0.000,0.000,0.000,-223839
18.312897792,144215728,3.227,-9.137,-0.617,0.000,0.000,0.000,-223105
18.318231833,144220948,3.227,-9.137,-0.617,0.000,0.000,0.000,-222752
18.322412917,144225169,3.227,-9.137,-0.617,0.000,0.000,0.000,-222723
18.327635,144230390,3.227,-9.137,-0.617,0.000,0.000,0.000,-224273
18.332067375,144234611,3.227,-9.137,-0.617,0.000,0.000,0.000,-223481
18.336027125,144238832,3.227,-9.137,-0.617,0.000,0.000,0.000,-221862
18.34024025,144243053,3.227,-9.137,-0.617,0.000,0.000,0.000,-222124
18.343541417,144246274,3.227,-9.137,-0.617,0.000,0.000,0.000,-223097
18.350831,144253495,3.227,-9.137,-0.617,0.000,0.000,0.000,-223163
18.354992542,144257715,3.227,-9.137,-0.617,0.000,0.000,0.000,-222609
18.358158833,144260936,3.227,-9.137,-0.617,0.000,0.000,0.000,-222889
18.362356667,144265141,3.227,-9.137,-0.617,0.000,0.000,0.000,-222889
18.366931292,144269361,3.227,-9.137,-0.617,0.000,0.000,0.000,-222594
18.369783458,144272581,3.227,-9.137,-0.617,0.000,0.000,0.000,-223062
18.372019292,144274801,3.227,-9.137,-0.617,0.000,0.000,0.000,-222328
18.376230583,144279021,3.227,-9.137,-0.617,0.000,0.000,0.000,-223241
18.380541833,144283242,3.227,-9.137,-0.617,0.000,0.000,0.000,-222753
18.386204333,144288463,3.227,-9.137,-0.617,0.000,0.000,0.000,-222440
18.390250542,144292684,3.227,-9.137,-0.617,0.000,0.000,0.000,-222752
18.39413975,144296904,3.227,-9.137,-0.617,0.000,0.000,0.000,-222110
18.397349542,144300125,3.266,-9.094,-0.617,0.000,0.000,0.000,-222554
18.3996165,144302346,3.266,-9.094,-0.617,0.000,0.000,0.000,-222328
18.40479425,144307566,3.266,-9.094,-0.617,0.000,0.000,0.000,-222973
18.410041375,144312787,3.266,-9.094,-0.617,0.000,0.000,0.000,-223745
18.413213958,144316007,3.266,-9.094,-0.617,0.000,0.000,0.000,-222924
18.417486417,144320227,3.266,-9.094,-0.617,0.000,0.000,0.000,-223242
18.422303167,144324448,3.266,-9.094,-0.617,0.000,0.000,0.000,-222766
18.425849958,144328668,3.266,-9.133,-0.656,0.000,0.000,0.000,-222843
18.4281015,144330889,3.266,-9.133,-0.656,0.000,0.000,0.000,-223989
18.433400542,144336110,3.266,-9.133,-0.656,0.000,0.000,0.000,-222435
18.437543542,144340330,3.266,-9.133,-0.656,0.000,0.000,0.000,-222694
18.440782375,144343551,3.266,-9.133,-0.656,0.000,0.000,0.000,-223043
18.44613225,144348771,3.266,-9.133,-0.656,0.000,0.000,0.000,-223860
18.450228917,144352992,3.266,-9.133,-0.656,0.000,0.000,0.000,-223265
18.453418875,144356213,3.305,-9.176,-0.617,0.000,0.000,0.000,-222600
18.458881667,144361435,3.305,-9.176,-0.617,0.000,0.000,0.000,-223228
18.46287025,144365656,3.305,-9.176,-0.617,0.000,0.000,0.000,-222935
18.4681135,144370876,3.305,-9.176,-0.617,0.000,0.000,0.000,-222747
18.472264375,144375096,3.227,-9.137,-0.656,0.000,0.000,0.000,-223055
18.475534542,144378316,3.227,-9.137,-0.656,0.000,0.000,0.000,-222737
18.480823583,144383536,3.227,-9.137,-0.656,0.000,0.000,0.000,-222977
18.48651675,144388756,3.227,-9.137,-0.656,0.000,0.000,0.000,-222317
18.490136167,144392976,3.227,-9.137,-0.656,0.000,0.000,0.000,-222662
18.495421417,144398196,3.227,-9.137,-0.656,0.000,0.000,0.000,-223269
18.500691542,144403417,3.227,-9.137,-0.656,0.000,0.000,0.000,-222734
18.505953292,144408637,3.266,-9.133,-0.578,0.000,0.000,0.000,-222550
18.508108708,144410859,3.266,-9.133,-0.578,0.000,0.000,0.000,-222592
18.51373125,144416079,3.266,-9.133,-0.578,0.000,0.000,0.000,-222485
18.517667667,144420299,3.266,-9.133,-0.578,0.000,0.000,0.000,-222334
18.522783042,144425519,3.266,-9.133,-0.578,0.000,0.000,0.000,-222319
18.527977583,144430739,3.266,-9.133,-0.578,0.000,0.000,0.000,-223096
18.532197625,144434959,3.266,-9.133,-0.578,0.000,0.000,0.000,-222796
18.536369208,144439179,3.266,-9.133,-0.617,0.000,0.000,0.000,-222396
18.538660458,144441400,3.266,-9.133,-0.617,0.000,0.000,0.000,-222428
18.543999,144446621,3.266,-9.133,-0.617,0.000,0.000,0.000,-222940
18.548305958,144450842,3.266,-9.133,-0.617,0.000,0.000,0.000,-223126
18.551527917,144454064,3.266,-9.133,-0.617,0.000,0.000,0.000,-223066
18.556554667,144459285,3.266,-9.133,-0.617,0.000,0.000,0.000,-223372
18.561800792,144464506,3.266,-9.133,-0.617,0.000,0.000,0.000,-223277
18.567002333,144469727,3.266,-9.133,-0.617,0.000,0.000,0.000,-222281
18.570181375,144472948,3.266,-9.133,-0.617,0.000,0.000,0.000,-223300
18.575755458,144478169,3.266,-9.133,-0.617,0.000,0.000,0.000,-222773
18.579897083,144482390,3.266,-9.133,-0.617,0.000,0.000,0.000,-222393
18.583084125,144485611,3.266,-9.133,-0.617,0.000,0.000,0.000,-223045
18.588337417,144490831,3.266,-9.133,-0.617,0.000,0.000,0.000,-222700
18.592219958,144495052,3.227,-9.137,-0.578,0.000,0.000,0.000,-222808
18.595509333,144498273,3.227,-9.137,-0.578,0.000,0.000,0.000,-223398
18.600779542,144503494,3.227,-9.137,-0.578,0.000,0.000,0.000,-222238
18.608180875,144510714,3.227,-9.137,-0.578,0.000,0.000,0.000,-223026
18.611394042,144513934,3.227,-9.137,-0.578,0.000,0.000,0.000,-223265
18.615624375,144518156,3.227,-9.137,-0.578,0.000,0.000,0.000,-222561
18.618843917,144521376,3.266,-9.176,-0.617,0.000,0.000,0.000,-222732
18.623793125,144526597,3.266,-9.176,-0.617,0.000,0.000,0.000,-223343
18.628042375,144530819,3.266,-9.176,-0.617,0.000,0.000,0.000,-223759
18.63224925,144535039,3.266,-9.176,-0.617,0.000,0.000,0.000,-222828
18.636504042,144539260,3.266,-9.176,-0.617,0.000,0.000,0.000,-222301
18.6406935,144543481,3.266,-9.176,-0.617,0.000,0.000,0.000,-222895
18.645952792,144548702,3.266,-9.133,-0.539,0.000,0.000,0.000,-223431
18.649109208,144551922,3.266,-9.133,-0.539,0.000,0.000,0.000,-222647
18.654389708,144557143,3.266,-9.133,-0.539,0.000,0.000,0.000,-222865
18.658614458,144561363,3.266,-9.133,-0.539,0.000,0.000,0.000,-222665
18.66280375,144565583,3.266,-9.133,-0.539,0.000,0.000,0.000,-223231
18.668243583,144570803,3.266,-9.133,-0.539,0.000,0.000,0.000,-223275
18.672242167,144575024,3.266,-9.133,-0.539,0.000,0.000,0.000,-223568
18.676466792,144579244,3.227,-9.137,-0.656,0.000,0.000,0.000,-222562
18.678701875,144581465,3.227,-9.137,-0.656,0.000,0.000,0.000,-222979
18.682941,144585685,3.227,-9.137,-0.656,0.000,0.000,0.000,-222408
18.688410417,144590905,3.227,-9.137,-0.656,0.000,0.000,0.000,-222594
18.691592875,144594125,3.227,-9.137,-0.656,0.000,0.000,0.000,-222539
18.695627083,144598345,3.227,-9.137,-0.656,0.000,0.000,0.000,-223372
18.698832958,144601565,3.227,-9.137,-0.656,0.000,0.000,0.000,-222586
18.703371083,144605786,3.227,-9.172,-0.656,0.000,0.000,0.000,-222948
18.706471833,144609006,3.227,-9.172,-0.656,0.000,0.000,0.000,-222622
18.712714792,144615226,3.227,-9.172,-0.656,0.000,0.000,0.000,-223965
18.716976792,144619447,3.227,-9.172,-0.656,0.000,0.000,0.000,-222098
18.721277417,144623667,3.227,-9.172,-0.656,0.000,0.000,0.000,-222482
18.726523042,144628888,3.227,-9.172,-0.656,0.000,0.000,0.000,-222528
18.730457917,144633108,3.227,-9.172,-0.656,0.000,0.000,0.000,-222826
18.734662208,144637328,3.305,-9.133,-0.500,0.000,0.000,0.000,-222086
18.738018958,144640548,3.305,-9.133,-0.500,0.000,0.000,0.000,-222730
18.745267583,144647769,3.305,-9.133,-0.500,0.000,0.000,0.000,-222632
18.749739083,144651990,3.305,-9.133,-0.500,0.000,0.000,0.000,-222786
18.753508833,144656211,3.305,-9.133,-0.500,0.000,0.000,0.000,-222891
18.757590958,144660432,3.305,-9.133,-0.500,0.000,0.000,0.000,-222607
18.761934875,144664654,3.305,-9.133,-0.500,0.000,0.000,0.000,-223025
18.766095583,144668874,3.227,-9.137,-0.617,0.000,0.000,0.000,-222208
18.76833975,144671094,3.227,-9.137,-0.617,0.000,0.000,0.000,-222954
18.77359925,144676314,3.227,-9.137,-0.617,0.000,0.000,0.000,-223036
18.777890542,144680535,3.227,-9.137,-0.617,0.000,0.000,0.000,-223263
18.781217208,144683755,3.227,-9.137,-0.617,0.000,0.000,0.000,-223202
18.787491917,144688976,3.227,-9.137,-0.617,0.000,0.000,0.000,-223283
18.790766,144693196,3.227,-9.137,-0.617,0.000,0.000,0.000,-222291
18.7936595,144696416,3.191,-9.133,-0.578,0.000,0.000,0.000,-223653
18.79891625,144701638,3.191,-9.133,-0.578,0.000,0.000,0.000,-223352
18.803099,144705858,3.191,-9.133,-0.578,0.000,0.000,0.000,-222314
18.80853875,144711079,3.191,-9.133,-0.578,0.000,0.000,0.000,-222818
18.813943708,144716299,3.191,-9.133,-0.578,0.000,0.000,0.000,-223046
18.8192515,144721520,3.227,-9.172,-0.578,0.000,0.000,0.000,-222308
18.822153625,144724740,3.227,-9.172,-0.578,0.000,0.000,0.000,-222958
18.828184333,144730961,3.227,-9.172,-0.578,0.000,0.000,0.000,-222679
18.832403333,144735182,3.227,-9.172,-0.578,0.000,0.000,0.000,-222476
18.836625042,144739402,3.227,-9.172,-0.578,0.000,0.000,0.000,-222693
18.840846083,144743622,3.227,-9.172,-0.578,0.000,0.000,0.000,-222700
18.846058833,144748843,3.266,-9.094,-0.656,0.000,0.000,0.000,-223401
18.848346542,144751063,3.266,-9.094,-0.656,0.000,0.000,0.000,-222835
18.855536083,144758283,3.266,-9.094,-0.656,0.000,0.000,0.000,-222561
18.859706458,144762503,3.266,-9.133,-0.578,0.000,0.000,0.000,-223731
18.861893917,144764723,3.266,-9.133,-0.578,0.000,0.000,0.000,-222709
18.86614825,144768944,3.266,-9.133,-0.578,0.000,0.000,0.000,-222103
18.87036825,144773165,3.266,-9.133,-0.578,0.000,0.000,0.000,-222523
18.873629958,144776385,3.266,-9.133,-0.578,0.000,0.000,0.000,-223462
18.87784325,144780605,3.266,-9.133,-0.578,0.000,0.000,0.000,-223381
18.882033958,144784826,3.266,-9.133,-0.578,0.000,0.000,0.000,-222806
18.886449042,144789047,3.227,-9.172,-0.617,0.000,0.000,0.000,-223112
18.888505292,144791268,3.227,-9.172,-0.617,0.000,0.000,0.000,-222322
18.893860458,144796489,3.227,-9.172,-0.617,0.000,0.000,0.000,-223132
18.897961375,144800709,3.227,-9.172,-0.617,0.000,0.000,0.000,-223422
18.901153708,144803930,3.227,-9.172,-0.617,0.000,0.000,0.000,-222504
18.906458875,144809150,3.227,-9.172,-0.617,0.000,0.000,0.000,-222887
18.910593958,144813370,3.227,-9.172,-0.617,0.000,0.000,0.000,-223576
18.913809667,144816591,3.227,-9.137,-0.656,0.000,0.000,0.000,-222909
18.920023625,144821812,3.227,-9.137,-0.656,0.000,0.000,0.000,-222221
18.92331225,144826033,3.227,-9.137,-0.656,0.000,0.000,0.000,-222774
18.928472042,144831253,3.227,-9.137,-0.656,0.000,0.000,0.000,-222476
18.932721625,144835474,3.227,-9.137,-0.656,0.000,0.000,0.000,-223163
18.936892208,144839694,3.227,-9.137,-0.656,0.000,0.000,0.000,-223378
18.941086333,144843915,3.266,-9.094,-0.617,0.000,0.000,0.000,-222971
18.944338708,144847135,3.266,-9.094,-0.617,0.000,0.000,0.000,-223248
18.95154375,144853355,3.266,-9.094,-0.617,0.000,0.000,0.000,-222712
18.9548495,144857576,3.266,-9.094,-0.617,0.000,0.000,0.000,-222923
18.958057042,144860796,3.266,-9.094,-0.617,0.000,0.000,0.000,-222082
18.963281625,144866017,3.266,-9.094,-0.617,0.000,0.000,0.000,-223142
18.96738475,144870238,3.227,-9.137,-0.617,0.000,0.000,0.000,-223212
18.969733,144872458,3.227,-9.137,-0.617,0.000,0.000,0.000,-222535
18.976135542,144878679,3.227,-9.137,-0.617,0.000,0.000,0.000,-223040
18.980054417,144882900,3.227,-9.137,-0.617,0.000,0.000,0.000,-223313
18.984359083,144887121,3.227,-9.137,-0.617,0.000,0.000,0.000,-222835
18.988902833,144891341,3.227,-9.137,-0.617,0.000,0.000,0.000,-222931
18.993787292,144896562,3.227,-9.137,-0.617,0.000,0.000,0.000,-224042
18.998019542,144900783,3.266,-9.133,-0.578,0.000,0.000,0.000,-223040
19.001236958,144904003,3.266,-9.133,-0.578,0.000,0.000,0.000,-222951
19.007464625,144910223,3.266,-9.133,-0.578,0.000,0.000,0.000,-223144
19.011829208,144914444,3.266,-9.133,-0.578,0.000,0.000,0.000,-223287
19.016176958,144918665,3.266,-9.133,-0.578,0.000,0.000,0.000,-222296
19.021904708,144923886,3.266,-9.133,-0.578,0.000,0.000,0.000,-221858
19.025310917,144928107,3.266,-9.133,-0.578,0.000,0.000,0.000,-223093
19.029554292,144932327,3.266,-9.176,-0.578,0.000,0.000,0.000,-223569
19.032758167,144935548,3.266,-9.176,-0.578,0.000,0.000,0.000,-223790
19.038999292,144941769,3.266,-9.176,-0.578,0.000,0.000,0.000,-221864
19.043225958,144945990,3.266,-9.176,-0.578,0.000,0.000,0.000,-222586
19.048438583,144951211,3.266,-9.176,-0.578,0.000,0.000,0.000,-223179
19.053672958,144956433,3.266,-9.176,-0.578,0.000,0.000,0.000,-222635
19.058968333,144961653,3.266,-9.133,-0.578,0.000,0.000,0.000,-222987
19.0621115,144964873,3.266,-9.133,-0.578,0.000,0.000,0.000,-223173
19.068421875,144971093,3.266,-9.133,-0.578,0.000,0.000,0.000,-222916
19.072497125,144975316,3.266,-9.133,-0.578,0.000,0.000,0.000,-222804
19.076724625,144979537,3.266,-9.133,-0.578,0.000,0.000,0.000,-223223
19.081028042,144983757,3.266,-9.133,-0.578,0.000,0.000,0.000,-222808
19.08733825,144988978,3.266,-9.133,-0.578,0.000,0.000,0.000,-222698
19.090414125,144993198,3.227,-9.137,-0.617,0.000,0.000,0.000,-222842
19.093677875,144996419,3.227,-9.137,-0.617,0.000,0.000,0.000,-223654
19.098931708,145001639,3.227,-9.137,-0.617,0.000,0.000,0.000,-223047
19.106334417,145008859,3.227,-9.137,-0.617,0.000,0.000,0.000,-222552
19.110556,145013079,3.227,-9.137,-0.617,0.000,0.000,0.000,-222950
19.114792083,145017300,3.227,-9.137,-0.617,0.000,0.000,0.000,-223244
19.119080375,145021520,3.227,-9.137,-0.617,0.000,0.000,0.000,-222522
19.123305833,145025740,3.266,-9.133,-0.539,0.000,0.000,0.000,-222674
19.126188,145028960,3.266,-9.133,-0.539,0.000,0.000,0.000,-222311
19.131459875,145034180,3.266,-9.133,-0.539,0.000,0.000,0.000,-223058
19.135694792,145038401,3.266,-9.133,-0.539,0.000,0.000,0.000,-222277
19.13998025,145042622,3.266,-9.133,-0.539,0.000,0.000,0.000,-223235
19.145317083,145047842,3.266,-9.133,-0.539,0.000,0.000,0.000,-222993
19.149671458,145052062,3.266,-9.133,-0.539,0.000,0.000,0.000,-222451
19.154903167,145056283,3.266,-9.176,-0.617,0.000,0.000,0.000,-223324
19.156738333,145059503,3.266,-9.176,-0.617,0.000,0.000,0.000,-223149
19.161953417,145064724,3.266,-9.176,-0.617,0.000,0.000,0.000,-223753
19.167206292,145069945,3.266,-9.176,-0.617,0.000,0.000,0.000,-222559
19.171432417,145074165,3.266,-9.176,-0.617,0.000,0.000,0.000,-222593
19.17573275,145078386,3.266,-9.176,-0.617,0.000,0.000,0.000,-222335
19.179361042,145081607,3.266,-9.176,-0.617,0.000,0.000,0.000,-222904
19.1833135,145085827,3.266,-9.133,-0.578,0.000,0.000,0.000,-222797
19.187039625,145089047,3.266,-9.133,-0.578,0.000,0.000,0.000,-222455
19.191445792,145094268,3.266,-9.133,-0.578,0.000,0.000,0.000,-222554
19.195742042,145098488,3.266,-9.133,-0.578,0.000,0.000,0.000,-223015
19.200143042,145102708,3.266,-9.133,-0.578,0.000,0.000,0.000,-222804
19.205285417,145107929,3.266,-9.133,-0.578,0.000,0.000,0.000,-222196
19.209644125,145112150,3.266,-9.133,-0.578,0.000,0.000,0.000,-222583
19.214390667,145116371,3.266,-9.094,-0.578,0.000,0.000,0.000,-223939
19.217055958,145119591,3.266,-9.094,-0.578,0.000,0.000,0.000,-222900
19.222454458,145124811,3.266,-9.094,-0.578,0.000,0.000,0.000,-222574
19.227225125,145130031,3.266,-9.094,-0.578,0.000,0.000,0.000,-223692
19.231505958,145134252,3.266,-9.094,-0.578,0.000,0.000,0.000,-222800
19.235711042,145138473,3.266,-9.094,-0.578,0.000,0.000,0.000,-221679
19.239912833,145142693,3.266,-9.094,-0.578,0.000,0.000,0.000,-222615
19.244145667,145146914,3.305,-9.133,-0.656,0.000,0.000,0.000,-222897
19.246370792,145149134,3.305,-9.133,-0.656,0.000,0.000,0.000,-223074
19.25160175,145154354,3.305,-9.133,-0.656,0.000,0.000,0.000,-223153
19.255817208,145158574,3.305,-9.133,-0.656,0.000,0.000,0.000,-223042
19.260033458,145162794,3.305,-9.133,-0.656,0.000,0.000,0.000,-223625
19.264234583,145167015,3.305,-9.133,-0.656,0.000,0.000,0.000,-222395
19.2694415,145172236,3.305,-9.133,-0.656,0.000,0.000,0.000,-222602
19.273716833,145176456,3.266,-9.133,-0.578,0.000,0.000,0.000,-222779
19.276884958,145179676,3.266,-9.133,-0.578,0.000,0.000,0.000,-223708
19.2831055,145185897,3.266,-9.133,-0.578,0.000,0.000,0.000,-223122
19.288339625,145191117,3.266,-9.133,-0.578,0.000,0.000,0.000,-222678
19.293597917,145196338,3.266,-9.133,-0.578,0.000,0.000,0.000,-223269
19.298830083,145201559,3.266,-9.133,-0.578,0.000,0.000,0.000,-222781
19.302993917,145205780,3.266,-9.133,-0.578,0.000,0.000,0.000,-222336
19.3073685,145210001,3.266,-9.176,-0.617,0.000,0.000,0.000,-223095
19.310421625,145213221,3.266,-9.176,-0.617,0.000,0.000,0.000,-223636
19.316788375,145219442,3.266,-9.176,-0.617,0.000,0.000,0.000,-222642
19.320914667,145223662,3.266,-9.176,-0.617,0.000,0.000,0.000,-222943
19.326129333,145228883,3.266,-9.176,-0.617,0.000,0.000,0.000,-222937
19.330307167,145233104,3.266,-9.176,-0.617,0.000,0.000,0.000,-222685
19.334516125,145237325,3.266,-9.176,-0.617,0.000,0.000,0.000,-223064
19.338796,145241546,3.266,-9.133,-0.617,0.000,0.000,0.000,-222722
19.341958958,145244766,3.266,-9.133,-0.617,0.000,0.000,0.000,-223447
19.3483675,145250987,3.266,-9.133,-0.617,0.000,0.000,0.000,-223385
19.35375975,145255208,3.266,-9.133,-0.617,0.000,0.000,0.000,-222117
19.357615417,145260428,3.266,-9.133,-0.617,0.000,0.000,0.000,-223002
19.3618125,145264648,3.266,-9.133,-0.617,0.000,0.000,0.000,-223223
19.367092417,145269869,3.266,-9.133,-0.617,0.000,0.000,0.000,-222726
19.371323042,145274090,3.266,-9.133,-0.500,0.000,0.000,0.000,-222746
19.373538625,145276311,3.266,-9.133,-0.500,0.000,0.000,0.000,-222920
19.377714583,145280532,3.266,-9.133,-0.500,0.000,0.000,0.000,-223348
19.381946375,145284753,3.266,-9.133,-0.500,0.000,0.000,0.000,-223388
19.387169875,145289974,3.266,-9.133,-0.500,0.000,0.000,0.000,-222377
19.391431333,145294195,3.266,-9.133,-0.500,0.000,0.000,0.000,-222513
19.395630292,145298415,3.266,-9.133,-0.500,0.000,0.000,0.000,-223216
19.398860542,145301635,3.266,-9.176,-0.539,0.000,0.000,0.000,-223009
19.40109425,145303856,3.266,-9.176,-0.539,0.000,0.000,0.000,-222525
19.406307875,145309076,3.266,-9.176,-0.539,0.000,0.000,0.000,-222906
19.411642417,145314296,3.266,-9.176,-0.539,0.000,0.000,0.000,-223149
19.416920583,145319517,3.266,-9.176,-0.617,0.000,0.000,0.000,-223062
19.418934333,145321738,3.266,-9.176,-0.617,0.000,0.000,0.000,-222802
19.423211292,145325958,3.266,-9.176,-0.617,0.000,0.000,0.000,-222733
19.427417125,145330178,3.266,-9.176,-0.617,0.000,0.000,0.000,-223764
19.4306305,145333399,3.266,-9.176,-0.617,0.000,0.000,0.000,-223694
19.435831,145338604,3.266,-9.176,-0.617,0.000,0.000,0.000,-223694
19.441055833,145343824,3.266,-9.176,-0.617,0.000,0.000,0.000,-223277
19.446337708,145349044,3.305,-9.176,-0.578,0.000,0.000,0.000,-222893
19.449450042,145352264,3.305,-9.176,-0.578,0.000,0.000,0.000,-222525
19.454733375,145357485,3.305,-9.176,-0.578,0.000,0.000,0.000,-222338
19.4589305,145361705,3.305,-9.176,-0.578,0.000,0.000,0.000,-223419
19.463147,145365925,3.305,-9.176,-0.578,0.000,0.000,0.000,-223496
19.468437708,145371146,3.305,-9.176,-0.578,0.000,0.000,0.000,-223186
19.472643917,145375366,3.305,-9.176,-0.578,0.000,0.000,0.000,-223444
19.4758615,145378586,3.266,-9.133,-0.578,0.000,0.000,0.000,-223000
19.479076625,145381807,3.266,-9.133,-0.578,0.000,0.000,0.000,-222969
19.485377667,145388028,3.266,-9.133,-0.578,0.000,0.000,0.000,-222737
19.489474042,145392248,3.266,-9.133,-0.578,0.000,0.000,0.000,-222569
19.493692292,145396468,3.266,-9.133,-0.578,0.000,0.000,0.000,-223097
19.498941375,145401689,3.266,-9.133,-0.578,0.000,0.000,0.000,-223146
19.503220458,145405909,3.266,-9.133,-0.578,0.000,0.000,0.000,-222999
19.507426875,145410129,3.305,-9.176,-0.578,0.000,0.000,0.000,-223155
19.509698083,145412349,3.305,-9.176,-0.578,0.000,0.000,0.000,-223375
19.514170958,145416570,3.305,-9.176,-0.578,0.000,0.000,0.000,-223822
19.520643125,145421791,3.305,-9.176,-0.578,0.000,0.000,0.000,-221495
19.523526542,145426011,3.305,-9.176,-0.578,0.000,0.000,0.000,-222521
19.528489042,145431231,3.305,-9.176,-0.578,0.000,0.000,0.000,-223007
19.533702458,145436452,3.305,-9.176,-0.578,0.000,0.000,0.000,-222694
19.539175542,145441672,3.266,-9.176,-0.578,0.000,0.000,0.000,-222457
19.542219917,145444892,3.266,-9.176,-0.578,0.000,0.000,0.000,-223089
19.548616708,145451112,3.266,-9.176,-0.578,0.000,0.000,0.000,-222728
19.552996792,145455332,3.266,-9.176,-0.578,0.000,0.000,0.000,-222340
19.556882292,145459552,3.266,-9.176,-0.578,0.000,0.000,0.000,-222703
19.561024917,145463773,3.266,-9.176,-0.578,0.000,0.000,0.000,-223540
19.566302167,145468993,3.266,-9.176,-0.578,0.000,0.000,0.000,-223081
19.570562625,145473214,3.305,-9.133,-0.578,0.000,0.000,0.000,-223190
19.573901667,145476434,3.305,-9.133,-0.578,0.000,0.000,0.000,-223545
19.580275417,145482655,3.305,-9.133,-0.578,0.000,0.000,0.000,-223122
19.584424542,145486875,3.305,-9.133,-0.578,0.000,0.000,0.000,-222259
19.588399333,145491096,3.305,-9.133,-0.578,0.000,0.000,0.000,-221958
19.592517458,145495316,3.305,-9.133,-0.578,0.000,0.000,0.000,-223435
19.597077458,145499537,3.305,-9.133,-0.578,0.000,0.000,0.000,-223144
19.601050208,145503757,3.266,-9.133,-0.578,0.000,0.000,0.000,-222056
19.604349333,145506978,3.266,-9.133,-0.578,0.000,0.000,0.000,-223118
19.611679375,145514199,3.266,-9.133,-0.578,0.000,0.000,0.000,-223184
19.615916542,145518419,3.266,-9.133,-0.578,0.000,0.000,0.000,-222635
19.620461917,145522641,3.266,-9.133,-0.578,0.000,0.000,0.000,-222345
19.624113625,145526861,3.266,-9.133,-0.578,0.000,0.000,0.000,-222298
19.62933775,145532082,3.266,-9.133,-0.578,0.000,0.000,0.000,-223961
19.633594542,145536303,3.266,-9.094,-0.617,0.000,0.000,0.000,-222511
19.636788583,145539523,3.266,-9.094,-0.617,0.000,0.000,0.000,-222771
19.642040875,145544743,3.266,-9.094,-0.617,0.000,0.000,0.000,-222710
19.647356,145549964,3.266,-9.094,-0.617,0.000,0.000,0.000,-223006
19.650424958,145553185,3.266,-9.094,-0.617,0.000,0.000,0.000,-221653
19.655853417,145557406,3.266,-9.094,-0.617,0.000,0.000,0.000,-222935
19.658863667,145561627,3.266,-9.094,-0.617,0.000,0.000,0.000,-223416
19.663079417,145565848,3.227,-9.137,-0.578,0.000,0.000,0.000,-222928
19.66629875,145569068,3.227,-9.137,-0.578,0.000,0.000,0.000,-222864
19.672529292,145575289,3.227,-9.137,-0.578,0.000,0.000,0.000,-223609
19.676758875,145579509,3.227,-9.137,-0.578,0.000,0.000,0.000,-222942
19.681012208,145583730,3.227,-9.137,-0.578,0.000,0.000,0.000,-223630
19.686941458,145588951,3.227,-9.137,-0.578,0.000,0.000,0.000,-223093
19.690381042,145593171,3.227,-9.137,-0.578,0.000,0.000,0.000,-222059
19.694662958,145597391,3.266,-9.133,-0.539,0.000,0.000,0.000,-223856
19.697939667,145600612,3.266,-9.133,-0.539,0.000,0.000,0.000,-223136
19.703078583,145605833,3.266,-9.133,-0.539,0.000,0.000,0.000,-222620
19.7083785,145611054,3.266,-9.133,-0.539,0.000,0.000,0.000,-222772
19.711778708,145614275,3.266,-9.133,-0.539,0.000,0.000,0.000,-222834
19.717177833,145619495,3.266,-9.133,-0.539,0.000,0.000,0.000,-221876
19.721305875,145623716,3.227,-9.098,-0.656,0.000,0.000,0.000,-223324
19.723197,145625936,3.227,-9.098,-0.656,0.000,0.000,0.000,-222899
19.728434042,145631156,3.227,-9.098,-0.656,0.000,0.000,0.000,-223379
19.732677792,145635379,3.227,-9.098,-0.656,0.000,0.000,0.000,-222691
19.736849375,145639600,3.227,-9.098,-0.656,0.000,0.000,0.000,-221993
19.741012167,145643820,3.227,-9.098,-0.656,0.000,0.000,0.000,-222233
19.747335583,145650041,3.227,-9.098,-0.656,0.000,0.000,0.000,-223439
19.751555875,145654262,3.266,-9.133,-0.578,0.000,0.000,0.000,-222628
19.7546595,145657483,3.266,-9.133,-0.578,0.000,0.000,0.000,-222225
19.759944292,145662704,3.266,-9.133,-0.578,0.000,0.000,0.000,-223131
19.764335167,145666925,3.266,-9.133,-0.578,0.000,0.000,0.000,-223028
19.769465125,145672146,3.266,-9.133,-0.578,0.000,0.000,0.000,-222852
19.773719458,145676366,3.266,-9.133,-0.578,0.000,0.000,0.000,-223140
19.77691875,145679587,3.266,-9.133,-0.578,0.000,0.000,0.000,-223339
19.78130025,145683807,3.266,-9.133,-0.578,0.000,0.000,0.000,-222872
19.784266833,145687028,3.266,-9.133,-0.578,0.000,0.000,0.000,-222757
19.790459667,145693249,3.266,-9.133,-0.578,0.000,0.000,0.000,-223336
19.794682958,145697470,3.266,-9.133,-0.578,0.000,0.000,0.000,-222007
19.798941375,145701691,3.266,-9.133,-0.578,0.000,0.000,0.000,-222728
19.804199875,145706911,3.266,-9.133,-0.578,0.000,0.000,0.000,-222278
19.809478208,145712132,3.266,-9.133,-0.578,0.000,0.000,0.000,-223291
19.814126458,145716353,3.266,-9.133,-0.617,0.000,0.000,0.000,-223724
19.81677625,145719573,3.266,-9.133,-0.617,0.000,0.000,0.000,-222235
19.822977542,145724794,3.266,-9.133,-0.617,0.000,0.000,0.000,-222798
19.827218875,145730014,3.266,-9.133,-0.617,0.000,0.000,0.000,-223095
19.831428458,145734235,3.266,-9.133,-0.617,0.000,0.000,0.000,-222823
19.836696292,145739456,3.266,-9.133,-0.617,0.000,0.000,0.000,-222588
19.841066708,145743677,3.227,-9.172,-0.578,0.000,0.000,0.000,-222694
19.8430855,145745897,3.227,-9.172,-0.578,0.000,0.000,0.000,-223333
19.848469667,145751118,3.227,-9.172,-0.578,0.000,0.000,0.000,-222498
19.852894292,145755338,3.227,-9.172,-0.578,0.000,0.000,0.000,-222981
19.856791958,145759558,3.227,-9.172,-0.578,0.000,0.000,0.000,-223284
19.86102925,145763778,3.227,-9.172,-0.578,0.000,0.000,0.000,-222873
19.86825075,145770999,3.227,-9.172,-0.578,0.000,0.000,0.000,-221530
19.871470917,145774220,3.266,-9.176,-0.578,0.000,0.000,0.000,-222879
19.8746725,145777440,3.266,-9.176,-0.578,0.000,0.000,0.000,-222867
19.879886542,145782660,3.266,-9.176,-0.578,0.000,0.000,0.000,-223395
19.884404042,145786881,3.266,-9.176,-0.578,0.000,0.000,0.000,-222379
19.889425667,145792101,3.266,-9.176,-0.578,0.000,0.000,0.000,-222695
19.893587083,145796321,3.266,-9.176,-0.578,0.000,0.000,0.000,-223457
19.897878917,145800542,3.266,-9.176,-0.578,0.000,0.000,0.000,-222268
19.901979042,145804763,3.227,-9.137,-0.539,0.000,0.000,0.000,-222663
19.90525725,145807983,3.227,-9.137,-0.539,0.000,0.000,0.000,-222853
19.910608417,145813203,3.227,-9.137,-0.539,0.000,0.000,0.000,-223150
19.914669083,145817423,3.227,-9.137,-0.539,0.000,0.000,0.000,-223033
19.918889667,145821644,3.227,-9.137,-0.539,0.000,0.000,0.000,-222583
19.923122625,145825864,3.227,-9.137,-0.539,0.000,0.000,0.000,-223342
19.928341167,145831084,3.227,-9.137,-0.539,0.000,0.000,0.000,-223642
19.932567958,145835304,3.227,-9.098,-0.617,0.000,0.000,0.000,-222701
19.935737375,145838524,3.227,-9.098,-0.617,0.000,0.000,0.000,-222256
19.941938458,145844745,3.227,-9.098,-0.617,0.000,0.000,0.000,-223353
19.947502417,145849966,3.227,-9.098,-0.617,0.000,0.000,0.000,-222649
19.952039333,145854187,3.227,-9.098,-0.617,0.000,0.000,0.000,-221901
19.95665825,145859408,3.227,-9.098,-0.617,0.000,0.000,0.000,-222618
19.960910083,145863628,3.266,-9.133,-0.617,0.000,0.000,0.000,-223240
19.964297583,145866848,3.266,-9.133,-0.617,0.000,0.000,0.000,-222730
19.970276833,145873068,3.266,-9.133,-0.617,0.000,0.000,0.000,-222817
19.974486875,145877289,3.266,-9.133,-0.617,0.000,0.000,0.000,-222984
19.978740958,145881509,3.266,-9.133,-0.617,0.000,0.000,0.000,-222808
19.98401975,145886729,3.266,-9.133,-0.617,0.000,0.000,0.000,-222219
19.989274875,145891950,3.305,-9.133,-0.617,0.000,0.000,0.000,-223354
19.991340167,145894170,3.305,-9.133,-0.617,0.000,0.000,0.000,-223162
19.996615292,145899390,3.305,-9.133,-0.617,0.000,0.000,0.000,-223228
20.000857042,145903611,3.305,-9.133,-0.617,0.000,0.000,0.000,-222895
20.006151708,145908819,3.305,-9.133,-0.617,0.000,0.000,0.000,-222895
20.010380042,145913039,3.266,-9.137,-0.691,0.000,0.000,0.000,-222633
20.013991458,145916259,3.266,-9.137,-0.691,0.000,0.000,0.000,-223441
20.019021417,145921480,3.266,-9.137,-0.691,0.000,0.000,0.000,-222210
20.022928375,145925700,3.266,-9.137,-0.691,0.000,0.000,0.000,-222681
20.0271425,145929920,3.266,-9.137,-0.691,0.000,0.000,0.000,-223351
20.031412375,145934141,3.266,-9.137,-0.691,0.000,0.000,0.000,-223086
20.034583208,145937362,3.266,-9.137,-0.691,0.000,0.000,0.000,-221982
20.038828208,145941583,3.305,-9.133,-0.539,0.000,0.000,0.000,-223015
20.042034583,145944803,3.305,-9.133,-0.539,0.000,0.000,0.000,-221964
20.048344458,145951024,3.305,-9.133,-0.539,0.000,0.000,0.000,-222777
20.052558083,145955244,3.305,-9.133,-0.539,0.000,0.000,0.000,-222708
20.056703417,145959464,3.305,-9.133,-0.539,0.000,0.000,0.000,-222344
20.061901,145964685,3.305,-9.133,-0.539,0.000,0.000,0.000,-224058
20.066173792,145968906,3.305,-9.133,-0.539,0.000,0.000,0.000,-222572
20.069349083,145972127,3.227,-9.094,-0.691,0.000,0.000,0.000,-223027
20.071600583,145974347,3.227,-9.094,-0.691,0.000,0.000,0.000,-222024
20.076803917,145979568,3.227,-9.094,-0.691,0.000,0.000,0.000,-222749
20.082104958,145984789,3.227,-9.094,-0.691,0.000,0.000,0.000,-222528
20.087226375,145990009,3.227,-9.094,-0.691,0.000,0.000,0.000,-222556
20.091489833,145994230,3.227,-9.094,-0.691,0.000,0.000,0.000,-222874
20.0956845,145998451,3.227,-9.094,-0.691,0.000,0.000,0.000,-223786
20.099973708,146002672,3.266,-9.176,-0.617,0.000,0.000,0.000,-223246
20.103112958,146005893,3.266,-9.176,-0.617,0.000,0.000,0.000,-222975
20.109330917,146012114,3.266,-9.176,-0.617,0.000,0.000,0.000,-223136
20.113719333,146016335,3.266,-9.176,-0.617,0.000,0.000,0.000,-223287
20.116838042,146019555,3.266,-9.176,-0.617,0.000,0.000,0.000,-222723
20.1210885,146023775,3.266,-9.176,-0.617,0.000,0.000,0.000,-222827
20.127273708,146029996,3.266,-9.176,-0.617,0.000,0.000,0.000,-223732
20.131514917,146034217,3.266,-9.133,-0.539,0.000,0.000,0.000,-223625
20.134770167,146037437,3.266,-9.133,-0.539,0.000,0.000,0.000,-222851
20.141131708,146043658,3.266,-9.133,-0.539,0.000,0.000,0.000,-223542
20.145386625,146047879,3.266,-9.133,-0.539,0.000,0.000,0.000,-222788
20.150584667,146053100,3.266,-9.133,-0.539,0.000,0.000,0.000,-222820
20.155206375,146057320,3.266,-9.133,-0.539,0.000,0.000,0.000,-223091
20.158714792,146061541,3.266,-9.133,-0.539,0.000,0.000,0.000,-222354
20.162046458,146064761,3.266,-9.133,-0.578,0.000,0.000,0.000,-223676
20.164240458,146066982,3.266,-9.133,-0.578,0.000,0.000,0.000,-222961
20.169528,146072203,3.266,-9.133,-0.578,0.000,0.000,0.000,-223157
20.173801875,146076423,3.266,-9.133,-0.578,0.000,0.000,0.000,-223092
20.179150458,146081644,3.266,-9.133,-0.578,0.000,0.000,0.000,-223325
20.18336325,146085865,3.266,-9.133,-0.578,0.000,0.000,0.000,-223951
20.187642625,146090086,3.266,-9.133,-0.578,0.000,0.000,0.000,-222771
20.191502292,146094307,3.266,-9.133,-0.578,0.000,0.000,0.000,-222861
20.193778208,146096528,3.266,-9.133,-0.578,0.000,0.000,0.000,-223824
20.199037167,146101748,3.266,-9.133,-0.578,0.000,0.000,0.000,-222561
20.203219125,146105969,3.305,-9.176,-0.656,0.000,0.000,0.000,-222192
20.206532375,146109190,3.305,-9.176,-0.656,0.000,0.000,0.000,-223095
20.211970792,146114410,3.305,-9.176,-0.656,0.000,0.000,0.000,-223311
20.217151875,146119630,3.305,-9.176,-0.656,0.000,0.000,0.000,-222628
20.221172,146123850,3.305,-9.176,-0.656,0.000,0.000,0.000,-222726
20.22629125,146129071,3.305,-9.176,-0.656,0.000,0.000,0.000,-223671
20.229523042,146132292,3.305,-9.176,-0.656,0.000,0.000,0.000,-222928
20.233758292,146136512,3.305,-9.133,-0.539,0.000,0.000,0.000,-223125
20.2370025,146139732,3.305,-9.133,-0.539,0.000,0.000,0.000,-222310
20.242202458,146144952,3.305,-9.133,-0.539,0.000,0.000,0.000,-223210
20.24746475,146150172,3.305,-9.133,-0.539,0.000,0.000,0.000,-222524
20.251610833,146154392,3.305,-9.133,-0.539,0.000,0.000,0.000,-222704
20.255982458,146158613,3.305,-9.133,-0.539,0.000,0.000,0.000,-221956
20.261087625,146163835,3.305,-9.133,-0.539,0.000,0.000,0.000,-223552
20.266261083,146169055,3.266,-9.176,-0.578,0.000,0.000,0.000,-223694
20.268448625,146171276,3.266,-9.176,-0.578,0.000,0.000,0.000,-222124
20.273731292,146176497,3.266,-9.176,-0.578,0.000,0.000,0.000,-223709
20.278913917,146181717,3.266,-9.176,-0.578,0.000,0.000,0.000,-223579
20.283122208,146185938,3.227,-9.137,-0.539,0.000,0.000,0.000,-222767
20.286330167,146189159,3.227,-9.137,-0.539,0.000,0.000,0.000,-222657
20.292648625,146195380,3.227,-9.137,-0.539,0.000,0.000,0.000,-224058
20.29681775,146199601,3.227,-9.137,-0.539,0.000,0.000,0.000,-222934
20.300066542,146202822,3.227,-9.137,-0.539,0.000,0.000,0.000,-223543
20.305595125,146208042,3.227,-9.137,-0.539,0.000,0.000,0.000,-222460
20.310513667,146213262,3.227,-9.137,-0.539,0.000,0.000,0.000,-223659
20.3137235,146216482,3.227,-9.172,-0.656,0.000,0.000,0.000,-222838
20.3171505,146219702,3.227,-9.172,-0.656,0.000,0.000,0.000,-222482
20.322164583,146224922,3.227,-9.172,-0.656,0.000,0.000,0.000,-222768
20.327373875,146230142,3.227,-9.172,-0.656,0.000,0.000,0.000,-223182
20.331720667,146234362,3.227,-9.172,-0.656,0.000,0.000,0.000,-223548
20.336769667,146239583,3.227,-9.172,-0.656,0.000,0.000,0.000,-223064
20.342005542,146244803,3.227,-9.172,-0.656,0.000,0.000,0.000,-222719
20.347301292,146250024,3.266,-9.176,-0.617,0.000,0.000,0.000,-223246
20.349633292,146252244,3.266,-9.176,-0.617,0.000,0.000,0.000,-222871
20.354740125,146257465,3.266,-9.176,-0.617,0.000,0.000,0.000,-222554
20.358909875,146261686,3.266,-9.176,-0.617,0.000,0.000,0.000,-223075
20.363585792,146265907,3.266,-9.176,-0.617,0.000,0.000,0.000,-223199
20.367386875,146270128,3.266,-9.176,-0.617,0.000,0.000,0.000,-222927
20.370643792,146273348,3.266,-9.176,-0.617,0.000,0.000,0.000,-222418
20.374932125,146277568,3.227,-9.172,-0.617,0.000,0.000,0.000,-223997
20.377973,146280788,3.227,-9.172,-0.617,0.000,0.000,0.000,-222971
20.383270125,146286009,3.227,-9.172,-0.617,0.000,0.000,0.000,-222488
20.389438458,146292229,3.227,-9.172,-0.617,0.000,0.000,0.000,-223261
20.393698,146296450,3.227,-9.172,-0.617,0.000,0.000,0.000,-222678
20.399676458,146301670,3.227,-9.172,-0.617,0.000,0.000,0.000,-223171
20.40309175,146305891,3.227,-9.172,-0.617,0.000,0.000,0.000,-223183
20.408363833,146311111,3.227,-9.137,-0.539,0.000,0.000,0.000,-223190
20.411625708,146314331,3.227,-9.137,-0.539,0.000,0.000,0.000,-223403
20.416926,146319551,3.227,-9.137,-0.539,0.000,0.000,0.000,-223094
20.421017583,146323772,3.227,-9.137,-0.539,0.000,0.000,0.000,-222688
20.4261645,146328993,3.227,-9.137,-0.539,0.000,0.000,0.000,-223227
20.430428625,146333214,3.227,-9.137,-0.539,0.000,0.000,0.000,-223766
20.434687125,146337435,3.227,-9.137,-0.539,0.000,0.000,0.000,-222429
20.4399115,146342655,3.266,-9.176,-0.656,0.000,0.000,0.000,-223039
20.443240125,146345876,3.266,-9.176,-0.656,0.000,0.000,0.000,-222633
20.449339125,146352096,3.266,-9.176,-0.656,0.000,0.000,0.000,-222755
20.454314667,146356316,3.266,-9.176,-0.656,0.000,0.000,0.000,-222324
20.4577795,146360537,3.266,-9.176,-0.656,0.000,0.000,0.000,-222486
20.463013,146365758,3.266,-9.176,-0.656,0.000,0.000,0.000,-223388
20.468238792,146370979,3.266,-9.176,-0.656,0.000,0.000,0.000,-222833
20.471391583,146374199,3.266,-9.176,-0.578,0.000,0.000,0.000,-222596
20.474597917,146377419,3.266,-9.176,-0.578,0.000,0.000,0.000,-223516
20.480034042,146382640,3.266,-9.176,-0.578,0.000,0.000,0.000,-223103
20.484088417,146386861,3.266,-9.176,-0.578,0.000,0.000,0.000,-223044
20.489434917,146392082,3.266,-9.176,-0.578,0.012,0.002,-0.002,-222628
20.493543375,146396303,3.266,-9.176,-0.578,0.004,0.008,0.002,-222764
20.496729458,146399524,3.266,-9.176,-0.578,0.006,0.004,-0.008,-223470
20.501033708,146403745,3.266,-9.094,-0.656,0.006,0.004,-0.008,-222087
20.504213667,146406966,3.266,-9.094,-0.656,-0.002,-0.002,0.000,-222978
20.510650667,146413187,3.266,-9.094,-0.656,-0.014,0.008,-0.006,-223627
20.514903583,146417408,3.266,-9.094,-0.656,0.000,0.004,0.000,-223685
20.519294667,146421631,3.266,-9.094,-0.656,-0.004,0.004,0.006,-222071
20.524119833,146426851,3.266,-9.094,-0.656,0.000,0.002,0.006,-223214
20.5303445,146433071,3.266,-9.094,-0.656,0.002,0.004,-0.002,-222939
20.534559875,146437292,3.227,-9.098,-0.617,0.002,0.004,-0.002,-222869
20.537822667,146440513,3.227,-9.098,-0.617,-0.004,0.004,-0.006,-222492
20.543091667,146445734,3.227,-9.098,-0.617,-0.002,0.000,0.006,-222337
20.548483583,146450955,3.227,-9.098,-0.617,-0.002,0.002,0.000,-223477
20.552774708,146455176,3.227,-9.098,-0.617,0.008,0.002,-0.006,-222621
20.556669292,146459397,3.227,-9.098,-0.617,-0.004,-0.006,0.002,-222984
20.56103425,146463620,3.227,-9.098,-0.617,-0.012,0.000,0.002,-223085
20.566102833,146468840,3.227,-9.172,-0.539,-0.012,0.000,0.002,-222771
20.569317167,146472061,3.227,-9.172,-0.539,0.000,0.000,-0.004,-222491
20.57579475,146477282,3.227,-9.172,-0.539,0.004,0.000,0.000,-223470
20.5789935,146481503,3.227,-9.172,-0.539,0.004,0.000,-0.008,-222972
20.583239083,146485724,3.227,-9.172,-0.539,-0.010,-0.004,0.004,-223114
20.588582667,146490945,3.227,-9.172,-0.539,0.002,0.006,0.000,-222654
20.592370917,146495166,3.227,-9.172,-0.539,-0.002,-0.002,-0.002,-222775
20.597631542,146500387,3.266,-9.133,-0.617,-0.002,-0.002,-0.002,-222717
20.600902792,146503608,3.266,-9.133,-0.617,0.004,0.006,0.006,-222427
20.607377125,146509830,3.266,-9.133,-0.617,0.002,0.012,-0.004,-223625
20.611577792,146514051,3.266,-9.133,-0.617,-0.004,-0.006,-0.004,-223054
20.615867792,146518272,3.266,-9.133,-0.617,0.000,0.006,0.006,-222526
20.619999792,146522493,3.266,-9.133,-0.617,-0.004,-0.006,-0.008,-222593
20.624931542,146527714,3.266,-9.133,-0.617,0.002,0.018,-0.002,-222768
20.629184417,146531935,3.266,-9.176,-0.617,0.002,0.018,-0.002,-222814
20.632339792,146535156,3.266,-9.176,-0.617,0.008,0.004,0.006,-223274
20.638615417,146541377,3.266,-9.176,-0.617,0.000,-0.010,-0.010,-222235
20.6428485,146545598,3.266,-9.176,-0.617,-0.006,-0.008,0.008,-222842
20.647156083,146549819,3.266,-9.176,-0.617,-0.008,0.004,0.004,-223401
20.652304083,146555040,3.266,-9.176,-0.617,-0.010,-0.008,-0.006,-222927
20.6564875,146559261,3.266,-9.176,-0.617,0.000,0.012,0.008,-223082
20.660756792,146563482,3.266,-9.133,-0.578,0.000,0.012,0.008,-224134
20.663959083,146566703,3.266,-9.133,-0.578,-0.018,-0.004,0.006,-223286
20.670127,146572924,3.266,-9.133,-0.578,0.002,-0.002,-0.010,-222157
20.674391167,146577145,3.266,-9.133,-0.578,-0.002,0.000,0.004,-222515
20.679894333,146582366,3.266,-9.133,-0.578,0.006,-0.004,-0.002,-223240
20.684025292,146586587,3.266,-9.133,-0.578,-0.010,0.010,0.004,-222876
20.689055042,146591808,3.266,-9.133,-0.578,-0.006,0.006,0.000,-222574
20.692240833,146595029,3.266,-9.137,-0.691,-0.006,0.006,0.000,-223102
20.697472208,146600250,3.266,-9.137,-0.691,0.002,-0.004,0.004,-223201
20.70195525,146604471,3.266,-9.137,-0.691,0.000,0.002,0.004,-221899
20.70719475,146609692,3.266,-9.137,-0.691,-0.014,0.002,-0.002,-222346
20.711719792,146613913,3.266,-9.137,-0.691,0.004,0.008,-0.002,-223431
20.715667208,146618134,3.266,-9.137,-0.691,-0.002,0.000,0.000,-222832
20.719888917,146622355,3.266,-9.176,-0.539,-0.002,0.000,0.000,-222547
20.722843042,146625576,3.266,-9.176,-0.539,0.010,-0.006,0.010,-222427
20.72906025,146631797,3.266,-9.176,-0.539,-0.002,-0.006,0.004,-222664
20.733331625,146636018,3.266,-9.176,-0.539,-0.004,0.004,0.008,-223629
20.737530667,146640239,3.266,-9.176,-0.539,0.008,-0.004,0.002,-222764
20.741643708,146644460,3.266,-9.176,-0.539,-0.010,0.000,0.004,-222752
20.747126333,146649681,3.266,-9.176,-0.539,-0.004,-0.002,0.002,-223258
20.751297417,146653902,3.191,-9.211,-0.617,-0.004,-0.002,0.002,-222545
20.754617292,146657123,3.191,-9.211,-0.617,-0.002,0.000,-0.002,-223444
20.759536583,146662344,3.191,-9.211,-0.617,0.004,-0.004,-0.004,-222870
20.76390125,146666565,3.191,-9.211,-0.617,-0.002,0.010,0.012,-223192
20.769069083,146671786,3.191,-9.211,-0.617,-0.008,-0.006,0.000,-222282
20.773387125,146676007,3.191,-9.211,-0.617,0.004,0.010,-0.006,-223478
20.777745417,146680228,3.191,-9.211,-0.617,0.006,0.006,0.012,-223447
20.781939,146684448,3.227,-9.137,-0.617,0.006,0.006,0.012,-223527
20.785149042,146687669,3.227,-9.137,-0.617,0.008,0.000,-0.006,-222240
20.790110875,146692890,3.227,-9.137,-0.617,-0.006,-0.008,0.008,-222754
20.794314875,146697111,3.227,-9.137,-0.617,0.002,0.002,-0.012,-222300
20.799628583,146702332,3.227,-9.137,-0.617,0.012,0.004,0.012,-222007
20.803943917,146706553,3.227,-9.137,-0.617,-0.008,0.002,-0.006,-222826
20.809265583,146711774,3.227,-9.137,-0.617,0.000,0.002,-0.006,-222423
20.81253275,146714995,3.266,-9.176,-0.617,0.000,0.002,-0.006,-222821
20.817735625,146720216,3.266,-9.176,-0.617,-0.004,0.002,0.000,-222513
20.822320917,146724437,3.266,-9.176,-0.617,0.012,0.000,0.002,-222626
20.826874708,146729643,3.266,-9.176,-0.617,0.010,-0.004,0.000,-222626
20.831109083,146733863,3.266,-9.176,-0.617,-0.014,0.002,-0.008,-223465
20.835326667,146738084,3.266,-9.176,-0.617,0.004,0.002,-0.006,-223440
20.839558583,146742305,3.266,-9.133,-0.656,0.004,0.002,-0.006,-223048
20.842785125,146745526,3.266,-9.133,-0.656,0.004,0.006,0.000,-223066
20.849078333,146751747,3.266,-9.133,-0.656,-0.010,-0.006,0.000,-223037
20.8533035,146755968,3.266,-9.133,-0.656,-0.002,0.000,-0.002,-223015
20.857449417,146760189,3.266,-9.133,-0.656,-0.004,-0.008,-0.004,-222346
20.861602167,146764410,3.266,-9.133,-0.656,0.002,-0.004,0.000,-223631
20.866874875,146769631,3.266,-9.133,-0.656,0.002,0.000,0.000,-223590
20.871052833,146773852,3.266,-9.133,-0.617,0.002,0.000,0.000,-222763
20.874463667,146777072,3.266,-9.133,-0.617,-0.004,0.000,0.006,-222701
20.87954375,146782293,3.266,-9.133,-0.617,0.002,0.012,0.002,-223429
20.883716458,146786514,3.266,-9.133,-0.617,0.008,0.000,0.000,-222924
20.889016833,146791735,3.266,-9.133,-0.617,0.000,0.010,-0.002,-222165
20.893236708,146795956,3.266,-9.133,-0.617,0.000,0.008,-0.014,-223391
20.897982333,146800177,3.266,-9.133,-0.617,-0.002,0.008,0.012,-223634
20.901692333,146804398,3.227,-9.137,-0.539,-0.002,0.008,0.012,-222577
20.904909917,146807619,3.227,-9.137,-0.539,-0.004,-0.004,0.006,-222821
20.91011275,146812840,3.227,-9.137,-0.539,0.002,0.004,0.002,-223193
20.914311,146817061,3.227,-9.137,-0.539,0.004,0.006,0.006,-223073
20.919607125,146822282,3.227,-9.137,-0.539,0.004,0.002,-0.008,-223503
20.923720208,146826503,3.227,-9.137,-0.539,-0.004,0.004,0.008,-222864
20.928996792,146831724,3.227,-9.137,-0.539,-0.002,-0.004,-0.002,-223493
20.932401375,146834945,3.266,-9.176,-0.539,-0.002,-0.004,-0.002,-223403
20.93745725,146840167,3.266,-9.176,-0.539,-0.012,0.000,0.000,-223453
20.94162425,146844388,3.266,-9.176,-0.539,0.004,0.004,0.002,-223286
20.947017125,146849610,3.266,-9.176,-0.539,0.014,0.000,0.010,-223247
20.95243175,146854831,3.266,-9.176,-0.539,0.000,0.000,-0.004,-223528
20.957346,146860052,3.266,-9.133,-0.578,0.000,0.000,-0.004,-223631
20.960524375,146863273,3.266,-9.133,-0.578,-0.004,0.002,-0.002,-223008
20.966702833,146869494,3.266,-9.133,-0.578,-0.008,-0.006,0.014,-222895
20.971154792,146873715,3.266,-9.133,-0.578,-0.010,0.000,-0.002,-223066
20.975418708,146877936,3.266,-9.133,-0.578,-0.006,0.004,0.010,-222197
20.979472875,146882157,3.266,-9.133,-0.578,0.004,-0.004,-0.008,-222693
20.984607417,146887378,3.266,-9.133,-0.617,0.004,-0.004,-0.008,-222713
20.988069125,146890599,3.266,-9.133,-0.617,-0.010,0.000,0.002,-222482
20.993036792,146895821,3.266,-9.133,-0.617,0.006,0.000,-0.010,-222745
20.997272917,146900042,3.266,-9.133,-0.617,-0.008,0.006,0.010,-222878
21.002599792,146905263,3.266,-9.133,-0.617,0.004,0.006,0.004,-222738
21.008984208,146911484,3.266,-9.133,-0.617,0.000,0.004,0.006,-223052
21.013953375,146915705,3.266,-9.133,-0.617,0.004,0.012,-0.004,-223744
21.01751675,146919926,3.227,-9.172,-0.578,0.004,0.012,-0.004,-223096
21.019900292,146922147,3.227,-9.172,-0.578,-0.008,0.000,0.004,-222630
21.024585542,146927368,3.227,-9.172,-0.578,-0.008,-0.002,0.006,-223301
21.029874208,146932589,3.227,-9.172,-0.578,-0.008,0.000,0.002,-222648
21.034109333,146936810,3.227,-9.172,-0.578,0.002,-0.004,-0.010,-221765
21.039306917,146942031,3.227,-9.172,-0.578,0.004,-0.004,0.010,-223154
21.044497208,146947252,3.227,-9.172,-0.578,-0.002,0.002,0.002,-223368
21.048782708,146951473,3.266,-9.176,-0.578,-0.002,0.002,0.002,-222779
21.051978333,146954694,3.266,-9.176,-0.578,0.000,0.004,-0.002,-222862
21.057197667,146959916,3.266,-9.176,-0.578,0.004,-0.006,-0.004,-222788
21.061409042,146964137,3.266,-9.176,-0.578,0.000,-0.006,-0.008,-223084
21.066705833,146969358,3.266,-9.176,-0.578,-0.004,-0.006,-0.006,-222430
21.071863417,146974579,3.266,-9.133,-0.617,-0.004,-0.006,-0.006,-223412
21.075071083,146977800,3.266,-9.133,-0.617,0.000,0.008,-0.006,-222547
21.080423333,146983021,3.266,-9.133,-0.617,0.004,0.014,0.002,-222832
21.085634958,146988242,3.266,-9.133,-0.617,0.006,0.000,0.000,-223100
21.088790958,146991462,3.266,-9.133,-0.617,0.002,0.000,-0.002,-221904
21.092948375,146995683,3.266,-9.133,-0.617,0.012,0.006,0.002,-222814
21.097170958,146999904,3.266,-9.133,-0.617,-0.008,0.006,-0.010,-222677
21.101463458,147004125,3.266,-9.133,-0.578,-0.008,0.006,-0.010,-222240
21.104671208,147007346,3.266,-9.133,-0.578,0.002,0.000,0.002,-222616
21.110041458,147012567,3.266,-9.133,-0.578,0.004,0.002,0.004,-222645
21.114339458,147016788,3.266,-9.133,-0.578,0.004,-0.004,0.004,-222986
21.119576,147022009,3.266,-9.133,-0.578,0.010,0.006,0.000,-222531
21.123921458,147026229,3.266,-9.133,-0.578,0.010,0.004,0.000,-222870
21.128761417,147031450,3.266,-9.133,-0.578,-0.010,-0.004,0.004,-222867
21.132977542,147035671,3.266,-9.176,-0.617,-0.010,-0.004,0.004,-222574
21.136170792,147038892,3.266,-9.176,-0.617,0.000,0.002,0.000,-222225
21.141484333,147044113,3.266,-9.176,-0.617,0.006,-0.002,-0.006,-222207
21.146825917,147049334,3.266,-9.176,-0.617,-0.004,0.000,0.004,-222629
21.151050042,147053555,3.266,-9.176,-0.617,0.014,0.004,0.006,-222871
21.155371542,147057776,3.266,-9.176,-0.617,0.008,-0.006,0.004,-222422
21.160211958,147062997,3.227,-9.172,-0.539,0.008,-0.006,0.004,-223886
21.163482,147066218,3.227,-9.172,-0.539,-0.008,-0.002,-0.004,-222978
21.169715042,147072439,3.227,-9.172,-0.539,0.000,0.008,-0.010,-222662
21.173989667,147076660,3.227,-9.172,-0.539,-0.006,0.000,0.006,-222678
21.177256167,147079881,3.227,-9.172,-0.539,-0.006,0.002,-0.002,-223899
21.182643,147085102,3.227,-9.172,-0.539,-0.004,0.002,0.002,-223171
21.187886458,147090323,3.266,-9.176,-0.617,-0.004,0.002,0.002,-222653
21.190756167,147093544,3.266,-9.176,-0.617,-0.004,0.002,0.014,-222141
21.197017083,147099765,3.266,-9.176,-0.617,-0.012,0.006,0.000,-222868
21.20126725,147103986,3.266,-9.176,-0.617,0.006,0.004,-0.002,-223215
21.205488583,147108207,3.266,-9.176,-0.617,0.004,-0.008,-0.018,-222808
21.20979175,147112428,3.266,-9.176,-0.617,-0.002,0.010,0.008,-221969
21.215153875,147117650,3.266,-9.176,-0.617,0.004,0.004,-0.004,-222671
21.219429375,147121872,3.227,-9.137,-0.617,0.004,0.004,-0.004,-222153
21.223298875,147125092,3.227,-9.137,-0.617,-0.002,0.004,0.004,-222456
21.228574083,147131313,3.227,-9.137,-0.617,0.006,0.008,-0.002,-223432
21.232781667,147135534,3.227,-9.137,-0.617,-0.008,0.006,0.002,-223011
21.2370435,147139755,3.227,-9.137,-0.617,0.000,0.000,-0.006,-222697
21.242220042,147144976,3.227,-9.137,-0.617,0.006,0.002,0.002,-223303
21.24645325,147149197,3.227,-9.137,-0.617,0.012,-0.008,-0.002,-223510
21.25064825,147153418,3.266,-9.133,-0.539,0.012,-0.008,-0.002,-222742
21.254013583,147156639,3.266,-9.133,-0.539,-0.010,0.000,0.004,-222900
21.260133292,147162860,3.266,-9.133,-0.539,-0.008,0.006,-0.008,-223495
21.264342583,147167081,3.266,-9.133,-0.539,0.000,-0.004,0.008,-223165
21.269523167,147172302,3.266,-9.133,-0.539,-0.002,0.002,0.004,-222331
21.274757083,147177523,3.266,-9.133,-0.539,0.004,-0.004,-0.006,-223058
21.279999625,147182744,3.266,-9.176,-0.617,0.004,-0.004,-0.006,-224228
21.283190167,147185965,3.266,-9.176,-0.617,-0.004,0.010,0.012,-223022
21.289476083,147192186,3.266,-9.176,-0.617,0.004,0.000,-0.002,-222517
21.29367775,147196407,3.266,-9.176,-0.617,0.006,0.004,0.002,-223299
21.297896292,147200628,3.266,-9.176,-0.617,0.000,0.002,0.008,-223185
21.302091542,147204849,3.266,-9.176,-0.617,0.004,-0.002,0.014,-222914
21.307372083,147210070,3.266,-9.176,-0.617,0.004,0.010,0.004,-223622
21.311574458,147214290,3.227,-9.137,-0.617,0.004,0.010,0.004,-223059
21.314964083,147217511,3.227,-9.137,-0.617,0.000,0.004,0.004,-223069
21.320331667,147222732,3.227,-9.137,-0.617,-0.002,0.002,-0.002,-222221
21.325224583,147227953,3.227,-9.137,-0.617,-0.014,-0.006,-0.004,-223086
21.329460917,147232174,3.227,-9.137,-0.617,-0.010,0.012,0.014,-222065
21.334634167,147237395,3.227,-9.137,-0.617,-0.002,-0.004,-0.008,-223312
21.3398865,147242617,3.227,-9.137,-0.617,0.000,0.008,-0.008,-223065
21.344070375,147246838,3.266,-9.133,-0.539,0.000,0.008,-0.008,-222610
21.347433333,147250059,3.266,-9.133,-0.539,-0.002,0.004,-0.004,-222981
21.35265925,147255280,3.266,-9.133,-0.539,-0.004,-0.010,0.023,-223104
21.3567505,147259501,3.266,-9.133,-0.539,-0.004,0.002,-0.002,-223418
21.360948958,147263722,3.266,-9.133,-0.539,0.004,0.000,-0.002,-224089
21.366205625,147268943,3.266,-9.133,-0.539,-0.002,-0.002,0.006,-222460
21.370418542,147273164,3.266,-9.133,-0.539,-0.010,-0.004,0.002,-222707
21.373645042,147276385,3.227,-9.137,-0.617,-0.010,-0.004,0.002,-222534
21.376856208,147279606,3.227,-9.137,-0.617,-0.006,0.014,-0.002,-222879
21.38208275,147284827,3.227,-9.137,-0.617,0.002,-0.004,0.002,-222262
21.387319875,147290048,3.227,-9.137,-0.617,0.010,-0.006,0.008,-222288
21.391557625,147294269,3.227,-9.137,-0.617,0.002,-0.004,0.006,-222691
21.395747458,147298490,3.227,-9.137,-0.617,-0.004,-0.004,0.004,-222761
21.400035875,147302711,3.266,-9.211,-0.617,-0.004,-0.004,0.004,-222528
21.403291333,147305932,3.266,-9.211,-0.617,0.006,0.004,-0.006,-222655
21.409635875,147312153,3.266,-9.211,-0.617,-0.002,0.002,0.002,-223290
21.413974833,147316374,3.266,-9.211,-0.617,0.002,0.008,0.002,-223599
21.41812475,147320595,3.266,-9.211,-0.617,0.000,-0.002,-0.006,-222519
21.422886,147324817,3.266,-9.211,-0.617,0.002,0.004,0.004,-222879
21.42722,147330038,3.266,-9.133,-0.578,0.002,0.004,0.004,-223081
21.42950375,147332259,3.266,-9.133,-0.578,0.002,-0.002,-0.008,-223498
21.434765875,147337480,3.266,-9.133,-0.578,0.002,0.016,-0.002,-222808
21.43895125,147341701,3.266,-9.133,-0.578,0.008,0.002,-0.008,-223081
21.443455833,147345922,3.266,-9.133,-0.578,-0.004,-0.006,0.012,-222853
21.448466333,147351143,3.227,-9.137,-0.539,-0.004,-0.006,0.012,-222287
21.451599875,147354364,3.227,-9.137,-0.539,0.000,-0.008,-0.002,-222910
21.456889667,147359585,3.227,-9.137,-0.539,0.004,-0.004,-0.002,-223040
21.461039458,147363806,3.227,-9.137,-0.539,0.014,-0.010,0.006,-223521
21.465291667,147368027,3.227,-9.137,-0.539,0.004,-0.004,0.010,-223616
21.4695475,147372248,3.227,-9.137,-0.539,0.004,0.008,0.000,-222140
21.472788333,147375469,3.227,-9.137,-0.539,-0.008,-0.010,0.006,-222947
21.476938292,147379690,3.305,-9.133,-0.578,-0.008,-0.010,0.006,-223618
21.480305458,147382911,3.305,-9.133,-0.578,-0.020,-0.010,-0.006,-223215
21.487001292,147389133,3.305,-9.133,-0.578,0.002,0.000,0.008,-222431
21.490624792,147393354,3.305,-9.133,-0.578,-0.004,0.004,-0.002,-222628
21.494841958,147397575,3.305,-9.133,-0.578,-0.006,-0.004,-0.010,-223048
21.50009875,147402796,3.305,-9.133,-0.578,-0.010,0.012,0.004,-222541
21.504307583,147407017,3.305,-9.133,-0.578,-0.002,0.002,0.000,-222154
21.509498708,147412238,3.227,-9.172,-0.656,-0.002,0.002,0.000,-223484
21.511799125,147414459,3.227,-9.172,-0.656,-0.006,-0.004,-0.010,-223321
21.52104475,147422680,3.227,-9.172,-0.656,-0.008,-0.004,0.002,-222962
21.524590958,147426901,3.227,-9.172,-0.656,0.000,0.008,0.002,-222922
21.528418375,147431122,3.227,-9.172,-0.656,0.000,0.000,0.000,-223462
21.532622708,147435342,3.227,-9.172,-0.656,0.000,0.000,0.000,-222633
21.537909667,147440562,3.227,-9.172,-0.656,0.000,0.000,0.000,-222157
21.542121042,147444782,3.266,-9.133,-0.578,0.000,0.000,0.000,-224371
21.545482,147447987,3.266,-9.133,-0.578,0.000,0.000,0.000,-224371
21.551743917,147454209,3.266,-9.133,-0.578,0.000,0.000,0.000,-222755
21.555990375,147458429,3.266,-9.133,-0.578,0.000,0.000,0.000,-222661
21.559896417,147462650,3.266,-9.133,-0.578,0.000,0.000,0.000,-223546
21.565160125,147467870,3.266,-9.133,-0.578,0.000,0.000,0.000,-222863
21.5693825,147472090,3.266,-9.133,-0.578,0.000,0.000,0.000,-222502
21.572701333,147475310,3.266,-9.176,-0.539,0.000,0.000,0.000,-223251
21.574924917,147477530,3.266,-9.176,-0.539,0.000,0.000,0.000,-222836
21.580594208,147482750,3.266,-9.176,-0.539,0.000,0.000,0.000,-222764
21.58449525,147486970,3.266,-9.176,-0.539,0.000,0.000,0.000,-222531
21.588774625,147491190,3.266,-9.176,-0.539,0.000,0.000,0.000,-222702
21.592636,147495411,3.266,-9.176,-0.539,0.000,0.000,0.000,-223602
21.596935125,147499631,3.266,-9.176,-0.539,0.000,0.000,0.000,-223396
21.6001615,147502852,3.305,-9.137,-0.691,0.000,0.000,0.000,-222601
21.602415292,147505073,3.305,-9.137,-0.691,0.000,0.000,0.000,-223330
21.607780917,147510294,3.305,-9.137,-0.691,0.000,0.000,0.000,-223514
21.612000167,147514514,3.305,-9.137,-0.691,0.000,0.000,0.000,-222647
21.617679167,147519735,3.305,-9.137,-0.691,0.000,0.000,0.000,-222821
21.621507958,147523956,3.305,-9.137,-0.691,0.000,0.000,0.000,-222619
21.625679458,147528176,3.305,-9.137,-0.691,0.000,0.000,0.000,-222691
21.630630083,147533397,3.227,-9.137,-0.539,0.000,0.000,0.000,-223236
21.633817417,147536618,3.227,-9.137,-0.539,0.000,0.000,0.000,-222257
21.639062167,147541838,3.227,-9.137,-0.539,0.000,0.000,0.000,-222092
21.642282708,147545058,3.266,-9.133,-0.617,0.000,0.000,0.000,-223479
21.647533542,147550279,3.266,-9.133,-0.617,0.000,0.000,0.000,-223982
21.651952958,147554500,3.266,-9.133,-0.617,0.000,0.000,0.000,-223384
21.655989042,147558721,3.266,-9.133,-0.617,0.000,0.000,0.000,-223248
21.660205083,147562942,3.266,-9.133,-0.617,0.000,0.000,0.000,-223608
21.665416167,147568163,3.266,-9.133,-0.617,0.000,0.000,0.000,-222904
21.669654,147572383,3.266,-9.176,-0.578,0.000,0.000,0.000,-223213
21.672877083,147575605,3.266,-9.176,-0.578,0.000,0.000,0.000,-223186
21.679085958,147581825,3.266,-9.176,-0.578,0.000,0.000,0.000,-223397
21.68331325,147586046,3.266,-9.176,-0.578,0.000,0.000,0.000,-222417
21.687537875,147590266,3.266,-9.176,-0.578,0.000,0.000,0.000,-222213
21.692732667,147595486,3.266,-9.176,-0.578,0.000,0.000,0.000,-223500
21.696991792,147599706,3.266,-9.176,-0.578,0.000,0.000,0.000,-223754
21.701218417,147603927,3.227,-9.098,-0.578,0.000,0.000,0.000,-222735
21.703359375,147606148,3.227,-9.098,-0.578,0.000,0.000,0.000,-222010
21.708664292,147611369,3.227,-9.098,-0.578,0.000,0.000,0.000,-222852
21.712951542,147615589,3.227,-9.098,-0.578,0.000,0.000,0.000,-223338
21.717418125,147619812,3.227,-9.098,-0.578,0.000,0.000,0.000,-223345
21.721888667,147624033,3.227,-9.098,-0.578,0.000,0.000,0.000,-222583
21.725501083,147628253,3.227,-9.098,-0.578,0.000,0.000,0.000,-223055
21.730739708,147633474,3.191,-9.133,-0.578,0.000,0.000,0.000,-223817
21.734006125,147636694,3.191,-9.133,-0.578,0.000,0.000,0.000,-222734
21.740200542,147642915,3.191,-9.133,-0.578,0.000,0.000,0.000,-222762
21.74532825,147647135,3.191,-9.133,-0.578,0.000,0.000,0.000,-223507
21.748583083,147651356,3.191,-9.133,-0.578,0.000,0.000,0.000,-223550
21.75377625,147655577,3.191,-9.133,-0.578,0.000,0.000,0.000,-223266
21.758021167,147660798,3.191,-9.133,-0.578,0.000,0.000,0.000,-222856
21.762318083,147665019,3.227,-9.137,-0.578,0.000,0.000,0.000,-223671
21.765604833,147668240,3.227,-9.137,-0.578,0.000,0.000,0.000,-222595
21.772770583,147675461,3.227,-9.137,-0.578,0.000,0.000,0.000,-222773
21.777174458,147679681,3.227,-9.137,-0.578,0.000,0.000,0.000,-223088
21.7815115,147683901,3.227,-9.137,-0.578,0.000,0.000,0.000,-222700
21.78764575,147689122,3.227,-9.137,-0.578,0.000,0.000,0.000,-222618
21.790572375,147693345,3.227,-9.137,-0.578,0.000,0.000,0.000,-222513
21.795866792,147698566,3.266,-9.172,-0.691,0.000,0.000,0.000,-224157
21.799082542,147701787,3.266,-9.172,-0.691,0.000,0.000,0.000,-222506
21.8042555,147707007,3.266,-9.172,-0.691,0.000,0.000,0.000,-222672
21.808754417,147711227,3.266,-9.172,-0.691,0.000,0.000,0.000,-223789
21.81333025,147715448,3.266,-9.172,-0.691,0.000,0.000,0.000,-222513
21.817184042,147719669,3.266,-9.172,-0.691,0.000,0.000,0.000,-223347
21.821443833,147723889,3.266,-9.172,-0.691,0.000,0.000,0.000,-222693
21.826546708,147728110,3.266,-9.176,-0.578,0.000,0.000,0.000,-223011
21.827508875,147730330,3.266,-9.176,-0.578,0.000,0.000,0.000,-223324
21.832814333,147735551,3.266,-9.176,-0.578,0.000,0.000,0.000,-222195
21.837041833,147739771,3.266,-9.176,-0.578,0.000,0.000,0.000,-222507
21.840262792,147742991,3.266,-9.176,-0.578,0.000,0.000,0.000,-222691
21.844449958,147747212,3.266,-9.176,-0.578,0.000,0.000,0.000,-223466
21.848671125,147751433,3.266,-9.176,-0.578,0.000,0.000,0.000,-222726
21.853014167,147755653,3.227,-9.137,-0.617,0.000,0.000,0.000,-222352
21.855138875,147757874,3.227,-9.137,-0.617,0.000,0.000,0.000,-223427
21.860387958,147763094,3.227,-9.137,-0.617,0.000,0.000,0.000,-223179
21.864563333,147767314,3.227,-9.137,-0.617,0.000,0.000,0.000,-223147
21.868782583,147771534,3.227,-9.137,-0.617,0.000,0.000,0.000,-222736
21.873016667,147775755,3.227,-9.137,-0.617,0.000,0.000,0.000,-222868
21.878224583,147780976,3.227,-9.137,-0.617,0.000,0.000,0.000,-223408
21.882451708,147785197,3.227,-9.137,-0.617,0.000,0.000,0.000,-222763
21.885682042,147788417,3.227,-9.137,-0.617,0.000,0.000,0.000,-222089
21.891965417,147794637,3.227,-9.137,-0.617,0.000,0.000,0.000,-223074
21.896194875,147798857,3.227,-9.137,-0.617,0.000,0.000,0.000,-223147
21.899380333,147802077,3.227,-9.137,-0.617,0.000,0.000,0.000,-222534
21.903568958,147806297,3.227,-9.137,-0.617,0.000,0.000,0.000,-223442
21.907911833,147810518,3.227,-9.137,-0.617,0.000,0.000,0.000,-222951
21.912047583,147814739,3.266,-9.176,-0.578,0.000,0.000,0.000,-223511
21.915266083,147817959,3.266,-9.176,-0.578,0.000,0.000,0.000,-222814
21.920518083,147823179,3.266,-9.176,-0.578,0.000,0.000,0.000,-223085
21.924656292,147827399,3.266,-9.176,-0.578,0.000,0.000,0.000,-223590
21.929854917,147832620,3.266,-9.176,-0.578,0.000,0.000,0.000,-222133
21.934137708,147836840,3.266,-9.176,-0.578,0.000,0.000,0.000,-223025
21.939342875,147842061,3.266,-9.176,-0.578,0.000,0.000,0.000,-221668
21.943469625,147846282,3.266,-9.133,-0.617,0.000,0.000,0.000,-222159
21.947655917,147849503,3.266,-9.133,-0.617,0.000,0.000,0.000,-222848
21.952977375,147855723,3.266,-9.133,-0.617,0.000,0.000,0.000,-223340
21.957232167,147859943,3.266,-9.133,-0.617,0.000,0.000,0.000,-222370
21.960398667,147863163,3.266,-9.133,-0.617,0.000,0.000,0.000,-223426
21.964730875,147867383,3.266,-9.133,-0.617,0.000,0.000,0.000,-223288
21.969956625,147872603,3.266,-9.133,-0.617,0.000,0.000,0.000,-221826
21.973319958,147875824,3.266,-9.176,-0.617,0.000,0.000,0.000,-223568
21.978287,147881045,3.266,-9.176,-0.617,0.000,0.000,0.000,-223161
21.982520542,147885266,3.266,-9.176,-0.617,0.000,0.000,0.000,-223054
21.987927083,147890486,3.266,-9.176,-0.617,0.000,0.000,0.000,-222284
21.991922667,147894706,3.266,-9.176,-0.617,0.000,0.000,0.000,-222985
21.996192333,147898927,3.266,-9.176,-0.617,0.000,0.000,0.000,-223103
22.000559833,147903147,3.227,-9.172,-0.539,0.000,0.000,0.000,-222421
22.002647208,147905368,3.227,-9.172,-0.539,0.000,0.000,0.000,-222301
22.007947375,147910588,3.227,-9.172,-0.539,0.000,0.000,0.000,-222917
22.0123085,147914810,3.227,-9.172,-0.539,0.000,0.000,0.000,-223565
22.015541542,147918030,3.227,-9.172,-0.539,0.000,0.000,0.000,-223676
22.019725833,147922251,3.227,-9.172,-0.539,0.000,0.000,0.000,-221660
22.023951958,147926472,3.227,-9.172,-0.539,0.000,0.000,0.000,-223092
22.029964125,147932693,3.227,-9.137,-0.617,0.000,0.000,0.000,-223268
22.0331725,147935914,3.227,-9.137,-0.617,0.000,0.000,0.000,-222632
22.039392375,147942135,3.227,-9.137,-0.617,0.000,0.000,0.000,-223165
22.043619167,147946355,3.227,-9.137,-0.617,0.000,0.000,0.000,-223479
22.047871542,147950576,3.227,-9.137,-0.617,0.000,0.000,0.000,-223104
22.053064708,147955796,3.227,-9.137,-0.617,0.000,0.000,0.000,-222625
22.057556542,147960016,3.227,-9.137,-0.617,0.000,0.000,0.000,-223059
22.061559458,147964236,3.227,-9.137,-0.617,0.000,0.000,0.000,-223055
22.064714458,147967457,3.227,-9.137,-0.617,0.000,0.000,0.000,-223182
22.070972167,147973678,3.227,-9.137,-0.617,0.000,0.000,0.000,-222355
22.075146625,147977898,3.227,-9.137,-0.617,0.000,0.000,0.000,-223844
22.080627542,147983119,3.227,-9.137,-0.617,0.000,0.000,0.000,-223085
22.084664042,147987339,3.227,-9.137,-0.617,0.000,0.000,0.000,-222824
22.090016583,147992559,3.227,-9.137,-0.617,0.000,0.000,0.000,-222038
22.094098167,147996780,3.266,-9.176,-0.578,0.000,0.000,0.000,-223402
22.097282333,148000001,3.266,-9.176,-0.578,0.000,0.000,0.000,-222908
22.102756125,148005222,3.266,-9.176,-0.578,0.000,0.000,0.000,-223336
22.107938458,148010442,3.266,-9.176,-0.578,0.000,0.000,0.000,-222380
22.113174833,148015663,3.266,-9.176,-0.578,0.000,0.000,0.000,-222980
22.118223292,148020883,3.227,-9.098,-0.578,0.000,0.000,0.000,-222252
22.121519042,148024103,3.227,-9.098,-0.578,0.000,0.000,0.000,-221916
22.12767825,148030324,3.227,-9.098,-0.578,0.000,0.000,0.000,-223683
22.131836333,148034546,3.227,-9.098,-0.578,0.000,0.000,0.000,-222361
22.136092542,148038766,3.227,-9.098,-0.578,0.000,0.000,0.000,-222878
22.140311833,148042986,3.227,-9.098,-0.578,0.000,0.000,0.000,-223263
22.145579458,148048206,3.227,-9.098,-0.578,0.000,0.000,0.000,-223304
22.149980833,148052426,3.266,-9.133,-0.578,0.000,0.000,0.000,-222784
22.153146667,148055646,3.266,-9.133,-0.578,0.000,0.000,0.000,-222565
22.158091583,148060867,3.266,-9.133,-0.578,0.000,0.000,0.000,-222785
22.163338917,148066088,3.266,-9.133,-0.578,0.000,0.000,0.000,-223435
22.167583833,148070308,3.266,-9.133,-0.578,0.000,0.000,0.000,-222622
22.17178525,148074528,3.266,-9.133,-0.578,0.000,0.000,0.000,-222389
22.175051833,148077749,3.266,-9.133,-0.578,0.000,0.000,0.000,-223662
22.179336333,148081969,3.266,-9.133,-0.617,0.000,0.000,0.000,-223096
22.182591083,148085189,3.266,-9.133,-0.617,0.000,0.000,0.000,-222550
22.188696208,148091410,3.266,-9.133,-0.617,0.000,0.000,0.000,-222982
22.192897417,148095631,3.266,-9.133,-0.617,0.000,0.000,0.000,-222353
22.197176417,148099851,3.266,-9.133,-0.617,0.000,0.000,0.000,-223303
22.20138625,148104071,3.266,-9.133,-0.617,0.000,0.000,0.000,-222684
22.205539333,148108291,3.266,-9.133,-0.617,0.000,0.000,0.000,-222580
22.210936125,148113511,3.191,-9.098,-0.691,0.000,0.000,0.000,-223623
22.214110292,148116732,3.191,-9.098,-0.691,0.000,0.000,0.000,-222281
22.220556708,148122953,3.191,-9.098,-0.691,0.000,0.000,0.000,-223087
22.22486075,148127173,3.191,-9.098,-0.691,0.000,0.000,0.000,-222651
22.228667458,148131393,3.191,-9.098,-0.691,0.000,0.000,0.000,-222633
22.232853667,148135614,3.191,-9.098,-0.691,0.000,0.000,0.000,-222849
22.238055292,148140835,3.191,-9.098,-0.691,0.000,0.000,0.000,-223132
22.24231275,148145056,3.227,-9.137,-0.578,0.000,0.000,0.000,-223364
22.245541625,148148277,3.227,-9.137,-0.578,0.000,0.000,0.000,-223617
22.24979075,148152497,3.227,-9.137,-0.578,0.000,0.000,0.000,-222375
22.253965792,148156717,3.227,-9.137,-0.578,0.000,0.000,0.000,-222444
22.258222042,148160937,3.227,-9.137,-0.578,0.000,0.000,0.000,-222282
22.262391,148165158,3.227,-9.137,-0.578,0.000,0.000,0.000,-223383
22.267676167,148170379,3.227,-9.137,-0.578,0.000,0.000,0.000,-222393
22.271839542,148174601,3.227,-9.172,-0.578,0.000,0.000,0.000,-222574
22.274038167,148176821,3.227,-9.172,-0.578,0.000,0.000,0.000,-222252
22.280296292,148183041,3.227,-9.172,-0.578,0.000,0.000,0.000,-223387
22.284524083,148187261,3.266,-9.176,-0.617,0.000,0.000,0.000,-222229
22.289795708,148192482,3.266,-9.176,-0.617,0.000,0.000,0.000,-222350
22.293945958,148196703,3.266,-9.176,-0.617,0.000,0.000,0.000,-222885
22.298158167,148200924,3.266,-9.176,-0.617,0.000,0.000,0.000,-222523
22.302433917,148205145,3.266,-9.176,-0.617,0.000,0.000,0.000,-222808
22.307673458,148210365,3.266,-9.176,-0.617,0.000,0.000,0.000,-222734
22.310816083,148213586,3.266,-9.133,-0.617,0.000,0.000,0.000,-223408
22.314154917,148216808,3.266,-9.133,-0.617,0.000,0.000,0.000,-222641
22.320316208,148223028,3.266,-9.133,-0.617,0.000,0.000,0.000,-222781
22.324532333,148227249,3.266,-9.133,-0.617,0.000,0.000,0.000,-222925
22.328680958,148231469,3.266,-9.133,-0.617,0.000,0.000,0.000,-222679
22.3329325,148235689,3.266,-9.133,-0.617,0.000,0.000,0.000,-222753
22.3381515,148240909,3.266,-9.133,-0.617,0.000,0.000,0.000,-222050
22.3423625,148245129,3.266,-9.176,-0.617,0.000,0.000,0.000,-222533
22.345614208,148248349,3.266,-9.176,-0.617,0.000,0.000,0.000,-223391
22.3508445,148253569,3.266,-9.176,-0.617,0.000,0.000,0.000,-222731
22.355058,148257789,3.266,-9.176,-0.617,0.000,0.000,0.000,-222572
22.358203167,148261009,3.266,-9.176,-0.617,0.000,0.000,0.000,-222945
22.3635125,148266230,3.266,-9.176,-0.617,0.000,0.000,0.000,-222998
22.367706083,148270450,3.266,-9.176,-0.617,0.000,0.000,0.000,-222426
22.372062833,148274670,3.227,-9.137,-0.578,0.000,0.000,0.000,-222935
22.375156292,148277891,3.227,-9.137,-0.578,0.000,0.000,0.000,-222261
22.380357042,148283112,3.227,-9.137,-0.578,0.000,0.000,0.000,-222994
22.384743042,148287333,3.227,-9.137,-0.578,0.000,0.000,0.000,-222808
22.389981958,148292553,3.227,-9.137,-0.578,0.000,0.000,0.000,-223285
22.394054,148296773,3.227,-9.137,-0.578,0.000,0.000,0.000,-222696
22.398260583,148300993,3.227,-9.137,-0.578,0.000,0.000,0.000,-223242
22.403489042,148306214,3.305,-9.133,-0.539,0.000,0.000,0.000,-222155
22.406927083,148309434,3.305,-9.133,-0.539,0.000,0.000,0.000,-222904
22.412939,148315654,3.305,-9.133,-0.539,0.000,0.000,0.000,-222722
22.417191167,148319874,3.305,-9.133,-0.539,0.000,0.000,0.000,-221848
22.420357458,148323095,3.305,-9.133,-0.539,0.000,0.000,0.000,-222825
22.425551917,148328315,3.305,-9.133,-0.539,0.000,0.000,0.000,-223196
22.430085792,148332535,3.266,-9.133,-0.617,0.000,0.000,0.000,-223464
22.432016917,148334756,3.266,-9.133,-0.617,0.000,0.000,0.000,-223320
22.436245292,148338976,3.266,-9.133,-0.617,0.000,0.000,0.000,-222326
22.4404505,148343197,3.266,-9.133,-0.617,0.000,0.000,0.000,-223232
22.444668375,148347418,3.266,-9.133,-0.617,0.000,0.000,0.000,-223026
22.449887,148352639,3.266,-9.133,-0.617,0.000,0.000,0.000,-222730
22.455993667,148357860,3.266,-9.133,-0.617,0.000,0.000,0.000,-222763
22.459343625,148362080,3.227,-9.172,-0.539,0.000,0.000,0.000,-223322
22.461570042,148364301,3.227,-9.172,-0.539,0.000,0.000,0.000,-223535
22.467793667,148370521,3.227,-9.172,-0.539,0.000,0.000,0.000,-222088
22.471992958,148374742,3.227,-9.172,-0.539,0.000,0.000,0.000,-222811
22.4764355,148378962,3.227,-9.172,-0.539,0.000,0.000,0.000,-222995
22.480730375,148383182,3.227,-9.172,-0.539,0.000,0.000,0.000,-222702
22.485662333,148388402,3.266,-9.176,-0.617,0.000,0.000,0.000,-222568
22.488840917,148391623,3.266,-9.176,-0.617,0.000,0.000,0.000,-222712
22.495112917,148397843,3.266,-9.176,-0.617,0.000,0.000,0.000,-222846
22.500353708,148403064,3.266,-9.176,-0.617,0.000,0.000,0.000,-222261
22.504604625,148407284,3.266,-9.176,-0.617,0.000,0.000,0.000,-222618
22.509861708,148412504,3.266,-9.176,-0.617,0.000,0.000,0.000,-223497
22.513050333,148415724,3.266,-9.176,-0.617,0.000,0.000,0.000,-223970
22.519900917,148421945,3.266,-9.176,-0.617,0.000,0.000,0.000,-223006
22.523399167,148426165,3.266,-9.176,-0.617,0.000,0.000,0.000,-222979
22.530673,148433385,3.266,-9.176,-0.617,0.000,0.000,0.000,-223225
22.534929417,148437606,3.266,-9.176,-0.617,0.000,0.000,0.000,-223423
22.540202625,148442827,3.266,-9.176,-0.617,0.000,0.000,0.000,-222728
22.54458025,148447047,3.227,-9.172,-0.578,0.000,0.000,0.000,-223227
22.54776475,148450267,3.227,-9.172,-0.578,0.000,0.000,0.000,-223581
22.555122958,148456488,3.227,-9.172,-0.578,0.000,0.000,0.000,-223017
22.558112458,148460708,3.227,-9.172,-0.578,0.000,0.000,0.000,-222074
22.562225542,148464929,3.227,-9.172,-0.578,0.000,0.000,0.000,-223271
22.56648625,148469150,3.266,-9.133,-0.617,0.000,0.000,0.000,-223451
22.568696542,148471370,3.266,-9.133,-0.617,0.000,0.000,0.000,-222821
22.574055917,148476593,3.266,-9.133,-0.617,0.000,0.000,0.000,-223438
22.578590708,148480813,3.266,-9.133,-0.617,0.000,0.000,0.000,-223994
22.582550333,148485033,3.266,-9.133,-0.617,0.000,0.000,0.000,-222634
22.588476125,148490254,3.266,-9.133,-0.617,0.000,0.000,0.000,-223419
22.592730958,148495475,3.266,-9.133,-0.617,0.000,0.000,0.000,-223006
22.597070208,148499695,3.227,-9.098,-0.578,0.000,0.000,0.000,-222980
22.599191208,148501915,3.227,-9.098,-0.578,0.000,0.000,0.000,-223189
22.603363583,148506136,3.227,-9.098,-0.578,0.000,0.000,0.000,-223241
22.608610458,148511356,3.227,-9.098,-0.578,0.000,0.000,0.000,-222925
22.612889833,148515577,3.227,-9.098,-0.578,0.000,0.000,0.000,-223180
22.617190125,148519799,3.266,-9.133,-0.617,0.000,0.000,0.000,-222809
22.622655917,148525020,3.266,-9.133,-0.617,0.000,0.000,0.000,-222826
22.627515542,148530241,3.266,-9.133,-0.617,0.000,0.000,0.000,-223847
22.631715167,148534461,3.266,-9.133,-0.617,0.000,0.000,0.000,-223178
22.636952,148539682,3.266,-9.133,-0.617,0.000,0.000,0.000,-222329
22.641173458,148543902,3.266,-9.133,-0.617,0.000,0.000,0.000,-223623
22.645388875,148548122,3.266,-9.176,-0.656,0.000,0.000,0.000,-222558
22.648620708,148551343,3.266,-9.176,-0.656,0.000,0.000,0.000,-223187
22.654858667,148557564,3.266,-9.176,-0.656,0.000,0.000,0.000,-222918
22.660064125,148562785,3.266,-9.176,-0.656,0.000,0.000,0.000,-222847
22.663255042,148566006,3.266,-9.176,-0.656,0.000,0.000,0.000,-222975
22.668495167,148571226,3.266,-9.176,-0.656,0.000,0.000,0.000,-222607
22.672727083,148575446,3.266,-9.176,-0.656,0.000,0.000,0.000,-224069
22.677037792,148579666,3.266,-9.176,-0.578,0.000,0.000,0.000,-223036
22.680314458,148582887,3.266,-9.176,-0.578,0.000,0.000,0.000,-223170
22.68673975,148588108,3.266,-9.176,-0.578,0.000,0.000,0.000,-222737
22.68954525,148592328,3.266,-9.176,-0.578,0.000,0.000,0.000,-223096
22.693871917,148596533,3.266,-9.176,-0.578,0.000,0.000,0.000,-223096
22.69910125,148601753,3.266,-9.176,-0.578,0.000,0.000,0.000,-222569
22.703338,148605974,3.266,-9.176,-0.578,0.000,0.000,0.000,-222792
22.708894708,148611195,3.266,-9.133,-0.656,0.000,0.000,0.000,-223453
22.711984083,148614415,3.266,-9.133,-0.656,0.000,0.000,0.000,-223295
22.7169745,148619636,3.266,-9.133,-0.656,0.000,0.000,0.000,-223522
22.721887458,148623857,3.266,-9.133,-0.656,0.000,0.000,0.000,-222773
22.726381375,148629078,3.266,-9.133,-0.656,0.000,0.000,0.000,-223365
22.731955542,148634298,3.266,-9.133,-0.656,0.000,0.000,0.000,-223824
22.735892583,148638519,3.266,-9.133,-0.656,0.000,0.000,0.000,-222780
22.739943542,148642739,3.305,-9.133,-0.539,0.000,0.000,0.000,-222850
22.74383825,148645959,3.305,-9.133,-0.539,0.000,0.000,0.000,-222759
22.74944275,148652180,3.305,-9.133,-0.539,0.000,0.000,0.000,-223088
22.753817792,148656400,3.305,-9.133,-0.539,0.000,0.000,0.000,-222358
22.757825792,148660620,3.305,-9.133,-0.539,0.000,0.000,0.000,-222239
22.762249542,148664841,3.305,-9.133,-0.539,0.000,0.000,0.000,-222785
22.766695792,148669061,3.305,-9.133,-0.539,0.000,0.000,0.000,-222805
22.771793083,148674282,3.227,-9.137,-0.617,0.000,0.000,0.000,-222902
22.774953875,148677502,3.227,-9.137,-0.617,0.000,0.000,0.000,-223295
22.781253083,148683723,3.227,-9.137,-0.617,0.000,0.000,0.000,-223026
22.786481625,148687944,3.227,-9.137,-0.617,0.000,0.000,0.000,-222374
22.7914265,148694164,3.227,-9.137,-0.617,0.000,0.000,0.000,-223496
22.795648625,148698384,3.227,-9.137,-0.617,0.000,0.000,0.000,-221907
22.799927875,148702605,3.227,-9.137,-0.617,0.000,0.000,0.000,-222932
22.804026833,148706825,3.227,-9.137,-0.617,0.000,0.000,0.000,-222419
22.806546417,148709045,3.227,-9.137,-0.617,0.000,0.000,0.000,-222226
22.811770792,148714265,3.227,-9.137,-0.617,0.000,0.000,0.000,-223588
22.816105042,148718486,3.227,-9.137,-0.617,0.000,0.000,0.000,-223396
22.820284708,148722707,3.227,-9.137,-0.617,0.000,0.000,0.000,-222147
22.824203583,148726927,3.227,-9.137,-0.617,0.000,0.000,0.000,-222993
22.82837375,148731148,3.227,-9.137,-0.617,0.000,0.000,0.000,-222375
22.832617875,148735369,3.266,-9.133,-0.617,0.000,0.000,0.000,-223019
22.835857458,148738589,3.266,-9.133,-0.617,0.000,0.000,0.000,-222251
22.841139708,148743810,3.266,-9.133,-0.617,0.000,0.000,0.000,-222640
22.845340458,148748030,3.266,-9.133,-0.617,0.000,0.000,0.000,-223001
22.850516667,148753251,3.266,-9.133,-0.617,0.000,0.000,0.000,-222529
22.854905542,148757472,3.266,-9.133,-0.617,0.000,0.000,0.000,-222850
22.858943125,148761692,3.266,-9.133,-0.617,0.000,0.000,0.000,-222567
22.863200333,148765912,3.227,-9.137,-0.578,0.000,0.000,0.000,-222959
22.866432792,148769132,3.227,-9.137,-0.578,0.000,0.000,0.000,-222601
22.871664958,148774352,3.227,-9.137,-0.578,0.000,0.000,0.000,-222924
22.875832292,148778572,3.227,-9.137,-0.578,0.000,0.000,0.000,-223059
22.881123042,148783792,3.227,-9.137,-0.578,0.000,0.000,0.000,-222680
22.885414208,148788013,3.227,-9.137,-0.578,0.000,0.000,0.000,-223081
22.890517958,148793233,3.227,-9.137,-0.578,0.000,0.000,0.000,-222996
22.894720208,148797453,3.227,-9.137,-0.539,0.000,0.000,0.000,-223000
22.897937417,148800673,3.227,-9.137,-0.539,0.000,0.000,0.000,-222957
22.90318375,148805893,3.227,-9.137,-0.539,0.000,0.000,0.000,-223096
22.908368042,148811114,3.227,-9.137,-0.539,0.000,0.000,0.000,-222884
22.91378775,148816335,3.227,-9.137,-0.539,0.000,0.000,0.000,-223228
22.919824583,148821556,3.266,-9.211,-0.578,0.000,0.000,0.000,-222566
22.92219775,148824776,3.266,-9.211,-0.578,0.000,0.000,0.000,-222711
22.9282755,148830996,3.266,-9.211,-0.578,0.000,0.000,0.000,-222832
22.932561167,148835217,3.266,-9.211,-0.578,0.000,0.000,0.000,-223139
22.93668925,148839437,3.266,-9.211,-0.578,0.000,0.000,0.000,-221598
22.940855875,148843657,3.266,-9.211,-0.578,0.000,0.000,0.000,-222723
22.946090125,148848878,3.227,-9.098,-0.656,0.000,0.000,0.000,-223332
22.9493465,148852098,3.227,-9.098,-0.656,0.000,0.000,0.000,-223608
22.955630583,148858303,3.227,-9.098,-0.656,0.000,0.000,0.000,-223608
22.959816083,148862523,3.227,-9.098,-0.656,0.000,0.000,0.000,-223387
22.96400075,148866744,3.227,-9.098,-0.656,0.000,0.000,0.000,-222458
22.969167667,148871964,3.227,-9.098,-0.656,0.000,0.000,0.000,-221777
22.973493583,148876184,3.266,-9.133,-0.578,0.000,0.000,0.000,-222754
22.975851833,148878404,3.266,-9.133,-0.578,0.000,0.000,0.000,-222824
22.979835417,148882625,3.266,-9.133,-0.578,0.000,0.000,0.000,-224239
22.9840925,148886846,3.266,-9.133,-0.578,0.000,0.000,0.000,-222587
22.988527292,148891066,3.266,-9.133,-0.578,0.002,-0.002,0.004,-222268
22.993605583,148896287,3.266,-9.133,-0.578,-0.008,0.002,0.000,-223353
22.997853542,148900508,3.266,-9.133,-0.578,-0.002,0.008,0.010,-223249
23.002080167,148904729,3.227,-9.137,-0.656,-0.002,0.008,0.010,-222990
23.004238958,148906950,3.227,-9.137,-0.656,-0.008,-0.004,-0.014,-222644
23.009476708,148912171,3.227,-9.137,-0.656,-0.006,0.002,-0.004,-223465
23.013945875,148916392,3.227,-9.137,-0.656,0.000,0.000,0.010,-223284
23.018072625,148920613,3.227,-9.137,-0.656,0.002,0.006,-0.002,-222759
23.023107708,148925834,3.227,-9.137,-0.656,-0.008,0.004,0.002,-222256
23.028375958,148931055,3.227,-9.137,-0.656,-0.012,-0.004,-0.020,-223305
23.032572708,148935276,3.266,-9.133,-0.578,-0.012,-0.004,-0.020,-222925
23.034761042,148937497,3.266,-9.133,-0.578,0.004,0.006,-0.010,-223355
23.03999175,148942718,3.266,-9.133,-0.578,0.008,0.008,0.012,-222954
23.044161458,148946939,3.266,-9.133,-0.578,0.004,0.004,0.002,-222350
23.049470917,148952160,3.266,-9.133,-0.578,-0.002,-0.004,0.002,-223555
23.055358833,148957381,3.266,-9.133,-0.578,-0.006,-0.002,0.014,-221965
23.059934,148962602,3.266,-9.133,-0.578,-0.004,0.000,-0.004,-222959
23.064051208,148966823,3.191,-9.133,-0.578,-0.004,0.000,-0.004,-222869
23.067288542,148970044,3.191,-9.133,-0.578,-0.006,-0.004,-0.012,-222489
23.072491917,148975265,3.191,-9.133,-0.578,-0.002,-0.004,0.010,-222977
23.0766765,148979486,3.191,-9.133,-0.578,0.010,-0.010,-0.010,-223282
23.080315292,148982707,3.191,-9.133,-0.578,-0.010,0.002,0.014,-223073
23.084096292,148986928,3.191,-9.133,-0.578,-0.002,-0.018,0.004,-222589
23.088326083,148991149,3.191,-9.133,-0.578,0.004,-0.004,0.000,-222902
23.092523958,148995370,3.266,-9.176,-0.539,0.004,-0.004,0.000,-222803
23.095727667,148998591,3.266,-9.176,-0.539,-0.006,0.002,0.012,-222867
23.101944708,149004812,3.266,-9.176,-0.539,0.006,0.002,0.008,-223049
23.106164625,149009033,3.266,-9.176,-0.539,0.004,-0.004,-0.012,-222319
23.110368583,149013254,3.266,-9.176,-0.539,-0.002,0.006,0.000,-223974
23.115036542,149017475,3.266,-9.176,-0.539,0.002,-0.004,0.014,-223766
23.119902292,149022696,3.266,-9.176,-0.539,-0.006,0.002,-0.006,-222454
23.123132708,149025917,3.266,-9.133,-0.539,-0.006,0.002,-0.006,-222758
23.126652958,149029138,3.266,-9.133,-0.539,0.004,0.006,0.006,-223533
23.132509542,149035359,3.266,-9.133,-0.539,0.006,0.004,-0.004,-223058
23.137908083,149040581,3.266,-9.133,-0.539,-0.010,0.010,0.000,-223022
23.143006708,149045801,3.266,-9.133,-0.539,0.008,0.000,0.002,-223016
23.147172833,149050022,3.305,-9.176,-0.578,0.008,0.000,0.002,-222325
23.150443458,149053243,3.305,-9.176,-0.578,-0.010,0.004,0.000,-222124
23.155613375,149058464,3.305,-9.176,-0.578,-0.004,0.000,-0.018,-222520
23.160910833,149063685,3.305,-9.176,-0.578,-0.012,0.004,0.002,-223104
23.165145333,149067906,3.305,-9.176,-0.578,-0.006,-0.006,0.012,-222980
23.170354458,149073127,3.305,-9.176,-0.578,-0.008,0.000,0.018,-223283
23.174567625,149077348,3.305,-9.176,-0.578,-0.002,-0.002,-0.002,-222954
23.178788833,149081569,3.305,-9.133,-0.656,-0.002,-0.002,-0.002,-222886
23.181918292,149084792,3.305,-9.133,-0.656,0.000,0.004,0.006,-222682
23.1882795,149091013,3.305,-9.133,-0.656,-0.006,-0.004,0.000,-222710
23.192481458,149095234,3.305,-9.133,-0.656,-0.008,-0.010,0.002,-223416
23.196721,149099455,3.305,-9.133,-0.656,-0.002,-0.004,-0.006,-222744
23.200904167,149103676,3.305,-9.133,-0.656,-0.008,-0.006,0.000,-222849
23.206108667,149108897,3.305,-9.133,-0.656,0.004,0.008,0.012,-222733
23.21031875,149113118,3.227,-9.172,-0.578,0.004,0.008,0.012,-223409
23.213575875,149116339,3.227,-9.172,-0.578,0.000,0.004,-0.006,-223265
23.219800667,149122560,3.227,-9.172,-0.578,-0.008,0.004,0.002,-222055
23.223978042,149126781,3.227,-9.172,-0.578,-0.002,0.006,0.006,-222300
23.228204833,149131002,3.227,-9.172,-0.578,0.004,0.004,0.002,-223297
23.233490833,149136223,3.227,-9.172,-0.578,-0.004,0.000,0.012,-223451
23.238667583,149141444,3.227,-9.172,-0.578,0.002,0.002,-0.004,-222684
23.242929,149145665,3.227,-9.172,-0.617,0.002,0.002,-0.004,-223355
23.246131833,149148886,3.227,-9.172,-0.617,-0.002,-0.006,0.004,-222770
23.251338333,149154107,3.227,-9.172,-0.617,-0.006,0.002,0.006,-222214
23.255604375,149158328,3.227,-9.172,-0.617,0.012,0.006,0.002,-222622
23.260810625,149163549,3.227,-9.172,-0.617,0.014,-0.004,-0.008,-223432
23.265029292,149167770,3.227,-9.172,-0.617,-0.002,-0.010,0.002,-223537
23.270243542,149172991,3.227,-9.172,-0.617,0.000,-0.004,0.000,-223016
23.273471458,149176212,3.266,-9.133,-0.656,0.000,-0.004,0.000,-222959
23.278714458,149181433,3.266,-9.133,-0.656,0.004,0.000,-0.002,-223187
23.282952208,149185654,3.266,-9.133,-0.656,-0.002,0.002,0.002,-222601
23.288173792,149190875,3.266,-9.133,-0.656,0.000,-0.004,0.010,-222383
23.292388125,149195096,3.266,-9.133,-0.656,-0.004,-0.006,-0.014,-223551
23.297657083,149200317,3.266,-9.133,-0.656,-0.004,0.008,-0.004,-222926
23.301863833,149204538,3.266,-9.133,-0.578,-0.004,0.008,-0.004,-221674
23.3050515,149207759,3.266,-9.133,-0.578,-0.002,0.010,0.006,-221991
23.311329708,149213980,3.266,-9.133,-0.578,0.010,0.004,0.002,-223651
23.31655725,149219201,3.266,-9.133,-0.578,0.004,0.014,0.000,-222610
23.321116167,149223422,3.266,-9.133,-0.578,-0.006,-0.004,0.012,-222970
23.325881,149228643,3.266,-9.133,-0.578,0.004,0.006,-0.006,-223275
23.330161208,149232864,3.266,-9.133,-0.578,-0.004,0.002,-0.002,-222523
23.334330667,149237085,3.227,-9.176,-0.691,-0.004,0.002,-0.002,-222603
23.337559417,149240306,3.227,-9.176,-0.691,0.000,0.004,0.002,-222827
23.342787875,149245527,3.227,-9.176,-0.691,-0.004,0.008,-0.002,-223373
23.34799175,149250748,3.227,-9.176,-0.691,0.004,0.002,-0.008,-223672
23.35335,149255969,3.227,-9.176,-0.691,0.002,-0.010,0.006,-222713
23.357483333,149260190,3.227,-9.176,-0.691,0.004,0.000,-0.012,-223508
23.361696792,149264411,3.227,-9.176,-0.691,0.000,0.000,0.004,-222857
23.365882208,149268631,3.266,-9.133,-0.656,0.000,0.000,0.004,-223324
23.369095417,149271851,3.266,-9.133,-0.656,0.002,-0.004,0.006,-222434
23.37533125,149278072,3.266,-9.133,-0.656,-0.008,0.008,0.000,-223875
23.380536583,149283293,3.266,-9.133,-0.656,0.010,0.004,0.006,-223510
23.384790625,149287514,3.266,-9.133,-0.656,0.002,-0.010,0.004,-221963
23.390014208,149292735,3.266,-9.133,-0.656,-0.006,-0.006,-0.002,-223149
23.394207375,149296956,3.266,-9.133,-0.656,0.002,0.006,-0.006,-223368
23.398469625,149301177,3.266,-9.176,-0.617,0.002,0.006,-0.006,-222927
23.400667708,149303398,3.266,-9.176,-0.617,0.000,0.004,-0.006,-223178
23.405285875,149307619,3.266,-9.176,-0.617,-0.014,0.000,0.004,-222878
23.409106208,149311840,3.266,-9.176,-0.617,-0.006,0.004,-0.002,-222961
23.412663292,149315061,3.266,-9.176,-0.617,0.000,-0.008,0.002,-223609
23.417579333,149320282,3.266,-9.176,-0.617,-0.004,-0.004,-0.012,-222123
23.422284792,149324503,3.266,-9.176,-0.617,0.002,0.006,-0.008,-223212
23.428045458,149330724,3.227,-9.137,-0.617,0.002,0.006,-0.008,-223030
23.4302155,149332945,3.227,-9.137,-0.617,0.004,0.002,0.006,-222651
23.435431417,149338165,3.227,-9.137,-0.617,0.010,0.004,-0.006,-222034
23.440695917,149343385,3.227,-9.137,-0.617,0.006,0.004,-0.002,-223312
23.445899708,149348606,3.227,-9.137,-0.617,0.000,0.002,0.000,-223180
23.4501345,149352827,3.227,-9.137,-0.617,-0.012,0.002,-0.006,-222818
23.45429525,149357048,3.227,-9.137,-0.617,-0.002,0.006,-0.002,-222704
23.457775208,149360269,3.227,-9.137,-0.539,-0.002,0.006,-0.002,-222422
23.459702458,149362490,3.227,-9.137,-0.539,-0.008,0.006,0.006,-224133
23.463916167,149366711,3.227,-9.137,-0.539,0.008,-0.002,-0.006,-222294
23.46825675,149370932,3.227,-9.137,-0.539,-0.004,-0.006,0.010,-222668
23.47342875,149376153,3.227,-9.137,-0.539,0.004,0.006,0.016,-222577
23.477952667,149380374,3.227,-9.137,-0.539,-0.010,0.004,-0.004,-222411
23.482217333,149384595,3.227,-9.137,-0.539,-0.002,0.004,0.006,-223576
23.488590417,149388816,3.227,-9.172,-0.617,-0.002,0.004,0.006,-222212
23.488884292,149391037,3.227,-9.172,-0.617,-0.008,0.006,0.002,-222481
23.493487542,149396258,3.227,-9.172,-0.617,0.000,0.000,0.006,-223038
23.498775875,149401479,3.227,-9.172,-0.617,0.004,0.002,-0.016,-223627
23.502966667,149405700,3.227,-9.172,-0.617,-0.004,-0.010,-0.002,-222598
23.508233042,149410921,3.227,-9.172,-0.617,-0.002,0.002,-0.002,-222391
23.512540042,149415142,3.227,-9.172,-0.617,-0.002,-0.006,0.008,-223061
23.518111458,149420363,3.266,-9.133,-0.617,-0.002,-0.006,0.008,-223340
23.521528792,149423584,3.266,-9.133,-0.617,0.000,0.002,0.004,-222911
23.528160125,149430807,3.266,-9.133,-0.617,-0.002,0.008,-0.002,-223101
23.533382917,149436028,3.266,-9.133,-0.617,0.002,-0.012,-0.012,-222942
23.538652625,149441249,3.266,-9.133,-0.617,0.004,0.002,-0.006,-222552
23.543,149445470,3.227,-9.137,-0.539,0.004,0.002,-0.006,-223180
23.546390333,149448691,3.227,-9.137,-0.539,-0.012,0.000,0.002,-223189
23.551453625,149453912,3.227,-9.137,-0.539,-0.006,0.008,0.006,-221898
23.556489458,149459133,3.227,-9.137,-0.539,0.002,-0.008,0.002,-222720
23.560661625,149463354,3.227,-9.137,-0.539,0.002,-0.008,0.002,-222654
23.565933125,149468575,3.227,-9.137,-0.539,0.012,-0.006,0.016,-222749
23.570077292,149472796,3.227,-9.137,-0.539,0.000,0.000,0.006,-222816
23.574544458,149477017,3.227,-9.172,-0.617,0.000,0.000,0.006,-222447
23.577765333,149480238,3.227,-9.172,-0.617,0.002,-0.010,-0.002,-223205
23.583996167,149486459,3.227,-9.172,-0.617,0.004,0.008,0.002,-223060
23.589124042,149491680,3.227,-9.172,-0.617,-0.004,-0.008,0.002,-222757
23.59317675,149495901,3.227,-9.172,-0.617,-0.006,0.006,-0.002,-223050
23.598461167,149501122,3.227,-9.172,-0.617,0.008,-0.004,-0.002,-223146
23.602682375,149505343,3.266,-9.176,-0.539,0.008,-0.004,-0.002,-222792
23.60492575,149507564,3.266,-9.176,-0.539,-0.004,0.006,-0.006,-223046
23.609176833,149511786,3.266,-9.176,-0.539,0.002,0.006,0.006,-223060
23.614181292,149516007,3.266,-9.176,-0.539,0.004,0.004,0.010,-223170
23.617801792,149520227,3.266,-9.176,-0.539,-0.004,0.002,-0.006,-223090
23.622103,149524448,3.266,-9.176,-0.539,0.010,0.002,0.008,-223001
23.625948042,149528668,3.266,-9.176,-0.539,-0.004,0.000,-0.002,-223478
23.630171417,149532889,3.305,-9.094,-0.617,-0.004,0.000,-0.002,-222513
23.632366792,149535110,3.305,-9.094,-0.617,-0.004,0.002,0.006,-222184
23.636609792,149539333,3.305,-9.094,-0.617,0.002,-0.004,-0.006,-221753
23.640824208,149543554,3.305,-9.094,-0.617,0.002,0.002,0.004,-221962
23.645069917,149547775,3.305,-9.094,-0.617,0.000,-0.010,-0.002,-223373
23.649314333,149551996,3.305,-9.094,-0.617,-0.016,0.000,-0.004,-223003
23.652550875,149555217,3.266,-9.133,-0.578,-0.016,0.000,-0.004,-222553
23.655013042,149557438,3.266,-9.133,-0.578,0.006,0.000,0.000,-223009
23.659010875,149561659,3.266,-9.133,-0.578,-0.004,0.006,0.002,-222919
23.663160125,149565880,3.266,-9.133,-0.578,0.010,-0.006,0.006,-223574
23.668392083,149571101,3.266,-9.133,-0.578,0.000,0.002,0.018,-222836
23.672630375,149575321,3.266,-9.133,-0.578,0.004,0.002,0.000,-223060
23.676748083,149579542,3.266,-9.133,-0.578,-0.008,0.006,-0.006,-223113
23.681071083,149583763,3.227,-9.137,-0.539,-0.008,0.006,-0.006,-223371
23.683415875,149585984,3.227,-9.137,-0.539,0.008,0.000,-0.010,-222438
23.689533958,149592205,3.227,-9.137,-0.539,0.008,-0.002,-0.002,-222258
23.693755792,149596426,3.227,-9.137,-0.539,-0.002,-0.004,0.006,-223282
23.697925208,149600647,3.227,-9.137,-0.539,0.002,0.006,0.012,-223908
23.703124042,149605868,3.227,-9.137,-0.539,-0.002,-0.008,0.020,-222211
23.708408208,149611089,3.227,-9.137,-0.539,0.004,-0.004,-0.002,-222555
23.713843,149616310,3.266,-9.094,-0.656,0.004,-0.004,-0.002,-223072
23.717052,149619531,3.266,-9.094,-0.656,0.002,0.000,-0.002,-223277
23.722363625,149624752,3.266,-9.094,-0.656,-0.004,0.010,0.006,-222350
23.72621575,149628973,3.266,-9.094,-0.656,-0.002,0.000,-0.006,-223414
23.731454625,149634194,3.266,-9.094,-0.656,0.000,0.008,-0.006,-223633
23.735762542,149638415,3.266,-9.094,-0.656,0.006,0.002,-0.012,-222247
23.739845208,149642636,3.266,-9.094,-0.656,0.012,0.006,0.002,-223172
23.743073875,149645857,3.227,-9.172,-0.539,0.012,0.006,0.002,-223061
23.746386375,149649078,3.227,-9.172,-0.539,-0.014,0.000,-0.014,-222743
23.75376475,149655299,3.227,-9.172,-0.539,0.002,0.002,0.004,-222583
23.756810167,149659520,3.227,-9.172,-0.539,0.002,0.004,-0.002,-222480
23.761061417,149663741,3.227,-9.172,-0.539,-0.006,-0.004,0.002,-223495
23.766357542,149668962,3.227,-9.172,-0.539,0.002,0.000,-0.008,-223246
23.771475917,149674183,3.227,-9.172,-0.539,-0.008,-0.004,0.004,-222333
23.775676417,149678404,3.227,-9.172,-0.617,-0.008,-0.004,0.004,-223776
23.778867875,149681625,3.227,-9.172,-0.617,-0.002,0.000,0.002,-223494
23.784160417,149686846,3.227,-9.172,-0.617,0.002,0.006,0.002,-221438
23.7894855,149692067,3.227,-9.172,-0.617,0.008,-0.008,0.000,-222632
23.793545458,149696288,3.227,-9.172,-0.617,0.000,-0.004,0.004,-222557
23.797784,149700509,3.227,-9.172,-0.617,-0.002,-0.008,-0.008,-223233
23.80302275,149705730,3.227,-9.172,-0.617,-0.002,0.000,-0.008,-222653
23.808193542,149710951,3.191,-9.176,-0.656,-0.002,0.000,-0.008,-223414
23.811642083,149714172,3.191,-9.176,-0.656,0.000,0.000,0.004,-223619
23.816667792,149719392,3.191,-9.176,-0.656,-0.008,0.012,-0.006,-223098
23.821773667,149723613,3.191,-9.176,-0.656,-0.004,-0.006,0.012,-223008
23.824075833,149726819,3.191,-9.176,-0.656,0.004,0.004,0.006,-223008
23.830315,149733039,3.191,-9.176,-0.656,-0.006,0.004,0.006,-222408
23.834776833,149737260,3.191,-9.176,-0.656,0.000,0.000,-0.008,-223264
23.8387375,149741481,3.266,-9.176,-0.617,0.000,0.000,-0.008,-222277
23.840985125,149743702,3.266,-9.176,-0.617,-0.014,-0.010,-0.010,-222531
23.846414458,149748923,3.266,-9.176,-0.617,-0.004,0.004,-0.008,-223705
23.851455292,149754144,3.266,-9.176,-0.617,0.000,-0.002,0.002,-222640
23.855670542,149758365,3.266,-9.176,-0.617,0.000,0.002,-0.008,-222938
23.860882333,149763586,3.266,-9.176,-0.617,0.000,-0.004,0.004,-223271
23.86610925,149768807,3.266,-9.176,-0.617,0.008,0.002,0.002,-223733
23.871289125,149774028,3.266,-9.094,-0.656,0.008,0.002,0.002,-221925
23.8745025,149777249,3.266,-9.094,-0.656,-0.004,0.000,0.006,-223599
23.879712208,149782470,3.266,-9.094,-0.656,-0.002,0.004,0.010,-222698
23.883988,149786676,3.266,-9.094,-0.656,-0.010,-0.010,0.004,-222698
23.889220083,149791896,3.266,-9.094,-0.656,0.002,0.002,0.006,-222404
23.893361292,149796117,3.266,-9.094,-0.656,0.008,0.008,0.006,-223711
23.897603708,149800338,3.266,-9.094,-0.656,0.012,-0.004,-0.006,-222513
23.902789,149805559,3.227,-9.098,-0.617,0.012,-0.004,-0.006,-223011
23.906031292,149808782,3.227,-9.098,-0.617,0.008,0.000,0.006,-222254
23.9122545,149815003,3.227,-9.098,-0.617,-0.012,-0.004,-0.010,-223491
23.916477958,149819224,3.227,-9.098,-0.617,-0.008,-0.002,0.002,-222879
23.920862167,149823445,3.227,-9.098,-0.617,-0.010,0.000,-0.002,-222841
23.924887375,149827666,3.227,-9.098,-0.617,-0.010,0.002,-0.016,-222800
23.930177208,149832887,3.227,-9.098,-0.617,-0.002,0.004,-0.002,-222898
23.934377458,149837108,3.227,-9.137,-0.539,-0.002,0.004,-0.002,-223104
23.937592417,149840329,3.227,-9.137,-0.539,0.002,0.000,-0.004,-222300
23.94391,149846550,3.227,-9.137,-0.539,0.010,-0.002,-0.002,-223345
23.949140125,149851771,3.227,-9.137,-0.539,0.000,0.000,-0.008,-223183
23.953398667,149855992,3.227,-9.137,-0.539,-0.002,0.002,-0.004,-223011
23.957514458,149860215,3.227,-9.137,-0.539,-0.014,-0.002,-0.004,-222478
23.961743458,149864435,3.227,-9.137,-0.539,-0.004,0.000,0.010,-223054
23.96595575,149868656,3.266,-9.176,-0.617,-0.004,0.000,0.010,-223085
23.968165458,149870877,3.266,-9.176,-0.617,-0.002,0.000,-0.002,-222955
23.973399292,149876098,3.266,-9.176,-0.617,-0.002,-0.002,0.002,-222321
23.977586875,149880319,3.266,-9.176,-0.617,-0.014,-0.008,0.014,-222861
23.981989792,149884540,3.266,-9.176,-0.617,-0.010,-0.008,0.002,-223469
23.987053292,149889761,3.266,-9.176,-0.617,0.000,0.000,-0.002,-223343
23.993228542,149895982,3.266,-9.176,-0.617,0.002,0.004,0.000,-223311
24.000507042,149903203,3.266,-9.133,-0.539,0.002,0.004,0.000,-222789
24.002672417,149905424,3.266,-9.133,-0.539,0.002,0.004,-0.016,-222539
24.007940125,149910645,3.266,-9.133,-0.539,0.000,0.006,0.006,-223279
24.013274917,149915866,3.266,-9.133,-0.539,0.000,0.000,0.000,-223626
24.017652125,149920087,3.266,-9.133,-0.617,0.000,0.000,0.000,-222999
24.020700292,149923307,3.266,-9.133,-0.617,0.000,0.000,0.000,-222647
24.025788375,149928527,3.266,-9.133,-0.617,0.000,0.000,0.000,-223649
24.030019167,149932748,3.266,-9.133,-0.617,0.000,0.000,0.000,-223153
24.034263,149936969,3.266,-9.133,-0.617,0.000,0.000,0.000,-223333
24.038480375,149941190,3.266,-9.133,-0.617,0.000,0.000,0.000,-223587
24.042696167,149945411,3.266,-9.133,-0.617,0.000,0.000,0.000,-222852
24.046904708,149949632,3.266,-9.133,-0.617,0.000,0.000,0.000,-222486
24.049164125,149951853,3.266,-9.133,-0.617,0.000,0.000,0.000,-222182
24.054381375,149957074,3.266,-9.133,-0.617,0.000,0.000,0.000,-221378
24.05885575,149961294,3.266,-9.133,-0.617,0.000,0.000,0.000,-223207
24.061880792,149964514,3.266,-9.133,-0.617,0.000,0.000,0.000,-222927
24.066048125,149968735,3.266,-9.133,-0.617,0.000,0.000,0.000,-223024
24.071245958,149973956,3.266,-9.133,-0.617,0.000,0.000,0.000,-222375
24.075529292,149978176,3.305,-9.176,-0.578,0.000,0.000,0.000,-223412
24.078768292,149981397,3.305,-9.176,-0.578,0.000,0.000,0.000,-223640
24.0839665,149986617,3.305,-9.176,-0.578,0.000,0.000,0.000,-223008
24.08916075,149991838,3.305,-9.176,-0.578,0.000,0.000,0.000,-222869
24.093309333,149996058,3.305,-9.176,-0.578,0.000,0.000,0.000,-222872
24.098588667,150001279,3.305,-9.176,-0.578,0.000,0.000,0.000,-222864
24.102860583,150005501,3.305,-9.176,-0.578,0.000,0.000,0.000,-223006
24.108224667,150010722,3.266,-9.176,-0.578,0.000,0.000,0.000,-222532
24.111492667,150013943,3.266,-9.176,-0.578,0.000,0.000,0.000,-222846
24.116748042,150019164,3.266,-9.176,-0.578,0.000,0.000,0.000,-222773
24.121017917,150023384,3.266,-9.176,-0.578,0.000,0.000,0.000,-222349
24.125837042,150028605,3.266,-9.176,-0.578,0.000,0.000,0.000,-222183
24.13112625,150033826,3.266,-9.176,-0.578,0.000,0.000,0.000,-222953
24.136443125,150039046,3.266,-9.176,-0.578,0.000,0.000,0.000,-223496
24.140681625,150043267,3.227,-9.215,-0.578,0.000,0.000,0.000,-222806
24.143995458,150046488,3.227,-9.215,-0.578,0.000,0.000,0.000,-223339
24.15025975,150052708,3.227,-9.215,-0.578,0.000,0.000,0.000,-222760
24.15518175,150056929,3.227,-9.215,-0.578,0.000,0.000,0.000,-223200
24.158395125,150061150,3.227,-9.215,-0.578,0.000,0.000,0.000,-223151
24.163697083,150066370,3.227,-9.215,-0.578,0.000,0.000,0.000,-223320
24.168883,150071590,3.227,-9.215,-0.578,0.000,0.000,0.000,-222232
24.173192125,150075810,3.227,-9.137,-0.539,0.000,0.000,0.000,-222601
24.175419667,150078031,3.227,-9.137,-0.539,0.000,0.000,0.000,-223327
24.179774917,150082251,3.227,-9.137,-0.539,0.000,0.000,0.000,-222780
24.18402,150086472,3.227,-9.137,-0.539,0.000,0.000,0.000,-222629
24.188635958,150090693,3.227,-9.137,-0.539,0.000,0.000,0.000,-221806
24.1921825,150094914,3.227,-9.137,-0.539,0.000,0.000,0.000,-223104
24.196419167,150099135,3.227,-9.137,-0.539,0.000,0.000,0.000,-223752
24.20169425,150104356,3.227,-9.137,-0.656,0.000,0.000,0.000,-223142
24.204985167,150107576,3.227,-9.137,-0.656,0.000,0.000,0.000,-223087
24.211333792,150113796,3.227,-9.137,-0.656,0.000,0.000,0.000,-224049
24.215552958,150118016,3.227,-9.137,-0.656,0.000,0.000,0.000,-222434
24.219771208,150122237,3.227,-9.137,-0.656,0.000,0.000,0.000,-222607
24.223873042,150126458,3.227,-9.137,-0.656,0.000,0.000,0.000,-222405
24.228956958,150131678,3.227,-9.137,-0.656,0.000,0.000,0.000,-223498
24.23315625,150135899,3.266,-9.133,-0.539,0.000,0.000,0.000,-223167
24.236430542,150139119,3.266,-9.133,-0.539,0.000,0.000,0.000,-223352
24.241703292,150144340,3.266,-9.133,-0.539,0.000,0.000,0.000,-222660
24.246903333,150149561,3.266,-9.133,-0.539,0.000,0.000,0.000,-223441
24.251094125,150153783,3.266,-9.133,-0.539,0.000,0.000,0.000,-222636
24.258479375,150161003,3.266,-9.133,-0.539,0.000,0.000,0.000,-222279
24.263577417,150166224,3.266,-9.133,-0.539,0.000,0.000,0.000,-223447
24.26873525,150171445,3.266,-9.176,-0.500,0.000,0.000,0.000,-222814
24.271954375,150174666,3.266,-9.176,-0.500,0.000,0.000,0.000,-223379
24.278192458,150180887,3.266,-9.176,-0.500,0.000,0.000,0.000,-223127
24.28253275,150185107,3.266,-9.176,-0.500,0.000,0.000,0.000,-223545
24.286945833,150189328,3.266,-9.176,-0.500,0.000,0.000,0.000,-222522
24.291154708,150193548,3.266,-9.176,-0.500,0.000,0.000,0.000,-223316
24.294074,150196768,3.266,-9.176,-0.500,0.000,0.000,0.000,-223508
24.298207833,150200988,3.227,-9.137,-0.578,0.000,0.000,0.000,-222639
24.301538042,150204209,3.227,-9.137,-0.578,0.000,0.000,0.000,-222409
24.307753625,150210430,3.227,-9.137,-0.578,0.000,0.000,0.000,-223126
24.312067625,150214650,3.227,-9.137,-0.578,0.000,0.000,0.000,-223482
24.316415708,150218870,3.227,-9.137,-0.578,0.000,0.000,0.000,-222684
24.321778292,150224090,3.227,-9.137,-0.578,0.000,0.000,0.000,-221884
24.325633208,150228311,3.227,-9.137,-0.578,0.000,0.000,0.000,-223287
24.329873125,150232532,3.266,-9.133,-0.617,0.000,0.000,0.000,-223394
24.332041042,150234752,3.266,-9.133,-0.617,0.000,0.000,0.000,-223034
24.336266167,150238973,3.266,-9.133,-0.617,0.000,0.000,0.000,-221922
24.341479667,150244194,3.266,-9.176,-0.656,0.000,0.000,0.000,-222232
24.344715125,150247415,3.266,-9.176,-0.656,0.000,0.000,0.000,-223652
24.350926708,150253636,3.266,-9.176,-0.656,0.000,0.000,0.000,-222818
24.355169875,150257857,3.266,-9.176,-0.656,0.000,0.000,0.000,-222322
24.359384458,150262078,3.266,-9.176,-0.656,0.000,0.000,0.000,-223247
24.363767708,150266299,3.266,-9.176,-0.656,0.000,0.000,0.000,-223167
24.369048333,150271520,3.266,-9.176,-0.656,0.000,0.000,0.000,-222690
24.37307625,150275726,3.266,-9.133,-0.617,0.000,0.000,0.000,-222690
24.376211083,150278946,3.266,-9.133,-0.617,0.000,0.000,0.000,-222362
24.381422083,150284166,3.266,-9.133,-0.617,0.000,0.000,0.000,-222899
24.386645833,150288386,3.266,-9.133,-0.617,0.000,0.000,0.000,-222864
24.390903333,150293607,3.266,-9.133,-0.617,0.000,0.000,0.000,-222246
24.39509125,150297827,3.266,-9.133,-0.617,0.000,0.000,0.000,-222934
24.399357792,150302048,3.266,-9.133,-0.617,0.000,0.000,0.000,-223209
24.403887167,150306268,3.266,-9.176,-0.578,0.000,0.000,0.000,-222412
24.406799125,150309489,3.266,-9.176,-0.578,0.000,0.000,0.000,-222639
24.412062292,150314709,3.266,-9.176,-0.578,0.000,0.000,0.000,-223446
24.416239083,150318930,3.266,-9.176,-0.578,0.000,0.000,0.000,-223697
24.421038583,150323151,3.266,-9.176,-0.578,0.000,0.000,0.000,-222279
24.424646,150327371,3.266,-9.176,-0.578,0.000,0.000,0.000,-222585
24.429836917,150332591,3.266,-9.176,-0.578,0.000,0.000,0.000,-223568
24.434089375,150336812,3.266,-9.133,-0.617,0.000,0.000,0.000,-222741
24.436314708,150339032,3.266,-9.133,-0.617,0.000,0.000,0.000,-222880
24.441575458,150344253,3.266,-9.133,-0.617,0.000,0.000,0.000,-222910
24.445835292,150348473,3.266,-9.133,-0.617,0.000,0.000,0.000,-223623
24.450184792,150352693,3.266,-9.133,-0.617,0.000,0.000,0.000,-222198
24.454196125,150356914,3.266,-9.133,-0.617,0.000,0.000,0.000,-222915
24.459418917,150362135,3.266,-9.133,-0.617,0.000,0.000,0.000,-222924
24.463641667,150366355,3.266,-9.176,-0.578,0.000,0.000,0.000,-222919
24.466911583,150369578,3.266,-9.176,-0.578,0.000,0.000,0.000,-222395
24.47338575,150375799,3.266,-9.176,-0.578,0.000,0.000,0.000,-222752
24.477309125,150380020,3.266,-9.176,-0.578,0.000,0.000,0.000,-223199
24.481556458,150384240,3.266,-9.176,-0.578,0.000,0.000,0.000,-222358
24.486868042,150389460,3.266,-9.176,-0.578,0.000,0.000,0.000,-222931
24.490980667,150393681,3.266,-9.176,-0.578,0.000,0.000,0.000,-222869
24.494187042,150396902,3.227,-9.137,-0.656,0.000,0.000,0.000,-222542
24.496732333,150399123,3.227,-9.137,-0.656,0.000,0.000,0.000,-223247
24.501686167,150404343,3.227,-9.137,-0.656,0.000,0.000,0.000,-222125
24.508038458,150410563,3.227,-9.137,-0.656,0.000,0.000,0.000,-223393
24.512086458,150414783,3.227,-9.137,-0.656,0.000,0.000,0.000,-223243
24.516276292,150419003,3.227,-9.137,-0.656,0.000,0.000,0.000,-221939
24.520554833,150423223,3.227,-9.137,-0.656,0.000,0.000,0.000,-222125
24.524689333,150427443,3.266,-9.133,-0.578,0.000,0.000,0.000,-223221
24.527960792,150430664,3.266,-9.133,-0.578,0.000,0.000,0.000,-224128
24.534216083,150436884,3.266,-9.133,-0.578,0.000,0.000,0.000,-223174
24.538537667,150441104,3.266,-9.133,-0.578,0.000,0.000,0.000,-222442
24.541845125,150444324,3.266,-9.133,-0.578,0.000,0.000,0.000,-223675
24.5460665,150448545,3.266,-9.133,-0.578,0.000,0.000,0.000,-223249
24.550300458,150452766,3.266,-9.133,-0.578,0.000,0.000,0.000,-223267
24.553631792,150455987,3.266,-9.176,-0.578,0.000,0.000,0.000,-222165
24.555567917,150458207,3.266,-9.176,-0.578,0.000,0.000,0.000,-223373
24.559735125,150462413,3.266,-9.176,-0.578,0.000,0.000,0.000,-223373
24.563931917,150466633,3.266,-9.176,-0.578,0.000,0.000,0.000,-222786
24.569210917,150471854,3.266,-9.176,-0.578,0.000,0.000,0.000,-222598
24.573493375,150476075,3.266,-9.176,-0.578,0.000,0.000,0.000,-223096
24.578098417,150480296,3.266,-9.176,-0.578,0.000,0.000,0.000,-223135
24.582120958,150484516,3.266,-9.176,-0.617,0.000,0.000,0.000,-222785
24.584253083,150486736,3.266,-9.176,-0.617,0.000,0.000,0.000,-221999
24.589917083,150491957,3.266,-9.176,-0.617,0.000,0.000,0.000,-222461
24.593412833,150496177,3.266,-9.176,-0.617,0.000,0.000,0.000,-223554
24.596693917,150499398,3.266,-9.176,-0.617,0.000,0.000,0.000,-223035
24.601088542,150503619,3.266,-9.176,-0.617,0.000,0.000,0.000,-222294
24.605241042,150507839,3.266,-9.176,-0.617,0.000,0.000,0.000,-222899
24.609425292,150512060,3.266,-9.176,-0.578,0.000,0.000,0.000,-223417
24.611801375,150514281,3.266,-9.176,-0.578,0.000,0.000,0.000,-223019
24.617052083,150519502,3.266,-9.176,-0.578,0.000,0.000,0.000,-223235
24.62127375,150523723,3.266,-9.176,-0.578,0.000,0.000,0.000,-222156
24.624356958,150526944,3.266,-9.176,-0.578,0.000,0.000,0.000,-223211
24.629466708,150532165,3.266,-9.176,-0.578,0.000,0.000,0.000,-223681
24.633685,150536385,3.266,-9.176,-0.578,0.000,0.000,0.000,-223296
24.636908208,150539605,3.266,-9.176,-0.617,0.000,0.000,0.000,-222561
24.642119083,150544825,3.266,-9.176,-0.617,0.000,0.000,0.000,-222670
24.646368625,150549046,3.266,-9.176,-0.617,0.000,0.000,0.000,-222719
24.651722917,150554267,3.266,-9.176,-0.617,0.000,0.000,0.000,-222820
24.656856375,150558488,3.266,-9.176,-0.617,0.000,0.000,0.000,-222996
24.660032375,150562709,3.266,-9.176,-0.617,0.000,0.000,0.000,-223905
24.664206375,150566915,3.266,-9.133,-0.617,0.000,0.000,0.000,-223905
24.667433208,150570135,3.266,-9.133,-0.617,0.000,0.000,0.000,-222515
24.673661958,150576356,3.266,-9.133,-0.617,0.000,0.000,0.000,-222629
24.677942167,150580577,3.266,-9.133,-0.617,0.000,0.000,0.000,-223388
24.682422583,150584797,3.266,-9.133,-0.617,0.000,0.000,0.000,-222811
24.687324417,150590018,3.266,-9.133,-0.617,0.000,0.000,0.000,-222876
24.692543042,150595239,3.266,-9.133,-0.617,0.000,0.000,0.000,-222736
24.696911125,150599460,3.227,-9.098,-0.578,0.000,0.000,0.000,-223530
24.698974208,150601680,3.227,-9.098,-0.578,0.000,0.000,0.000,-222650
24.703127458,150605900,3.227,-9.098,-0.578,0.000,0.000,0.000,-222767
24.707416333,150610121,3.227,-9.098,-0.578,0.000,0.000,0.000,-223403
24.711698542,150614341,3.227,-9.098,-0.578,0.000,0.000,0.000,-223304
24.717183792,150619561,3.227,-9.098,-0.578,0.000,0.000,0.000,-223447
24.721287708,150623781,3.227,-9.098,-0.578,0.000,0.000,0.000,-223124
24.725275667,150628001,3.266,-9.094,-0.578,0.000,0.000,0.000,-223298
24.728734583,150631222,3.266,-9.094,-0.578,0.000,0.000,0.000,-222967
24.734789042,150637443,3.266,-9.094,-0.578,0.000,0.000,0.000,-222983
24.738981042,150641664,3.266,-9.094,-0.578,0.000,0.000,0.000,-221891
24.744449083,150646885,3.266,-9.094,-0.578,0.000,0.000,0.000,-222927
24.749376583,150652106,3.266,-9.094,-0.578,0.000,0.000,0.000,-222869
24.754935125,150657327,3.266,-9.094,-0.578,0.000,0.000,0.000,-222240
24.760893833,150663547,3.305,-9.176,-0.539,0.000,0.000,0.000,-223774
24.764014583,150666767,3.305,-9.176,-0.539,0.000,0.000,0.000,-223709
24.770552083,150672987,3.305,-9.176,-0.539,0.000,0.000,0.000,-222355
24.774599958,150677208,3.305,-9.176,-0.539,0.000,0.000,0.000,-222978
24.778977458,150681429,3.305,-9.176,-0.539,0.000,0.000,0.000,-222935
24.78318925,150685649,3.305,-9.176,-0.539,0.000,0.000,0.000,-222813
24.787775417,150689869,3.305,-9.176,-0.539,0.000,0.000,0.000,-222778
24.79229825,150695090,3.266,-9.133,-0.617,0.000,0.000,0.000,-222303
24.79559875,150698311,3.266,-9.133,-0.617,0.000,0.000,0.000,-223436
24.8008355,150703532,3.266,-9.133,-0.617,0.000,0.000,0.000,-222724
24.80505225,150707753,3.227,-9.172,-0.539,0.000,0.000,0.000,-222533
24.808262125,150710974,3.227,-9.172,-0.539,0.000,0.000,0.000,-223286
24.813752458,150716194,3.227,-9.172,-0.539,0.000,0.000,0.000,-223425
24.8179885,150720414,3.227,-9.172,-0.539,0.000,0.000,0.000,-223564
24.822201208,150723634,3.227,-9.172,-0.539,0.000,0.000,0.000,-222553
24.825587667,150727855,3.227,-9.172,-0.539,0.000,0.000,0.000,-222745
24.829374458,150732075,3.227,-9.172,-0.539,0.000,0.000,0.000,-222986
24.833628542,150736295,3.227,-9.137,-0.656,0.000,0.000,0.000,-223410
24.836799,150739515,3.227,-9.137,-0.656,0.000,0.000,0.000,-221780
24.842032792,150744736,3.227,-9.137,-0.656,0.000,0.000,0.000,-222483
24.846227917,150748956,3.227,-9.137,-0.656,0.000,0.000,0.000,-223160
24.850459458,150753177,3.227,-9.137,-0.656,0.000,0.000,0.000,-222792
24.854678833,150757397,3.227,-9.137,-0.656,0.000,0.000,0.000,-222945
24.858948875,150761618,3.227,-9.137,-0.656,0.000,0.000,0.000,-222303
24.863086375,150765839,3.266,-9.133,-0.578,0.000,0.000,0.000,-223330
24.866327292,150769059,3.266,-9.133,-0.578,0.000,0.000,0.000,-222821
24.872603458,150775280,3.266,-9.133,-0.578,0.000,0.000,0.000,-222136
24.876787208,150779500,3.266,-9.133,-0.578,0.000,0.000,0.000,-223062
24.882005625,150784721,3.266,-9.133,-0.578,0.000,0.000,0.000,-223148
24.886336458,150788941,3.266,-9.133,-0.578,0.000,0.000,0.000,-222489
24.8915935,150794162,3.266,-9.133,-0.578,0.000,0.000,0.000,-222610
24.894657208,150797383,3.227,-9.172,-0.578,0.000,0.000,0.000,-223246
24.899993542,150802603,3.227,-9.172,-0.578,0.000,0.000,0.000,-221894
24.904097083,150806824,3.227,-9.172,-0.578,0.000,0.000,0.000,-222608
24.909339833,150812045,3.227,-9.172,-0.578,0.000,0.000,0.000,-223041
24.913557708,150816266,3.227,-9.172,-0.578,0.000,0.000,0.000,-222980
24.917919542,150820487,3.227,-9.172,-0.578,0.000,0.000,0.000,-222539
24.922154583,150824708,3.266,-9.133,-0.656,0.000,0.000,0.000,-222213
24.925301708,150827929,3.266,-9.133,-0.656,0.000,0.000,0.000,-222675
24.931489208,150834149,3.266,-9.133,-0.656,0.000,0.000,0.000,-223119
24.936760083,150839370,3.266,-9.133,-0.656,0.000,0.000,0.000,-222741
24.940835917,150843591,3.266,-9.133,-0.656,0.000,0.000,0.000,-222348
24.945051167,150847812,3.266,-9.133,-0.656,0.000,0.000,0.000,-222373
24.949737542,150852032,3.266,-9.133,-0.656,0.000,0.000,0.000,-223044
24.95400025,150856253,3.266,-9.133,-0.617,0.000,0.000,0.000,-221991
24.956722292,150859474,3.266,-9.133,-0.617,0.000,0.000,0.000,-222885
24.961967625,150864695,3.266,-9.133,-0.617,0.000,0.000,0.000,-223330
24.966132,150868916,3.266,-9.133,-0.617,0.000,0.000,0.000,-223141
24.97157025,150874137,3.266,-9.133,-0.617,0.000,0.000,0.000,-222417
24.975886042,150878358,3.266,-9.133,-0.617,0.000,0.000,0.000,-221965
24.979857458,150882579,3.266,-9.133,-0.617,0.000,0.000,0.000,-223888
24.984232625,150886800,3.227,-9.172,-0.578,0.000,0.000,0.000,-223205
24.987600708,150890021,3.227,-9.172,-0.578,0.000,0.000,0.000,-222236
24.992535375,150895242,3.227,-9.172,-0.578,0.000,0.000,0.000,-222945
24.996856833,150899463,3.227,-9.172,-0.578,0.000,0.000,0.000,-223492
25.002144083,150904684,3.227,-9.172,-0.578,0.000,0.000,0.000,-222411
25.006306667,150908905,3.227,-9.172,-0.578,0.000,0.000,0.000,-222917
25.011673958,150914126,3.227,-9.172,-0.578,0.000,0.000,0.000,-223529
25.0148765,150917346,3.266,-9.133,-0.656,0.000,0.000,0.000,-222723
25.02295225,150924568,3.266,-9.133,-0.656,0.000,0.000,0.000,-222917
25.026067333,150928789,3.266,-9.133,-0.656,0.000,0.000,0.000,-223277
25.030675583,150933009,3.266,-9.133,-0.656,0.000,0.000,0.000,-223519
25.034512833,150937229,3.266,-9.133,-0.656,0.000,0.000,0.000,-222624
25.039765875,150942449,3.266,-9.133,-0.656,0.000,0.000,0.000,-222135
25.043895333,150946670,3.305,-9.094,-0.539,0.000,0.000,0.000,-223002
25.04720925,150949890,3.305,-9.094,-0.539,0.000,0.000,0.000,-223681
25.053840375,150956110,3.305,-9.094,-0.539,0.000,0.000,0.000,-222726
25.057610958,150960331,3.305,-9.094,-0.539,0.000,0.000,0.000,-222989
25.061840042,150964551,3.305,-9.094,-0.539,0.000,0.000,0.000,-222426
25.06706625,150969773,3.305,-9.094,-0.539,0.000,0.000,0.000,-222670
25.071281458,150973993,3.305,-9.094,-0.539,0.000,0.000,0.000,-222931
25.074480542,150977214,3.266,-9.133,-0.617,0.000,0.000,0.000,-222797
25.076854208,150979435,3.266,-9.133,-0.617,0.000,0.000,0.000,-223076
25.082037125,150984656,3.266,-9.133,-0.617,0.000,0.000,0.000,-223208
25.087254875,150989877,3.266,-9.133,-0.617,0.000,0.000,0.000,-222759
25.092336833,150995083,3.266,-9.133,-0.617,0.000,0.000,0.000,-222759
25.096627208,150999303,3.266,-9.133,-0.617,0.000,0.000,0.000,-222913
25.1008655,151003524,3.266,-9.133,-0.617,0.000,0.000,0.000,-222870
25.105161958,151007745,3.305,-9.176,-0.578,0.000,0.000,0.000,-221725
25.108534125,151010966,3.305,-9.176,-0.578,0.000,0.000,0.000,-222947
25.114743167,151017187,3.305,-9.176,-0.578,0.000,0.000,0.000,-222863
25.118971917,151021407,3.305,-9.176,-0.578,0.000,0.000,0.000,-223581
25.122294125,151024627,3.305,-9.176,-0.578,0.000,0.000,0.000,-223312
25.126088042,151028847,3.305,-9.176,-0.578,0.000,0.000,0.000,-223633
25.130379417,151033068,3.305,-9.176,-0.578,0.000,0.000,0.000,-222774
25.133693292,151036288,3.227,-9.172,-0.617,0.000,0.000,0.000,-222369
25.135842042,151038509,3.227,-9.172,-0.617,0.000,0.000,0.000,-223451
25.140127125,151042731,3.227,-9.172,-0.617,0.000,0.000,0.000,-222515
25.144483042,151046951,3.227,-9.172,-0.617,0.000,0.000,0.000,-222200
25.150025042,151052172,3.227,-9.172,-0.617,0.000,0.000,0.000,-222873
25.15401975,151056393,3.227,-9.172,-0.617,0.000,0.000,0.000,-222598
25.158242333,151060613,3.227,-9.172,-0.617,0.000,0.000,0.000,-222539
25.161138708,151063834,3.227,-9.137,-0.656,0.000,0.000,0.000,-222787
25.163376167,151066054,3.227,-9.137,-0.656,0.000,0.000,0.000,-223017
25.169853667,151072274,3.227,-9.137,-0.656,0.000,0.000,0.000,-222294
25.173924167,151076495,3.227,-9.137,-0.656,0.000,0.000,0.000,-222535
25.1772285,151079716,3.227,-9.137,-0.656,0.000,0.000,0.000,-223816
25.181808958,151083937,3.227,-9.137,-0.656,0.000,0.000,0.000,-222974
25.185697542,151088157,3.227,-9.137,-0.656,0.000,0.000,0.000,-223129
25.189794542,151092377,3.305,-9.176,-0.578,0.000,0.000,0.000,-222633
25.191881333,151094597,3.305,-9.176,-0.578,0.000,0.000,0.000,-222532
25.1971045,151099818,3.305,-9.176,-0.578,0.000,0.000,0.000,-222691
25.201289875,151104039,3.305,-9.176,-0.578,0.000,0.000,0.000,-221840
25.204764042,151107259,3.305,-9.176,-0.578,0.000,0.000,0.000,-222382
25.209776958,151112480,3.305,-9.176,-0.578,0.000,0.000,0.000,-223568
25.214924667,151116701,3.305,-9.176,-0.578,0.000,0.000,0.000,-223285
25.217201625,151119922,3.266,-9.176,-0.617,0.000,0.000,0.000,-222837
25.222822542,151125142,3.266,-9.176,-0.617,0.000,0.000,0.000,-222023
25.226676417,151129363,3.266,-9.176,-0.617,0.000,0.000,0.000,-222499
25.231858,151134584,3.266,-9.176,-0.617,0.000,0.000,0.000,-223518
25.237129292,151139805,3.266,-9.176,-0.617,0.000,0.000,0.000,-222083
25.2423855,151145025,3.227,-9.172,-0.578,0.000,0.000,0.000,-222757
25.245574542,151148245,3.227,-9.172,-0.578,0.000,0.000,0.000,-223352
25.251762917,151154465,3.227,-9.172,-0.578,0.000,0.000,0.000,-223015
25.255987417,151158685,3.227,-9.172,-0.578,0.000,0.000,0.000,-222235
25.26021875,151162906,3.227,-9.172,-0.578,0.000,0.000,0.000,-222762
25.264459292,151167126,3.227,-9.172,-0.578,0.000,0.000,0.000,-223168
25.271730708,151174346,3.266,-9.133,-0.617,0.000,0.000,0.000,-222463
25.274017292,151176567,3.266,-9.133,-0.617,0.000,0.000,0.000,-223244
25.278088542,151180788,3.266,-9.133,-0.617,0.000,0.000,0.000,-222870
25.281335083,151184008,3.266,-9.133,-0.617,0.000,0.000,0.000,-223206
25.285650208,151188228,3.266,-9.133,-0.617,0.000,0.000,0.000,-222355
25.290769417,151193448,3.266,-9.133,-0.617,0.000,0.000,0.000,-223228
25.294966208,151197668,3.266,-9.133,-0.617,0.000,0.000,0.000,-223251
25.299245375,151201889,3.266,-9.133,-0.617,0.000,0.000,0.000,-222874
25.301463042,151204095,3.266,-9.133,-0.617,0.000,0.000,0.000,-222874
25.305739833,151208315,3.266,-9.133,-0.617,0.000,0.000,0.000,-222521
25.310084167,151212536,3.266,-9.133,-0.617,0.000,0.000,0.000,-223396
25.314312542,151216757,3.266,-9.133,-0.617,0.000,0.000,0.000,-223091
25.318535625,151220977,3.227,-9.137,-0.617,0.000,0.000,0.000,-223059
25.322932958,151225197,3.227,-9.137,-0.617,0.000,0.000,0.000,-222560
25.326776625,151229418,3.227,-9.137,-0.617,0.000,0.000,0.000,-222529
25.330945875,151233639,3.227,-9.137,-0.617,0.000,0.000,0.000,-222699
25.335209042,151237860,3.227,-9.137,-0.617,0.000,0.000,0.000,-223357
25.339485083,151242080,3.227,-9.137,-0.617,0.000,0.000,0.000,-222981
25.342830833,151245301,3.266,-9.176,-0.578,0.000,0.000,0.000,-222320
25.34507075,151247522,3.266,-9.176,-0.578,0.000,0.000,0.000,-222971
25.352326292,151254743,3.266,-9.176,-0.578,0.000,0.000,0.000,-222643
25.35666575,151258963,3.266,-9.176,-0.578,0.000,0.000,0.000,-222559
25.361447333,151264184,3.266,-9.176,-0.578,0.000,0.000,0.000,-223791
25.366719792,151269405,3.266,-9.176,-0.578,0.000,0.000,0.000,-223120
25.370934375,151273625,3.266,-9.133,-0.578,0.000,0.000,0.000,-222848
25.373135,151275845,3.266,-9.133,-0.578,0.000,0.000,0.000,-223250
25.377328333,151280066,3.266,-9.133,-0.578,0.000,0.000,0.000,-223437
25.381531375,151284287,3.266,-9.133,-0.578,0.000,0.000,0.000,-222826
25.385831458,151288507,3.266,-9.133,-0.578,0.000,0.000,0.000,-222069
25.389999375,151292728,3.266,-9.133,-0.578,0.000,0.000,0.000,-222921
25.3942195,151296949,3.266,-9.133,-0.578,0.000,0.000,0.000,-222850
25.398454,151301170,3.227,-9.137,-0.656,0.000,0.000,0.000,-223012
25.400706625,151303390,3.227,-9.137,-0.656,0.000,0.000,0.000,-222900
25.404888917,151307610,3.227,-9.137,-0.656,0.000,0.000,0.000,-222614
25.410118375,151312830,3.227,-9.137,-0.656,0.000,0.000,0.000,-223343
25.414373333,151317051,3.227,-9.137,-0.656,0.000,0.000,0.000,-223087
25.418592875,151321271,3.266,-9.176,-0.578,0.000,0.000,0.000,-222244
25.422790125,151325492,3.266,-9.176,-0.578,0.000,0.000,0.000,-222170
25.426976125,151329713,3.266,-9.176,-0.578,0.000,0.000,0.000,-223550
25.431225125,151333933,3.266,-9.176,-0.578,0.000,0.000,0.000,-223365
25.435411833,151338154,3.266,-9.176,-0.578,0.000,0.000,0.000,-223433
25.439665375,151342374,3.266,-9.176,-0.578,0.000,0.000,0.000,-222969
25.443854417,151346595,3.266,-9.094,-0.617,0.000,0.000,0.000,-223873
25.446119875,151348815,3.266,-9.094,-0.617,0.000,0.000,0.000,-223395
25.451370292,151354035,3.266,-9.094,-0.617,0.000,0.000,0.000,-222735
25.455640125,151358255,3.266,-9.094,-0.617,0.000,0.000,0.000,-222548
25.45977,151362476,3.266,-9.094,-0.617,0.000,0.000,0.000,-223130
25.463982833,151366697,3.266,-9.094,-0.617,0.000,0.000,0.000,-223589
25.469315208,151371918,3.266,-9.094,-0.617,0.000,0.000,0.000,-222644
25.472378375,151375139,3.266,-9.133,-0.617,0.000,0.000,0.000,-223205
25.475668333,151378360,3.266,-9.133,-0.617,0.000,0.000,0.000,-223227
25.481950792,151384581,3.266,-9.133,-0.617,0.000,0.000,0.000,-223299
25.486233333,151388802,3.266,-9.133,-0.617,0.000,0.000,0.000,-222202
25.4913335,151394022,3.266,-9.133,-0.617,0.000,0.000,0.000,-223406
25.496576375,151399243,3.266,-9.133,-0.617,0.000,0.000,0.000,-223178
25.500781458,151403463,3.266,-9.176,-0.539,0.000,0.000,0.000,-223202
25.503955208,151406684,3.266,-9.176,-0.539,0.000,0.000,0.000,-222213
25.510262125,151412905,3.266,-9.176,-0.539,0.000,0.000,0.000,-222799
25.51454975,151417126,3.266,-9.176,-0.539,0.000,0.000,0.000,-223004
25.517769708,151420347,3.266,-9.176,-0.539,0.000,0.000,0.000,-222771
25.52489425,151427568,3.266,-9.176,-0.539,0.000,0.000,0.000,-223277
25.530142583,151432789,3.266,-9.176,-0.539,0.000,0.000,0.000,-223114
25.534588708,151437010,3.227,-9.137,-0.617,0.000,0.000,0.000,-222027
25.536619917,151439230,3.227,-9.137,-0.617,0.000,0.000,0.000,-222398
25.54179275,151443451,3.227,-9.137,-0.617,0.000,0.000,0.000,-222227
25.545464917,151447672,3.227,-9.137,-0.617,0.000,0.000,0.000,-223388
25.549535625,151451893,3.227,-9.137,-0.617,0.000,0.000,0.000,-223089
25.554452,151457113,3.227,-9.137,-0.617,0.000,0.000,0.000,-222293
25.559627583,151462333,3.227,-9.137,-0.617,0.000,0.000,0.000,-222883
25.564801125,151467554,3.266,-9.133,-0.578,0.000,0.000,0.000,-222378
25.568090875,151470775,3.266,-9.133,-0.578,0.000,0.000,0.000,-222660
25.573357042,151475996,3.266,-9.133,-0.578,0.000,0.000,0.000,-223354
25.577673583,151480217,3.266,-9.133,-0.578,0.000,0.000,0.000,-223414
25.582983667,151485437,3.266,-9.133,-0.578,0.000,0.000,0.000,-222689
25.588229833,151489657,3.266,-9.133,-0.578,0.000,0.000,0.000,-222715
25.592115542,151494877,3.266,-9.133,-0.578,0.000,0.000,0.000,-222970
25.5964225,151499098,3.191,-9.133,-0.656,0.000,0.000,0.000,-222704
25.599672375,151502319,3.191,-9.133,-0.656,0.000,0.000,0.000,-223140
25.604966708,151507541,3.191,-9.133,-0.656,0.000,0.000,0.000,-222581
25.610286792,151512763,3.191,-9.133,-0.656,0.000,0.000,0.000,-223740
25.614533792,151516984,3.191,-9.133,-0.656,0.000,0.000,0.000,-223325
25.619812417,151522205,3.191,-9.133,-0.656,0.000,0.000,0.000,-223110
25.624873625,151527425,3.191,-9.133,-0.656,0.000,0.000,0.000,-222652
25.629946583,151532645,3.266,-9.176,-0.578,0.000,0.000,0.000,-223297
25.63316175,151535865,3.266,-9.176,-0.578,0.000,0.000,0.000,-222360
25.638392625,151541086,3.266,-9.176,-0.578,0.000,0.000,0.000,-222886
25.642595,151545306,3.266,-9.176,-0.578,0.000,0.000,0.000,-222821
25.646890708,151549527,3.266,-9.176,-0.578,0.000,0.000,0.000,-222590
25.651015458,151553747,3.266,-9.176,-0.578,0.000,0.000,0.000,-222270
25.655282417,151557967,3.266,-9.176,-0.578,0.000,0.000,0.000,-223754
25.659508167,151562188,3.227,-9.137,-0.539,0.000,0.000,0.000,-222333
25.662727667,151565409,3.227,-9.137,-0.539,0.000,0.000,0.000,-222988
25.669272917,151571630,3.227,-9.137,-0.539,0.000,0.000,0.000,-223168
25.673132958,151575850,3.227,-9.137,-0.539,0.000,0.000,0.000,-222675
25.67730625,151580071,3.227,-9.137,-0.539,0.000,0.000,0.000,-222801
25.681627875,151584291,3.227,-9.137,-0.539,0.000,0.000,0.000,-223305
25.684849708,151587512,3.227,-9.137,-0.539,0.000,0.000,0.000,-222781
25.690087625,151592733,3.305,-9.133,-0.617,0.000,0.000,0.000,-222851
25.692422917,151594954,3.305,-9.133,-0.617,0.000,0.000,0.000,-223246
25.6974715,151600175,3.305,-9.133,-0.617,0.000,0.000,0.000,-223034
25.702667125,151605396,3.305,-9.133,-0.617,0.000,0.000,0.000,-223111
25.706965417,151609617,3.305,-9.133,-0.617,0.000,0.000,0.000,-223027
25.712226792,151614837,3.305,-9.133,-0.617,0.000,0.000,0.000,-222659
25.716661833,151619058,3.305,-9.133,-0.617,0.000,0.000,0.000,-223797
25.721506625,151623279,3.266,-9.176,-0.578,0.000,0.000,0.000,-222254
25.724029917,151626500,3.266,-9.176,-0.578,0.000,0.000,0.000,-222901
25.730013167,151632723,3.266,-9.176,-0.578,0.000,0.000,0.000,-223305
25.734275375,151636944,3.266,-9.176,-0.578,0.000,0.000,0.000,-222700
25.738736458,151641164,3.266,-9.176,-0.578,0.000,0.000,0.000,-223463
25.74360575,151646385,3.266,-9.176,-0.578,0.000,0.000,0.000,-223422
25.747849417,151650605,3.266,-9.176,-0.578,0.000,0.000,0.000,-223464
25.753264458,151654825,3.266,-9.094,-0.578,0.000,0.000,0.000,-223325
25.755721375,151658046,3.266,-9.094,-0.578,0.000,0.000,0.000,-222352
25.761841875,151664267,3.266,-9.094,-0.578,0.000,0.000,0.000,-223015
25.765890042,151668488,3.266,-9.094,-0.578,0.000,0.000,0.000,-222914
25.770061167,151672709,3.266,-9.094,-0.578,0.000,0.000,0.000,-222957
25.774190042,151676929,3.266,-9.094,-0.578,0.000,0.000,0.000,-222046
25.777696708,151680149,3.266,-9.094,-0.578,0.000,0.000,0.000,-223093
25.785149292,151687370,3.227,-9.137,-0.617,0.000,0.000,0.000,-222563
25.787530208,151689591,3.227,-9.137,-0.617,0.000,0.000,0.000,-223138
25.793138125,151695812,3.227,-9.137,-0.617,0.000,0.000,0.000,-222822
25.797299958,151700033,3.227,-9.137,-0.617,0.000,0.000,0.000,-223804
25.801620208,151704253,3.227,-9.137,-0.617,0.000,0.000,0.000,-222656
25.805955792,151708473,3.227,-9.137,-0.617,0.000,0.000,0.000,-223097
25.811311,151713693,3.227,-9.137,-0.617,0.000,0.000,0.000,-223781
25.815462333,151717913,3.266,-9.133,-0.539,0.000,0.000,0.000,-223793
25.8176715,151720133,3.266,-9.133,-0.539,0.000,0.000,0.000,-223617
25.823187625,151725353,3.266,-9.133,-0.539,0.000,0.000,0.000,-222393
25.827275083,151729573,3.266,-9.133,-0.539,0.000,0.000,0.000,-223201
25.832126875,151734794,3.266,-9.133,-0.539,0.000,0.000,0.000,-223241
25.83731375,151740014,3.266,-9.133,-0.539,0.000,0.000,0.000,-222614
25.842545125,151745234,3.227,-9.137,-0.656,0.000,0.000,0.000,-222604
25.845881083,151748454,3.227,-9.137,-0.656,0.000,0.000,0.000,-223678
25.852266083,151754675,3.227,-9.137,-0.656,0.000,0.000,0.000,-222724
25.856581875,151758896,3.227,-9.137,-0.656,0.000,0.000,0.000,-222863
25.860455833,151763117,3.227,-9.137,-0.656,0.000,0.000,0.000,-223398
25.864596458,151767337,3.227,-9.137,-0.656,0.000,0.000,0.000,-222926
25.86979125,151772559,3.227,-9.137,-0.656,0.000,0.000,0.000,-222783
25.874045583,151776779,3.266,-9.211,-0.656,0.000,0.000,0.000,-223012
25.877273958,151779999,3.266,-9.211,-0.656,0.000,0.000,0.000,-223462
25.882521208,151785220,3.266,-9.211,-0.656,0.000,0.000,0.000,-223531
25.886937,151789441,3.266,-9.211,-0.656,0.000,0.000,0.000,-221834
25.892002833,151794662,3.266,-9.211,-0.656,0.000,0.000,0.000,-223195
25.89619325,151798882,3.266,-9.211,-0.656,0.000,0.000,0.000,-223374
25.90043825,151803103,3.266,-9.211,-0.656,0.000,0.000,0.000,-222561
25.904678,151807323,3.266,-9.176,-0.500,0.000,0.000,0.000,-222335
25.9077965,151810544,3.266,-9.176,-0.500,0.000,0.000,0.000,-222625
25.913065167,151815765,3.266,-9.176,-0.500,0.000,0.000,0.000,-223074
25.917332375,151819971,3.266,-9.176,-0.500,0.000,0.000,0.000,-223074
25.921660875,151824191,3.266,-9.176,-0.500,0.000,0.000,0.000,-222783
25.925744083,151828412,3.266,-9.176,-0.500,0.000,0.000,0.000,-223065
25.930941917,151833633,3.266,-9.176,-0.500,0.000,0.000,0.000,-223332
25.935127292,151837853,3.266,-9.137,-0.691,0.000,0.000,0.000,-222404
25.938391875,151841074,3.266,-9.137,-0.691,0.000,0.000,0.000,-222895
25.943539833,151846294,3.266,-9.137,-0.691,0.000,0.000,0.000,-222138
25.948795167,151851515,3.266,-9.137,-0.691,0.000,0.000,0.000,-222982
25.953651625,151855736,3.266,-9.137,-0.691,0.000,0.000,0.000,-222190
25.957311208,151859956,3.266,-9.137,-0.691,0.000,0.000,0.000,-222682
25.961516875,151864176,3.266,-9.137,-0.691,0.000,0.000,0.000,-223293
25.965757958,151868397,3.266,-9.176,-0.617,0.000,0.000,0.000,-222797
25.967829208,151870618,3.266,-9.176,-0.617,0.000,0.000,0.000,-222814
25.972252042,151874839,3.266,-9.176,-0.617,0.000,0.000,0.000,-223001
25.976603292,151879060,3.266,-9.176,-0.617,0.000,0.000,0.000,-222366
25.980562333,151883280,3.266,-9.176,-0.617,0.000,0.000,0.000,-223471
25.984959417,151887501,3.266,-9.176,-0.617,0.000,0.000,0.000,-222675
25.990373167,151892722,3.266,-9.176,-0.617,0.000,0.000,0.000,-223090
25.99438975,151896943,3.266,-9.133,-0.578,0.000,0.000,0.000,-222561
25.997405875,151900163,3.266,-9.133,-0.578,0.000,0.000,0.000,-223028
26.002708,151905384,3.266,-9.133,-0.578,0.000,0.000,0.000,-222411
26.006943083,151909605,3.266,-9.133,-0.578,0.000,0.000,0.000,-222557
26.012229542,151914825,3.266,-9.133,-0.578,0.000,0.000,0.000,-223766
26.016612208,151919046,3.266,-9.133,-0.578,0.000,0.000,0.000,-223247
26.020808667,151923267,3.266,-9.133,-0.578,0.000,0.000,0.000,-222827
26.02476375,151927487,3.305,-9.133,-0.617,0.000,0.000,0.000,-223114
26.027972583,151930707,3.305,-9.133,-0.617,0.000,0.000,0.000,-222960
26.035261542,151937928,3.305,-9.133,-0.617,0.000,0.000,0.000,-222978
26.039467708,151942149,3.305,-9.133,-0.617,0.000,0.000,0.000,-222811
26.042676042,151945370,3.305,-9.133,-0.617,0.000,0.000,0.000,-223124
26.046886917,151949590,3.305,-9.133,-0.617,0.000,0.000,0.000,-223433
26.051173958,151953811,3.305,-9.133,-0.617,0.000,0.000,0.000,-222829
26.055391917,151958031,3.305,-9.176,-0.578,0.000,0.000,0.000,-222895
26.057578167,151960252,3.305,-9.176,-0.578,0.000,0.000,0.000,-222658
26.062790292,151965472,3.305,-9.176,-0.578,0.000,0.000,0.000,-223563
26.067009208,151969692,3.305,-9.176,-0.578,0.000,0.000,0.000,-222011
26.071212833,151973913,3.305,-9.176,-0.578,0.000,0.000,0.000,-222442
26.075619833,151978134,3.305,-9.176,-0.578,0.000,0.000,0.000,-222597
26.080715292,151983354,3.305,-9.176,-0.578,0.000,0.000,0.000,-222727
26.084900458,151987575,3.266,-9.094,-0.617,0.000,0.000,0.000,-223064
26.088134833,151990796,3.266,-9.094,-0.617,0.000,0.000,0.000,-222274
26.094298958,151997017,3.266,-9.094,-0.617,0.000,0.000,0.000,-222763
26.098730542,152001237,3.266,-9.094,-0.617,0.000,0.000,0.000,-223086
26.1028705,152005457,3.266,-9.094,-0.617,0.000,0.000,0.000,-222897
26.108228292,152010678,3.266,-9.094,-0.617,0.000,0.000,0.000,-222666
26.113720708,152015899,3.266,-9.094,-0.617,0.000,0.000,0.000,-223396
26.117730167,152020119,3.305,-9.133,-0.578,0.000,0.000,0.000,-222516
26.122339417,152023339,3.305,-9.133,-0.578,0.000,0.000,0.000,-222190
26.125842417,152028559,3.305,-9.133,-0.578,0.000,0.000,0.000,-222450
26.131104625,152033780,3.305,-9.133,-0.578,0.000,0.000,0.000,-222456
26.1353655,152038001,3.305,-9.133,-0.578,0.000,0.000,0.000,-222028
26.139637083,152042222,3.305,-9.133,-0.578,0.000,0.000,0.000,-223291
26.143981417,152046442,3.305,-9.133,-0.578,0.000,0.000,0.000,-223035
26.147480625,152049662,3.266,-9.176,-0.539,0.000,0.000,0.000,-222719
26.150422,152052882,3.266,-9.176,-0.539,0.000,0.000,0.000,-223141
26.155714792,152058102,3.266,-9.176,-0.539,0.000,0.000,0.000,-222553
26.159582792,152062323,3.266,-9.176,-0.539,0.000,0.000,0.000,-223325
26.162840917,152065544,3.266,-9.176,-0.539,0.000,0.000,0.000,-223213
26.167063125,152069765,3.266,-9.176,-0.539,0.000,0.000,0.000,-223792
26.172302333,152074985,3.266,-9.176,-0.539,0.000,0.000,0.000,-222327
26.176511625,152079205,3.266,-9.098,-0.691,0.000,0.000,0.000,-223249
26.180085625,152082426,3.266,-9.098,-0.691,0.000,0.000,0.000,-223027
26.185224125,152087647,3.266,-9.098,-0.691,0.000,0.000,0.000,-222498
26.190387792,152092868,3.266,-9.098,-0.691,0.000,0.000,0.000,-223120
26.194414625,152097088,3.266,-9.098,-0.691,0.000,0.000,0.000,-223550
26.199653875,152102308,3.266,-9.098,-0.691,0.000,0.000,0.000,-222647
26.204997,152107529,3.266,-9.098,-0.691,0.000,0.000,0.000,-223359
26.210280292,152112751,3.266,-9.176,-0.578,0.000,0.000,0.000,-223023
26.212519083,152114972,3.266,-9.176,-0.578,0.000,0.000,0.000,-222994
26.217826,152120192,3.266,-9.176,-0.578,0.000,0.000,0.000,-222663
26.22203225,152124412,3.266,-9.176,-0.578,0.000,0.000,0.000,-222501
26.226341125,152128633,3.266,-9.176,-0.578,0.000,0.000,0.000,-222901
26.230119167,152132856,3.227,-9.137,-0.656,0.000,0.000,0.000,-223017
26.23229475,152135077,3.227,-9.137,-0.656,0.000,0.000,0.000,-222428
26.23763125,152140297,3.227,-9.137,-0.656,0.000,0.000,0.000,-222217
26.241818792,152144517,3.227,-9.137,-0.656,0.000,0.000,0.000,-221970
26.245004542,152147738,3.227,-9.137,-0.656,0.000,0.000,0.000,-223495
26.250262958,152152959,3.227,-9.137,-0.656,0.000,0.000,0.000,-223500
26.254476625,152157180,3.266,-9.176,-0.500,0.000,0.000,0.000,-222956
26.256825708,152159400,3.266,-9.176,-0.500,0.000,0.000,0.000,-222451
26.261931917,152164620,3.266,-9.176,-0.500,0.000,0.000,0.000,-223264
26.266143375,152168840,3.266,-9.176,-0.500,0.000,0.000,0.000,-222867
26.270399833,152173061,3.266,-9.176,-0.500,0.000,0.000,0.000,-222585
26.274586,152177282,3.266,-9.176,-0.500,0.000,0.000,0.000,-223667
26.27982025,152182503,3.266,-9.176,-0.500,0.000,0.000,0.000,-223517
26.284341917,152186724,3.227,-9.098,-0.578,0.000,0.000,0.000,-222543
26.287404208,152189945,3.227,-9.098,-0.578,0.000,0.000,0.000,-222186
26.294491375,152197166,3.227,-9.098,-0.578,0.000,0.000,0.000,-222888
26.298800833,152201386,3.227,-9.098,-0.578,0.000,0.000,0.000,-223815
26.3028685,152205607,3.227,-9.098,-0.578,0.000,0.000,0.000,-222389
26.308264917,152210827,3.227,-9.098,-0.578,0.000,0.000,0.000,-223329
26.313660083,152216047,3.227,-9.098,-0.578,0.000,0.000,0.000,-222605
26.317841708,152220267,3.266,-9.211,-0.578,0.000,0.000,0.000,-223283
26.32171375,152223487,3.266,-9.211,-0.578,0.000,0.000,0.000,-222098
26.325958,152228708,3.266,-9.211,-0.578,0.000,0.000,0.000,-223178
26.331269917,152233929,3.266,-9.211,-0.578,0.000,0.000,0.000,-222976
26.335503333,152238149,3.266,-9.211,-0.578,0.000,0.000,0.000,-222143
26.339787208,152242369,3.266,-9.211,-0.578,0.000,0.000,0.000,-223313
26.345168583,152247589,3.266,-9.211,-0.578,0.000,0.000,0.000,-223222
26.350382958,152252810,3.227,-9.137,-0.617,0.000,0.000,0.000,-222613
26.353646,152256031,3.227,-9.137,-0.617,0.000,0.000,0.000,-222626
26.358569833,152261251,3.227,-9.137,-0.617,0.000,0.000,0.000,-222895
26.362745458,152265472,3.227,-9.137,-0.617,0.000,0.000,0.000,-223514
26.365987375,152268692,3.227,-9.137,-0.617,0.000,0.000,0.000,-222760
26.372292125,152274912,3.227,-9.137,-0.617,0.000,0.000,0.000,-222753
26.376419542,152279132,3.227,-9.137,-0.617,0.000,0.000,0.000,-222707
26.380695875,152283353,3.227,-9.137,-0.539,0.000,0.000,0.000,-222790
26.382923875,152285573,3.227,-9.137,-0.539,0.000,0.000,0.000,-222783
26.387232,152289794,3.227,-9.137,-0.539,0.000,0.000,0.000,-222450
26.392321542,152295014,3.227,-9.137,-0.539,0.000,0.000,0.000,-223156
26.396517042,152299234,3.227,-9.137,-0.539,0.000,0.000,0.000,-223649
26.400830667,152303454,3.227,-9.137,-0.539,0.000,0.000,0.000,-223246
26.40499225,152307675,3.227,-9.137,-0.539,0.000,0.000,0.000,-223445
26.410239333,152312896,3.266,-9.133,-0.578,0.000,0.000,0.000,-223062
26.412411042,152315102,3.266,-9.133,-0.578,0.000,0.000,0.000,-223062
26.41662425,152319322,3.266,-9.133,-0.578,0.000,0.000,0.000,-223338
26.4208395,152323542,3.266,-9.133,-0.578,0.000,0.000,0.000,-221808
26.425083958,152327762,3.266,-9.133,-0.578,0.000,0.000,0.000,-223474
26.430277792,152332983,3.266,-9.133,-0.578,0.000,0.000,0.000,-223507
26.434518958,152337204,3.266,-9.133,-0.578,0.000,0.000,0.000,-222350
26.438741208,152341424,3.266,-9.176,-0.500,0.000,0.000,0.000,-223690
26.441918708,152344644,3.266,-9.176,-0.500,0.000,0.000,0.000,-222864
26.448214375,152350864,3.266,-9.176,-0.500,0.000,0.000,0.000,-223503
26.452379417,152355084,3.266,-9.176,-0.500,0.000,0.000,0.000,-222676
26.455602542,152358305,3.266,-9.176,-0.500,0.000,0.000,0.000,-222181
26.460786125,152363526,3.266,-9.176,-0.500,0.000,0.000,0.000,-223365
26.466079125,152368748,3.266,-9.176,-0.500,0.000,0.000,0.000,-223570
26.470603542,152372969,3.266,-9.176,-0.656,0.000,0.000,0.000,-222675
26.472541833,152375189,3.266,-9.176,-0.656,0.000,0.000,0.000,-223303
26.477833125,152380410,3.266,-9.176,-0.656,0.000,0.000,0.000,-224015
26.482067875,152384631,3.266,-9.176,-0.656,0.000,0.000,0.000,-222712
26.486935167,152388852,3.266,-9.176,-0.656,0.000,0.000,0.000,-223284
26.492457667,152395073,3.266,-9.176,-0.656,0.000,0.000,0.000,-223468
26.497615792,152400293,3.266,-9.176,-0.656,0.000,0.000,0.000,-223561
26.501924,152404514,3.266,-9.133,-0.539,0.000,0.000,0.000,-222322
26.504125542,152406735,3.266,-9.133,-0.539,0.000,0.000,0.000,-223383
26.510251208,152412957,3.266,-9.133,-0.539,0.000,0.000,0.000,-222914
26.515517417,152418177,3.266,-9.133,-0.539,0.000,0.000,0.000,-222522
26.520072708,152422397,3.266,-9.133,-0.539,0.000,0.000,0.000,-222562
26.522961792,152425617,3.266,-9.133,-0.539,0.000,0.000,0.000,-222629
26.527150292,152429838,3.266,-9.133,-0.539,0.000,0.000,0.000,-223127
26.53156975,152434058,3.266,-9.133,-0.656,0.000,0.000,0.000,-222961
26.534649792,152437279,3.266,-9.133,-0.656,0.000,0.000,0.000,-223274
26.544052125,152446500,3.266,-9.133,-0.656,0.000,0.000,0.000,-222684
26.550386958,152452721,3.266,-9.133,-0.656,0.000,0.000,0.000,-222492
26.555565667,152457944,3.266,-9.133,-0.656,0.000,0.000,0.000,-222380
26.560489833,152463165,3.227,-9.137,-0.656,0.000,0.000,0.000,-222627
26.563759958,152466385,3.227,-9.137,-0.656,0.000,0.000,0.000,-223181
26.574150833,152476605,3.227,-9.137,-0.656,0.000,0.000,0.000,-222503
26.579374667,152481826,3.227,-9.137,-0.656,0.000,0.000,0.000,-223065
26.582613417,152485047,3.227,-9.137,-0.656,0.000,0.000,0.000,-223749
26.586840875,152489267,3.227,-9.137,-0.656,0.000,0.000,0.000,-222549
26.590866458,152493488,3.227,-9.137,-0.656,0.000,0.000,0.000,-222963
26.596066292,152498708,3.305,-9.094,-0.617,0.000,0.000,0.000,-223250
26.599322542,152501929,3.305,-9.094,-0.617,0.000,0.000,0.000,-222964
26.604621875,152507150,3.305,-9.094,-0.617,0.000,0.000,0.000,-222844
26.609905792,152512371,3.305,-9.094,-0.617,0.000,0.000,0.000,-223244
26.61314975,152515591,3.305,-9.094,-0.617,0.000,0.000,0.000,-222218
26.618402,152520811,3.305,-9.094,-0.617,0.000,0.000,0.000,-222117
26.624269583,152526032,3.305,-9.176,-0.578,0.000,0.000,0.000,-222478
26.627568583,152529253,3.305,-9.176,-0.578,0.000,0.000,0.000,-222808
26.632788417,152535474,3.305,-9.176,-0.578,0.000,0.000,0.000,-222520
26.637052708,152539694,3.305,-9.176,-0.578,0.000,0.000,0.000,-223045
26.64123825,152543915,3.305,-9.176,-0.578,0.000,0.000,0.000,-222683
26.6454615,152548135,3.305,-9.176,-0.578,0.000,0.000,0.000,-222947
26.650638,152553355,3.305,-9.176,-0.578,0.000,0.000,0.000,-222701
26.654954625,152557576,3.266,-9.137,-0.730,0.000,0.000,0.000,-222960
26.658107125,152560796,3.266,-9.137,-0.730,0.000,0.000,0.000,-222965
26.663350292,152566016,3.266,-9.137,-0.730,0.000,0.000,0.000,-223622
26.668551625,152571237,3.266,-9.137,-0.730,0.000,0.000,0.000,-223201
26.672769,152575458,3.266,-9.137,-0.730,0.000,0.000,0.000,-223396
26.678064375,152580679,3.266,-9.137,-0.730,0.000,0.000,0.000,-222714
26.682247417,152584900,3.266,-9.137,-0.730,0.000,0.000,0.000,-223432
26.686948917,152589120,3.266,-9.133,-0.578,0.000,0.000,0.000,-222312
26.689640958,152592340,3.266,-9.133,-0.578,0.000,0.000,0.000,-222690
26.695899042,152598560,3.266,-9.133,-0.578,0.000,0.000,0.000,-222954
26.70016075,152602781,3.266,-9.133,-0.578,0.000,0.000,0.000,-222521
26.704352625,152607002,3.266,-9.133,-0.578,0.000,0.000,0.000,-222066
26.709663542,152612222,3.266,-9.133,-0.578,0.000,0.000,0.000,-223903
26.714533042,152616442,3.266,-9.133,-0.578,0.000,0.000,0.000,-223096
26.718045333,152620662,3.266,-9.133,-0.500,0.000,0.000,0.000,-223174
26.721307667,152623883,3.266,-9.133,-0.500,0.000,0.000,0.000,-223342
26.727410875,152630104,3.266,-9.133,-0.500,0.000,0.000,0.000,-223580
26.732661667,152635324,3.266,-9.133,-0.500,0.000,0.000,0.000,-223177
26.737844625,152640547,3.266,-9.133,-0.500,0.000,0.000,0.000,-223126
26.742998875,152645767,3.266,-9.133,-0.500,0.000,0.000,0.000,-223208
26.747248833,152649988,3.266,-9.133,-0.500,0.000,0.000,0.000,-222494
26.751564667,152654208,3.266,-9.133,-0.617,0.000,0.000,0.000,-222775
26.753774125,152656428,3.266,-9.133,-0.617,0.000,0.000,0.000,-222733
26.758934,152661649,3.266,-9.133,-0.617,0.000,0.000,0.000,-223009
26.763208792,152665869,3.266,-9.133,-0.617,0.000,0.000,0.000,-223369
26.767364417,152670090,3.266,-9.133,-0.617,0.000,0.000,0.000,-223198
26.77161575,152674311,3.266,-9.133,-0.617,0.000,0.000,0.000,-222607
26.775088542,152677532,3.305,-9.176,-0.617,0.000,0.000,0.000,-223426
26.778252292,152680752,3.305,-9.176,-0.617,0.000,0.000,0.000,-224073
26.783713708,152685973,3.305,-9.176,-0.617,0.000,0.000,0.000,-223224
26.788719792,152691194,3.305,-9.176,-0.617,0.000,0.000,0.000,-222192
26.792774833,152695415,3.305,-9.176,-0.617,0.000,0.000,0.000,-223227
26.798064083,152700636,3.305,-9.176,-0.617,0.000,0.000,0.000,-223239
26.805438,152707857,3.305,-9.176,-0.617,0.000,0.000,0.000,-222663
26.808627542,152711077,3.227,-9.172,-0.578,0.000,0.000,0.000,-222965
26.811842417,152714297,3.227,-9.172,-0.578,0.000,0.000,0.000,-223788
26.818122875,152720517,3.227,-9.172,-0.578,0.000,0.000,0.000,-222590
26.822324958,152724738,3.227,-9.172,-0.578,0.000,0.000,0.000,-222449
26.826490042,152728959,3.227,-9.172,-0.578,0.000,0.000,0.000,-223414
26.832516667,152735180,3.227,-9.172,-0.578,0.000,0.000,0.000,-222845
26.837851708,152740401,3.227,-9.172,-0.578,0.000,0.000,0.000,-222515
26.841934292,152744622,3.227,-9.172,-0.656,0.000,0.000,0.000,-222990
26.845138542,152747842,3.227,-9.172,-0.656,0.000,0.000,0.000,-222779
26.85138825,152754063,3.227,-9.172,-0.656,0.000,0.000,0.000,-222760
26.856443167,152758283,3.227,-9.172,-0.656,0.000,0.000,0.000,-223205
26.859794,152762503,3.227,-9.172,-0.656,0.000,0.006,0.000,-222977
26.863986667,152766724,3.227,-9.172,-0.656,0.000,-0.004,-0.002,-223210
26.868271083,152770945,3.227,-9.172,-0.656,-0.002,-0.004,0.010,-222737
26.873502875,152776166,3.266,-9.133,-0.617,-0.002,-0.004,0.010,-221619
26.876724083,152779387,3.266,-9.133,-0.617,-0.002,-0.004,0.006,-223217
26.882898292,152785608,3.266,-9.133,-0.617,-0.010,0.000,0.010,-222320
26.887233458,152789829,3.266,-9.133,-0.617,-0.002,0.000,-0.006,-222838
26.891442625,152794050,3.266,-9.133,-0.617,0.000,0.012,0.000,-223509
26.895578417,152798270,3.266,-9.133,-0.617,-0.002,-0.006,0.010,-224217
26.900913583,152803491,3.266,-9.133,-0.617,0.004,-0.010,0.000,-223457
26.905075417,152807712,3.266,-9.133,-0.617,0.004,-0.010,0.000,-222802
26.908175167,152810933,3.266,-9.133,-0.617,0.010,-0.002,0.000,-223224
26.914520125,152817154,3.266,-9.133,-0.617,0.000,0.014,0.010,-223171
26.91869425,152821375,3.266,-9.133,-0.617,-0.004,-0.004,0.002,-222552
26.921932458,152824596,3.266,-9.133,-0.617,-0.010,-0.008,-0.008,-223048
26.926095083,152828817,3.266,-9.133,-0.617,0.008,-0.002,-0.004,-223763
26.93040975,152833038,3.266,-9.133,-0.617,-0.012,0.004,0.004,-222726
26.9347605,152837259,3.266,-9.133,-0.617,-0.012,0.004,0.004,-222322
26.937723125,152840480,3.266,-9.133,-0.617,0.012,-0.008,0.006,-222797
26.943234625,152845701,3.266,-9.133,-0.617,-0.014,0.004,0.002,-222973
26.947393875,152849922,3.266,-9.133,-0.617,0.012,0.012,-0.006,-223157
26.951451875,152854143,3.266,-9.133,-0.617,-0.004,-0.006,-0.002,-222480
26.955981208,152858364,3.266,-9.133,-0.617,-0.006,0.002,-0.014,-222913
26.959952583,152862585,3.266,-9.133,-0.617,-0.010,0.012,0.012,-222831
26.964118667,152866806,3.266,-9.133,-0.617,-0.010,0.012,0.012,-222466
26.967419625,152870027,3.266,-9.133,-0.617,0.000,0.000,0.006,-222672
26.973611083,152876247,3.266,-9.133,-0.617,-0.008,0.000,0.002,-222539
26.97780775,152880468,3.266,-9.133,-0.617,0.002,0.006,0.000,-222795
26.983132167,152885689,3.266,-9.133,-0.617,-0.002,-0.002,-0.008,-222947
26.987387625,152889910,3.266,-9.133,-0.617,0.004,-0.004,0.000,-223525
26.992708917,152895131,3.266,-9.133,-0.617,-0.010,-0.004,0.000,-223149
26.995651583,152898352,3.266,-9.133,-0.539,-0.010,-0.004,0.000,-223591
27.000899208,152903573,3.266,-9.133,-0.539,0.000,0.008,0.000,-223217
27.005266667,152907794,3.266,-9.133,-0.539,-0.004,-0.006,0.004,-221895
27.010544917,152913015,3.266,-9.133,-0.539,-0.004,-0.008,-0.006,-223409
27.014591875,152917236,3.266,-9.133,-0.539,-0.010,-0.004,-0.006,-223491
27.02029925,152922457,3.266,-9.133,-0.539,-0.006,-0.004,-0.008,-222978
27.023161792,152925678,3.266,-9.133,-0.617,-0.006,-0.004,-0.008,-223529
27.025186417,152927899,3.266,-9.133,-0.617,0.008,0.008,-0.002,-222676
27.030419417,152933120,3.266,-9.133,-0.617,0.006,0.002,-0.008,-223024
27.034691417,152937341,3.266,-9.133,-0.617,-0.010,0.002,0.010,-222686
27.037874042,152940562,3.266,-9.133,-0.617,-0.004,0.000,-0.006,-222746
27.042115167,152944783,3.266,-9.133,-0.617,-0.006,-0.008,0.004,-222429
27.046320875,152949004,3.266,-9.133,-0.617,0.002,0.004,-0.012,-223712
27.050764792,152953225,3.227,-9.172,-0.656,0.002,0.004,-0.012,-223002
27.05381675,152956446,3.227,-9.172,-0.656,-0.012,0.000,0.004,-222252
27.0590035,152961667,3.227,-9.172,-0.656,-0.010,-0.002,0.000,-222959
27.063207125,152965888,3.227,-9.172,-0.656,0.000,0.006,-0.002,-223829
27.067459292,152970109,3.227,-9.172,-0.656,0.004,0.002,-0.008,-222022
27.072708375,152975330,3.227,-9.172,-0.656,-0.008,0.004,0.000,-222788
27.076894208,152979551,3.227,-9.172,-0.656,-0.004,0.008,0.006,-222989
27.082161125,152984772,3.266,-9.094,-0.617,-0.004,0.008,0.006,-223503
27.086706625,152987993,3.266,-9.094,-0.617,-0.008,0.000,0.000,-222543
27.092537708,152995214,3.266,-9.094,-0.617,0.004,-0.008,0.014,-223806
27.096868875,152999435,3.266,-9.094,-0.617,-0.012,0.002,0.004,-223091
27.100988875,153003656,3.266,-9.094,-0.617,-0.002,-0.008,0.000,-222794
27.105245042,153007877,3.266,-9.094,-0.617,-0.004,0.000,-0.002,-222445
27.110522458,153013098,3.266,-9.094,-0.617,-0.008,0.000,0.010,-222888
27.114825458,153017319,3.266,-9.133,-0.578,-0.008,0.000,0.010,-222937
27.117082208,153019542,3.266,-9.133,-0.578,0.004,-0.008,0.002,-222395
27.12170975,153023762,3.266,-9.133,-0.578,0.000,0.000,0.000,-222308
27.125308542,153027983,3.266,-9.133,-0.578,0.006,0.006,0.014,-223577
27.130538,153033204,3.266,-9.133,-0.578,0.004,0.004,0.006,-223371
27.134807,153037425,3.266,-9.133,-0.578,0.002,0.002,0.012,-222575
27.139000458,153041646,3.266,-9.133,-0.578,-0.008,0.000,0.000,-221911
27.143725167,153045867,3.227,-9.098,-0.617,-0.008,0.000,0.000,-222934
27.145643958,153048088,3.227,-9.098,-0.617,-0.004,0.000,0.002,-223690
27.150908,153053309,3.227,-9.098,-0.617,-0.004,0.014,-0.008,-222843
27.1558205,153057531,3.227,-9.098,-0.617,-0.006,0.000,0.004,-223368
27.158478833,153060752,3.227,-9.098,-0.617,0.014,-0.006,0.002,-223115
27.162351083,153064973,3.227,-9.098,-0.617,-0.012,-0.004,-0.021,-223244
27.166820375,153069194,3.227,-9.098,-0.617,-0.004,0.004,0.016,-222950
27.170737958,153073415,3.266,-9.133,-0.617,-0.004,0.004,0.016,-223195
27.1730755,153075636,3.266,-9.133,-0.617,-0.002,0.000,0.002,-223072
27.178707917,153080857,3.266,-9.133,-0.617,-0.006,0.006,-0.002,-223076
27.182650833,153085078,3.266,-9.133,-0.617,0.002,-0.002,0.002,-222153
27.18587,153088299,3.266,-9.133,-0.617,-0.002,-0.004,0.002,-222181
27.1908305,153093520,3.266,-9.133,-0.617,0.008,-0.004,-0.016,-222761
27.195089833,153097742,3.266,-9.133,-0.617,0.002,-0.006,-0.010,-222654
27.198244875,153100963,3.266,-9.133,-0.578,0.002,-0.006,-0.010,-223198
27.20355375,153106184,3.266,-9.133,-0.578,-0.004,-0.012,0.008,-222298
27.207855708,153110405,3.266,-9.133,-0.578,-0.002,0.000,0.010,-223124
27.213695875,153115626,3.266,-9.133,-0.578,-0.006,0.002,-0.002,-223517
27.217435333,153119847,3.266,-9.133,-0.578,-0.004,0.008,0.002,-222659
27.221635917,153124068,3.266,-9.133,-0.578,-0.012,0.000,0.010,-222633
27.225679292,153128289,3.266,-9.176,-0.578,-0.012,0.000,0.010,-222697
27.228812958,153131510,3.266,-9.176,-0.578,0.000,-0.004,-0.008,-223217
27.2350555,153137731,3.266,-9.176,-0.578,0.002,0.010,-0.012,-222722
27.239281208,153141952,3.266,-9.176,-0.578,0.006,0.010,-0.010,-222947
27.243532292,153146173,3.266,-9.176,-0.578,0.010,-0.008,-0.002,-222429
27.248741417,153151394,3.266,-9.176,-0.578,0.002,0.008,0.002,-223016
27.2539225,153156615,3.266,-9.176,-0.578,0.010,0.010,-0.002,-222857
27.258185958,153160836,3.227,-9.137,-0.578,0.010,0.010,-0.002,-222467
27.260405042,153163057,3.227,-9.137,-0.578,0.010,0.002,-0.002,-222096
27.264602125,153167278,3.227,-9.137,-0.578,0.002,-0.002,-0.008,-223584
27.268830792,153171499,3.227,-9.137,-0.578,0.008,0.000,0.010,-222736
27.273082375,153175719,3.227,-9.137,-0.578,-0.010,0.004,0.004,-222739
27.278234667,153180940,3.227,-9.137,-0.578,-0.012,0.006,0.012,-223854
27.282526458,153185161,3.227,-9.137,-0.578,0.010,-0.010,-0.010,-222465
27.287535292,153189382,3.227,-9.172,-0.656,0.010,-0.010,-0.010,-222105
27.2909435,153192603,3.227,-9.172,-0.656,-0.010,-0.004,-0.002,-222229
27.296138833,153198824,3.227,-9.172,-0.656,0.000,0.004,0.004,-223507
27.300393917,153203045,3.227,-9.172,-0.656,-0.010,-0.010,-0.008,-222417
27.305709167,153208266,3.227,-9.172,-0.656,-0.002,-0.002,0.000,-222403
27.310905667,153213487,3.227,-9.172,-0.656,0.002,0.010,0.000,-223104
27.316359042,153218708,3.227,-9.172,-0.656,-0.010,0.002,0.014,-223233
27.320256958,153222929,3.266,-9.133,-0.539,-0.010,0.002,0.014,-222731
27.323690083,153226150,3.266,-9.133,-0.539,0.010,0.004,-0.002,-222598
27.3297,153232371,3.266,-9.133,-0.539,0.000,0.008,0.006,-222889
27.333900875,153236592,3.266,-9.133,-0.539,-0.006,0.002,-0.010,-223012
27.338142875,153240813,3.266,-9.133,-0.539,-0.002,-0.004,0.006,-222786
27.3434675,153246034,3.266,-9.133,-0.539,0.000,-0.002,0.004,-223162
27.347703875,153250255,3.266,-9.133,-0.539,0.010,-0.008,0.002,-222848
27.353928583,153255476,3.266,-9.176,-0.578,0.010,-0.008,0.002,-222715
27.355032625,153257682,3.266,-9.176,-0.578,0.002,0.004,-0.006,-222715
27.360199583,153262902,3.266,-9.176,-0.578,-0.004,0.008,0.010,-222839
27.36446975,153267123,3.266,-9.176,-0.578,-0.004,0.008,0.010,-222475
27.366646167,153269344,3.266,-9.176,-0.578,0.006,-0.004,0.000,-222733
27.370881583,153273565,3.266,-9.176,-0.578,-0.004,0.002,0.004,-222587
27.375068583,153277786,3.266,-9.176,-0.578,-0.008,0.000,0.004,-222875
27.379380417,153282007,3.266,-9.176,-0.578,-0.008,0.006,-0.006,-222730
27.38355775,153286228,3.266,-9.176,-0.578,-0.002,-0.006,0.006,-222833
27.388773417,153291449,3.266,-9.176,-0.578,-0.004,0.004,-0.002,-222142
27.393007958,153295670,3.305,-9.133,-0.539,-0.004,0.004,-0.002,-222922
27.396240917,153298891,3.305,-9.133,-0.539,-0.002,0.008,0.002,-223304
27.402464,153305112,3.305,-9.133,-0.539,-0.008,-0.002,0.000,-222489
27.406642042,153309333,3.305,-9.133,-0.539,0.004,0.012,0.000,-223214
27.410867708,153313554,3.305,-9.133,-0.539,0.012,0.000,0.010,-223232
27.416106625,153318775,3.305,-9.133,-0.539,-0.002,-0.004,0.012,-223008
27.420481,153322996,3.305,-9.133,-0.539,0.008,0.008,-0.002,-222827
27.425600125,153328217,3.266,-9.176,-0.656,0.008,0.008,-0.002,-223150
27.428783083,153331438,3.266,-9.176,-0.656,-0.010,-0.002,0.008,-223140
27.434063458,153336659,3.266,-9.176,-0.656,-0.002,-0.006,0.008,-222843
27.43816125,153340880,3.266,-9.176,-0.656,-0.010,0.000,-0.002,-222481
27.4434415,153346103,3.266,-9.176,-0.656,-0.004,-0.006,0.000,-223128
27.447652833,153350324,3.266,-9.176,-0.656,0.000,0.014,0.004,-222716
27.452903125,153355545,3.266,-9.176,-0.656,0.002,0.004,0.016,-222806
27.456092125,153358766,3.227,-9.137,-0.578,0.002,0.004,0.016,-222665
27.461298958,153363987,3.227,-9.137,-0.578,0.000,0.002,0.008,-223299
27.465528125,153368208,3.227,-9.137,-0.578,0.000,0.006,0.010,-223179
27.469851042,153372429,3.227,-9.137,-0.578,-0.002,-0.006,0.010,-222530
27.473996458,153376650,3.227,-9.137,-0.578,-0.008,-0.008,0.002,-222939
27.47824,153380871,3.227,-9.137,-0.578,0.004,-0.002,-0.004,-223946
27.483485583,153386092,3.266,-9.176,-0.578,0.004,-0.002,-0.004,-222779
27.485633583,153388313,3.266,-9.176,-0.578,-0.006,0.002,-0.008,-222745
27.490907625,153393535,3.266,-9.176,-0.578,0.002,0.000,0.000,-222590
27.495025417,153397755,3.266,-9.176,-0.578,-0.002,0.000,0.000,-223412
27.499458625,153401976,3.266,-9.176,-0.578,0.000,0.002,-0.002,-223344
27.503685042,153406197,3.266,-9.176,-0.578,0.002,0.000,0.006,-222714
27.508744833,153411418,3.266,-9.176,-0.578,0.004,-0.004,0.004,-222556
27.513026167,153415639,3.266,-9.133,-0.617,0.004,-0.004,0.004,-223324
27.51626525,153418860,3.266,-9.133,-0.617,-0.008,-0.002,0.014,-222849
27.522467458,153425081,3.266,-9.133,-0.617,0.012,0.006,0.004,-222108
27.526849333,153429302,3.266,-9.133,-0.617,0.000,-0.004,-0.008,-222287
27.530814958,153433523,3.266,-9.133,-0.617,-0.010,0.000,-0.006,-223017
27.53608225,153438744,3.266,-9.133,-0.617,-0.008,0.006,-0.008,-222467
27.540398625,153442965,3.266,-9.133,-0.617,0.000,0.006,-0.010,-222258
27.544787958,153447186,3.305,-9.176,-0.539,0.000,0.006,-0.010,-223087
27.547995708,153450407,3.305,-9.176,-0.539,-0.010,-0.004,-0.002,-222754
27.554323708,153456628,3.305,-9.176,-0.539,0.000,0.004,-0.012,-222433
27.558191917,153460849,3.305,-9.176,-0.539,0.010,0.002,0.010,-223067
27.563474417,153466070,3.305,-9.176,-0.539,0.004,0.000,0.012,-222901
27.567692292,153470291,3.305,-9.176,-0.539,0.004,0.000,-0.006,-223054
27.573221417,153475512,3.305,-9.176,-0.539,-0.008,-0.004,0.010,-222391
27.576146958,153478734,3.305,-9.137,-0.691,-0.008,-0.004,0.010,-223516
27.581363792,153483940,3.305,-9.137,-0.691,0.004,-0.008,-0.002,-223516
27.585505917,153488160,3.305,-9.137,-0.691,-0.010,0.002,0.010,-222965
27.590693958,153493381,3.305,-9.137,-0.691,-0.012,0.006,0.000,-222844
27.594898292,153497602,3.305,-9.137,-0.691,0.002,-0.002,0.012,-223556
27.59908025,153501823,3.305,-9.137,-0.691,-0.008,0.006,0.002,-222780
27.603294792,153506044,3.266,-9.133,-0.578,-0.008,0.006,0.002,-222659
27.606525292,153509265,3.266,-9.133,-0.578,0.012,-0.002,-0.006,-221802
27.612794875,153515486,3.266,-9.133,-0.578,0.000,0.018,-0.006,-222421
27.617017125,153519707,3.266,-9.133,-0.578,0.006,0.006,-0.004,-222552
27.621251667,153523928,3.266,-9.133,-0.578,-0.004,0.012,0.002,-222838
27.625414333,153528149,3.266,-9.133,-0.578,-0.004,0.000,-0.012,-223102
27.630674208,153533370,3.266,-9.133,-0.578,-0.002,0.004,-0.016,-222986
27.634909125,153537591,3.227,-9.137,-0.578,-0.002,0.004,-0.016,-223094
27.638148125,153540812,3.227,-9.137,-0.578,-0.006,-0.008,0.004,-222439
27.643346792,153546033,3.227,-9.137,-0.578,0.002,-0.006,-0.002,-223221
27.647523625,153550254,3.227,-9.137,-0.578,0.000,0.004,0.021,-222991
27.653357667,153555475,3.227,-9.137,-0.578,0.004,0.004,-0.004,-222659
27.657007333,153559697,3.227,-9.137,-0.578,0.000,-0.006,0.002,-222718
27.66120325,153563918,3.227,-9.137,-0.578,-0.002,0.000,0.000,-223303
27.665458958,153568139,3.227,-9.098,-0.617,-0.002,0.000,0.000,-223257
27.66860375,153571360,3.227,-9.098,-0.617,-0.008,-0.016,0.008,-223124
27.673827333,153576581,3.227,-9.098,-0.617,-0.008,0.006,0.002,-221338
27.678060083,153580802,3.227,-9.098,-0.617,-0.008,-0.002,-0.012,-223122
27.683335417,153586023,3.227,-9.098,-0.617,-0.010,-0.004,0.012,-223492
27.687514417,153590244,3.227,-9.098,-0.617,-0.002,0.012,-0.010,-222679
27.692738792,153595465,3.227,-9.098,-0.617,0.006,0.016,0.008,-222944
27.695950583,153598686,3.266,-9.176,-0.617,0.006,0.016,0.008,-222690
27.701206083,153603907,3.266,-9.176,-0.617,0.000,-0.004,-0.010,-222711
27.705404375,153608128,3.266,-9.176,-0.617,0.002,0.002,0.018,-222514
27.710642583,153613348,3.266,-9.176,-0.617,-0.002,0.002,0.002,-222869
27.715860792,153618569,3.266,-9.176,-0.617,-0.016,0.004,0.010,-223515
27.721099792,153623790,3.227,-9.137,-0.578,-0.016,0.004,0.010,-222348
27.72426775,153626996,3.227,-9.137,-0.578,-0.006,0.008,0.000,-222348
27.730496583,153633216,3.227,-9.137,-0.578,0.000,-0.004,0.012,-223046
27.7347055,153637437,3.227,-9.137,-0.578,0.002,-0.002,-0.004,-222383
27.738924917,153641658,3.227,-9.137,-0.578,0.012,-0.002,-0.010,-223081
27.743125125,153645879,3.227,-9.137,-0.578,-0.004,-0.006,0.004,-222939
27.748396625,153651100,3.227,-9.137,-0.578,0.004,-0.006,0.006,-223684
27.752630042,153655321,3.266,-9.133,-0.617,0.004,-0.006,0.006,-222952
27.755814167,153658542,3.266,-9.133,-0.617,0.016,-0.004,-0.008,-222432
27.761042167,153663763,3.266,-9.133,-0.617,-0.002,-0.010,0.008,-223168
27.766253458,153668984,3.266,-9.133,-0.617,-0.012,0.006,0.004,-223460
27.770548875,153673205,3.266,-9.133,-0.617,0.000,-0.002,-0.008,-222912
27.774669208,153677426,3.266,-9.133,-0.617,-0.014,0.006,-0.006,-223152
27.778904375,153681647,3.266,-9.133,-0.617,-0.002,0.002,-0.004,-222695
27.783154333,153685868,3.266,-9.133,-0.617,-0.002,0.002,-0.004,-222894
27.785598167,153688089,3.266,-9.133,-0.617,-0.006,0.006,0.012,-222839
27.791598875,153694310,3.266,-9.133,-0.617,-0.006,0.000,0.002,-222720
27.795800208,153698533,3.266,-9.133,-0.617,0.000,0.008,0.000,-222948
27.800005208,153702753,3.266,-9.133,-0.617,-0.006,0.008,-0.006,-222742
27.804220917,153706974,3.266,-9.133,-0.617,-0.008,0.000,-0.010,-223912
27.808428458,153711195,3.266,-9.133,-0.617,-0.010,-0.004,0.012,-222518
27.813766833,153716416,3.227,-9.094,-0.691,-0.010,-0.004,0.012,-223021
27.817098208,153719637,3.227,-9.094,-0.691,-0.004,0.000,-0.008,-222839
27.823233083,153725858,3.227,-9.094,-0.691,-0.016,-0.008,0.004,-222651
27.827398833,153730079,3.227,-9.094,-0.691,0.002,0.002,-0.004,-223799
27.831692875,153734300,3.227,-9.094,-0.691,0.008,-0.004,-0.006,-223489
27.835780583,153738520,3.227,-9.094,-0.691,-0.002,-0.006,0.002,-222856
27.840992125,153743741,3.227,-9.094,-0.691,0.002,-0.004,0.002,-222910
27.845205708,153747962,3.305,-9.133,-0.578,0.002,-0.004,0.002,-223221
27.848437708,153751183,3.305,-9.133,-0.578,0.010,0.000,-0.006,-223279
27.85770825,153760404,3.305,-9.133,-0.578,0.000,-0.004,0.012,-223053
27.863460583,153765625,3.305,-9.133,-0.578,0.000,0.000,0.000,-223064
27.867187708,153769845,3.266,-9.176,-0.578,0.000,0.000,0.000,-222625
27.870377542,153773065,3.266,-9.176,-0.578,0.000,0.000,0.000,-222332
27.876663875,153779286,3.266,-9.176,-0.578,0.000,0.000,0.000,-222309
27.881309792,153783506,3.266,-9.176,-0.578,0.000,0.000,0.000,-223153
27.8867755,153788728,3.266,-9.176,-0.578,0.000,0.000,0.000,-223339
27.891274583,153793949,3.266,-9.176,-0.578,0.000,0.000,0.000,-223104
27.896587042,153799169,3.266,-9.176,-0.578,0.000,0.000,0.000,-223443
27.900708583,153803390,3.266,-9.094,-0.578,0.000,0.000,0.000,-222257
27.903886125,153806610,3.266,-9.094,-0.578,0.000,0.000,0.000,-222429
27.910096542,153812831,3.266,-9.094,-0.578,0.000,0.000,0.000,-222529
27.914327125,153817051,3.266,-9.094,-0.578,0.000,0.000,0.000,-223494
27.919137083,153821271,3.266,-9.094,-0.578,0.000,0.000,0.000,-223665
27.923768875,153826491,3.266,-9.094,-0.578,0.000,0.000,0.000,-222789
27.927983125,153830712,3.266,-9.094,-0.578,0.000,0.000,0.000,-223770
27.933226375,153835932,3.266,-9.176,-0.617,0.000,0.000,0.000,-223289
27.936391958,153839152,3.266,-9.176,-0.617,0.000,0.000,0.000,-223307
27.941605458,153844373,3.266,-9.176,-0.617,0.000,0.000,0.000,-222545
27.945846542,153848594,3.266,-9.176,-0.617,0.000,0.000,0.000,-222474
27.952043,153853815,3.266,-9.176,-0.617,0.000,0.000,0.000,-223058
27.95561925,153858036,3.266,-9.176,-0.617,0.000,0.000,0.000,-222738
27.95953675,153862256,3.266,-9.176,-0.617,0.000,0.000,0.000,-222734
27.962727208,153865477,3.266,-9.094,-0.617,0.000,0.000,0.000,-223538
27.965023083,153867698,3.266,-9.094,-0.617,0.000,0.000,0.000,-223011
27.969180625,153871919,3.266,-9.094,-0.617,0.000,0.000,0.000,-223223
27.973389375,153876139,3.266,-9.094,-0.617,0.000,0.000,0.000,-222892
27.9776275,153880360,3.266,-9.094,-0.617,0.000,0.000,0.000,-223572
27.981886792,153884580,3.305,-9.176,-0.578,0.000,0.000,0.000,-222353
27.986128458,153888801,3.305,-9.176,-0.578,0.000,0.000,0.000,-222707
27.990302,153893022,3.305,-9.176,-0.578,0.000,0.000,0.000,-223603
27.994532792,153897242,3.305,-9.176,-0.578,0.000,0.000,0.000,-223331
27.998766208,153901463,3.305,-9.176,-0.578,0.000,0.000,0.000,-223304
28.002986667,153905683,3.305,-9.176,-0.578,0.000,0.000,0.000,-222560
28.006187708,153908903,3.227,-9.137,-0.656,0.000,0.000,0.000,-221874
28.008409833,153911123,3.227,-9.137,-0.656,0.000,0.000,0.000,-222751
28.013649542,153916344,3.227,-9.137,-0.656,0.000,0.000,0.000,-223071
28.017868167,153920565,3.227,-9.137,-0.656,0.000,0.000,0.000,-222799
28.022167708,153924786,3.227,-9.137,-0.656,0.000,0.000,0.000,-222649
28.026309917,153929007,3.227,-9.137,-0.656,0.000,0.000,0.000,-222272
28.031566583,153934228,3.227,-9.137,-0.656,0.000,0.000,0.000,-223372
28.03576875,153938449,3.305,-9.211,-0.617,0.000,0.000,0.000,-222623
28.039024458,153941669,3.305,-9.211,-0.617,0.000,0.000,0.000,-223141
28.044182917,153946890,3.305,-9.211,-0.617,0.000,0.000,0.000,-223337
28.048458833,153951111,3.305,-9.211,-0.617,0.000,0.000,0.000,-222755
28.054534833,153956332,3.305,-9.211,-0.617,0.000,0.000,0.000,-222667
28.0579225,153960553,3.305,-9.211,-0.617,0.000,0.000,0.000,-221937
28.062107,153964773,3.305,-9.211,-0.617,0.000,0.000,0.000,-223624
28.066332083,153968994,3.266,-9.133,-0.578,0.000,0.000,0.000,-223050
28.069536375,153972215,3.266,-9.133,-0.578,0.000,0.000,0.000,-222537
28.073692583,153976436,3.266,-9.133,-0.578,0.000,0.000,0.000,-223772
28.0789415,153981657,3.266,-9.133,-0.578,0.000,0.000,0.000,-223438
28.083187042,153985877,3.266,-9.133,-0.578,0.000,0.000,0.000,-223034
28.088334167,153991097,3.266,-9.133,-0.578,0.000,0.000,0.000,-223134
28.093507625,153996317,3.266,-9.133,-0.578,0.000,0.000,0.000,-223692
28.097764583,154000538,3.227,-9.137,-0.656,0.000,0.000,0.000,-222723
28.100946708,154003758,3.227,-9.137,-0.656,0.000,0.000,0.000,-222488
28.106158042,154008978,3.227,-9.137,-0.656,0.000,0.000,0.000,-222830
28.11337175,154016199,3.227,-9.137,-0.656,0.000,0.000,0.000,-222736
28.117800167,154020419,3.227,-9.137,-0.656,0.000,0.000,0.000,-223168
28.121877292,154024639,3.227,-9.137,-0.656,0.000,0.000,0.000,-222314
28.126110125,154028859,3.227,-9.137,-0.500,0.000,0.000,0.000,-222500
28.129323792,154032080,3.227,-9.137,-0.500,0.000,0.000,0.000,-223465
28.135546,154038301,3.227,-9.137,-0.500,0.000,0.000,0.000,-223534
28.139761583,154042522,3.227,-9.137,-0.500,0.000,0.000,0.000,-222524
28.143931708,154046742,3.227,-9.137,-0.500,0.000,0.000,0.000,-223398
28.148227583,154050963,3.227,-9.137,-0.500,0.000,0.000,0.000,-223612
28.1537305,154056183,3.266,-9.133,-0.617,0.000,0.000,0.000,-222334
28.155647917,154058403,3.266,-9.133,-0.617,0.000,0.000,0.000,-221838
28.160884458,154063623,3.266,-9.133,-0.617,0.000,0.000,0.000,-222881
28.165401375,154067843,3.305,-9.176,-0.578,0.000,0.000,0.000,-223004
28.167318,154070063,3.305,-9.176,-0.578,0.000,0.000,0.000,-222858
28.172563625,154075283,3.305,-9.176,-0.578,0.000,0.000,0.000,-222717
28.176847833,154079504,3.305,-9.176,-0.578,0.000,0.000,0.000,-223441
28.180928042,154083726,3.305,-9.176,-0.578,0.000,0.000,0.000,-222987
28.185268333,154087946,3.305,-9.176,-0.578,0.000,0.000,0.000,-223108
28.190469,154093166,3.305,-9.176,-0.578,0.000,0.000,0.000,-222459
28.194647875,154097386,3.191,-9.133,-0.656,0.000,0.000,0.000,-222733
28.197868,154100606,3.191,-9.133,-0.656,0.000,0.000,0.000,-223485
28.203062333,154105826,3.191,-9.133,-0.656,0.000,0.000,0.000,-223470
28.207317083,154110046,3.191,-9.133,-0.656,0.000,0.000,0.000,-222336
28.212532083,154115266,3.191,-9.133,-0.656,0.000,0.000,0.000,-223034
28.216721292,154119487,3.191,-9.133,-0.656,0.000,0.000,0.000,-223487
28.220972792,154123708,3.191,-9.133,-0.656,0.000,0.000,0.000,-221988
28.226215333,154128928,3.266,-9.176,-0.500,0.000,0.000,0.000,-222914
28.229411375,154132149,3.266,-9.176,-0.500,0.000,0.000,0.000,-223233
28.234770125,154137354,3.266,-9.176,-0.500,0.000,0.000,0.000,-223233
28.238835958,154141574,3.266,-9.176,-0.500,0.000,0.000,0.000,-222863
28.243081792,154145795,3.266,-9.176,-0.500,0.000,0.000,0.000,-223010
28.247226042,154150016,3.266,-9.176,-0.500,0.000,0.000,0.000,-222817
28.25355275,154156237,3.266,-9.176,-0.500,0.000,0.000,0.000,-221844
28.257697,154160457,3.266,-9.176,-0.617,0.000,0.000,0.000,-222348
28.260947208,154163677,3.266,-9.176,-0.617,0.000,0.000,0.000,-222042
28.266183208,154168897,3.266,-9.176,-0.617,0.000,0.000,0.000,-222851
28.271402333,154174117,3.266,-9.176,-0.617,0.000,0.000,0.000,-224114
28.27562725,154178337,3.266,-9.176,-0.617,0.000,0.000,0.000,-222193
28.280857083,154183558,3.266,-9.176,-0.617,0.000,0.000,0.000,-222392
28.286118417,154188779,3.266,-9.176,-0.617,0.000,0.000,0.000,-222724
28.291312208,154194000,3.227,-9.176,-0.691,0.000,0.000,0.000,-222597
28.293512917,154196221,3.227,-9.176,-0.691,0.000,0.000,0.000,-223247
28.298738417,154201442,3.227,-9.176,-0.691,0.000,0.000,0.000,-223090
28.302989167,154205662,3.227,-9.176,-0.691,0.000,0.000,0.000,-222724
28.307194292,154209883,3.227,-9.176,-0.691,0.000,0.000,0.000,-222833
28.31242225,154215104,3.227,-9.176,-0.691,0.000,0.000,0.000,-223095
28.31668825,154219324,3.227,-9.176,-0.691,0.000,0.000,0.000,-222944
28.320908417,154223544,3.266,-9.133,-0.656,0.000,0.000,0.000,-223064
28.32309975,154225765,3.266,-9.133,-0.656,0.000,0.000,0.000,-222782
28.327312042,154229985,3.266,-9.133,-0.656,0.000,0.000,0.000,-223621
28.331584792,154234206,3.266,-9.133,-0.656,0.000,0.000,0.000,-223265
28.335714792,154238426,3.266,-9.133,-0.656,0.000,0.000,0.000,-222721
28.341005208,154243647,3.305,-9.176,-0.617,0.000,0.000,0.000,-222583
28.344248208,154246868,3.305,-9.176,-0.617,0.000,0.000,0.000,-223515
28.350544542,154253088,3.305,-9.176,-0.617,0.000,0.000,0.000,-222801
28.354806292,154257308,3.305,-9.176,-0.617,0.000,0.000,0.000,-222524
28.357810958,154260528,3.305,-9.176,-0.617,0.000,0.000,0.000,-222385
28.362003458,154264749,3.305,-9.176,-0.617,0.000,0.000,0.000,-221988
28.366317792,154268970,3.305,-9.176,-0.617,0.000,0.000,0.000,-223638
28.373531208,154276191,3.266,-9.133,-0.539,0.000,0.000,0.000,-222586
28.375749042,154278411,3.266,-9.133,-0.539,0.000,0.000,0.000,-222264
28.380953208,154283632,3.266,-9.133,-0.539,0.000,0.000,0.000,-223427
28.3851935,154287853,3.266,-9.133,-0.539,0.000,0.000,0.000,-222690
28.390407417,154293074,3.266,-9.133,-0.539,0.000,0.000,0.000,-223206
28.394625208,154297294,3.266,-9.133,-0.539,0.000,0.000,0.000,-223310
28.398847667,154301515,3.266,-9.133,-0.539,0.000,0.000,0.000,-222968
28.403050625,154305736,3.266,-9.176,-0.578,0.000,0.000,0.000,-223182
28.405281792,154307956,3.266,-9.176,-0.578,0.000,0.000,0.000,-222899
28.409485583,154312177,3.266,-9.176,-0.578,0.000,0.000,0.000,-223634
28.413795292,154316397,3.266,-9.176,-0.578,0.000,0.000,0.000,-223252
28.417963208,154320618,3.266,-9.176,-0.578,0.000,0.000,0.000,-222899
28.42336525,154325839,3.266,-9.176,-0.578,0.000,0.000,0.000,-222935
28.428333708,154331060,3.266,-9.176,-0.578,0.000,0.000,0.000,-223841
28.433616292,154336281,3.305,-9.176,-0.656,0.000,0.000,0.000,-222377
28.436775042,154339502,3.305,-9.176,-0.656,0.000,0.000,0.000,-223425
28.44301475,154345724,3.305,-9.176,-0.656,0.000,0.000,0.000,-222962
28.447275875,154349944,3.305,-9.176,-0.656,0.000,0.000,0.000,-222571
28.45150525,154354164,3.305,-9.176,-0.656,0.000,0.000,0.000,-223208
28.456721125,154359384,3.305,-9.176,-0.656,0.000,0.000,0.000,-222699
28.46091275,154363605,3.305,-9.176,-0.656,0.000,0.000,0.000,-222932
28.465146875,154367826,3.266,-9.133,-0.578,0.000,0.000,0.000,-223821
28.468381083,154371046,3.266,-9.133,-0.578,0.000,0.000,0.000,-222468
28.474580125,154377266,3.266,-9.133,-0.578,0.000,0.000,0.000,-223222
28.478845833,154381486,3.266,-9.133,-0.578,0.000,0.000,0.000,-223581
28.484056667,154386707,3.266,-9.133,-0.578,0.000,0.000,0.000,-223584
28.488344458,154390927,3.266,-9.133,-0.578,0.000,0.000,0.000,-222637
28.493485125,154396147,3.266,-9.133,-0.578,0.000,0.000,0.000,-223040
28.496762917,154399367,3.266,-9.133,-0.617,0.000,0.000,0.000,-223278
28.502101042,154404588,3.266,-9.133,-0.617,0.000,0.000,0.000,-222173
28.506163625,154408808,3.266,-9.133,-0.617,0.000,0.000,0.000,-222455
28.511418625,154414029,3.266,-9.133,-0.617,0.000,0.000,0.000,-222558
28.515670417,154418250,3.266,-9.133,-0.617,0.000,0.000,0.000,-222965
28.520785875,154422456,3.266,-9.133,-0.617,0.000,0.000,0.000,-222965
28.524278958,154426676,3.266,-9.133,-0.617,0.000,0.000,0.000,-223048
28.527212042,154429897,3.266,-9.133,-0.617,0.000,0.000,0.000,-222916
28.53349025,154436117,3.266,-9.133,-0.617,0.000,0.000,0.000,-223609
28.537777125,154440339,3.266,-9.133,-0.617,0.000,0.000,0.000,-222348
28.541969125,154444560,3.266,-9.133,-0.617,0.000,0.000,0.000,-222840
28.546364208,154448780,3.266,-9.133,-0.617,0.000,0.000,0.000,-223305
28.551587458,154454001,3.266,-9.133,-0.617,0.000,0.000,0.000,-222997
28.555646375,154458222,3.266,-9.176,-0.539,0.000,0.000,0.000,-222198
28.558702208,154461443,3.266,-9.176,-0.539,0.000,0.000,0.000,-222636
28.564011417,154466663,3.266,-9.176,-0.539,0.000,0.000,0.000,-223130
28.568330792,154470884,3.266,-9.176,-0.539,0.000,0.000,0.000,-223016
28.573678583,154476105,3.266,-9.176,-0.539,0.000,0.000,0.000,-222829
28.577935917,154480326,3.266,-9.176,-0.539,0.000,0.000,0.000,-221904
28.582166292,154484546,3.266,-9.176,-0.539,0.000,0.000,0.000,-224030
28.5864655,154488767,3.227,-9.172,-0.617,0.000,0.000,0.000,-223069
28.589308083,154491987,3.227,-9.172,-0.617,0.000,0.000,0.000,-222494
28.594629875,154497207,3.227,-9.172,-0.617,0.000,0.000,0.000,-222351
28.598864958,154501428,3.227,-9.172,-0.617,0.000,0.000,0.000,-223199
28.60401075,154506649,3.227,-9.172,-0.617,0.000,0.000,0.000,-222602
28.608344917,154510870,3.227,-9.172,-0.617,0.000,0.000,0.000,-222813
28.613780625,154516091,3.227,-9.172,-0.617,0.000,0.000,0.000,-223123
28.618226208,154520311,3.305,-9.133,-0.578,0.000,0.000,0.000,-223255
28.620829042,154523532,3.305,-9.133,-0.578,0.000,0.000,0.000,-222848
28.628102708,154530753,3.305,-9.133,-0.578,0.000,0.000,0.000,-222603
28.632314917,154534974,3.305,-9.133,-0.578,0.000,0.000,0.000,-222754
28.635545625,154538194,3.305,-9.133,-0.578,0.000,0.000,0.000,-222586
28.640748542,154543415,3.305,-9.133,-0.578,0.000,0.000,0.000,-223699
28.644967792,154547635,3.305,-9.133,-0.578,0.000,0.000,0.000,-223786
28.651231208,154553855,3.227,-9.133,-0.691,0.000,0.000,0.000,-222923
28.653398292,154556075,3.227,-9.133,-0.691,0.000,0.000,0.000,-222378
28.658723042,154561295,3.227,-9.133,-0.691,0.000,0.000,0.000,-223556
28.662837542,154565515,3.227,-9.137,-0.656,0.000,0.000,0.000,-223651
28.665058792,154567735,3.227,-9.137,-0.656,0.000,0.000,0.000,-223373
28.669356458,154571956,3.227,-9.137,-0.656,0.000,0.000,0.000,-223399
28.673523917,154576177,3.227,-9.137,-0.656,0.000,0.000,0.000,-222429
28.676751,154579398,3.227,-9.137,-0.656,0.000,0.000,0.000,-222738
28.68102775,154583618,3.227,-9.137,-0.656,0.000,0.000,0.000,-222778
28.685235625,154587838,3.227,-9.137,-0.656,0.000,0.000,0.000,-223280
28.6894005,154592058,3.266,-9.133,-0.617,0.000,0.000,0.000,-222084
28.691631333,154594278,3.266,-9.133,-0.617,0.000,0.000,0.000,-222773
28.696819333,154599499,3.266,-9.133,-0.617,0.000,0.000,0.000,-222861
28.701075625,154603721,3.266,-9.133,-0.617,0.000,0.000,0.000,-222703
28.704289542,154606941,3.266,-9.133,-0.617,0.000,0.000,0.000,-221667
28.70853775,154611161,3.266,-9.133,-0.617,0.000,0.000,0.000,-223006
28.714071917,154616382,3.266,-9.133,-0.617,0.000,0.000,0.000,-222897
28.717183,154619602,3.266,-9.133,-0.578,0.000,0.000,0.000,-223653
28.72252625,154624823,3.266,-9.133,-0.578,0.000,0.000,0.000,-222178
28.726348292,154629044,3.266,-9.133,-0.578,0.000,0.000,0.000,-222728
28.731629875,154634265,3.266,-9.133,-0.578,0.000,0.000,0.000,-223040
28.735803708,154638485,3.266,-9.133,-0.578,0.000,0.000,0.000,-223730
28.741057458,154643706,3.266,-9.133,-0.578,0.000,0.000,0.000,-223543
28.744257167,154646926,3.266,-9.133,-0.539,0.000,0.000,0.000,-222336
28.747709708,154650147,3.266,-9.133,-0.539,0.000,0.000,0.000,-222903
28.754141917,154656367,3.266,-9.133,-0.539,0.000,0.000,0.000,-222853
28.757871333,154660588,3.266,-9.133,-0.539,0.000,0.000,0.000,-222666
28.762083583,154664808,3.266,-9.133,-0.539,0.000,0.000,0.000,-222838
28.766389583,154669029,3.266,-9.133,-0.539,0.000,0.000,0.000,-223483
28.771637708,154674250,3.266,-9.133,-0.539,0.000,0.000,0.000,-222560
28.775904833,154678471,3.227,-9.137,-0.656,0.000,0.000,0.000,-222589
28.779251042,154681692,3.227,-9.137,-0.656,0.000,0.000,0.000,-223032
28.784323542,154686912,3.227,-9.137,-0.656,0.000,0.000,0.000,-222189
28.788807625,154691132,3.227,-9.137,-0.656,0.000,0.000,0.000,-221694
28.793656292,154696353,3.227,-9.137,-0.656,0.000,0.000,0.000,-223768
28.7979265,154700574,3.227,-9.137,-0.656,0.000,0.000,0.000,-224008
28.802183792,154704795,3.227,-9.137,-0.656,0.000,0.000,0.000,-222335
28.807466583,154710015,3.266,-9.133,-0.539,0.000,0.000,0.000,-221918
28.810803542,154713236,3.266,-9.133,-0.539,0.000,0.000,0.000,-222901
28.816821667,154719457,3.266,-9.133,-0.539,0.000,0.000,0.000,-222244
28.821286208,154723677,3.266,-9.133,-0.539,0.000,0.000,0.000,-222092
28.824846,154726897,3.266,-9.133,-0.539,0.000,0.000,0.000,-221713
28.828391125,154731118,3.266,-9.133,-0.539,0.000,0.000,0.000,-222680
28.8326825,154735338,3.266,-9.133,-0.539,0.000,0.000,0.000,-223310
28.836873875,154739559,3.266,-9.133,-0.617,0.000,0.000,0.000,-222971
28.839141958,154741779,3.266,-9.133,-0.617,0.000,0.000,0.000,-222685
28.84432875,154747000,3.266,-9.133,-0.617,0.000,0.000,0.000,-222328
28.848525458,154751221,3.266,-9.133,-0.617,0.000,0.000,0.000,-223362
28.853793417,154756442,3.266,-9.133,-0.617,0.000,0.000,0.000,-222196
28.85802025,154760662,3.266,-9.133,-0.617,0.000,0.000,0.000,-222639
28.86214325,154764883,3.266,-9.133,-0.617,0.000,0.000,0.000,-222746
28.866465167,154769104,3.227,-9.176,-0.691,0.000,0.000,0.000,-222981
28.869631292,154772325,3.227,-9.176,-0.691,0.000,0.000,0.000,-222653
28.87684725,154779546,3.227,-9.176,-0.691,0.000,0.000,0.000,-222699
28.88109725,154783767,3.227,-9.176,-0.691,0.000,0.000,0.000,-221960
28.886338292,154788988,3.227,-9.176,-0.691,0.000,0.000,0.000,-222846
28.891538,154794208,3.266,-9.133,-0.539,0.000,0.000,0.000,-222702
28.89472475,154797428,3.266,-9.133,-0.539,0.000,0.000,0.000,-222395
28.899967208,154802649,3.266,-9.133,-0.539,0.000,0.000,0.000,-222885
28.904179292,154806870,3.266,-9.133,-0.539,0.000,0.000,0.000,-222103
28.908570167,154811090,3.266,-9.133,-0.539,0.000,0.000,0.000,-223358
28.913669208,154816310,3.266,-9.133,-0.539,0.000,0.000,0.000,-222921
28.917918,154820530,3.266,-9.133,-0.539,0.000,0.000,0.000,-222633
28.921079417,154823750,3.266,-9.094,-0.656,0.000,0.000,0.000,-222101
28.924280125,154826971,3.266,-9.094,-0.656,0.000,0.000,0.000,-222989
28.930565042,154833192,3.266,-9.094,-0.656,0.000,0.000,0.000,-223212
28.934754792,154837413,3.266,-9.094,-0.656,0.000,0.000,0.000,-223514
28.938988125,154841633,3.266,-9.094,-0.656,0.000,0.000,0.000,-222420
28.944187792,154846854,3.266,-9.094,-0.656,0.000,0.000,0.000,-222563
28.948516167,154851075,3.266,-9.094,-0.656,0.000,0.000,0.000,-222593
28.952692125,154855296,3.227,-9.098,-0.578,0.000,0.000,0.000,-222042
28.954933208,154857518,3.227,-9.098,-0.578,0.000,0.000,0.000,-222377
28.959010292,154861738,3.227,-9.098,-0.578,0.000,0.000,0.000,-222895
28.963329917,154865959,3.227,-9.098,-0.578,0.000,0.000,0.000,-223682
28.96857875,154871179,3.227,-9.098,-0.578,0.000,0.000,0.000,-222760
28.973822,154876399,3.227,-9.098,-0.578,0.000,0.000,0.000,-222246
28.978965875,154881619,3.227,-9.098,-0.578,0.000,0.000,0.000,-222775
28.983378583,154885840,3.227,-9.172,-0.578,0.000,0.000,0.000,-222896
28.985365417,154888061,3.227,-9.172,-0.578,0.000,0.000,0.000,-223290
28.991589542,154894282,3.227,-9.172,-0.578,0.000,0.000,0.000,-222199
28.995864667,154898502,3.227,-9.172,-0.578,0.000,0.000,0.000,-223201
29.000063417,154902723,3.227,-9.172,-0.578,0.000,0.000,0.000,-222630
29.004284,154906945,3.227,-9.172,-0.578,0.000,0.000,0.000,-223422
29.00954825,154912165,3.227,-9.172,-0.578,0.000,0.000,0.000,-222499
29.013984833,154916385,3.227,-9.137,-0.656,0.000,0.000,0.000,-223008
29.017214667,154919606,3.227,-9.137,-0.656,0.000,0.000,0.000,-223116
29.022494958,154924826,3.227,-9.137,-0.656,0.000,0.000,0.000,-222001
29.027376833,154930047,3.227,-9.137,-0.656,0.000,0.000,0.000,-222826
29.031581667,154934267,3.227,-9.137,-0.656,0.000,0.000,0.000,-222923
29.03681175,154939488,3.227,-9.137,-0.656,0.000,0.000,0.000,-222381
29.041051917,154943708,3.227,-9.137,-0.656,0.000,0.000,0.000,-222619
29.045196958,154947928,3.266,-9.133,-0.578,0.000,0.000,0.000,-222631
29.048437667,154951148,3.266,-9.133,-0.578,0.000,0.000,0.000,-222667
29.05473675,154957368,3.266,-9.133,-0.578,0.000,0.000,0.000,-222214
29.058882333,154961589,3.266,-9.133,-0.578,0.000,0.000,0.000,-222642
29.063114375,154965810,3.266,-9.133,-0.578,0.000,0.000,0.000,-222599
29.067361417,154970031,3.266,-9.133,-0.578,0.000,0.000,0.000,-222891
29.072629083,154975252,3.266,-9.133,-0.578,0.000,0.000,0.000,-221981
29.076780708,154979472,3.227,-9.172,-0.617,0.000,0.000,0.000,-222787
29.080029417,154982692,3.227,-9.172,-0.617,0.000,0.000,0.000,-223293
29.086324833,154988915,3.227,-9.172,-0.617,0.000,0.000,0.000,-222714
29.090462625,154993135,3.227,-9.172,-0.617,0.000,0.000,0.000,-222530
29.09470325,154997355,3.227,-9.172,-0.617,0.000,0.000,0.000,-222824
29.098944625,155001575,3.227,-9.172,-0.617,0.000,0.000,0.000,-222244
29.10209725,155004796,3.227,-9.172,-0.617,0.000,0.000,0.000,-223176
29.10640225,155009016,3.305,-9.133,-0.656,0.000,0.000,0.000,-222590
29.109538583,155012236,3.305,-9.133,-0.656,0.000,0.000,0.000,-222715
29.116015708,155018457,3.305,-9.133,-0.656,0.000,0.000,0.000,-223218
29.120210708,155022678,3.305,-9.133,-0.656,0.000,0.000,0.000,-222689
29.124205,155026898,3.305,-9.133,-0.656,0.000,0.000,0.000,-222801
29.13145875,155034118,3.305,-9.133,-0.656,0.000,0.000,0.000,-223001
29.13664475,155039338,3.305,-9.133,-0.656,0.000,0.000,0.000,-222378
29.139941208,155042559,3.305,-9.133,-0.617,0.000,0.000,0.000,-221838
29.145160333,155047780,3.305,-9.133,-0.617,0.000,0.000,0.000,-223511
29.149462542,155052001,3.305,-9.133,-0.617,0.000,0.000,0.000,-223958
29.15465,155056222,3.305,-9.133,-0.617,0.000,0.000,0.000,-223250
29.157765292,155060442,3.305,-9.133,-0.617,0.000,0.000,0.000,-221792
29.16199825,155064663,3.305,-9.133,-0.617,0.000,0.000,0.000,-222900
29.166294708,155068883,3.227,-9.137,-0.617,0.000,0.000,0.000,-222563
29.168442417,155071103,3.227,-9.137,-0.617,0.000,0.000,0.000,-222258
29.173705542,155076323,3.227,-9.137,-0.617,0.000,0.000,0.000,-222590
29.176904958,155079544,3.227,-9.137,-0.617,0.000,0.000,0.000,-223441
29.181232875,155083765,3.227,-9.137,-0.617,0.000,0.000,0.000,-222966
29.185603833,155087986,3.227,-9.137,-0.617,0.000,0.000,0.000,-222640
29.189536417,155092207,3.227,-9.137,-0.617,0.000,0.000,0.000,-222771
29.194746875,155097427,3.227,-9.137,-0.539,0.000,0.000,0.000,-223384
29.198040583,155100647,3.227,-9.137,-0.539,0.000,0.000,0.000,-222543
29.204217625,155106868,3.227,-9.137,-0.539,0.000,0.000,0.000,-222532
29.208682875,155111089,3.227,-9.137,-0.539,0.000,0.000,0.000,-222753
29.212879625,155115309,3.227,-9.137,-0.539,0.000,0.000,0.000,-223133
29.217132083,155119532,3.227,-9.137,-0.539,0.000,0.000,0.000,-223089
29.2224055,155124752,3.227,-9.137,-0.539,0.000,0.000,0.000,-222119
29.227,155128973,3.266,-9.176,-0.500,0.000,0.000,0.000,-222689
29.229494167,155132193,3.266,-9.176,-0.500,0.000,0.000,0.000,-223382
29.233772,155136414,3.266,-9.176,-0.500,0.000,0.000,0.000,-222026
29.237955375,155140635,3.266,-9.176,-0.500,0.000,0.000,0.000,-222722
29.242181875,155144855,3.266,-9.176,-0.500,0.000,0.000,0.000,-223257
29.246413792,155149076,3.266,-9.176,-0.500,0.000,0.000,0.000,-222446
29.251659625,155154296,3.266,-9.176,-0.500,0.000,0.000,0.000,-223004
29.255901375,155158517,3.227,-9.176,-0.691,0.000,0.000,0.000,-222516
29.258362083,155160737,3.227,-9.176,-0.691,0.000,0.000,0.000,-222624
29.262282292,155164958,3.227,-9.176,-0.691,0.000,0.000,0.000,-223100
29.266513167,155169179,3.227,-9.176,-0.691,0.000,0.000,0.000,-224132
29.271751917,155174399,3.227,-9.176,-0.691,0.000,0.000,0.000,-222277
29.277007542,155179620,3.227,-9.176,-0.691,0.000,0.000,0.000,-223220
29.281203625,155183841,3.227,-9.176,-0.691,0.000,0.000,0.000,-222625
29.284407833,155187062,3.266,-9.094,-0.617,0.000,0.000,0.000,-221986
29.286895208,155189282,3.266,-9.094,-0.617,0.000,0.000,0.000,-223333
29.291768208,155194503,3.266,-9.094,-0.617,0.000,0.000,0.000,-221950
29.297049625,155199723,3.266,-9.094,-0.617,0.000,0.000,0.000,-223537
29.301300917,155203944,3.227,-9.133,-0.691,0.000,0.000,0.000,-221931
29.303466833,155206165,3.227,-9.133,-0.691,0.000,0.000,0.000,-222359
29.308766167,155211385,3.227,-9.133,-0.691,0.000,0.000,0.000,-221700
29.313077083,155215605,3.227,-9.133,-0.691,0.000,0.000,0.000,-223181
29.316483042,155218826,3.227,-9.133,-0.691,0.000,0.000,0.000,-223286
29.32177125,155224047,3.227,-9.133,-0.691,0.000,0.000,0.000,-222869
29.325697417,155228268,3.227,-9.133,-0.691,0.000,0.000,0.000,-222732
29.331780583,155234488,3.305,-9.133,-0.656,0.000,0.000,0.000,-222834
29.334072958,155236710,3.305,-9.133,-0.656,0.000,0.000,0.000,-222846
29.33926925,155241930,3.305,-9.133,-0.656,0.000,0.000,0.000,-222533
29.34461625,155247150,3.305,-9.133,-0.656,0.000,0.000,0.000,-222732
29.350154208,155252370,3.305,-9.133,-0.656,0.000,0.000,0.000,-222817
29.356271833,155257590,3.305,-9.133,-0.656,0.000,0.000,0.000,-222277
29.360156583,155262811,3.305,-9.133,-0.656,0.000,0.000,0.000,-223084
29.364350625,155267032,3.266,-9.133,-0.539,0.000,0.000,0.000,-222346
29.366617667,155269252,3.266,-9.133,-0.539,0.000,0.000,0.000,-222622
29.372960042,155275472,3.266,-9.133,-0.539,0.000,0.000,0.000,-221943
29.377012458,155279693,3.266,-9.133,-0.539,0.000,0.000,0.000,-222432
29.383348708,155285914,3.266,-9.133,-0.539,0.000,0.000,0.000,-222263
29.387528333,155290134,3.266,-9.133,-0.539,0.000,0.000,0.000,-222205
29.391692958,155294354,3.266,-9.133,-0.539,0.000,0.000,0.000,-222683
29.396053708,155298574,3.266,-9.094,-0.578,0.000,0.000,0.000,-223224
29.398121625,155300794,3.266,-9.094,-0.578,0.000,0.000,0.000,-223272
29.403344,155306015,3.266,-9.094,-0.578,0.000,0.000,0.000,-221982
29.407710292,155310236,3.266,-9.094,-0.578,0.000,0.000,0.000,-222420
29.412788625,155315456,3.266,-9.094,-0.578,0.000,0.000,0.000,-222372
29.418074292,155320677,3.266,-9.094,-0.578,0.000,0.000,0.000,-222167
29.4223275,155324898,3.266,-9.094,-0.578,0.000,0.000,0.000,-221882
29.426428833,155329119,3.266,-9.133,-0.578,0.000,0.000,0.000,-221952
29.428591958,155331339,3.266,-9.133,-0.578,0.000,0.000,0.000,-222846
29.433887583,155336559,3.266,-9.133,-0.578,0.000,0.000,0.000,-223259
29.438075,155340780,3.266,-9.133,-0.578,0.000,0.000,0.000,-221897
29.443302417,155346001,3.266,-9.133,-0.578,0.000,0.000,0.000,-222340
29.447557583,155350222,3.266,-9.133,-0.578,0.000,0.000,0.000,-222935
29.452808333,155355442,3.227,-9.137,-0.617,0.000,0.000,0.000,-222446
29.456036208,155358662,3.227,-9.137,-0.617,0.000,0.000,0.000,-222259
29.46127475,155363883,3.227,-9.137,-0.617,0.000,0.000,0.000,-222881
29.465858167,155368104,3.305,-9.133,-0.539,0.000,0.000,0.000,-222690
29.467716333,155370325,3.305,-9.133,-0.539,0.000,0.000,0.000,-222622
29.473844875,155376546,3.305,-9.133,-0.539,0.000,0.000,0.000,-222340
29.478139875,155380767,3.305,-9.133,-0.539,0.000,0.000,0.000,-222329
29.481328167,155383987,3.305,-9.133,-0.539,0.000,0.000,0.000,-222762
29.485571625,155388208,3.305,-9.133,-0.539,0.000,0.000,0.000,-222910
29.490069333,155392429,3.305,-9.133,-0.539,0.000,0.000,0.000,-222743
29.493941792,155396650,3.305,-9.133,-0.578,0.000,0.000,0.000,-223303
29.497226583,155399871,3.305,-9.133,-0.578,0.000,0.000,0.000,-222719
29.502432792,155405092,3.305,-9.133,-0.578,0.000,0.000,0.000,-222879
29.506750125,155409312,3.305,-9.133,-0.578,0.000,0.000,0.000,-222967
29.512422417,155414533,3.305,-9.133,-0.578,0.000,0.000,0.000,-222723
29.517290458,155419754,3.305,-9.133,-0.578,0.000,0.000,0.000,-223180
29.521311708,155423975,3.305,-9.133,-0.578,0.000,0.000,0.000,-222440
29.524506125,155427197,3.305,-9.176,-0.500,0.000,0.000,0.000,-223353
29.526749083,155429418,3.305,-9.176,-0.500,0.000,0.000,0.000,-222841
29.531979333,155434639,3.305,-9.176,-0.500,0.000,0.000,0.000,-222837
29.53717625,155439860,3.305,-9.176,-0.500,0.000,0.000,0.000,-222890
29.541415375,155444081,3.266,-9.133,-0.656,0.000,0.000,0.000,-222178
29.543624167,155446302,3.266,-9.133,-0.656,0.000,0.000,0.000,-223237
29.54892775,155451523,3.266,-9.133,-0.656,0.000,0.000,0.000,-222929
29.553073833,155455743,3.266,-9.133,-0.656,0.000,0.000,0.000,-223294
29.556300208,155458964,3.266,-9.133,-0.656,0.000,0.000,0.000,-222007
29.561574375,155464185,3.266,-9.133,-0.656,0.000,0.000,0.000,-223178
29.56702025,155469405,3.266,-9.133,-0.656,0.000,0.000,0.000,-222936
29.571998125,155474611,3.305,-9.176,-0.617,0.000,0.000,0.000,-222936
29.575179,155477831,3.305,-9.176,-0.617,0.000,0.000,0.000,-222068
29.580463875,155483052,3.305,-9.176,-0.617,0.000,0.000,0.000,-222922
29.584612792,155487272,3.305,-9.176,-0.617,0.000,0.000,0.000,-222959
29.589991417,155492494,3.305,-9.176,-0.617,0.000,0.000,0.000,-222436
29.595001458,155497714,3.305,-9.176,-0.617,0.000,0.000,0.000,-223812
29.600286667,155502935,3.305,-9.176,-0.617,0.000,0.000,0.000,-222908
29.604778875,155507156,3.266,-9.133,-0.578,0.000,0.000,0.000,-222289
29.606769917,155509376,3.266,-9.133,-0.578,0.000,0.000,0.000,-222884
29.613152292,155515596,3.266,-9.133,-0.578,0.000,0.000,0.000,-222389
29.617426917,155519817,3.266,-9.133,-0.578,0.000,0.000,0.000,-222865
29.621619167,155524037,3.266,-9.133,-0.578,0.000,0.000,0.000,-222292
29.625657375,155528257,3.266,-9.133,-0.578,0.000,0.000,0.000,-222338
29.629975667,155532477,3.266,-9.133,-0.578,0.000,0.000,0.000,-223255
29.636047667,155538698,3.266,-9.133,-0.617,0.000,0.000,0.000,-221825
29.63825675,155540918,3.266,-9.133,-0.617,0.000,0.000,0.000,-222225
29.643506167,155546138,3.266,-9.133,-0.617,0.000,0.000,0.000,-223040
29.647700542,155550358,3.266,-9.133,-0.617,0.000,0.000,0.000,-223203
29.652929833,155555579,3.266,-9.133,-0.617,0.000,0.000,0.000,-222733
29.657172708,155559799,3.266,-9.133,-0.617,0.000,0.000,0.000,-222430
29.661345917,155564019,3.266,-9.133,-0.617,0.000,0.000,0.000,-222458
29.66452625,155567239,3.227,-9.137,-0.539,0.000,0.000,0.000,-222279
29.667817333,155570460,3.227,-9.137,-0.539,0.000,0.000,0.000,-222474
29.674016083,155576680,3.227,-9.137,-0.539,0.000,0.000,0.000,-222992
29.678245458,155580900,3.227,-9.137,-0.539,0.000,0.000,0.000,-222668
29.682457292,155585120,3.227,-9.137,-0.539,0.000,0.000,0.000,-222411
29.686725375,155589341,3.227,-9.137,-0.539,0.000,0.000,0.000,-221609
29.69191925,155594562,3.227,-9.172,-0.617,0.000,0.000,0.000,-222896
29.695113583,155597783,3.227,-9.172,-0.617,0.000,0.000,0.000,-223310
29.700379542,155603003,3.227,-9.172,-0.617,0.000,0.000,0.000,-223060
29.7045965,155607224,3.227,-9.172,-0.617,0.000,0.000,0.000,-222353
29.709800292,155612445,3.227,-9.172,-0.617,0.000,0.000,0.000,-222814
29.71502425,155617666,3.227,-9.172,-0.617,0.000,0.000,0.000,-222642
29.721170208,155622887,3.227,-9.172,-0.617,0.000,0.000,0.000,-222377
29.724458167,155627108,3.266,-9.133,-0.539,0.000,0.000,0.000,-222468
29.726630125,155629328,3.266,-9.133,-0.539,0.000,0.000,0.000,-223260
29.733555542,155635549,3.266,-9.133,-0.539,0.000,0.000,0.000,-222458
29.737166333,155639769,3.266,-9.133,-0.539,0.000,0.000,0.000,-223029
29.741376542,155643990,3.266,-9.133,-0.539,0.000,0.000,0.000,-222839
29.745554417,155648210,3.266,-9.133,-0.539,0.000,0.000,0.000,-223236
29.749831625,155652431,3.266,-9.133,-0.539,0.000,0.000,0.000,-223078
29.755054833,155657652,3.266,-9.133,-0.539,0.000,0.000,0.000,-223151
29.75716675,155659873,3.266,-9.133,-0.539,0.000,0.000,0.000,-222272
29.762394167,155665094,3.266,-9.133,-0.539,0.000,0.000,0.000,-222076
29.766679667,155669314,3.266,-9.133,-0.539,0.000,0.000,0.000,-223439
29.773155375,155675534,3.266,-9.133,-0.539,0.000,0.000,0.000,-222029
29.777091833,155679755,3.266,-9.133,-0.539,0.000,0.000,0.000,-222742
29.782714083,155684976,3.266,-9.133,-0.539,0.000,0.000,0.000,-223715
29.786845417,155689197,3.227,-9.137,-0.656,0.000,0.000,0.000,-222956
29.789770333,155692417,3.227,-9.137,-0.656,0.000,0.000,0.000,-222084
29.795002333,155697637,3.227,-9.137,-0.656,0.000,0.000,0.000,-223064
29.799271833,155701857,3.227,-9.137,-0.656,0.000,0.000,0.000,-223071
29.802439667,155705077,3.227,-9.137,-0.656,0.000,0.000,0.000,-222691
29.807780417,155710298,3.227,-9.137,-0.656,0.000,0.000,0.000,-222256
29.814144292,155716518,3.227,-9.137,-0.656,0.000,0.000,0.000,-223038
29.818284917,155720739,3.305,-9.176,-0.617,0.000,0.000,0.000,-222407
29.822164625,155722959,3.305,-9.176,-0.617,0.000,0.000,0.000,-222673
29.825883375,155728179,3.305,-9.176,-0.617,0.000,0.000,0.000,-222518
29.829829542,155732399,3.305,-9.176,-0.617,0.000,0.000,0.000,-223324
29.833968583,155736619,3.305,-9.176,-0.617,0.000,0.000,0.000,-222033
29.83819625,155740839,3.305,-9.176,-0.617,0.000,0.000,0.000,-222141
29.842390792,155745059,3.305,-9.176,-0.617,0.000,0.000,0.000,-222872
29.847603417,155750279,3.266,-9.176,-0.617,0.000,0.000,0.000,-222229
29.8508705,155753499,3.266,-9.176,-0.617,0.000,0.000,0.000,-222492
29.857108292,155759719,3.266,-9.176,-0.617,0.000,0.000,0.000,-223280
29.861245708,155763939,3.266,-9.176,-0.617,0.000,0.000,0.000,-223052
29.865485833,155768160,3.266,-9.176,-0.617,0.000,0.000,0.000,-222555
29.870624,155773380,3.266,-9.176,-0.617,0.000,0.000,0.000,-222177
29.875787917,155778600,3.266,-9.176,-0.617,0.000,0.000,0.000,-222158
29.879053708,155781821,3.266,-9.133,-0.617,0.000,0.000,0.000,-222141
29.882438375,155785041,3.266,-9.133,-0.617,0.000,0.000,0.000,-222880
29.889690542,155792262,3.266,-9.133,-0.617,0.000,0.000,0.000,-222858
29.895022542,155797483,3.266,-9.133,-0.617,0.000,0.000,0.000,-223798
29.899064375,155801705,3.266,-9.133,-0.617,0.000,0.000,0.000,-222621
29.904223625,155806926,3.266,-9.133,-0.617,0.000,0.000,0.000,-222149
29.909697375,155812146,3.266,-9.133,-0.617,0.000,0.000,0.000,-222132
29.913793875,155816367,3.266,-9.133,-0.578,0.000,0.000,0.000,-223246
29.915922792,155818588,3.266,-9.133,-0.578,0.000,0.000,0.000,-222643
29.921138042,155823808,3.266,-9.133,-0.578,0.000,0.000,0.000,-223039
29.925297417,155828028,3.266,-9.133,-0.578,0.000,0.000,0.000,-222065
29.93055375,155833249,3.266,-9.133,-0.578,0.000,0.000,0.000,-223599
29.934732167,155837469,3.266,-9.133,-0.578,0.000,0.000,0.000,-222018
29.940253333,155842690,3.266,-9.133,-0.578,0.000,0.000,0.000,-222059
29.944512542,155846910,3.266,-9.133,-0.539,0.000,0.000,0.000,-222693
29.947731,155850130,3.266,-9.133,-0.539,0.000,0.000,0.000,-222861
29.953709292,155856350,3.266,-9.133,-0.539,0.000,0.000,0.000,-223569
29.95787075,155860571,3.266,-9.133,-0.539,0.000,0.000,0.000,-222981
29.96227875,155864792,3.266,-9.133,-0.539,0.000,0.000,0.000,-223092
29.967614083,155870012,3.266,-9.133,-0.539,0.000,0.000,0.000,-223033
29.9728305,155875232,3.266,-9.133,-0.539,0.000,0.000,0.000,-222536
29.97676025,155879453,3.227,-9.094,-0.691,0.000,0.000,0.000,-222779
29.978942125,155881673,3.227,-9.094,-0.691,0.000,0.000,0.000,-223396
29.983375208,155885894,3.227,-9.094,-0.691,0.000,0.000,0.000,-223235
29.987612875,155890115,3.227,-9.094,-0.691,0.000,0.000,0.000,-222736
29.992754542,155895335,3.227,-9.094,-0.691,0.000,0.000,0.000,-222710
29.996926458,155899555,3.227,-9.094,-0.691,0.000,0.000,0.000,-223403
30.001173833,155903776,3.227,-9.094,-0.691,0.000,0.000,0.000,-222750
30.0054765,155907997,3.305,-9.176,-0.578,0.000,0.000,0.000,-222288
30.008788292,155911218,3.305,-9.176,-0.578,0.000,0.000,0.000,-222916
30.015111083,155917439,3.305,-9.176,-0.578,0.000,0.000,0.000,-222958
30.019365625,155921660,3.305,-9.176,-0.578,0.000,0.000,0.000,-222762
30.02331925,155925881,3.305,-9.176,-0.578,0.000,0.000,0.000,-221725
30.0274085,155930101,3.305,-9.176,-0.578,0.000,0.000,0.000,-222775
