sample_start,frames,pc_time_s_callback,input_buffer_adc_time,current_time
0,512,0.011065458,104634.95603229989,104634.97082712501
512,512,0.027457375,104634.96764225789,104634.98245945801
1024,512,0.033977833,104634.9792522159,104634.994021583
1536,512,0.050652625,104634.9908622159,104635.00568391601
2048,512,0.07246675,104635.0178010079,104635.032529125
2560,512,0.089131458,104635.02941096589,104635.044171916
3072,512,0.100193708,104635.0410209249,104635.0558235
3584,512,0.1073725,104635.0526309249,104635.067404625
4096,512,0.123970958,104635.06424088289,104635.079003708
4608,512,0.13354,104635.07585088289,104635.09062625
5120,512,0.142231875,104635.08746084089,104635.102253916
5632,512,0.158796542,104635.0990708409,104635.113837458
6144,512,0.166877583,104635.11068079989,104635.12539066601
6656,512,0.177011542,104635.12229079989,104635.137048416
7168,512,0.193665583,104635.1339007579,104635.148697416
7680,512,0.200257167,104635.1455107579,104635.160290875
8192,512,0.211875708,104635.1571207159,104635.171912541
8704,512,0.228465625,104635.1687306749,104635.18350416601
9216,512,0.235099625,104635.1803406749,104635.19513000001
9728,512,0.251741958,104635.1919506329,104635.2067695
10240,512,0.273534833,104635.2188894249,104635.23361012501
10752,512,0.290221208,104635.23049938289,104635.24526012501
11264,512,0.300216667,104635.24210938289,104635.256904291
11776,512,0.308452167,104635.2537193409,104635.26849070801
12288,512,0.325051375,104635.2653293409,104635.28009254101
12800,512,0.333525958,104635.27693929989,104635.29164800001
13312,512,0.343304042,104635.28854929989,104635.30332729101
13824,512,0.359911042,104635.3001592579,104635.31494200001
14336,512,0.366861042,104635.3117692579,104635.326538541
14848,512,0.378151625,104635.32337921589,104635.338169583
15360,512,0.394708208,104635.33498921589,104635.34974575
15872,512,0.401333208,104635.3465991749,104635.361373291
16384,512,0.417983167,104635.35820913289,104635.37300637501
16896,512,0.429501125,104635.36981913289,104635.384543416
17408,512,0.436220667,104635.38142909089,104635.396240666
17920,512,0.452818708,104635.3930390909,104635.40785804101
18432,512,0.46452075,104635.40464904989,104635.41942516601
18944,512,0.471027917,104635.41625904989,104635.43105708301
19456,512,0.488114375,104635.4278690079,104635.44264600001
19968,512,0.499285625,104635.4394790079,104635.454303125
20480,512,0.505844917,104635.45108625789,104635.465871041
20992,512,0.522445833,104635.46269617489,104635.47747229101
21504,512,0.533509833,104635.47430613289,104635.489039708
22016,512,0.540686208,104635.48591604989,104635.50070687501
22528,512,0.557274167,104635.4975259659,104635.512299708
23040,512,0.566838833,104635.5091358829,104635.523899291
23552,512,0.575478917,104635.52074579989,104635.535513875
24064,512,0.592134917,104635.5323557159,104635.54714866601
24576,512,0.600192708,104635.5439656749,104635.558717958
25088,512,0.610348708,104635.55557559089,104635.57038383301
25600,512,0.626950792,104635.5671855079,104635.581973791
26112,512,0.633514083,104635.5787954249,104635.593554666
26624,512,0.650126458,104635.59040534089,104635.605176708
27136,512,0.661655667,104635.60201525789,104635.616731083
27648,512,0.668402542,104635.61362521589,104635.628413375
28160,512,0.685000583,104635.62523513289,104635.64004466601
28672,512,0.696569083,104635.6368450499,104635.651612916
29184,512,0.703202333,104635.64845496589,104635.66323579101
29696,512,0.71980025,104635.66006488289,104635.674848666
30208,512,0.731374042,104635.67167479989,104635.68643241601
30720,512,0.738134292,104635.68328475789,104635.69812550001
31232,512,0.754618083,104635.69489746589,104635.709663083
31744,512,0.766276292,104635.7065074249,104635.72132575001
32256,512,0.772924458,104635.7181174249,104635.732938375
32768,512,0.789459125,104635.7297274249,104635.74450058301
33280,512,0.800149917,104635.74133738289,104635.75612250001
33792,512,0.807727,104635.75294738289,104635.767742875
34304,512,0.824293083,104635.7645573409,104635.77933770801
34816,512,0.833531333,104635.7761673409,104635.79088429101
35328,512,0.842539333,104635.78777729989,104635.80255608301
35840,512,0.859149042,104635.79938729989,104635.81418883301
36352,512,0.866866125,104635.8109972579,104635.82575220801
36864,512,0.877417833,104635.8226072579,104635.83743979101
37376,512,0.893961417,104635.83421721589,104635.84900662501
37888,512,0.900608208,104635.84582721589,104635.86062554101
38400,512,0.912170542,104635.8574371749,104635.87219691601
38912,512,0.928756042,104635.86904717489,104635.883812125
39424,512,0.935336125,104635.88065713289,104635.89542162501
39936,512,0.952032583,104635.89226713289,104635.90707566601
40448,512,0.963506375,104635.9038770909,104635.91858104101
40960,512,0.970259458,104635.9154870909,104635.930281791
41472,512,0.98682675,104635.92709704989,104635.941873791
41984,512,0.998414917,104635.93870388289,104635.95347387501
42496,512,1.005157458,104635.9503137999,104635.96515416601
43008,512,1.021719042,104635.96192375789,104635.97674187501
43520,512,1.033245875,104635.97353367489,104635.98829183301
44032,512,1.039924375,104635.9851435909,104635.99994362501
44544,512,1.05648075,104635.99675354989,104636.011523166
45056,512,1.066865083,104636.0083634659,104636.0231225
45568,512,1.074759583,104636.01997338289,104636.03477470801
46080,512,1.091312875,104636.0315833409,104636.046349458
46592,512,1.100216083,104636.0431932579,104636.05794175001
47104,512,1.109612917,104636.05480317489,104636.069624291
47616,512,1.126145208,104636.0664131329,104636.081194625
48128,512,1.133539958,104636.0780230499,104636.09273325
48640,512,1.144401167,104636.08963296589,104636.10441845801
49152,512,1.160955917,104636.1012429249,104636.11600729101
49664,512,1.167642667,104636.11285284089,104636.127653125
50176,512,1.179266458,104636.12446275789,104636.13928700001
50688,512,1.195807042,104636.1360726749,104636.15085412501
51200,512,1.2024775,104636.14768263289,104636.16248875001
51712,512,1.214084542,104636.1592925499,104636.17410087501
52224,512,1.23063825,104636.17090246589,104636.18568079101
52736,512,1.237346417,104636.18251242489,104636.19734041601
53248,512,1.253889792,104636.1941201749,104636.20893195801
53760,512,1.265444042,104636.2057300909,104636.22049879101
54272,512,1.272165083,104636.21734000789,104636.23216175001
54784,512,1.288705083,104636.22894988289,104636.24375008301
55296,512,1.300148,104636.24055979989,104636.25526983301
55808,512,1.306986792,104636.25216967489,104636.26698654101
56320,512,1.323554167,104636.2637795909,104636.278595333
56832,512,1.333556625,104636.2753894659,104636.29017775001
57344,512,1.341826042,104636.2869993829,104636.301828583
57856,512,1.35832575,104636.2986092579,104636.31337916601
58368,512,1.366884083,104636.31021917489,104636.32499975001
58880,512,1.376641917,104636.32182904989,104636.336652041
59392,512,1.393172625,104636.3334389659,104636.34821962501
59904,512,1.400212458,104636.34504884089,104636.359819916
60416,512,1.411479208,104636.3566587579,104636.37148591601
60928,512,1.42799725,104636.3682686329,104636.38303950001
61440,512,1.43457925,104636.3798785499,104636.39466420801
61952,512,1.4464305,104636.3914884249,104636.40637537501
62464,512,1.462808,104636.40309834089,104636.417863666
62976,512,1.469609917,104636.41470821589,104636.42957366601
63488,512,1.481175792,104636.42631813289,104636.441159666
64000,512,1.497682375,104636.43792800789,104636.452726666
64512,512,1.504455458,104636.44953934089,104636.46440400001
65024,512,1.515881083,104636.4611492579,104636.47591570801
65536,512,1.532532,104636.4727591749,104636.487556458
66048,512,1.539310417,104636.48436909089,104636.49926375001
66560,512,1.550729958,104636.49597900789,104636.5107575
67072,512,1.566838458,104636.5075889249,104636.52237375
67584,512,1.574132542,104636.51919884089,104636.53409700001
68096,512,1.590560125,104636.53080875789,104636.545591916
68608,512,1.600204458,104636.54241867489,104636.557137333
69120,512,1.608917917,104636.5540285909,104636.56888733301
69632,512,1.625370042,104636.56563850789,104636.58041308301
70144,512,1.633540125,104636.57724842489,104636.592006833
70656,512,1.643751083,104636.5888583829,104636.60372133301
71168,512,1.660236792,104636.60046829989,104636.61527520801
71680,512,1.666870667,104636.6120782159,104636.626851833
72192,512,1.678502667,104636.6236881329,104636.638464666
72704,512,1.69503125,104636.63529804989,104636.65007979101
73216,512,1.701808292,104636.64690796589,104636.66176900001
73728,512,1.713439625,104636.6585178829,104636.67338958301
74240,512,1.729865542,104636.6701277999,104636.68490745801
74752,512,1.73649775,104636.68173771589,104636.69652912501
75264,512,1.748208292,104636.6933483409,104636.7081915
75776,512,1.764672208,104636.70495825789,104636.71972316601
76288,512,1.771361583,104636.71656817489,104636.731369625
76800,512,1.782883042,104636.7281781329,104636.742926291
77312,512,1.799495042,104636.73978804989,104636.7545435
77824,512,1.806340083,104636.7513979659,104636.76629883301
78336,512,1.822748875,104636.76300792489,104636.77778437501
78848,512,1.833485333,104636.77461784089,104636.78940250001
79360,512,1.841152708,104636.7862277579,104636.80110466601
79872,512,1.857559042,104636.79783771589,104636.81260875001
80384,512,1.866865583,104636.8094476329,104636.824185916
80896,512,1.875944667,104636.8210575499,104636.83591904101
81408,512,1.892439542,104636.83266750789,104636.84747962501
81920,512,1.900206875,104636.8442774249,104636.858995666
82432,512,1.910811667,104636.85588734089,104636.870760916
82944,512,1.927244625,104636.86749725789,104636.882290333
83456,512,1.933944792,104636.8791072159,104636.893919666
83968,512,1.945644542,104636.89071713289,104636.905595958
84480,512,1.962067458,104636.90232704989,104636.917106833
84992,512,1.968880958,104636.91393700789,104636.92882629101
85504,512,1.980534,104636.92554692489,104636.94046679101
86016,512,1.996886833,104636.9371571329,104636.951923208
86528,512,2.003541833,104636.94876709089,104636.963559833
87040,512,2.0195,104636.9603770079,104636.975148583
87552,512,2.033498958,104636.9719869249,104636.986795791
88064,512,2.038394083,104636.9835968829,104636.998402875
88576,512,2.050730875,104636.9952067999,104637.009984541
89088,512,2.066840625,104637.00681675789,104637.02161925001
89600,512,2.073191458,104637.0184266749,104637.03319966601
90112,512,2.089776833,104637.03003659089,104637.04480595801
90624,512,2.100214542,104637.04164654989,104637.056363833
91136,512,2.108064333,104637.0532564659,104637.068066791
91648,512,2.120918958,104637.06486638289,104637.079678833
92160,512,2.145262667,104637.0905352579,104637.105335458
92672,512,2.16092925,104637.1021451749,104637.11691504101
93184,512,2.168484,104637.11375509089,104637.12852645801
93696,512,2.185040917,104637.1253650499,104637.140183083
94208,512,2.196737167,104637.13697496589,104637.151743958
94720,512,2.20335575,104637.14858488289,104637.163391166
95232,512,2.214940292,104637.1601948409,104637.174968708
95744,512,2.229434667,104637.17180475789,104637.186591791
96256,512,2.238398042,104637.1834147159,104637.198339875
96768,512,2.249772958,104637.19502479989,104637.209803416
97280,512,2.266380417,104637.2066347159,104637.221401125
97792,512,2.273157083,104637.21824467489,104637.23311475001
98304,512,2.294691333,104637.22985459089,104637.24467912501
98816,512,2.300181417,104637.2414645499,104637.25626825
99328,512,2.307999417,104637.25307446589,104637.267954625
99840,512,2.324472458,104637.2646843829,104637.279497875
100352,512,2.333576292,104637.27629434089,104637.291097541
100864,512,2.342780792,104637.28790425789,104637.3027595
101376,512,2.359308208,104637.29951421589,104637.31431845801
101888,512,2.378518542,104637.3238225079,104637.33859512501
102400,512,2.395162333,104637.3354324249,104637.35019145801
102912,512,2.401885333,104637.3470423829,104637.36184495801
103424,512,2.4135835,104637.3586522999,104637.373535125
103936,512,2.433498708,104637.37026221589,104637.385029875
104448,512,2.43669875,104637.3818721749,104637.39667816601
104960,512,2.448402542,104637.39348209089,104637.408354583
105472,512,2.461147,104637.4050920499,104637.419897375
105984,512,2.471677833,104637.41670196589,104637.43161325001
106496,512,2.483174375,104637.42831192489,104637.44319341601
107008,512,2.495142583,104637.43992200789,104637.454712833
107520,512,2.5064365,104637.4515319659,104637.466401375
108032,512,2.527953083,104637.4631418829,104637.477946208
108544,512,2.544729458,104637.49008054989,104637.504809791
109056,512,2.558863833,104637.5016905079,104637.51644400001
109568,512,2.568172125,104637.5133004249,104637.52818237501
110080,512,2.579819667,104637.5249103829,104637.539814541
110592,512,2.596015333,104637.5365202999,104637.551276166
111104,512,2.60285225,104637.5481302579,104637.562897333
111616,512,2.619498958,104637.5597401749,104637.57450262501
112128,512,2.630839792,104637.57135013289,104637.586118541
112640,512,2.637779125,104637.5829600499,104637.59779670801
113152,512,2.649508,104637.59457000789,104637.609454916
113664,512,2.663803667,104637.60617992489,104637.620946458
114176,512,2.67261625,104637.6177898409,104637.632627333
114688,512,2.689163333,104637.62939979989,104637.644170625
115200,512,2.700174833,104637.6410097159,104637.65581495801
115712,512,2.707525125,104637.65261967489,104637.66748062501
116224,512,2.733520583,104637.6642295909,104637.679001041
116736,512,2.745324167,104637.69062421589,104637.705407125
117248,512,2.758411292,104637.7022341329,104637.716990125
117760,512,2.768539125,104637.71384409089,104637.728611583
118272,512,2.780177625,104637.72545400789,104637.740216916
118784,512,2.794183958,104637.7370639249,104637.751839375
119296,512,2.803501208,104637.74867388289,104637.76349804101
119808,512,2.815047,104637.76028379989,104637.775050416
120320,512,2.833507833,104637.77189375789,104637.78666762501
120832,512,2.838360792,104637.78350367489,104637.79836150001
121344,512,2.849849708,104637.79511363289,104637.80988004101
121856,512,2.86359275,104637.80672354989,104637.82149204101
122368,512,2.873249417,104637.8183335079,104637.833208333
122880,512,2.889730875,104637.82994342489,104637.84475245801
123392,512,2.911526667,104637.8568821329,104637.87160625
123904,512,2.927732917,104637.86849204989,104637.88325816601
124416,512,2.934986375,104637.8801020079,104637.89495470801
124928,512,2.946619208,104637.8917119249,104637.906573083
125440,512,2.963039792,104637.9033218829,104637.91807683301
125952,512,2.969757417,104637.9149317999,104637.92977629101
126464,512,2.981247875,104637.92654175789,104637.94129225
126976,512,2.997904625,104637.93815171589,104637.95292387501
127488,512,3.004611,104637.9497616749,104637.964601375
128000,512,3.02116675,104637.96137159089,104637.976181833
128512,512,3.032646792,104637.97298154989,104637.98770054101
129024,512,3.0393715,104637.9845914659,104637.99939675
129536,512,3.05554075,104637.99620142489,104638.01097375
130048,512,3.066845667,104638.0078113409,104638.022586583
130560,512,3.074149875,104638.01942129989,104638.03418887501
131072,512,3.087925833,104638.0310312159,104638.045797083
131584,512,3.111798625,104638.0571535909,104638.071873333
132096,512,3.128474875,104638.0687635079,104638.08354800001
132608,512,3.135128,104638.0803734659,104638.09515062501
133120,512,3.151738208,104638.0919833829,104638.106770041
133632,512,3.163315042,104638.10359334089,104638.118353458
134144,512,3.169996292,104638.1152032579,104638.129997625
134656,512,3.181561667,104638.12681321589,104638.14158587501
135168,512,3.197400458,104638.1384231329,104638.15320283301
135680,512,3.204892,104638.15003309089,104638.16486650001
136192,512,3.216431958,104638.16164300789,104638.176433875
136704,512,3.23295275,104638.17325296589,104638.18799433301
137216,512,3.239737667,104638.18486288289,104638.199707583
137728,512,3.251244875,104638.19647292489,104638.211263
138240,512,3.266826583,104638.2080828409,104638.222817083
138752,512,3.274428542,104638.21969279989,104638.23445583301
139264,512,3.286033458,104638.2313027159,104638.246066916
139776,512,3.300234792,104638.24291267489,104638.257663416
140288,512,3.309456833,104638.2545225909,104638.26941891601
140800,512,3.330929292,104638.26613254989,104638.280911666
141312,512,3.345242458,104638.2905315499,104638.305327958
141824,512,3.361924667,104638.3021415079,104638.316958416
142336,512,3.36852325,104638.3137514249,104638.328533291
142848,512,3.380188708,104638.32536138289,104638.340178083
143360,512,3.395552458,104638.3369712999,104638.35174670801
143872,512,3.403336917,104638.34858125789,104638.3633635
144384,512,3.414926583,104638.3601911749,104638.37495712501
144896,512,3.430360875,104638.37180113289,104638.38656816601
145408,512,3.438152583,104638.38341104989,104638.398178541
145920,512,3.449767458,104638.39502100789,104638.409799333
146432,512,3.466817083,104638.40663092489,104638.4213805
146944,512,3.473087417,104638.4182408829,104638.43308112501
147456,512,3.484613375,104638.42985079989,104638.44464191601
147968,512,3.50016025,104638.44146163289,104638.45620004101
148480,512,3.507857,104638.45307159089,104638.467869
148992,512,3.524451917,104638.46468154989,104638.47947558301
149504,512,3.53359925,104638.47629150789,104638.49102379101
150016,512,3.542804167,104638.48790142489,104638.50277008301
150528,512,3.557948375,104638.49951138289,104638.51429375
151040,512,3.566891083,104638.5111213409,104638.52587666601
151552,512,3.577644042,104638.5227312579,104638.53759050001
152064,512,3.594126917,104638.5343412159,104638.54913112501
152576,512,3.600693542,104638.54595117489,104638.560711708
153088,512,3.612442,104638.5575611329,104638.572397166
153600,512,3.626287,104638.5691710499,104638.58393345801
154112,512,3.635667875,104638.5807810079,104638.59564525001
154624,512,3.647152917,104638.59239096589,104638.607183916
155136,512,3.663736375,104638.60400088289,104638.61877675001
155648,512,3.670378542,104638.61561084089,104638.63040341601
156160,512,3.682020458,104638.6272207999,104638.64204170801
156672,512,3.697044333,104638.63883075789,104638.653593708
157184,512,3.70541425,104638.65044067489,104638.66534662501
157696,512,3.726832875,104638.66205063289,104638.67683683301
158208,512,3.743612042,104638.68889846589,104638.70369666601
158720,512,3.766815583,104638.7005084249,104638.715313541
159232,512,3.767489375,104638.71211838289,104638.727577875
159744,512,3.77858875,104638.7237282999,104638.73854033301
160256,512,3.791908417,104638.73533825789,104638.750117375
160768,512,3.80176075,104638.74694821589,104638.76177120801
161280,512,3.813472417,104638.75855813289,104638.773431041
161792,512,3.825687292,104638.7701680909,104638.78494829101
162304,512,3.836490208,104638.78177804989,104638.79653262501
162816,512,3.848147333,104638.7933879659,104638.808180708
163328,512,3.861427,104638.80499792489,104638.8197775
163840,512,3.871421333,104638.8166078829,104638.831423541
164352,512,3.883020583,104638.82821779989,104638.843039375
164864,512,3.899409875,104638.8398277579,104638.85459633301
165376,512,3.906363875,104638.85143771589,104638.86631254101
165888,512,3.932856042,104638.8630476329,104638.87783616601
166400,512,3.945216792,104638.89053054989,104638.9052925
166912,512,3.957529292,104638.9021405079,104638.91691845801
167424,512,3.968519,104638.91375046589,104638.928533583
167936,512,3.980253083,104638.9253603829,104638.94021900001
168448,512,3.992274167,104638.9369702579,104638.95174487501
168960,512,4.0033565,104638.9485801749,104638.96337525001
169472,512,4.015051667,104638.96019013289,104638.97505237501
169984,512,4.029186833,104638.97180009089,104638.986599708
170496,512,4.038240083,104638.98341000789,104638.99820954101
171008,512,4.049792917,104638.99501996589,104639.009811416
171520,512,4.066293542,104639.00662992489,104639.021348958
172032,512,4.073145208,104639.0182398409,104639.03311058301
172544,512,4.089601167,104639.02984979989,104639.044625458
173056,512,4.100184625,104639.0414597579,104639.056233875
173568,512,4.107977792,104639.05306967489,104639.067934958
174080,512,4.124407583,104639.0646796329,104639.079439166
174592,512,4.133534833,104639.0762895909,104639.09101804101
175104,512,4.142737667,104639.0878995079,104639.10271691601
175616,512,4.164293917,104639.09950946589,104639.114277083
176128,512,4.178520458,104639.12381779989,104639.13860745801
176640,512,4.195176375,104639.1354277159,104639.150214875
177152,512,4.201921708,104639.14703767489,104639.16187495801
177664,512,4.2134685,104639.1586476329,104639.17345808301
178176,512,4.229880708,104639.1702575499,104639.185025208
178688,512,4.236715292,104639.1818675079,104639.19668612501
179200,512,4.248265917,104639.19347734089,104639.20827029101
179712,512,4.262887875,104639.2050872999,104639.21982066601
180224,512,4.27151175,104639.21669725789,104639.23150008301
180736,512,4.283091708,104639.2283071749,104639.24310679101
181248,512,4.295710667,104639.23991713289,104639.25466758301
181760,512,4.306323583,104639.25152709089,104639.266329666
182272,512,4.317902667,104639.26313700789,104639.27791233301
182784,512,4.33349175,104639.2747469659,104639.289500125
183296,512,4.341164667,104639.28635692489,104639.30115912501
183808,512,4.352742708,104639.2979668409,104639.31275854101
184320,512,4.366913583,104639.30957679989,104639.32435691601
184832,512,4.375970292,104639.3211867579,104639.33599345801
185344,512,4.387521542,104639.33279667489,104639.34756625001
185856,512,4.400192667,104639.3444066329,104639.35915375
186368,512,4.410848125,104639.35601659089,104639.370846708
186880,512,4.433518625,104639.3676265079,104639.38239375001
187392,512,4.433853417,104639.37923646589,104639.39394320801
187904,512,4.445697,104639.3908464249,104639.40567450001
188416,512,4.460140917,104639.40245634089,104639.417226291
188928,512,4.468884458,104639.4140662999,104639.428866125
189440,512,4.480487292,104639.42567625789,104639.440496041
189952,512,4.4960485,104639.43728617489,104639.45206750001
190464,512,4.503684542,104639.44889604989,104639.46370175
190976,512,4.515356292,104639.46050600789,104639.475337958
191488,512,4.530937792,104639.47211592489,104639.48692104101
192000,512,4.538599708,104639.48372588289,104639.498571791
192512,512,4.550182667,104639.4953358409,104639.510129083
193024,512,4.56371625,104639.5069457579,104639.52172179101
193536,512,4.573470208,104639.5185557159,104639.533432833
194048,512,4.584901292,104639.5301656329,104639.54493175
194560,512,4.60023125,104639.54177559089,104639.556550333
195072,512,4.6081485,104639.5533855499,104639.568178125
195584,512,4.623470542,104639.56499546589,104639.579774041
196096,512,4.645167458,104639.59048292489,104639.605243041
196608,512,4.6592745,104639.6020928829,104639.616868458
197120,512,4.668625417,104639.6137028409,104639.628579458
197632,512,4.680155708,104639.6253127579,104639.640143333
198144,512,4.694063042,104639.63692271589,104639.65172154101
198656,512,4.703263583,104639.6485326749,104639.663290375
199168,512,4.7149445,104639.66014259089,104639.67497275001
199680,512,4.727629208,104639.6717525499,104639.686525833
200192,512,4.7381835,104639.68336250789,104639.698185083
200704,512,4.749685708,104639.69497234089,104639.709730625
201216,512,4.765779083,104639.7065822999,104639.721350541
201728,512,4.773111042,104639.71819225789,104639.733065958
202240,512,4.784538708,104639.72980217489,104639.74456637501
202752,512,4.800164833,104639.74141213289,104639.75619112501
203264,512,4.80797175,104639.7530220909,104639.767908458
203776,512,4.829429292,104639.7646320079,104639.779420166
204288,512,4.833567917,104639.7762419659,104639.79095962501
204800,512,4.842751292,104639.78785192489,104639.80271591601
205312,512,4.858385625,104639.7994618409,104639.81426041601
205824,512,4.867056708,104639.8110717999,104639.825831875
206336,512,4.877573375,104639.82268171589,104639.83754387501
206848,512,4.890988875,104639.8342916749,104639.84909191601
207360,512,4.900633333,104639.84590163289,104639.86067491601
207872,512,4.912286417,104639.8575115499,104639.87230925
208384,512,4.92674675,104639.86912150789,104639.883884583
208896,512,4.935515458,104639.88073146589,104639.895554666
209408,512,4.947194333,104639.89234138289,104639.907184416
209920,512,4.96368925,104639.9039513409,104639.91871991601
210432,512,4.970308583,104639.91556129989,104639.930333875
210944,512,4.981898042,104639.9271712159,104639.94193254101
211456,512,4.998536083,104639.9387810909,104639.95357025
211968,512,5.00526125,104639.95039104989,104639.965223833
212480,512,5.021804917,104639.9620009659,104639.97678866601
212992,512,5.033485042,104639.97361092489,104639.98836991601
213504,512,5.0401205,104639.9852208829,104640.000101166
214016,512,5.056563792,104639.9968307999,104640.01159920801
214528,512,5.06683925,104640.0084407579,104640.023194458
215040,512,5.074976708,104640.02005071589,104640.03492037501
215552,512,5.096451,104640.03166063289,104640.046444791
216064,512,5.111836542,104640.0571480909,104640.07190950001
216576,512,5.127789583,104640.06875804989,104640.083540166
217088,512,5.13525675,104640.08036796589,104640.09520937501
217600,512,5.146801833,104640.0919779249,104640.106791625
218112,512,5.163298417,104640.1035878829,104640.118330625
218624,512,5.169972167,104640.1151977999,104640.12996541601
219136,512,5.181573375,104640.12680775789,104640.141591833
219648,512,5.194501542,104640.13841771589,104640.15316112501
220160,512,5.204855458,104640.15002763289,104640.16484883301
220672,512,5.216396,104640.16163759089,104640.17642258301
221184,512,5.2283685,104640.17324754989,104640.1880125
221696,512,5.239749917,104640.1848574659,104640.19972650001
222208,512,5.251171125,104640.1964673409,104640.21122804101
222720,512,5.266159833,104640.20807729989,104640.222828333
223232,512,5.274555917,104640.2196872579,104640.234518875
223744,512,5.291030917,104640.23129717489,104640.246066458
224256,512,5.30020725,104640.2429071329,104640.257643666
224768,512,5.30940475,104640.25451704989,104640.269371916
225280,512,5.325880167,104640.2661270079,104640.280905916
225792,512,5.333584333,104640.27773696589,104640.29248208301
226304,512,5.344191167,104640.2893468829,104640.30417850001
226816,512,5.36068275,104640.30095684089,104640.31572291601
227328,512,5.367240292,104640.3125667999,104640.32729325001
227840,512,5.378944292,104640.32417671589,104640.338960583
228352,512,5.39470675,104640.3357866749,104640.35051820801
228864,512,5.402128083,104640.34739663289,104640.362164166
229376,512,5.413707792,104640.35900654989,104640.37375458301
229888,512,5.429478,104640.37061650789,104640.38537512501
230400,512,5.437191417,104640.38222642489,104640.3971385
230912,512,5.448746875,104640.3938363829,104640.408717041
231424,512,5.466839292,104640.4054463409,104640.420223833
231936,512,5.471869958,104640.4170562579,104640.431846916
232448,512,5.483498875,104640.4286662159,104640.443457125
232960,512,5.500030458,104640.4402761329,104640.45504833301
233472,512,5.506710833,104640.45188609089,104640.46672600001
233984,512,5.520970292,104640.4634960499,104640.47831075001
234496,512,5.533523792,104640.47510596589,104640.489874291
235008,512,5.541595,104640.4867159249,104640.501571083
235520,512,5.563099833,104640.49832584089,104640.513096875
236032,512,5.578619708,104640.52390400789,104640.53870087501
236544,512,5.591699792,104640.5355139659,104640.55026179101
237056,512,5.602035542,104640.54712388289,104640.561996416
237568,512,5.613681583,104640.5587338409,104640.57362562501
238080,512,5.627852667,104640.57034379989,104640.58512541601
238592,512,5.636665833,104640.5819537159,104640.59670958301
239104,512,5.64844975,104640.59356367489,104640.60841900001
239616,512,5.66448375,104640.6051736329,104640.619941333
240128,512,5.67161575,104640.61678354989,104640.63161079101
240640,512,5.68310775,104640.6283935079,104640.643144791
241152,512,5.697280625,104640.6400034249,104640.654776875
241664,512,5.706522625,104640.6516133829,104640.66647750001
242176,512,5.728004667,104640.66322334089,104640.67801462501
242688,512,5.744722083,104640.69007159089,104640.704807791
243200,512,5.758532625,104640.7016815499,104640.716461916
243712,512,5.768168667,104640.71329146589,104640.72814304101
244224,512,5.779782917,104640.7249014249,104640.739760375
244736,512,5.791494208,104640.73651138289,104640.751283125
245248,512,5.802946,104640.7481212999,104640.76297304101
245760,512,5.814478542,104640.75973125789,104640.774522291
246272,512,5.828504917,104640.77134121589,104640.78610708301
246784,512,5.837888958,104640.78295113289,104640.797845291
247296,512,5.849393833,104640.7945610909,104640.80938525
247808,512,5.865896167,104640.80617104989,104640.82093066601
248320,512,5.872615833,104640.8177809659,104640.832592166
248832,512,5.889129417,104640.82939092489,104640.844159875
249344,512,5.900156708,104640.8410008409,104640.855774458
249856,512,5.907530167,104640.85261079989,104640.867479541
250368,512,5.923523042,104640.8642207579,104640.87898825001
250880,512,5.933580125,104640.8758306749,104640.89060137501
251392,512,5.942374167,104640.8874406329,104640.90232741601
251904,512,5.958766708,104640.89905059089,104640.91380950001
252416,512,5.966911958,104640.9106605079,104640.92541562501
252928,512,5.977171542,104640.92227046589,104640.93713100001
253440,512,5.992283833,104640.9338804249,104640.94868033301
253952,512,6.000847917,104640.94549025789,104640.960930375
254464,512,6.011823833,104640.95710021589,104640.97185829101
254976,512,6.023908042,104640.96871017489,104640.983482333
255488,512,6.034980958,104640.9803200909,104640.99505137501
256000,512,6.046642583,104640.99193004989,104641.006689125
256512,512,6.060855708,104641.00354000789,104641.018308041
257024,512,6.069901458,104641.01514992489,104641.029937583
257536,512,6.081628333,104641.0267598829,104641.04160025001
258048,512,6.097667083,104641.0383698409,104641.053150416
258560,512,6.104813583,104641.0499797579,104641.06479579101
259072,512,6.116376,104641.06158971589,104641.076378291
259584,512,6.129416833,104641.0731996749,104641.08796433301
260096,512,6.13964725,104641.08480959089,104641.099632875
260608,512,6.151200917,104641.0964195499,104641.111216125
261120,512,6.166203625,104641.10802946589,104641.12279895801
261632,512,6.174438667,104641.1196394249,104641.13444187501
262144,512,6.185971125,104641.13124938289,104641.146012375
262656,512,6.200199708,104641.14285929989,104641.15759858301
263168,512,6.20938825,104641.15446925789,104641.169359291
263680,512,6.220896375,104641.1660792159,104641.180852
264192,512,6.233576625,104641.17768913289,104641.192420916
264704,512,6.244184333,104641.1892990909,104641.20415591601
265216,512,6.260677417,104641.2009089659,104641.215686041
265728,512,6.267200417,104641.21251892489,104641.22725362501
266240,512,6.278920833,104641.2241288409,104641.238931333
266752,512,6.300165125,104641.23573879989,104641.25047991601
267264,512,6.302115667,104641.24734871589,104641.26211108301
267776,512,6.313768667,104641.2589586749,104641.27376325
268288,512,6.325552292,104641.2705686329,104641.28532141601
268800,512,6.336942208,104641.2821785499,104641.296966291
269312,512,6.348571458,104641.29378850789,104641.308589166
269824,512,6.362537125,104641.30539846589,104641.32014012501
270336,512,6.371756583,104641.31700838289,104641.331786875
270848,512,6.383336083,104641.32861834089,104641.343384
271360,512,6.399923417,104641.34022829989,104641.35495370801
271872,512,6.406592125,104641.3518382159,104641.366619416
272384,512,6.418191917,104641.36344817489,104641.378225583
272896,512,6.433504292,104641.3750581329,104641.389808
273408,512,6.441409875,104641.38666804989,104641.401437916
273920,512,6.453069958,104641.3982780079,104641.413052791
274432,512,6.466933875,104641.40988792489,104641.424640041
274944,512,6.476442458,104641.4214978829,104641.43639125001
275456,512,6.492847125,104641.43310784089,104641.447888083
275968,512,6.500271042,104641.4447177579,104641.45945520801
276480,512,6.511220875,104641.45632771589,104641.47122008301
276992,512,6.5249925,104641.46793763289,104641.48278541601
277504,512,6.534193292,104641.47954759089,104641.494272833
278016,512,6.545941333,104641.49115750789,104641.50596812501
278528,512,6.562564708,104641.50276746589,104641.51756583301
279040,512,6.569163417,104641.51437742489,104641.52920595801
279552,512,6.580832667,104641.5259873409,104641.540812833
280064,512,6.592531125,104641.53759729989,104641.552374
280576,512,6.604129292,104641.54920725789,104641.56407795801
281088,512,6.615549208,104641.56081717489,104641.575586791
281600,512,6.627295125,104641.5724271329,104641.587208166
282112,512,6.638986792,104641.5840370909,104641.598936708
282624,512,6.65544675,104641.5956470079,104641.61045745801
283136,512,6.666857917,104641.60725696589,104641.622003291
283648,512,6.673808417,104641.6188668829,104641.633748958
284160,512,6.68527525,104641.63047684089,104641.64526275001
284672,512,6.699811458,104641.6420867999,104641.656860916
285184,512,6.708637708,104641.65369671589,104641.668578625
285696,512,6.725028875,104641.6653066749,104641.680068625
286208,512,6.733592958,104641.67691663289,104641.691681041
286720,512,6.743455458,104641.68852650789,104641.703411875
287232,512,6.766831167,104641.70013642489,104641.71494275001
287744,512,6.767599875,104641.71174638289,104641.727682833
288256,512,6.778112708,104641.7233563409,104641.73814525001
288768,512,6.791667333,104641.73496625789,104641.749754
289280,512,6.801473792,104641.7465762159,104641.76144391601
289792,512,6.813019583,104641.75818617489,104641.77298637501
290304,512,6.826427042,104641.7697960909,104641.78457062501
290816,512,6.836262583,104641.7814060499,104641.79629200001
291328,512,6.847867958,104641.79301596589,104641.80785666601
291840,512,6.860302917,104641.8046259249,104641.819411541
292352,512,6.871008542,104641.8162358829,104641.831027916
292864,512,6.882675833,104641.8278457999,104641.842669791
293376,512,6.894483792,104641.83945575789,104641.85421300001
293888,512,6.90592925,104641.85106571589,104641.86593283301
294400,512,6.917412917,104641.86267563289,104641.87744670801
294912,512,6.931777917,104641.8742855909,104641.889025166
295424,512,6.940658,104641.88589550789,104641.900688875
295936,512,6.957274042,104641.8975054659,104641.91226879101
296448,512,6.978463875,104641.92380925789,104641.938545375
296960,512,6.993059292,104641.93541913289,104641.950200166
297472,512,7.001777083,104641.9470290909,104641.96181666601
297984,512,7.013406042,104641.95863900789,104641.97342762501
298496,512,7.029990125,104641.9702489659,104641.985023791
299008,512,7.036590625,104641.98185892489,104641.996629333
299520,512,7.04819025,104641.9934688409,104642.008228
300032,512,7.060375375,104642.00507879989,104642.019840166
300544,512,7.071494958,104642.0166887159,104642.031502375
301056,512,7.083016833,104642.0282986749,104642.04305570801
301568,512,7.098166333,104642.0399086329,104642.05469475001
302080,512,7.106409333,104642.0515185499,104642.066371333
302592,512,7.117968458,104642.06312850789,104642.077953625
303104,512,7.12982475,104642.07473846589,104642.089497833
303616,512,7.141142583,104642.08634838289,104642.10116958301
304128,512,7.152667542,104642.09795834089,104642.11270858301
304640,512,7.166879,104642.10956825789,104642.12433220801
305152,512,7.175966625,104642.1211782159,104642.13598191601
305664,512,7.192620583,104642.13278817489,104642.14758783301
306176,512,7.211903667,104642.15718717489,104642.17198362501
306688,512,7.233493417,104642.1687971329,104642.18360237501
307200,512,7.235025792,104642.18040704989,104642.195115666
307712,512,7.246952667,104642.1920169659,104642.20690395801
308224,512,7.262330833,104642.2036268829,104642.21840387501
308736,512,7.270056,104642.21523684089,104642.2300645
309248,512,7.281616375,104642.2268467999,104642.24163875001
309760,512,7.295073458,104642.23845671589,104642.253220125
310272,512,7.304848625,104642.2500666749,104642.264868708
310784,512,7.316469333,104642.26167663289,104642.27648083301
311296,512,7.3298365,104642.2732865499,104642.288042208
311808,512,7.339682708,104642.28489650789,104642.29971212501
312320,512,7.35129575,104642.29650642489,104642.31131445801
312832,512,7.363591292,104642.30811638289,104642.322866
313344,512,7.374564833,104642.3197263409,104642.334568791
313856,512,7.386099708,104642.33133625789,104642.346129333
314368,512,7.400200917,104642.3429462159,104642.35770412501
314880,512,7.409330042,104642.3545561329,104642.36935983301
315392,512,7.42085475,104642.3661660909,104642.380912291
315904,512,7.433547917,104642.37777604989,104642.392514916
316416,512,7.444373208,104642.38938596589,104642.40430183301
316928,512,7.460732583,104642.4009959249,104642.415764916
317440,512,7.467364083,104642.4126058829,104642.427378791
317952,512,7.479063958,104642.4242157999,104642.439042458
318464,512,7.495195917,104642.43582575789,104642.45060254101
318976,512,7.502253208,104642.44743563289,104642.46223862501
319488,512,7.513897,104642.45904559089,104642.47386854101
320000,512,7.530443833,104642.47065554989,104642.48545354101
320512,512,7.537048292,104642.4822654659,104642.497061625
321024,512,7.548699583,104642.49387542489,104642.50870370801
321536,512,7.560739792,104642.5054853409,104642.520258541
322048,512,7.571911208,104642.51709529989,104642.53192200001
322560,512,7.583540875,104642.5287052579,104642.543534375
323072,512,7.599737542,104642.54031517489,104642.55506858301
323584,512,7.606825417,104642.5519251329,104642.56678200001
324096,512,7.618292125,104642.56353504989,104642.57831654101
324608,512,7.633497583,104642.5751450079,104642.58990595801
325120,512,7.641703542,104642.58675496589,104642.601649791
325632,512,7.666836333,104642.5983648829,104642.61312908301
326144,512,7.678549292,104642.6238523409,104642.63862587501
326656,512,7.693664833,104642.63546229989,104642.650228208
327168,512,7.701776667,104642.6470722159,104642.661860291
327680,512,7.713600042,104642.6586821749,104642.673558833
328192,512,7.727821792,104642.6702921329,104642.68507575
328704,512,7.736653958,104642.6819020499,104642.696678458
329216,512,7.748235333,104642.69351196589,104642.70827500001
329728,512,7.764698917,104642.70512188289,104642.71987845801
330240,512,7.771692917,104642.71673184089,104642.73163212501
330752,512,7.783062417,104642.7283417999,104642.743097083
331264,512,7.798471583,104642.73995171589,104642.75473445801
331776,512,7.806486417,104642.75156167489,104642.76643820801
332288,512,7.817914208,104642.76317163289,104642.777945708
332800,512,7.833309542,104642.77478154989,104642.789560916
333312,512,7.841266792,104642.78639150789,104642.80124912501
333824,512,7.857715708,104642.79800142489,104642.812762083
334336,512,7.866877,104642.8096113829,104642.82439129101
334848,512,7.876099917,104642.8212213409,104642.836066791
335360,512,7.8925835,104642.8328312579,104642.847625166
335872,512,7.900227208,104642.84444121589,104642.859187583
336384,512,7.910956958,104642.8560511329,104642.87091700001
336896,512,7.92603925,104642.86766109089,104642.88241566601
337408,512,7.933991958,104642.8792710499,104642.894027125
337920,512,7.945805583,104642.89088096589,104642.90575704101
338432,512,7.957636292,104642.9024909249,104642.91725654101
338944,512,7.96889225,104642.91410084089,104642.92892195801
339456,512,7.980561958,104642.92571079989,104642.94056208301
339968,512,7.992402333,104642.93731900789,104642.952089125
340480,512,8.003684625,104642.9489289659,104642.963708083
340992,512,8.015271208,104642.9605388829,104642.975311791
341504,512,8.033510375,104642.9721488409,104642.986925125
342016,512,8.038593,104642.9837587579,104642.998593375
342528,512,8.05009475,104642.99536867489,104643.010130416
343040,512,8.066836833,104643.0069786329,104643.02175829101
343552,512,8.073491792,104643.0185885499,104643.03345450001
344064,512,8.084892,104643.0301985079,104643.04493983301
344576,512,8.098946417,104643.0418084249,104643.05654450001
345088,512,8.108275042,104643.05341838289,104643.06825875
345600,512,8.129765667,104643.0650282999,104643.07977537501
346112,512,8.145192167,104643.0905157579,104643.105270375
346624,512,8.161207292,104643.1021256749,104643.116926375
347136,512,8.168595667,104643.11373559089,104643.128553916
347648,512,8.180173375,104643.1253455499,104643.14016387501
348160,512,8.20015975,104643.13695546589,104643.15173000001
348672,512,8.203287667,104643.1485654249,104643.163318583
349184,512,8.214911583,104643.16017534089,104643.17494504101
349696,512,8.231554542,104643.1717852999,104643.18659150001
350208,512,8.238277167,104643.18339521589,104643.19823304101
350720,512,8.249820833,104643.19500529989,104643.20981979101
351232,512,8.262322167,104643.2066152159,104643.221383166
351744,512,8.273039708,104643.21822517489,104643.233046333
352256,512,8.2845495,104643.2298350909,104643.244594541
352768,512,8.300163792,104643.24144504989,104643.256197166
353280,512,8.307836125,104643.2530549659,104643.2678595
353792,512,8.319555542,104643.2646648829,104643.27945225
354304,512,8.333532375,104643.27627484089,104643.29103012501
354816,512,8.342722917,104643.2878847579,104643.30272020801
355328,512,8.366814958,104643.29949471589,104643.314256583
355840,512,8.378596208,104643.32389371589,104643.3386825
356352,512,8.395140667,104643.33550363289,104643.35028066601
356864,512,8.401868833,104643.34711359089,104643.361890125
357376,512,8.413545,104643.35872350789,104643.373538208
357888,512,8.430119917,104643.3703334659,104643.38510966601
358400,512,8.436722875,104643.38194338289,104643.39674116601
358912,512,8.44828125,104643.3935533409,104643.40831312501
359424,512,8.4646545,104643.40516325789,104643.41990725
359936,512,8.471474375,104643.41677317489,104643.431508541
360448,512,8.48316025,104643.4283831329,104643.44316654101
360960,512,8.49627,104643.4399931329,104643.454759916
361472,512,8.506426833,104643.45160309089,104643.46642304101
361984,512,8.528023542,104643.4632130079,104643.478005833
362496,512,8.544790542,104643.4901516749,104643.504873708
363008,512,8.557375292,104643.5017616329,104643.516559541
363520,512,8.568193667,104643.5133715499,104643.528214541
364032,512,8.579744417,104643.52498150789,104643.53976391601
364544,512,8.594154583,104643.5365914249,104643.55138020801
365056,512,8.602971167,104643.54820138289,104643.56299566601
365568,512,8.614665458,104643.5598112999,104643.57465012501
366080,512,8.626882,104643.57142125789,104643.586202166
366592,512,8.63785825,104643.58303117489,104643.59785625001
367104,512,8.649496083,104643.59464113289,104643.60947854101
367616,512,8.6648945,104643.60625104989,104643.6210155
368128,512,8.672711083,104643.6178609659,104643.6326905
368640,512,8.684179458,104643.62947092489,104643.644219583
369152,512,8.700158875,104643.6410808409,104643.655843375
369664,512,8.707500417,104643.65269079989,104643.66750479101
370176,512,8.724029375,104643.66430071589,104643.67906737501
370688,512,8.73355025,104643.6759106749,104643.69069604101
371200,512,8.74241325,104643.68752071589,104643.702380625
371712,512,8.758898875,104643.69913063289,104643.713938083
372224,512,8.766947083,104643.71074059089,104643.72548679101
372736,512,8.777230833,104643.72235050789,104643.737193875
373248,512,8.793758667,104643.73396046589,104643.748761708
373760,512,8.800380917,104643.74557038289,104643.760336541
374272,512,8.812088208,104643.7571803409,104643.772049166
374784,512,8.827777417,104643.76879025789,104643.78356625
375296,512,8.835312917,104643.7804002159,104643.79526841601
375808,512,8.846830417,104643.7920101329,104643.80683604101
376320,512,8.862195125,104643.8036200909,104643.818391291
376832,512,8.869946292,104643.8152300079,104643.829982291
377344,512,8.881595667,104643.8268399659,104643.841626166
377856,512,8.898031167,104643.8384498829,104643.85322075001
378368,512,8.904822375,104643.8500597999,104643.8648435
378880,512,8.916511583,104643.8616697579,104643.87649750001
379392,512,8.929050292,104643.8732796749,104643.88804125
379904,512,8.939698542,104643.88488963289,104643.89970937501
380416,512,8.951261917,104643.8964995499,104643.911289458
380928,512,8.966569542,104643.90810950789,104643.922887583
381440,512,8.974644625,104643.9197194249,104643.934595083
381952,512,8.991114458,104643.93132938289,104643.94613725001
382464,512,9.000254083,104643.94293938289,104643.95765895801
382976,512,9.009467625,104643.95454929989,104643.96942491601
383488,512,9.023396167,104643.96615925789,104643.98093412501
384000,512,9.033531,104643.97776917489,104643.99252708301
384512,512,9.04428725,104643.9893790909,104644.00424933301
385024,512,9.059115125,104644.00098904989,104644.01578058301
385536,512,9.06732375,104644.0125989659,104644.027359125
386048,512,9.078942708,104644.0242089249,104644.03897800001
386560,512,9.091699417,104644.03581884089,104644.05058400001
387072,512,9.102282667,104644.0474287999,104644.062270833
387584,512,9.113888917,104644.05903871589,104644.07387516601
388096,512,9.127744417,104644.0706486749,104644.085457583
388608,512,9.137120375,104644.08225859089,104644.097109208
389120,512,9.148673375,104644.0938685499,104644.10868183301
389632,512,9.163650042,104644.10547846589,104644.12024620801
390144,512,9.171914583,104644.11708842489,104644.13190516601
390656,512,9.183500375,104644.1286983409,104644.14350787501
391168,512,9.196438667,104644.14030829989,104644.15505066601
391680,512,9.206755708,104644.1519182159,104644.166743333
392192,512,9.218251917,104644.16352817489,104644.17829387501
392704,512,9.231603208,104644.1751380909,104644.189879208
393216,512,9.241574458,104644.18674804989,104644.20157633301
393728,512,9.253026833,104644.19835804989,104644.21308825
394240,512,9.26686925,104644.2099680079,104644.224715666
394752,512,9.276379292,104644.2215779249,104644.23638845801
395264,512,9.287867625,104644.2331878829,104644.24792183301
395776,512,9.300179083,104644.2447977999,104644.25953266601
396288,512,9.3112535,104644.25640775789,104644.271251458
396800,512,9.333493875,104644.2680176749,104644.28277929101
397312,512,9.334328542,104644.27962763289,104644.29440616601
397824,512,9.34606475,104644.29123754989,104644.30606016601
398336,512,9.361821,104644.30284750789,104644.317608458
398848,512,9.369248,104644.31445742489,104644.32924916601
399360,512,9.380829375,104644.32606738289,104644.34084650001
399872,512,9.397400833,104644.33767729989,104644.352438791
400384,512,9.404031708,104644.3492872579,104644.36404979101
400896,512,9.415683667,104644.36089717489,104644.375689833
401408,512,9.431559083,104644.3725071329,104644.387269125
401920,512,9.438960667,104644.38411704989,104644.39893504101
402432,512,9.450529417,104644.3957270079,104644.41053612501
402944,512,9.466837542,104644.4073369249,104644.42209566601
403456,512,9.4738185,104644.4189468829,104644.43378725
403968,512,9.485288708,104644.4305567999,104644.445317958
404480,512,9.500202667,104644.44216684089,104644.456927041
404992,512,9.508584917,104644.45377675789,104644.46859850001
405504,512,9.522876958,104644.46538671589,104644.48018120801
406016,512,9.545199542,104644.49051134089,104644.505259375
406528,512,9.561119208,104644.50212125789,104644.51692533301
407040,512,9.568480333,104644.51373121589,104644.52851258301
407552,512,9.58024825,104644.52534113289,104644.540211083
408064,512,9.594964792,104644.5369510909,104644.55172991601
408576,512,9.603303458,104644.54856100789,104644.563330833
409088,512,9.61504875,104644.5601709659,104644.575019083
409600,512,9.629531875,104644.57178088289,104644.58656895801
410112,512,9.638387292,104644.5833908409,104644.598288166
410624,512,9.649799958,104644.5950007579,104644.609800958
411136,512,9.6663115,104644.6066107159,104644.62135045801
411648,512,9.67304375,104644.6182206329,104644.633056916
412160,512,9.684592375,104644.62983059089,104644.644610916
412672,512,9.700162792,104644.6414405079,104644.656222833
413184,512,9.707992917,104644.65305046589,104644.66793475
413696,512,9.724443833,104644.6646603829,104644.679458333
414208,512,9.733665125,104644.67627034089,104644.69098266601
414720,512,9.742797792,104644.6878802999,104644.702756333
415232,512,9.759230542,104644.69949021589,104644.714247458
415744,512,9.766945542,104644.71110017489,104644.725866416
416256,512,9.777632833,104644.7227100909,104644.73759033301
416768,512,9.794094375,104644.73432004989,104644.749123791
417280,512,9.8006545,104644.7459299659,104644.76068600001
417792,512,9.812461333,104644.75753992489,104644.77241529101
418304,512,9.82891,104644.7691498409,104644.783910708
418816,512,9.835591542,104644.78075979989,104644.79558204101
419328,512,9.847209542,104644.7923697159,104644.807211791
419840,512,9.861945292,104644.80397967489,104644.81873870801
420352,512,9.870469833,104644.81558959089,104644.83044258301
420864,512,9.88194375,104644.8271995499,104644.84198075
421376,512,9.898515083,104644.83880946589,104644.853588041
421888,512,9.905353917,104644.8504194249,104644.86530462501
422400,512,9.916846,104644.86202934089,104644.876839541
422912,512,9.931048083,104644.8736392999,104644.888377708
423424,512,9.940058708,104644.88524921589,104644.90003995801
423936,512,9.9515995,104644.89685917489,104644.91163033301
424448,512,9.96686775,104644.9084690909,104644.92325008301
424960,512,9.974976292,104644.92007904989,104644.934942791
425472,512,9.991432542,104644.9316889659,104644.94644708301
425984,512,10.000296208,104644.9432990079,104644.958077375
426496,512,10.009843542,104644.95490892489,104644.96979283301
427008,512,10.026057917,104644.9665188829,104644.98130429101
427520,512,10.045200875,104644.9905550499,104645.00528091601
428032,512,10.061094958,104645.00216500789,104645.016916875
428544,512,10.068712292,104645.0137749249,104645.028667666
429056,512,10.08021475,104645.02538488289,104645.04021612501
429568,512,10.096619208,104645.0369947999,104645.05176312501
430080,512,10.103458083,104645.04860475789,104645.063415625
430592,512,10.115043458,104645.06021467489,104645.07502916601
431104,512,10.131349042,104645.07182463289,104645.08660758301
431616,512,10.138210792,104645.08343454989,104645.0982205
432128,512,10.1498515,104645.09504450789,104645.109853791
432640,512,10.163135,104645.1066544659,104645.12140275001
433152,512,10.173027125,104645.1182643829,104645.133057208
433664,512,10.18459,104645.1298743409,104645.14464054101
434176,512,10.200208458,104645.1414842579,104645.156220541
434688,512,10.207944958,104645.15309421589,104645.167931666
435200,512,10.219372917,104645.1647041329,104645.17943637501
435712,512,10.233532292,104645.17631409089,104645.19103775
436224,512,10.24275625,104645.18792400789,104645.20276133301
436736,512,10.259201167,104645.19953359089,104645.214309916
437248,512,10.266912208,104645.2111435499,104645.22591945801
437760,512,10.277674375,104645.22275346589,104645.237638833
438272,512,10.294111583,104645.2343634249,104645.24913829101
438784,512,10.300661375,104645.24597334089,104645.26070670801
439296,512,10.312494542,104645.2575832999,104645.272411041
439808,512,10.33348525,104645.26919321589,104645.283953916
440320,512,10.335609083,104645.28080317489,104645.29559962501
440832,512,10.347182208,104645.2924130909,104645.30720308301
441344,512,10.362944625,104645.30402304989,104645.31877133301
441856,512,10.370464875,104645.3156329659,104645.33044058301
442368,512,10.382031917,104645.3272428829,104645.34204112501
442880,512,10.394734208,104645.3388528409,104645.353602791
443392,512,10.405277208,104645.3504627579,104645.365280375
443904,512,10.416831417,104645.3620727159,104645.376854666
444416,512,10.430512,104645.3736826329,104645.38843420801
444928,512,10.440119417,104645.38529259089,104645.400116375
445440,512,10.451795,104645.3969025079,104645.411704333
445952,512,10.466836125,104645.40851246589,104645.423266333
446464,512,10.474932875,104645.42012238289,104645.43493179101
446976,512,10.486465625,104645.43173234089,104645.446503333
447488,512,10.500205292,104645.4433422999,104645.458089041
448000,512,10.509687917,104645.45495225789,104645.469724625
448512,512,10.526353583,104645.46656217489,104645.481325083
449024,512,10.533653292,104645.47817213289,104645.49293891601
449536,512,10.54460075,104645.48978204989,104645.504620916
450048,512,10.56013125,104645.50139200789,104645.51619708301
450560,512,10.567774917,104645.51300192489,104645.527850083
451072,512,10.579535625,104645.5246118829,104645.53948933301
451584,512,10.594560667,104645.53622179989,104645.55100345801
452096,512,10.602645375,104645.5478317579,104645.562668375
452608,512,10.614327333,104645.5594416749,104645.57429395801
453120,512,10.627803375,104645.5710516329,104645.58582316601
453632,512,10.6375385,104645.5826615499,104645.597544125
454144,512,10.649085792,104645.59427150789,104645.609098208
454656,512,10.665630625,104645.6058814249,104645.62065750001
455168,512,10.672323625,104645.61749138289,104645.632323458
455680,512,10.683907375,104645.6291012999,104645.64393058301
456192,512,10.698269917,104645.64071125789,104645.655449208
456704,512,10.707254,104645.65232117489,104645.667207541
457216,512,10.723671417,104645.66393113289,104645.67870620801
457728,512,10.745240417,104645.6905977999,104645.70532262501
458240,512,10.761927708,104645.70220771589,104645.71697175001
458752,512,10.76844575,104645.7138176749,104645.72853370801
459264,512,10.780399625,104645.72542759089,104645.740337625
459776,512,10.794761542,104645.73703754989,104645.751834583
460288,512,10.803442833,104645.7486474659,104645.76343383301
460800,512,10.81507575,104645.76025738289,104645.77508395801
461312,512,10.827522792,104645.7718673409,104645.78664191601
461824,512,10.838428375,104645.7834772579,104645.79837437501
462336,512,10.8499145,104645.7950872159,104645.80991091601
462848,512,10.864305667,104645.8066971329,104645.821444625
463360,512,10.873214125,104645.81830709089,104645.83317187501
463872,512,10.884644208,104645.8299170079,104645.844676583
464384,512,10.899061625,104645.84152696589,104645.856304
464896,512,10.9080405,104645.8531368829,104645.868003541
465408,512,10.92448025,104645.86474684089,104645.87951737501
465920,512,10.933596292,104645.87635675789,104645.89108058301
466432,512,10.94288725,104645.88796671589,104645.90283625001
466944,512,10.95931625,104645.89957663289,104645.914333666
467456,512,10.966932083,104645.91118659089,104645.925938083
467968,512,10.977562542,104645.92279650789,104645.93759137501
468480,512,10.991915583,104645.9344064659,104645.94921566601
468992,512,11.000644917,104645.94601642489,104645.96072687501
469504,512,11.012398667,104645.9576263829,104645.97242033301
470016,512,11.024682375,104645.96923629989,104645.984005666
470528,512,11.035590583,104645.9808462579,104645.995623583
471040,512,11.047346042,104645.99245617489,104646.00731429101
471552,512,11.06342775,104646.0040661329,104646.01883712501
472064,512,11.070552458,104646.0156760499,104646.03051875
472576,512,11.082157042,104646.0272860079,104646.042107333
473088,512,11.098528375,104646.0388959249,104646.053667208
473600,512,11.105344333,104646.05050588289,104646.06532116601
474112,512,11.116860708,104646.0621157999,104646.076892291
474624,512,11.133192208,104646.07372575789,104646.088465458
475136,512,11.140233958,104646.0853356749,104646.10019187501
475648,512,11.151751583,104646.09694563289,104646.11175358301
476160,512,11.166832417,104646.10855554989,104646.123285583
476672,512,11.174948875,104646.12016550789,104646.13497112501
477184,512,11.186517042,104646.13177542489,104646.14655325
477696,512,11.200192375,104646.1433853829,104646.158127125
478208,512,11.209781125,104646.15499529989,104646.16979029101
478720,512,11.221269625,104646.1666052579,104646.181330291
479232,512,11.233520875,104646.17821517489,104646.19295187501
479744,512,11.244600708,104646.1898251329,104646.20463037501
480256,512,11.2611685,104646.2014351329,104646.216194041
480768,512,11.267703208,104646.21304509089,104646.22778850001
481280,512,11.279472542,104646.22465500789,104646.239477041
481792,512,11.293982667,104646.23626496589,104646.25102212501
482304,512,11.302682208,104646.24787488289,104646.26266945801
482816,512,11.314339,104646.2594847999,104646.274308833
483328,512,11.327811125,104646.27109475789,104646.285856791
483840,512,11.337505292,104646.28270467489,104646.29751525
484352,512,11.349038708,104646.29431463289,104646.30908516601
484864,512,11.362550667,104646.30592454989,104646.3206585
485376,512,11.372213833,104646.31753450789,104646.33228
485888,512,11.38391525,104646.32914442489,104646.343937708
486400,512,11.400163625,104646.3407543829,104646.35554837501
486912,512,11.407283917,104646.35236429989,104646.367230958
487424,512,11.418776625,104646.3639742579,104646.378775791
487936,512,11.433538875,104646.3755841749,104646.39033075
488448,512,11.442058583,104646.3871941329,104646.40203520801
488960,512,11.453580542,104646.3988040499,104646.41359466601
489472,512,11.466865458,104646.41041400789,104646.42516320801
489984,512,11.476929542,104646.4220239249,104646.43686941601
490496,512,11.488358833,104646.43363388289,104646.44839112501
491008,512,11.500203167,104646.44524384089,104646.460003916
491520,512,11.511825375,104646.45685379989,104646.47175116601
492032,512,11.525563333,104646.4684637159,104646.48328820801
492544,512,11.534927542,104646.48007367489,104646.49492320801
493056,512,11.546391708,104646.4916835909,104646.50643575001
493568,512,11.562631208,104646.50329354989,104646.518115208
494080,512,11.569642167,104646.5149034659,104646.52968716601
494592,512,11.581418625,104646.52651342489,104646.541380166
495104,512,11.593890292,104646.5381233409,104646.55291095801
495616,512,11.604539333,104646.5497332999,104646.564553125
496128,512,11.616158292,104646.56134321589,104646.5761705
496640,512,11.629076542,104646.5729531749,104646.5877455
497152,512,11.639508333,104646.58456309089,104646.59946895801
497664,512,11.651022125,104646.5961730499,104646.611004125
498176,512,11.665185667,104646.60778296589,104646.62254641601
498688,512,11.67417025,104646.6193929249,104646.63418570801
499200,512,11.690760333,104646.63100284089,104646.645782666
499712,512,11.711912125,104646.65721592489,104646.67197825
500224,512,11.725462167,104646.6688258409,104646.683585166
500736,512,11.735320333,104646.68043579989,104646.69529404101
501248,512,11.746927958,104646.6920457999,104646.70689966601
501760,512,11.760212083,104646.70365571589,104646.718421875
502272,512,11.769996958,104646.7152656749,104646.73002070801
502784,512,11.781627542,104646.72687559089,104646.741663333
503296,512,11.794984917,104646.7384855499,104646.75325104101
503808,512,11.805037417,104646.75009546589,104646.764991375
504320,512,11.816421458,104646.7617054249,104646.77646541601
504832,512,11.832786292,104646.77331534089,104646.788086875
505344,512,11.839861292,104646.78492529989,104646.79981275
505856,512,11.851269208,104646.7965352159,104646.811300125
506368,512,11.866887458,104646.80814517489,104646.82288412501
506880,512,11.874689667,104646.8197550909,104646.83463475
507392,512,11.891133208,104646.83136504989,104646.846143083
507904,512,11.900243125,104646.8429749659,104646.85768700001
508416,512,11.909469,104646.85458492489,104646.86944275
508928,512,11.925330458,104646.8661948409,104646.880992666
509440,512,11.933566375,104646.8778047999,104646.892570291
509952,512,11.944308042,104646.8894147579,104646.90427241601
510464,512,11.958225,104646.9010246749,104646.915815333
510976,512,11.967372167,104646.9126346329,104646.92739866601
511488,512,11.979103,104646.9242445499,104646.93910366601
512000,512,11.993921208,104646.93585450789,104646.95063425001
512512,512,12.002241833,104646.94746446589,104646.96226058301
513024,512,12.013795333,104646.95907438289,104646.97383245801
513536,512,12.025479958,104646.9706843409,104646.98545575001
514048,512,12.037144792,104646.98229425789,104646.99714650001
514560,512,12.048655,104646.9939042159,104647.008682125
515072,512,12.061119708,104647.00551413289,104647.0202945
515584,512,12.071986,104647.0171240909,104647.03198350001
516096,512,12.08349075,104647.0287340079,104647.043528958
516608,512,12.097052208,104647.0403439659,104647.05510133301
517120,512,12.106834792,104647.0519538829,104647.066806375
517632,512,12.11828525,104647.06356384089,104647.07832350001
518144,512,12.133514083,104647.0751737579,104647.089892
518656,512,12.141559417,104647.08678371589,104647.10157270801
519168,512,12.153061792,104647.0983936329,104647.113123916
519680,512,12.16683825,104647.11000359089,104647.12473329101
520192,512,12.176373792,104647.12161350789,104647.136399416
520704,512,12.192998542,104647.13322346589,104647.14801237501
521216,512,12.211882667,104647.15716896589,104647.171962291
521728,512,12.233495125,104647.16877888289,104647.183570333
522240,512,12.23521575,104647.18038884089,104647.195198125
522752,512,12.246838375,104647.19199884089,104647.206825916
523264,512,12.263315542,104647.20360875789,104647.21835520801
523776,512,12.2700185,104647.2152187159,104647.230000583
524288,512,12.281624167,104647.22682863289,104647.24162858301
524800,512,12.297328,104647.2384385909,104647.25318125001
525312,512,12.304872042,104647.25004850789,104647.26485595801
525824,512,12.31643425,104647.2616584659,104647.27644858301
526336,512,12.328144708,104647.2732683829,104647.28800700001
526848,512,12.33970525,104647.2848783409,104647.299702375
527360,512,12.351219583,104647.2964882579,104647.311261541
527872,512,12.366022333,104647.30809821589,104647.322848041
528384,512,12.374516083,104647.3197081329,104647.334526791
528896,512,12.386052125,104647.33131809089,104647.346092416
529408,512,12.400241333,104647.34292800789,104647.35766475
529920,512,12.409418458,104647.35453796589,104647.36939425001
530432,512,12.420925625,104647.36614788289,104647.380950916
530944,512,12.433189375,104647.37775784089,104647.392483666
531456,512,12.444304458,104647.38936775789,104647.40425437501
531968,512,12.465816708,104647.4009777159,104647.41575150001
532480,512,12.467330917,104647.41258763289,104647.42735825
532992,512,12.479099542,104647.4241975909,104647.439066416
533504,512,12.500158958,104647.43580750789,104647.45059141601
534016,512,12.502240417,104647.4474176329,104647.46222254101
534528,512,12.5139655,104647.45902754989,104647.473913208
535040,512,12.527667625,104647.4706375079,104647.485414041
535552,512,12.537107458,104647.4822474249,104647.49709445801
536064,512,12.548613917,104647.4938573829,104647.50864375
536576,512,12.565310375,104647.5054672999,104647.520251416
537088,512,12.57194875,104647.51707725789,104647.53191175
537600,512,12.583435875,104647.5286871749,104647.54347175
538112,512,12.600022542,104647.54029713289,104647.555057125
538624,512,12.60682975,104647.5519070499,104647.566781208
539136,512,12.6182705,104647.56351700789,104647.578293875
539648,512,12.631708292,104647.57512692489,104647.58991291601
540160,512,12.641633292,104647.58673688289,104647.60160304101
540672,512,12.666877417,104647.59834679989,104647.613113
541184,512,12.678628333,104647.6239249659,104647.638701958
541696,512,12.694005458,104647.6355348829,104647.65029166601
542208,512,12.702037792,104647.6471448409,104647.66199345801
542720,512,12.713550708,104647.6587547999,104647.673556208
543232,512,12.728515292,104647.67036471589,104647.68514662501
543744,512,12.736756292,104647.6819746749,104647.69674804101
544256,512,12.748359125,104647.69358459089,104647.708377083
544768,512,12.766828208,104647.7051945499,104647.719956208
545280,512,12.77173075,104647.71680446589,104647.731683916
545792,512,12.783165875,104647.7284144249,104647.74319520801
546304,512,12.799724792,104647.74002434089,104647.75477137501
546816,512,12.806532083,104647.75163429989,104647.76648754101
547328,512,12.818077833,104647.7632442159,104647.77806483301
547840,512,12.833500833,104647.77485417489,104647.789626708
548352,512,12.841256,104647.7864640909,104647.80125450001
548864,512,12.866819833,104647.79807404989,104647.81284095801
549376,512,12.878522458,104647.8238335909,104647.83859912501
549888,512,12.892515208,104647.83544354989,104647.85021058301
550400,512,12.901942375,104647.8470534659,104647.861914041
550912,512,12.913557833,104647.8586634249,104647.87352025001
551424,512,12.930000625,104647.87027334089,104647.88503725
551936,512,12.936636542,104647.8818832999,104647.89665812501
552448,512,12.948344792,104647.89349321589,104647.908318791
552960,512,12.960045417,104647.9051031749,104647.919871791
553472,512,12.97164625,104647.91671309089,104647.931595916
553984,512,12.983044792,104647.9283230499,104647.943089458
554496,512,13.000158375,104647.93993300789,104647.95470379101
555008,512,13.006462792,104647.9515429659,104647.96641383301
555520,512,13.01797175,104647.96315288289,104647.977972458
556032,512,13.033169458,104647.9747628409,104647.98953754101
556544,512,13.04127775,104647.98637279989,104648.00124270801
557056,512,13.052781,104647.9979827159,104648.012742291
557568,512,13.06694575,104648.00959267489,104648.02438262501
558080,512,13.076096,104648.0212025909,104648.036064375
558592,512,13.097623917,104648.03281254989,104648.04761545801
559104,512,13.111926708,104648.0572115499,104648.0720085
559616,512,13.126441375,104648.06882146589,104648.08361462501
560128,512,13.135171,104648.0804314249,104648.09520758301
560640,512,13.146826375,104648.09204138289,104648.10685925001
561152,512,13.159963792,104648.1036512999,104648.118411666
561664,512,13.169981833,104648.11526125789,104648.13001787501
562176,512,13.181605708,104648.12687117489,104648.14163866601
562688,512,13.1978185,104648.13848113289,104648.153258125
563200,512,13.205006417,104648.15009104989,104648.164961375
563712,512,13.21651475,104648.16170100789,104648.17650350001
564224,512,13.229548375,104648.17331092489,104648.188077375
564736,512,13.239738417,104648.1849208829,104648.199701416
565248,512,13.251232542,104648.19653079989,104648.21127854101
565760,512,13.266858458,104648.2081407579,104648.22291483301
566272,512,13.274609167,104648.21975067489,104648.234566875
566784,512,13.286173917,104648.2313606329,104648.24616550001
567296,512,13.300245,104648.2429705499,104648.257715041
567808,512,13.309509042,104648.2545805079,104648.26945541601
568320,512,13.320927958,104648.2661904249,104648.28096050001
568832,512,13.332566458,104648.27780038289,104648.29258729101
569344,512,13.344347667,104648.2894102999,104648.304299875
569856,512,13.355864417,104648.30102025789,104648.31582795801
570368,512,13.367383583,104648.31263021589,104648.327400333
570880,512,13.379031458,104648.32424013289,104648.33902845801
571392,512,13.390602333,104648.3358500909,104648.350616541
571904,512,13.402229333,104648.34746000789,104648.362239541
572416,512,13.413876208,104648.3590699659,104648.373850791
572928,512,13.425442042,104648.3706798829,104648.3854615
573440,512,13.437079875,104648.3822898409,104648.397087833
573952,512,13.448799667,104648.3938997579,104648.408770583
574464,512,13.460433458,104648.40550971589,104648.420383958
574976,512,13.471924375,104648.4171196329,104648.431933041
575488,512,13.483601833,104648.42872959089,104648.44353020801
576000,512,13.495276167,104648.4403395499,104648.45521108301
576512,512,13.506815167,104648.45194950789,104648.466796416
577024,512,13.518451792,104648.4635594249,104648.47843425
577536,512,13.530033333,104648.47516938289,104648.490012166
578048,512,13.541693083,104648.4867792999,104648.50165787501
578560,512,13.553355583,104648.49838925789,104648.51329445801
579072,512,13.564934125,104648.5099992159,104648.524895583
579584,512,13.5765545,104648.52160913289,104648.536509333
580096,512,13.588164583,104648.5332190909,104648.54812012501
580608,512,13.599630667,104648.5448290079,104648.55963395801
581120,512,13.611359542,104648.5564389659,104648.57132204101
581632,512,13.622914583,104648.5680488829,104648.582892541
582144,512,13.634556167,104648.5796588409,104648.59453675001
582656,512,13.646231292,104648.5912687579,104648.60617283301
583168,512,13.6578345,104648.60287871589,104648.61777162501
583680,512,13.669440875,104648.6144886329,104648.629375
584192,512,13.680996417,104648.62609859089,104648.640963291
584704,512,13.692487625,104648.63770850789,104648.65251258301
585216,512,13.70422825,104648.64931846589,104648.664152458
585728,512,13.715963708,104648.6609284249,104648.67587366601
586240,512,13.727426625,104648.67253834089,104648.687414083
586752,512,13.739204083,104648.68414829989,104648.699122916
587264,512,13.750632792,104648.6957582159,104648.71062229101
587776,512,13.762208917,104648.70736813289,104648.722206958
588288,512,13.773789583,104648.7189780909,104648.733801875
588800,512,13.785541458,104648.73058804989,104648.74548920801
589312,512,13.797033125,104648.7421979659,104648.757047
589824,512,13.808559208,104648.75380792489,104648.768596708
590336,512,13.820286625,104648.7654178409,104648.780286791
590848,512,13.831790375,104648.7770277999,104648.791814083
591360,512,13.843456083,104648.78863771589,104648.803464208
591872,512,13.855032417,104648.8002476749,104648.815055083
592384,512,13.866756375,104648.81185759089,104648.82672562501
592896,512,13.878431417,104648.8234675499,104648.83835325
593408,512,13.889856333,104648.83507746589,104648.849878958
593920,512,13.901492083,104648.8466874249,104648.86151216601
594432,512,13.913245167,104648.85829734089,104648.873197791
594944,512,13.924789917,104648.86990729989,104648.88476287501
595456,512,13.936396792,104648.8815172159,104648.89641004101
595968,512,13.948072875,104648.89312717489,104648.908046083
596480,512,13.959501417,104648.90473713289,104648.91952758301
596992,512,13.97117575,104648.91634704989,104648.931172416
597504,512,13.982833042,104648.9279570079,104648.94283658301
598016,512,13.994495208,104648.9395669659,104648.95445729101
598528,512,14.006236167,104648.9511769249,104648.966200708
599040,512,14.017649,104648.96278684089,104648.97764125
599552,512,14.029175417,104648.9743967999,104648.98920316601
600064,512,14.040883083,104648.98600671589,104649.0008665
600576,512,14.052524583,104648.9976166749,104649.012489083
601088,512,14.064137542,104649.00922659089,104649.02410904101
601600,512,14.075766292,104649.0208365499,104649.03572025
602112,512,14.087371833,104649.03244646589,104649.04733295801
602624,512,14.099004833,104649.04405642489,104649.05896079101
603136,512,14.110615125,104649.0556663409,104649.07056341601
603648,512,14.122093833,104649.06727629989,104649.08209308301
604160,512,14.133770625,104649.07888625789,104649.093753708
604672,512,14.145274542,104649.09049617489,104649.10529725
605184,512,14.156906458,104649.1021061329,104649.11692204101
605696,512,14.168617625,104649.11371604989,104649.128586
606208,512,14.180285042,104649.1253260079,104649.140221791
606720,512,14.191831458,104649.1369359249,104649.15182312501
607232,512,14.203427167,104649.1485458829,104649.16340995801
607744,512,14.215031417,104649.1601557999,104649.175018958
608256,512,14.226543625,104649.1717657579,104649.18656725001
608768,512,14.238358542,104649.1833756749,104649.19817216601
609280,512,14.24989075,104649.19498563289,104649.20990391601
609792,512,14.261401917,104649.2065955499,104649.22141604101
610304,512,14.273272833,104649.21820550789,104649.23314350001
610816,512,14.284622583,104649.22981542489,104649.24463779101
611328,512,14.296140083,104649.24142538289,104649.25618691601
611840,512,14.307864542,104649.25303529989,104649.26785229101
612352,512,14.319469958,104649.26464525789,104649.279485791
612864,512,14.331032042,104649.27625517489,104649.291065625
613376,512,14.342693208,104649.2878651329,104649.30268358301
613888,512,14.354268458,104649.29947504989,104649.31428741601
614400,512,14.365855167,104649.3110850079,104649.32588487501
614912,512,14.37752175,104649.32269496589,104649.337535625
615424,512,14.389067208,104649.3343048829,104649.34908683301
615936,512,14.400699833,104649.34591484089,104649.36072537501
616448,512,14.412325375,104649.3575247579,104649.37232304101
616960,512,14.423895875,104649.36913471589,104649.38392775001
617472,512,14.435511042,104649.38074463289,104649.39554425
617984,512,14.447232958,104649.39235459089,104649.407219208
618496,512,14.458839167,104649.40396450789,104649.418832625
619008,512,14.470572042,104649.4155744659,104649.430501166
619520,512,14.482129667,104649.42718438289,104649.442084625
620032,512,14.493514125,104649.4387943409,104649.453561666
620544,512,14.505158083,104649.45040429989,104649.465193958
621056,512,14.516869292,104649.4620142579,104649.476856458
621568,512,14.528772333,104649.47362417489,104649.488421083
622080,512,14.540012167,104649.4852341329,104649.500036291
622592,512,14.551855,104649.49684404989,104649.511667166
623104,512,14.563228208,104649.5084540079,104649.52325095801
623616,512,14.574946333,104649.52006396589,104649.534918791
624128,512,14.586548333,104649.5316738829,104649.546525333
624640,512,14.598172708,104649.54328384089,104649.55814333301
625152,512,14.609757,104649.55489375789,104649.569754958
625664,512,14.621485375,104649.56650371589,104649.581421833
626176,512,14.632896917,104649.57811363289,104649.59291595801
626688,512,14.644707917,104649.58972359089,104649.60465025001
627200,512,14.656277292,104649.60133350789,104649.61622550001
627712,512,14.667864083,104649.6129434659,104649.62781745801
628224,512,14.679502042,104649.62455338289,104649.63944125001
628736,512,14.690980958,104649.6361633409,104649.650979375
629248,512,14.702614458,104649.6477732579,104649.66261737501
629760,512,14.71421875,104649.6593832159,104649.674218458
630272,512,14.725901833,104649.67099317489,104649.685880541
630784,512,14.73753175,104649.68260309089,104649.697483458
631296,512,14.749130333,104649.69421254989,104649.709102708
631808,512,14.760653417,104649.7058225079,104649.72065462501
632320,512,14.77227025,104649.71743242489,104649.732270458
632832,512,14.783819875,104649.7290423829,104649.743845416
633344,512,14.795518083,104649.7406522999,104649.75552329101
633856,512,14.807043917,104649.7522622579,104649.76705733301
634368,512,14.8187715,104649.7638721749,104649.77874412501
634880,512,14.83031,104649.77548213289,104649.790317791
635392,512,14.841973833,104649.7870920499,104649.80195091601
635904,512,14.853541625,104649.79870200789,104649.81354137501
636416,512,14.865192125,104649.8103119249,104649.82517362501
636928,512,14.876714958,104649.82192188289,104649.83674075
637440,512,14.888374875,104649.83353179989,104649.84837420801
637952,512,14.899963,104649.84514175789,104649.85997325
638464,512,14.911628792,104649.85675167489,104649.871606
638976,512,14.923223708,104649.86836163289,104649.883235
639488,512,14.934771292,104649.87997154989,104649.894785708
640000,512,14.946498292,104649.8915815079,104649.906469708
640512,512,14.95796975,104649.90319142489,104649.917991333
641024,512,14.969623917,104649.9148013829,104649.929630041
641536,512,14.981301833,104649.9264112999,104649.941287875
642048,512,14.992987792,104649.93802134089,104649.952916541
642560,512,15.004597333,104649.9496312579,104649.964540125
643072,512,15.016127792,104649.96124121589,104649.976112958
643584,512,15.027656333,104649.97285113289,104649.98766854101
644096,512,15.039309208,104649.98446109089,104649.99931300001
644608,512,15.050977375,104649.99607100789,104650.01093487501
645120,512,15.06262425,104650.0076809659,104650.02257775
645632,512,15.074068667,104650.01929088289,104650.034088375
646144,512,15.085893125,104650.0309008409,104650.045820333
646656,512,15.097422208,104650.04251075789,104650.05736933301
647168,512,15.109079,104650.0541207159,104650.069032041
647680,512,15.120956667,104650.0657306329,104650.08077645801
648192,512,15.132124458,104650.0773405909,104650.09213366601
648704,512,15.143802083,104650.0889505079,104650.103783083
649216,512,15.155419333,104650.10056046589,104650.11541137501
649728,512,15.167131625,104650.1121703829,104650.12699258301
650240,512,15.178535208,104650.12378034089,104650.13857479101
650752,512,15.1902495,104650.1353902579,104650.1502325
651264,512,15.20184275,104650.14700021589,104650.16182800001
651776,512,15.213516375,104650.15861013289,104650.173485833
652288,512,15.22510675,104650.17022009089,104650.18509441601
652800,512,15.236672208,104650.18183000789,104650.196672291
653312,512,15.248434292,104650.1934399659,104650.20836812501
653824,512,15.260031417,104650.20504992489,104650.21997729101
654336,512,15.271600083,104650.2166598409,104650.23156337501
654848,512,15.283210042,104650.22826979989,104650.24316162501
655360,512,15.294736083,104650.2398797159,104650.254723416
655872,512,15.306396708,104650.25148967489,104650.266381333
656384,512,15.3178565,104650.2630995909,104650.277892208
656896,512,15.329546125,104650.27470954989,104650.289556375
657408,512,15.341071042,104650.28631946589,104650.301106333
657920,512,15.352789667,104650.2979294249,104650.312784333
658432,512,15.36431425,104650.30953934089,104650.324341458
658944,512,15.3759865,104650.3211492999,104650.33599141601
659456,512,15.387579917,104650.33275921589,104650.347590958
659968,512,15.39914075,104650.3443691749,104650.35917304101
660480,512,15.410815292,104650.35597909089,104650.370818333
660992,512,15.4224285,104650.36758904989,104650.382433291
661504,512,15.433983625,104650.3791989659,104650.39400870801
662016,512,15.445698208,104650.39080892489,104650.405684166
662528,512,15.45723275,104650.4024188409,104650.417243125
663040,512,15.468875833,104650.41402879989,104650.42887604101
663552,512,15.4804985,104650.4256387159,104650.44048650001
664064,512,15.49198375,104650.43724867489,104650.45202600001
664576,512,15.503622917,104650.44885867489,104650.463662333
665088,512,15.515278958,104650.46046859089,104650.475289666
665600,512,15.526935,104650.4720785499,104650.486926083
666112,512,15.538518125,104650.48368846589,104650.498516583
666624,512,15.550096417,104650.4952984249,104650.510111541
667136,512,15.561662833,104650.50690834089,104650.52169358301
667648,512,15.573398708,104650.5185182999,104650.533385125
668160,512,15.585095042,104650.53012825789,104650.545028541
668672,512,15.596592958,104650.5417381749,104650.556591
669184,512,15.608181792,104650.55334813289,104650.56817829101
669696,512,15.619842708,104650.56495804989,104650.57982854101
670208,512,15.631480125,104650.57656800789,104650.59145220801
670720,512,15.643100917,104650.58817792489,104650.60306516601
671232,512,15.654567,104650.5997878829,104650.614582333
671744,512,15.666351167,104650.61139779989,104650.626294375
672256,512,15.6778055,104650.6230077579,104650.63780429101
672768,512,15.689489,104650.63461767489,104650.64948545801
673280,512,15.701016833,104650.6462276329,104650.661041
673792,512,15.712652042,104650.6578375499,104650.67266654101
674304,512,15.724295417,104650.6694475079,104650.68430250001
674816,512,15.735826667,104650.6810574249,104650.69585487501
675328,512,15.747604792,104650.69266738289,104650.707579458
675840,512,15.759180917,104650.70427734089,104650.71907729101
676352,512,15.77066425,104650.71588725789,104650.73068650001
676864,512,15.78250975,104650.72749721589,104650.74230429101
677376,512,15.793998708,104650.73910713289,104650.75400029101
677888,512,15.805818375,104650.7507170909,104650.76568891601
678400,512,15.817216375,104650.76232700789,104650.77720095801
678912,512,15.828757458,104650.7739369659,104650.788759125
679424,512,15.840388,104650.7855468829,104650.800386083
679936,512,15.852120458,104650.7971568409,104650.812077416
680448,512,15.863671042,104650.8087667579,104650.8236405
680960,512,15.875307292,104650.8203767159,104650.835257375
681472,512,15.886838292,104650.8319866329,104650.84683316601
681984,512,15.8984155,104650.84359659089,104650.858421375
682496,512,15.909986583,104650.8552065079,104650.870008333
683008,512,15.921601583,104650.86681646589,104650.88160945801
683520,512,15.933267083,104650.87842638289,104650.893267291
684032,512,15.944827875,104650.89003634089,104650.90485583301
684544,512,15.956413792,104650.90164625789,104650.91644404101
685056,512,15.968106917,104650.91325621589,104650.92810329101
685568,512,15.979751792,104650.92486613289,104650.93972825
686080,512,15.991441417,104650.93647613289,104650.95138816601
686592,512,16.00290325,104650.9480860909,104650.962911208
687104,512,16.014622167,104650.95969600789,104650.974591
687616,512,16.026097333,104650.9713059659,104650.986117791
688128,512,16.03776875,104650.9829158829,104650.997759416
688640,512,16.049614958,104650.9945258409,104651.00948945801
689152,512,16.061323583,104651.0061357579,104651.021018
689664,512,16.072760792,104651.01774571589,104651.03270104101
690176,512,16.084336625,104651.0293556329,104651.044273583
690688,512,16.095876417,104651.04096559089,104651.05584604101
691200,512,16.1074715,104651.05257550789,104651.067441916
691712,512,16.118996542,104651.06418546589,104651.07900387501
692224,512,16.130522583,104651.07579538289,104651.09056012501
692736,512,16.14226,104651.08740534089,104651.102238666
693248,512,16.153770917,104651.09901529989,104651.113785458
693760,512,16.165497583,104651.1106252159,104651.12547816601
694272,512,16.1770745,104651.12223517489,104651.13706745801
694784,512,16.188722333,104651.1338450909,104651.148711375
695296,512,16.200293042,104651.14545504989,104651.160285291
695808,512,16.211867875,104651.1570649659,104651.17188612501
696320,512,16.223511833,104651.16867492489,104651.183516541
696832,512,16.235178458,104651.1802848409,104651.19516125001
697344,512,16.246885417,104651.1918947999,104651.206818791
697856,512,16.258285042,104651.20350471589,104651.218310166
698368,512,16.269906583,104651.2151146749,104651.229930916
698880,512,16.28166175,104651.22672459089,104651.24162066601
699392,512,16.293209417,104651.2383345499,104651.25319583301
699904,512,16.304780583,104651.24994446589,104651.26477304101
700416,512,16.316396625,104651.2615544249,104651.27640591601
700928,512,16.327940958,104651.27316434089,104651.287967625
701440,512,16.339530125,104651.28477429989,104651.29956658301
701952,512,16.351102,104651.29638425789,104651.311146458
702464,512,16.362779292,104651.30799417489,104651.322807125
702976,512,16.374377292,104651.31960413289,104651.33440175
703488,512,16.38618125,104651.33121404989,104651.346035833
704000,512,16.397597625,104651.3428240079,104651.35762075
704512,512,16.409182,104651.35443392489,104651.369220458
705024,512,16.420839792,104651.3660438829,104651.38085820801
705536,512,16.432419458,104651.3776537999,104651.392450875
706048,512,16.444233958,104651.3892637579,104651.40418825
706560,512,16.455678083,104651.4008736749,104651.415690875
707072,512,16.467252667,104651.4124836329,104651.42727591601
707584,512,16.479003125,104651.4240935499,104651.438976916
708096,512,16.490528458,104651.43570350789,104651.45053425
708608,512,16.502082042,104651.44731350789,104651.462114208
709120,512,16.513766917,104651.45892342489,104651.4737655
709632,512,16.525575833,104651.47053338289,104651.4853385
710144,512,16.53691075,104651.48214329989,104651.49693704101
710656,512,16.54858,104651.49375325789,104651.508584708
711168,512,16.560160208,104651.50536317489,104651.520182041
711680,512,16.57179025,104651.5169731329,104651.53178929101
712192,512,16.583436792,104651.52858304989,104651.54342825
712704,512,16.595128333,104651.5401930079,104651.55508425001
713216,512,16.606741458,104651.55180292489,104651.566699541
713728,512,16.618320667,104651.5634128829,104651.578288416
714240,512,16.629941917,104651.5750227999,104651.589903916
714752,512,16.6414905,104651.5866327579,104651.60147733301
715264,512,16.653164625,104651.5982426749,104651.613119625
715776,512,16.664773583,104651.60985263289,104651.62472420801
716288,512,16.67635475,104651.6214625499,104651.63633929101
716800,512,16.687975333,104651.63307250789,104651.647947666
717312,512,16.699516,104651.64468242489,104651.659512125
717824,512,16.711134917,104651.65629238289,104651.6711285
718336,512,16.7227725,104651.6679023409,104651.68276375001
718848,512,16.734391458,104651.67951225789,104651.69437508301
719360,512,16.745971875,104651.6911222159,104651.705971541
719872,512,16.757632417,104651.7027321329,104651.717614875
720384,512,16.769268958,104651.7143420909,104651.72924500001
720896,512,16.780888667,104651.7259520079,104651.74086341601
721408,512,16.7923425,104651.73756196589,104651.752363
721920,512,16.804107208,104651.7491718829,104651.76400600001
722432,512,16.815744208,104651.76078184089,104651.775675208
722944,512,16.827279917,104651.7723917579,104651.787250041
723456,512,16.839083792,104651.78400171589,104651.79895883301
723968,512,16.850483625,104651.79561163289,104651.81047475
724480,512,16.862038417,104651.80722159089,104651.82203787501
724992,512,16.873738292,104651.81883150789,104651.833700375
725504,512,16.885286792,104651.83044146589,104651.845290875
726016,512,16.896971875,104651.84205138289,104651.856939416
726528,512,16.908444917,104651.8536613409,104651.868463
727040,512,16.920172833,104651.86527125789,104651.880151291
727552,512,16.931695292,104651.8768812159,104651.89169929101
728064,512,16.943500042,104651.88849117489,104651.903355666
728576,512,16.954914583,104651.9001010909,104651.91493537501
729088,512,16.966497375,104651.91171104989,104651.92652225001
729600,512,16.978212375,104651.92332096589,104651.938177375
730112,512,16.989826792,104651.9349309249,104651.94981033301
730624,512,17.001371292,104651.9465404659,104651.961376708
731136,512,17.012994125,104651.95815042489,104651.973000083
731648,512,17.024705667,104651.96976034089,104651.98465575001
732160,512,17.036349875,104651.9813702999,104651.996303958
732672,512,17.047967833,104651.99298021589,104652.0079255
733184,512,17.059419875,104652.0045901749,104652.01942429101
733696,512,17.071181375,104652.01620009089,104652.03111316601
734208,512,17.082835042,104652.0278100499,104652.042803375
734720,512,17.094282208,104652.03941996589,104652.054266583
735232,512,17.106064,104652.05102992489,104652.065954708
735744,512,17.117653542,104652.0626398409,104652.077552666
736256,512,17.129151958,104652.07424979989,104652.08910525001
736768,512,17.140724833,104652.0858597159,104652.100703958
737280,512,17.152452583,104652.09746967489,104652.112392541
737792,512,17.164047125,104652.1090795909,104652.12399529101
738304,512,17.175465375,104652.12068954989,104652.135487291
738816,512,17.187104208,104652.1322994659,104652.147117125
739328,512,17.198711958,104652.14390942489,104652.158726875
739840,512,17.210251042,104652.15551934089,104652.170287916
740352,512,17.221929458,104652.1671292999,104652.18193450001
740864,512,17.233541583,104652.17873921589,104652.193546458
741376,512,17.245190708,104652.1903491749,104652.20520387501
741888,512,17.256694083,104652.2019591749,104652.216731833
742400,512,17.268376917,104652.21356913289,104652.22838537501
742912,512,17.279958875,104652.2251790499,104652.239970291
743424,512,17.291592125,104652.23678900789,104652.25160041601
743936,512,17.303145125,104652.24839892489,104652.263178666
744448,512,17.314818667,104652.26000888289,104652.274826458
744960,512,17.326414708,104652.27161879989,104652.286419166
745472,512,17.338051583,104652.2832287579,104652.298058625
745984,512,17.349828375,104652.29483867489,104652.30976058301
746496,512,17.361289833,104652.3064486329,104652.321279875
747008,512,17.373012375,104652.31805854989,104652.332964083
747520,512,17.384606792,104652.3296685079,104652.34455183301
748032,512,17.396167417,104652.3412784249,104652.35614025
748544,512,17.407711083,104652.3528883829,104652.367722083
749056,512,17.419368958,104652.3644982999,104652.379318666
749568,512,17.43093525,104652.37610825789,104652.390938875
750080,512,17.442534208,104652.3877181749,104652.402551291
750592,512,17.45414025,104652.39932813289,104652.414154208
751104,512,17.465775208,104652.4109380499,104652.42578837501
751616,512,17.477313083,104652.42254800789,104652.437341041
752128,512,17.488954375,104652.43415792489,104652.44894379101
752640,512,17.50058875,104652.44576788289,104652.46060800001
753152,512,17.512177833,104652.4573778409,104652.47217375001
753664,512,17.523785208,104652.4689877579,104652.483799166
754176,512,17.535396375,104652.4805977159,104652.49541941601
754688,512,17.547039042,104652.4922076329,104652.50704266601
755200,512,17.558566375,104652.5038175909,104652.51860066601
755712,512,17.570259583,104652.5154275079,104652.530192708
756224,512,17.581965917,104652.52703746589,104652.54192300001
756736,512,17.593579667,104652.5386473829,104652.553534791
757248,512,17.605262417,104652.55025734089,104652.56516937501
757760,512,17.616834958,104652.56186725789,104652.576769708
758272,512,17.628242833,104652.57347721589,104652.58827225001
758784,512,17.639886167,104652.58508713289,104652.599903708
759296,512,17.651519708,104652.59669709089,104652.61146525001
759808,512,17.663287875,104652.60830700789,104652.62322533301
760320,512,17.674815333,104652.6199169659,104652.634780666
760832,512,17.686414542,104652.63152688289,104652.64639600001
761344,512,17.697944292,104652.6431368409,104652.65796691601
761856,512,17.709654292,104652.6547467579,104652.66962495801
762368,512,17.72123425,104652.6663567159,104652.681223666
762880,512,17.732805917,104652.6779666329,104652.692812458
763392,512,17.744450125,104652.6895765909,104652.70444629101
763904,512,17.755973542,104652.7011865499,104652.71599129101
764416,512,17.7675745,104652.71279646589,104652.72760466601
764928,512,17.779315,104652.7244064249,104652.73926100001
765440,512,17.790841542,104652.73601634089,104652.750846875
765952,512,17.802402125,104652.7476262999,104652.762430916
766464,512,17.814222417,104652.75923621589,104652.774115916
766976,512,17.825713208,104652.7708461749,104652.785700041
767488,512,17.837405875,104652.78245609089,104652.797328625
768000,512,17.848992792,104652.79406604989,104652.80894725
768512,512,17.860469667,104652.8056759659,104652.820484416
769024,512,17.872238208,104652.81728592489,104652.83219633301
769536,512,17.883668125,104652.8288958409,104652.84368862501
770048,512,17.895410125,104652.84050579989,104652.85538891601
770560,512,17.906936125,104652.8521157159,104652.86693437501
771072,512,17.918623125,104652.86372567489,104652.878617041
771584,512,17.930122375,104652.8753356329,104652.890147375
772096,512,17.941770875,104652.8869455499,104652.90177483301
772608,512,17.95342425,104652.8985555079,104652.91339912501
773120,512,17.9650065,104652.9101654249,104652.92501925
773632,512,17.976615083,104652.92177538289,104652.93661687501
774144,512,17.988226833,104652.9333852999,104652.94822770801
774656,512,17.999792125,104652.9449952999,104652.959810208
775168,512,18.011446042,104652.95660525789,104652.971447125
775680,512,18.023132583,104652.96821517489,104652.983098083
776192,512,18.034753958,104652.97982513289,104652.99472487501
776704,512,18.046415375,104652.99143504989,104653.00634141601
777216,512,18.057871333,104653.00304500789,104653.01788645801
777728,512,18.069553125,104653.01465492489,104653.029512833
778240,512,18.081200292,104653.0262648829,104653.04116475
778752,512,18.092866125,104653.03787479989,104653.052812875
779264,512,18.104569958,104653.0494847579,104653.06434387501
779776,512,18.116016917,104653.0610946749,104653.075973041
780288,512,18.127498458,104653.0727046329,104653.08750395801
780800,512,18.139205292,104653.0843145499,104653.09917525001
781312,512,18.150713292,104653.0959245079,104653.11072441601
781824,512,18.162315833,104653.1075344249,104653.12233441601
782336,512,18.174008375,104653.11914438289,104653.133993041
782848,512,18.185592458,104653.1307542999,104653.145564791
783360,512,18.197143708,104653.14236425789,104653.157167208
783872,512,18.208818708,104653.15397417489,104653.16879883301
784384,512,18.220485458,104653.16558413289,104653.180463833
784896,512,18.231995708,104653.17719404989,104653.19202004101
785408,512,18.243733083,104653.18880400789,104653.20370470801
785920,512,18.255255875,104653.2004139659,104653.21525558301
786432,512,18.266808333,104653.2120238829,104653.22681945801
786944,512,18.278456292,104653.2236338409,104653.23845979101
787456,512,18.290038625,104653.2352437579,104653.250057875
787968,512,18.301619375,104653.24685371589,104653.26164950001
788480,512,18.313299708,104653.2584636329,104653.273299916
788992,512,18.324825458,104653.27007359089,104653.284850291
789504,512,18.336435333,104653.2816835079,104653.29646845801
790016,512,18.348091958,104653.29329346589,104653.308111291
790528,512,18.3597305,104653.30490338289,104653.31974
791040,512,18.371394,104653.31651334089,104653.331384791
791552,512,18.382970542,104653.32812325789,104653.342970583
792064,512,18.394489167,104653.3397332159,104653.35452375001
792576,512,18.406116167,104653.35134313289,104653.366147875
793088,512,18.417709542,104653.3629530909,104653.37774225001
793600,512,18.429449917,104653.37456300789,104653.38943279101
794112,512,18.441022875,104653.3861729659,104653.401021708
794624,512,18.45260075,104653.39778292489,104653.41261241601
795136,512,18.464122125,104653.4093928409,104653.42416362501
795648,512,18.475779583,104653.42100279989,104653.435802583
796160,512,18.487365,104653.43261271589,104653.44740075001
796672,512,18.49900675,104653.4442226749,104653.45903429101
797184,512,18.510616167,104653.45583259089,104653.47063950001
797696,512,18.522258583,104653.4674425499,104653.48227220801
798208,512,18.533831375,104653.47905246589,104653.493859416
798720,512,18.545452,104653.4906624249,104653.50547475001
799232,512,18.557136958,104653.50227234089,104653.517101416
799744,512,18.568759167,104653.51388229989,104653.528746833
800256,512,18.580322125,104653.52549225789,104653.54032120801
800768,512,18.59188,104653.53710217489,104653.55190625001
801280,512,18.603904208,104653.54871213289,104653.563495458
801792,512,18.615208167,104653.56032204989,104653.575200916
802304,512,18.626713917,104653.5719320079,104653.586747416
802816,512,18.63846325,104653.58354192489,104653.59842400001
803328,512,18.649941583,104653.5951518829,104653.609938791
803840,512,18.661508167,104653.60676179989,104653.621540958
804352,512,18.67318975,104653.6183717579,104653.633186
804864,512,18.684933333,104653.6299816749,104653.644880708
805376,512,18.69639825,104653.6415916329,104653.65640541601
805888,512,18.708039417,104653.6532015499,104653.66804070801
806400,512,18.719671,104653.66481150789,104653.67966145801
806912,512,18.731278292,104653.6764214249,104653.69127933301
807424,512,18.742897875,104653.6880314249,104653.702881125
807936,512,18.754581625,104653.69964138289,104653.71450441601
808448,512,18.766097,104653.71125129989,104653.726097583
808960,512,18.777716583,104653.72286125789,104653.737716375
809472,512,18.789365875,104653.73447117489,104653.74934120801
809984,512,18.800874583,104653.7460811329,104653.760892
810496,512,18.812504917,104653.75769104989,104653.772512083
811008,512,18.824142375,104653.7693010079,104653.78414554101
811520,512,18.83575125,104653.78091092489,104653.795751208
812032,512,18.847478417,104653.7925208829,104653.807421125
812544,512,18.859119417,104653.8041307999,104653.81905325
813056,512,18.87072875,104653.8157407579,104653.830662791
813568,512,18.882309083,104653.8273506749,104653.84224725001
814080,512,18.893711917,104653.83896063289,104653.853746333
814592,512,18.905501917,104653.8505705499,104653.865466375
815104,512,18.916944208,104653.86218050789,104653.876975666
815616,512,18.928676042,104653.8737904249,104653.888665958
816128,512,18.940445917,104653.88540038289,104653.900381125
816640,512,18.951931083,104653.89701029989,104653.91190987501
817152,512,18.963447583,104653.90862025789,104653.92345175
817664,512,18.975073,104653.9202302159,104653.93508400001
818176,512,18.9867045,104653.9318401329,104653.946697708
818688,512,18.99831025,104653.9434500909,104653.95831966601
819200,512,19.009987292,104653.9550600079,104653.969939666
819712,512,19.021596625,104653.9666699659,104653.98157500001
820224,512,19.03305325,104653.9782798829,104653.99307600001
820736,512,19.044722542,104653.98988984089,104654.004737833
821248,512,19.056270792,104654.0014997579,104654.016297041
821760,512,19.067994542,104654.01310971589,104654.027972875
822272,512,19.079669542,104654.02471963289,104654.03961020801
822784,512,19.091163375,104654.03632959089,104654.051171583
823296,512,19.102704708,104654.04793950789,104654.06273354101
823808,512,19.114433958,104654.05954946589,104654.07441820801
824320,512,19.126105792,104654.07115938289,104654.086064125
824832,512,19.137759625,104654.0827693409,104654.097689083
825344,512,19.149306875,104654.09437925789,104654.109252458
825856,512,19.160906,104654.1059892159,104654.12086504101
826368,512,19.17250125,104654.11759917489,104654.132479166
826880,512,19.184031667,104654.1292090909,104654.144043791
827392,512,19.195712375,104654.14081904989,104654.155710666
827904,512,19.20724175,104654.1524289659,104654.16724133301
828416,512,19.218898833,104654.1640389249,104654.17888933301
828928,512,19.230378917,104654.17564884089,104654.190421666
829440,512,19.242117458,104654.1872587999,104654.20210945801
829952,512,19.253671167,104654.1988705079,104654.213687708
830464,512,19.265246958,104654.21048046589,104654.225281791
830976,512,19.277047,104654.2220904249,104654.2369955
831488,512,19.288505625,104654.23370034089,104654.248518833
832000,512,19.300100167,104654.2453102999,104654.26010925001
832512,512,19.311676708,104654.25692025789,104654.271708375
833024,512,19.323333333,104654.26853017489,104654.283348333
833536,512,19.334892083,104654.28014013289,104654.29493075001
834048,512,19.346724375,104654.2917500909,104654.30655987501
834560,512,19.358098083,104654.30336004989,104654.318139958
835072,512,19.369861542,104654.3149699659,104654.329754
835584,512,19.381387875,104654.32657992489,104654.34140191601
836096,512,19.393024292,104654.3381898829,104654.353018708
836608,512,19.404618708,104654.3497997999,104654.36462250001
837120,512,19.416220208,104654.3614097579,104654.37622916601
837632,512,19.427865083,104654.37301971589,104654.387799791
838144,512,19.439415958,104654.3846296329,104654.39943220801
838656,512,19.451159,104654.39623959089,104654.41114933301
839168,512,19.462746083,104654.4078495499,104654.42273141601
839680,512,19.474252208,104654.41945950789,104654.434274
840192,512,19.485921833,104654.43106942489,104654.445919291
840704,512,19.49748875,104654.44267925789,104654.45750208301
841216,512,19.509044583,104654.4542892159,104654.46908037501
841728,512,19.520693417,104654.46589913289,104654.48071058301
842240,512,19.532332208,104654.4775090909,104654.49235875001
842752,512,19.543935833,104654.48911904989,104654.50394475
843264,512,19.555509833,104654.5007289659,104654.51553204101
843776,512,19.56711125,104654.51233892489,104654.527140541
844288,512,19.578821375,104654.5239488829,104654.53880345801
844800,512,19.59034925,104654.5355587999,104654.550364625
845312,512,19.601986875,104654.5471687579,104654.561996541
845824,512,19.61359525,104654.55877871589,104654.57360500001
846336,512,19.625180708,104654.5703886749,104654.585199416
846848,512,19.636772,104654.58199859089,104654.59679737501
847360,512,19.64867875,104654.5936085499,104654.608566541
847872,512,19.660263833,104654.60521850789,104654.620139791
848384,512,19.671724167,104654.61682842489,104654.63171066601
848896,512,19.6834385,104654.62843838289,104654.643367625
849408,512,19.694927583,104654.6400483409,104654.65490770801
849920,512,19.706549875,104654.65165825789,104654.66653241601
850432,512,19.718199375,104654.6632682159,104654.67817241601
850944,512,19.729742833,104654.67487817489,104654.689730333
851456,512,19.741472417,104654.6864880909,104654.70139416601
851968,512,19.753040333,104654.69809792489,104654.71300837501
852480,512,19.764638083,104654.7097078829,104654.72458145801
852992,512,19.776183,104654.72131784089,104654.736161875
853504,512,19.787771,104654.7329277579,104654.74777150001
854016,512,19.799515958,104654.74453771589,104654.75941429101
854528,512,19.811004333,104654.7561476749,104654.770993583
855040,512,19.82262775,104654.76775759089,104654.78260850001
855552,512,19.834211292,104654.7793675499,104654.794208833
856064,512,19.845989208,104654.79097750789,104654.805891416
856576,512,19.857548,104654.80258742489,104654.817483541
857088,512,19.86919,104654.81419738289,104654.829117916
857600,512,19.880713625,104654.8258073409,104654.840697416
858112,512,19.89216725,104654.83741725789,104654.852203083
858624,512,19.903836292,104654.8490272159,104654.86385050001
859136,512,19.915511708,104654.86063717489,104654.87550225001
859648,512,19.927196292,104654.8722471329,104654.88715000001
860160,512,19.938851917,104654.88385704989,104654.898775166
860672,512,19.950349542,104654.8954670079,104654.91033708301
861184,512,19.961916708,104654.90707696589,104654.921914916
861696,512,19.973484375,104654.9186868829,104654.933497291
862208,512,19.985107667,104654.93029684089,104654.94511287501
862720,512,19.996874333,104654.9419066329,104654.956807833
863232,512,20.008278708,104654.95351659089,104654.968311916
863744,512,20.02005375,104654.96512650789,104654.98002966601
864256,512,20.031545167,104654.97673646589,104654.99156345801
864768,512,20.0432275,104654.98834642489,104655.00322079101
865280,512,20.054740625,104654.9999563409,104655.014761041
865792,512,20.066481583,104655.01156629989,104655.02645033301
866304,512,20.078007667,104655.02317625789,104655.0379775
866816,512,20.089676,104655.03478617489,104655.04965245801
867328,512,20.101192542,104655.0463961329,104655.06120587501
867840,512,20.112901167,104655.0580060909,104655.072874291
868352,512,20.12458225,104655.0696160079,104655.08453020801
868864,512,20.136075917,104655.08122596589,104655.096071541
869376,512,20.147735792,104655.0928359249,104655.107719791
869888,512,20.1592285,104655.10444584089,104655.11925783301
870400,512,20.17086675,104655.1160557999,104655.13088695801
870912,512,20.182589292,104655.12766575789,104655.14256129101
871424,512,20.19422475,104655.1392756749,104655.154174333
871936,512,20.205899792,104655.15088563289,104655.16583012501
872448,512,20.217420833,104655.16249559089,104655.17735825
872960,512,20.228949542,104655.17410550789,104655.18894958301
873472,512,20.240618708,104655.1857154659,104655.200596416
873984,512,20.252342542,104655.19732529989,104655.21226620801
874496,512,20.263872167,104655.20893525789,104655.223817
875008,512,20.27553725,104655.2205452159,104655.235469958
875520,512,20.2869725,104655.2321551329,104655.246974166
876032,512,20.298598375,104655.2437650909,104655.25859895801
876544,512,20.310152375,104655.25537504989,104655.270162916
877056,512,20.321775458,104655.26698496589,104655.281781708
877568,512,20.333361875,104655.2785949249,104655.293393625
878080,512,20.344980417,104655.2902048829,104655.30500516601
878592,512,20.356588167,104655.3018147999,104655.31661558301
879104,512,20.368220167,104655.31342475789,104655.328235958
879616,512,20.379769958,104655.32503471589,104655.339809625
880128,512,20.391433292,104655.33664463289,104655.351450916
880640,512,20.403037917,104655.34825459089,104655.36305700001
881152,512,20.414681875,104655.35986454989,104655.37469441601
881664,512,20.426190833,104655.3714744659,104655.38624208301
882176,512,20.437834417,104655.38308442489,104655.39786470801
882688,512,20.449540042,104655.39469438289,104655.409538041
883200,512,20.461136792,104655.40630429989,104655.421136541
883712,512,20.4729105,104655.4179142579,104655.432897166
884224,512,20.484376167,104655.4295242159,104655.444364041
884736,512,20.495916292,104655.44113404989,104655.45593920801
885248,512,20.507541792,104655.4527440079,104655.46756391601
885760,512,20.519182708,104655.46435396589,104655.479185416
886272,512,20.530767958,104655.4759638829,104655.49078729101
886784,512,20.542347625,104655.48757384089,104655.50236775
887296,512,20.554040417,104655.4991837999,104655.51400920801
887808,512,20.565536708,104655.51079371589,104655.525572625
888320,512,20.57719325,104655.5224036749,104655.53721950001
888832,512,20.588982792,104655.53401359089,104655.54892112501
889344,512,20.600435375,104655.54562354989,104655.560455625
889856,512,20.612011125,104655.55723350789,104655.572036583
890368,512,20.623608333,104655.56884342489,104655.583639791
890880,512,20.635243333,104655.58045338289,104655.595267458
891392,512,20.646867042,104655.5920633409,104655.606878666
891904,512,20.658520417,104655.6036732579,104655.618517166
892416,512,20.670229292,104655.6152832159,104655.630178041
892928,512,20.681888333,104655.6268931749,104655.64182837501
893440,512,20.693308958,104655.63850309089,104655.653320458
893952,512,20.705024792,104655.6501130499,104655.66499220801
894464,512,20.716628625,104655.6617230079,104655.67660729101
894976,512,20.728205583,104655.6733329249,104655.68820354101
895488,512,20.739786792,104655.68494288289,104655.699791958
896000,512,20.751428167,104655.69655271589,104655.711418916
896512,512,20.763074167,104655.70816263289,104655.72304079101
897024,512,20.774678292,104655.71977259089,104655.73464412501
897536,512,20.786249792,104655.73138254989,104655.74625120801
898048,512,20.797881208,104655.7429924659,104655.757877083
898560,512,20.809435583,104655.75460242489,104655.769418333
899072,512,20.82116275,104655.76621238289,104655.78107483301
899584,512,20.832639583,104655.77782229989,104655.79264550001
900096,512,20.844290042,104655.7894322579,104655.804287166
900608,512,20.855799333,104655.80104217489,104655.815831375
901120,512,20.867496042,104655.8126521329,104655.82750066601
901632,512,20.879102875,104655.82426209089,104655.839096875
902144,512,20.890644083,104655.8358720079,104655.850669416
902656,512,20.90232725,104655.84748196589,104655.862323666
903168,512,20.91398475,104655.8590919249,104655.87397779101
903680,512,20.925623542,104655.87070184089,104655.88559745801
904192,512,20.937126083,104655.8823117999,104655.89713041601
904704,512,20.94885825,104655.89392171589,104655.90881237501
905216,512,20.960359833,104655.90553167489,104655.92036325
905728,512,20.971982208,104655.91714163289,104655.93198570801
906240,512,20.983577333,104655.92875154989,104655.943586583
906752,512,20.995288542,104655.9403614659,104655.955265458
907264,512,21.007067458,104655.95197138289,104655.966948375
907776,512,21.018500333,104655.9635813409,104655.97847566601
908288,512,21.0299985,104655.9751912579,104655.99001675
908800,512,21.041637875,104655.9868012159,104656.001639708
909312,512,21.053260208,104655.99841117489,104656.013267125
909824,512,21.064906583,104656.01002109089,104656.02488870801
910336,512,21.0764865,104656.0216310499,104656.036475375
910848,512,21.088093375,104656.0332410079,104656.048095916
911360,512,21.099665833,104656.0448509249,104656.05967191601
911872,512,21.111405625,104656.05646088289,104656.071350166
912384,512,21.123003792,104656.06807084089,104656.082930666
912896,512,21.13447675,104656.07968075789,104656.09449041601
913408,512,21.146060875,104656.09129071589,104656.106088375
913920,512,21.15768625,104656.10290063289,104656.117708958
914432,512,21.169265083,104656.1145105909,104656.129299166
914944,512,21.181027417,104656.12612054989,104656.14100795801
915456,512,21.192687833,104656.1377304659,104656.152642125
915968,512,21.204285208,104656.14934042489,104656.16423533301
916480,512,21.215861625,104656.1609503829,104656.175833208
916992,512,21.227405583,104656.17256029989,104656.187395
917504,512,21.239051,104656.1841702579,104656.19904933301
918016,512,21.250638708,104656.1957801329,104656.21062304101
918528,512,21.262303875,104656.20739009089,104656.222260875
919040,512,21.273855583,104656.2190000079,104656.233803583
919552,512,21.285539167,104656.23060996589,104656.245486208
920064,512,21.297187833,104656.2422199249,104656.25712945801
920576,512,21.308838542,104656.25382984089,104656.268692708
921088,512,21.320239708,104656.2654397999,104656.280269625
921600,512,21.331832875,104656.27704971589,104656.291858625
922112,512,21.343500125,104656.28865967489,104656.303506083
922624,512,21.355081958,104656.30026963289,104656.315091291
923136,512,21.366645583,104656.31187954989,104656.32667720801
923648,512,21.378216542,104656.3234895079,104656.33826100001
924160,512,21.389836708,104656.3350994659,104656.34987250001
924672,512,21.401521083,104656.3467093829,104656.36154095801
925184,512,21.413092042,104656.3583193409,104656.37310825
925696,512,21.42466225,104656.3699292579,104656.38470562501
926208,512,21.436309917,104656.38153921589,104656.39632229101
926720,512,21.447977,104656.3931491749,104656.407980541
927232,512,21.459591167,104656.40475909089,104656.41959154101
927744,512,21.471212417,104656.4163690499,104656.431214375
928256,512,21.482808958,104656.42797900789,104656.44281962501
928768,512,21.494377708,104656.4395879659,104656.454400666
929280,512,21.50596125,104656.4511979249,104656.465996583
929792,512,21.517568792,104656.46280784089,104656.477597916
930304,512,21.529267042,104656.4744177999,104656.489240416
930816,512,21.540827833,104656.48602771589,104656.50084250001
931328,512,21.552478542,104656.4976376749,104656.51247420801
931840,512,21.564045125,104656.50924759089,104656.524071416
932352,512,21.575728958,104656.5208575499,104656.535715416
932864,512,21.587259417,104656.53246746589,104656.547276083
933376,512,21.598905208,104656.54407742489,104656.55892304101
933888,512,21.610568125,104656.5556873409,104656.570564333
934400,512,21.622098917,104656.56729729989,104656.58211604101
934912,512,21.633673167,104656.5789072159,104656.59370308301
935424,512,21.6453345,104656.59051717489,104656.60535054101
935936,512,21.656993083,104656.6021270909,104656.61698433301
936448,512,21.668599125,104656.61373704989,104656.628599375
936960,512,21.68022825,104656.6253470079,104656.640221583
937472,512,21.691710958,104656.6369569249,104656.65174700001
937984,512,21.703360667,104656.6485668829,104656.663380166
938496,512,21.714979542,104656.6601767999,104656.67499445801
939008,512,21.726624042,104656.6717867579,104656.686626416
939520,512,21.738319958,104656.6833966749,104656.698267875
940032,512,21.749888042,104656.6950066749,104656.70987262501
940544,512,21.761507,104656.70661659089,104656.72149133301
941056,512,21.773112083,104656.7182265499,104656.733103125
941568,512,21.784623583,104656.7298364659,104656.744649
942080,512,21.796340375,104656.74144642489,104656.75633404101
942592,512,21.807861125,104656.7530563409,104656.767870833
943104,512,21.819553375,104656.76466629989,104656.77953550001
943616,512,21.831147667,104656.7762762579,104656.791142375
944128,512,21.842753292,104656.78788617489,104656.802752791
944640,512,21.854332208,104656.7994961329,104656.81432875001
945152,512,21.865966625,104656.81110604989,104656.825968291
945664,512,21.877618208,104656.8227160079,104656.83759225001
946176,512,21.889180917,104656.8343259249,104656.849175583
946688,512,21.900870458,104656.8459358829,104656.86078608301
947200,512,21.912387625,104656.8575457999,104656.87238312501
947712,512,21.924111208,104656.86915575789,104656.88406629101
948224,512,21.935567708,104656.8807656749,104656.895586583
948736,512,21.947321125,104656.89237563289,104656.90728654101
949248,512,21.958778458,104656.9039855499,104656.918789791
949760,512,21.97043225,104656.91559550789,104656.930440875
950272,512,21.982102833,104656.92720542489,104656.942073708
950784,512,21.993753833,104656.93881538289,104656.95372058301
951296,512,22.005335958,104656.95042529989,104656.96529970801
951808,512,22.016899458,104656.9620352579,104656.976898041
952320,512,22.02843375,104656.97364517489,104656.988452791
952832,512,22.040073917,104656.9852551329,104657.00008825
953344,512,22.051654292,104656.9968650909,104657.011667125
953856,512,22.063387125,104657.0084750079,104657.02337183301
954368,512,22.074977917,104657.02008496589,104657.034942333
954880,512,22.086654292,104657.0316948829,104657.046591125
955392,512,22.098112625,104657.04330484089,104657.058119541
955904,512,22.10977825,104657.05491475789,104657.069764333
956416,512,22.121433667,104657.06652471589,104657.081391208
956928,512,22.132965792,104657.07813463289,104657.09296987501
957440,512,22.144599792,104657.08974459089,104657.10459262501
957952,512,22.156148292,104657.10135450789,104657.116166541
958464,512,22.1678095,104657.1129644659,104657.127799833
958976,512,22.179528375,104657.12457438289,104657.13946975
959488,512,22.191109667,104657.1361843409,104657.15107275001
960000,512,22.202538583,104657.1477942579,104657.16257204101
960512,512,22.21417125,104657.1594042159,104657.17419725
961024,512,22.225758,104657.1710141329,104657.185793333
961536,512,22.237428125,104657.1826240909,104657.197439583
962048,512,22.249046083,104657.19423409089,104657.209057458
962560,512,22.260645875,104657.2058440079,104657.220652
963072,512,22.272333625,104657.21745396589,104657.23231600001
963584,512,22.283971667,104657.22906388289,104657.243947166
964096,512,22.295421417,104657.24067384089,104657.255452583
964608,512,22.307220875,104657.25228375789,104657.267163875
965120,512,22.318741792,104657.26389371589,104657.27870925001
965632,512,22.33029175,104657.27550363289,104657.290306166
966144,512,22.341882833,104657.2871135909,104657.301905375
966656,512,22.353550833,104657.29872350789,104657.313549625
967168,512,22.365150208,104657.3103334659,104657.325150916
967680,512,22.376883125,104657.32194338289,104657.336844
968192,512,22.388365375,104657.3335533409,104657.348367208
968704,512,22.399889458,104657.34516329989,104657.359932958
969216,512,22.4115825,104657.3567732159,104657.37158954101
969728,512,22.423169583,104657.3683831749,104657.38318208301
970240,512,22.434820917,104657.37999309089,104657.394817541
970752,512,22.446597875,104657.3916030499,104657.40652425001
971264,512,22.458020417,104657.40321296589,104657.4180435
971776,512,22.46958125,104657.4148229249,104657.429614833
972288,512,22.481245875,104657.42643284089,104657.441251458
972800,512,22.492901542,104657.4380427999,104657.45289779101
973312,512,22.504528708,104657.44965271589,104657.464514958
973824,512,22.516102167,104657.46126267489,104657.47610500001
974336,512,22.527634833,104657.4728725909,104657.487669458
974848,512,22.53926075,104657.48448254989,104657.49928650001
975360,512,22.551027667,104657.4960924659,104657.510995
975872,512,22.5625645,104657.50770242489,104657.52253258301
976384,512,22.574199958,104657.5193123409,104657.534179458
976896,512,22.5858075,104657.53092229989,104657.545789875
977408,512,22.597290292,104657.5425322159,104657.557324333
977920,512,22.608972833,104657.5541421749,104657.56897837501
978432,512,22.620569333,104657.56575209089,104657.580576583
978944,512,22.632236292,104657.5773620499,104657.592190208
979456,512,22.643811042,104657.5889720079,104657.603813958
979968,512,22.655367542,104657.6005819249,104657.615386958
980480,512,22.666960958,104657.61219188289,104657.62697725001
980992,512,22.678552875,104657.6238017999,104657.63859070801
981504,512,22.690253125,104657.63541175789,104657.650233166
982016,512,22.701746958,104657.64702167489,104657.661793
982528,512,22.713621292,104657.65863163289,104657.673554541
983040,512,22.72517275,104657.67024154989,104657.685132083
983552,512,22.736702583,104657.68185150789,104657.69670016601
984064,512,22.748232292,104657.6934614659,104657.708266208
984576,512,22.759945,104657.70507142489,104657.719942291
985088,512,22.771587708,104657.7166813409,104657.731549791
985600,512,22.783181292,104657.72829129989,104657.74316125001
986112,512,22.794744583,104657.73990121589,104657.754739291
986624,512,22.806329,104657.7515111749,104657.76633975
987136,512,22.818043625,104657.7631211329,104657.778041291
987648,512,22.829673292,104657.7747310499,104657.789641583
988160,512,22.841303208,104657.78634100789,104657.801298666
988672,512,22.852836042,104657.7979509249,104657.81281658301
989184,512,22.864425125,104657.80956088289,104657.824421583
989696,512,22.876093083,104657.82117079989,104657.83605270801
990208,512,22.887680167,104657.83278075789,104657.84764595801
990720,512,22.89923375,104657.84439067489,104657.85922804101
991232,512,22.910930458,104657.85600063289,104657.870889166
991744,512,22.922508417,104657.86761054989,104657.88249225
992256,512,22.934050875,104657.8792205079,104657.89404900001
992768,512,22.945674708,104657.89083042489,104657.905665083
993280,512,22.957368708,104657.9024403829,104657.917330333
993792,512,22.968875583,104657.91405029989,104657.928885083
994304,512,22.980685667,104657.9256602579,104657.940613166
994816,512,22.992080708,104657.9372701749,104657.95208225
995328,512,23.003706958,104657.9488801329,104657.963708333
995840,512,23.015350417,104657.9604900499,104657.97533829101
996352,512,23.027020333,104657.97210000789,104657.987000583
996864,512,23.038709083,104657.9837099249,104657.998650875
997376,512,23.050236958,104657.99531988289,104658.01020025
997888,512,23.061790667,104658.00692984089,104658.02178066601
998400,512,23.073435625,104658.01853975789,104658.033405416
998912,512,23.085022125,104658.0301497159,104658.04497137501
999424,512,23.096615042,104658.04175963289,104658.056593083
999936,512,23.108160583,104658.0533695909,104658.068177333
1000448,512,23.119887583,104658.0649795079,104658.079863708
1000960,512,23.131390792,104658.0765894659,104658.09139591601
1001472,512,23.143058292,104658.0881993829,104658.10303845801
1001984,512,23.154683667,104658.09980934089,104658.114676041
1002496,512,23.166244333,104658.1114192579,104658.126259041
1003008,512,23.177925042,104658.12302921589,104658.137899291
1003520,512,23.189448583,104658.1346391329,104658.149463583
1004032,512,23.201101833,104658.14624909089,104658.161094583
1004544,512,23.212718042,104658.1578590499,104658.1727165
1005056,512,23.224359625,104658.16946896589,104658.18434358301
1005568,512,23.235954167,104658.1810789249,104658.19592675
1006080,512,23.247714917,104658.19268888289,104658.207629208
1006592,512,23.259117792,104658.2042988409,104658.21912141601
1007104,512,23.270864792,104658.21590875789,104658.230823541
1007616,512,23.282497333,104658.2275187159,104658.24242987501
1008128,512,23.294157042,104658.2391286329,104658.25411037501
1008640,512,23.305673625,104658.2507385909,104658.265620291
1009152,512,23.317232167,104658.2623485079,104658.27722341601
1009664,512,23.3287745,104658.2739584659,104658.28877937501
1010176,512,23.3405095,104658.2855683829,104658.30046737501
1010688,512,23.351932875,104658.29717834089,104658.31196412501
1011200,512,23.363608458,104658.3087882579,104658.32361800001
1011712,512,23.375179208,104658.32039821589,104658.33520725001
1012224,512,23.386820875,104658.33200813289,104658.34682825001
1012736,512,23.398374542,104658.34361809089,104658.35840750001
1013248,512,23.410004917,104658.3552280499,104658.37003412501
1013760,512,23.421618083,104658.36683796589,104658.381634791
1014272,512,23.433230833,104658.37844792489,104658.39326200001
1014784,512,23.444779875,104658.3900578409,104658.40482387501
1015296,512,23.456421875,104658.40166779989,104658.416430625
1015808,512,23.468093083,104658.4132777159,104658.428108583
1016320,512,23.479615708,104658.42488767489,104658.43966250001
1016832,512,23.491271708,104658.4364975909,104658.45129641601
1017344,512,23.502879042,104658.44810754989,104658.46290925001
1017856,512,23.514526375,104658.4597174659,104658.47453437501
1018368,512,23.52606125,104658.4713274249,104658.486104708
1018880,512,23.537805417,104658.48293734089,104658.497755
1019392,512,23.549322542,104658.4945472999,104658.50934775
1019904,512,23.560992417,104658.50615721589,104658.520994166
1020416,512,23.572640417,104658.5177671749,104658.53262925001
1020928,512,23.584213833,104658.52937709089,104658.544214458
1021440,512,23.59576775,104658.5409870499,104658.555790125
1021952,512,23.607344,104658.55259696589,104658.56737354101
1022464,512,23.6190135,104658.56420692489,104658.579029916
1022976,512,23.630627875,104658.57581688289,104658.59064345801
1023488,512,23.642381,104658.58742679989,104658.602316958
1024000,512,23.65384125,104658.59903675789,104658.613852625
1024512,512,23.66538,104658.61064667489,104658.62542125
1025024,512,23.677083292,104658.6222566329,104658.63709975
1025536,512,23.688619917,104658.63386654989,104658.648651541
1026048,512,23.700229417,104658.6454765079,104658.660268
1026560,512,23.71182325,104658.6570864249,104658.67186391601
1027072,512,23.723452958,104658.6686963829,104658.68348691601
1027584,512,23.735160333,104658.6803062999,104658.695161583
1028096,512,23.74672175,104658.6919174659,104658.706745958
1028608,512,23.758356375,104658.70352742489,104658.71835600001
1029120,512,23.770054042,104658.7151373829,104658.730018125
1029632,512,23.781651375,104658.7267472999,104658.74163650001
1030144,512,23.793143625,104658.7383572579,104658.753165
1030656,512,23.804786625,104658.74996721589,104658.76477558301
1031168,512,23.816331583,104658.76157713289,104658.7763735
1031680,512,23.827960333,104658.77318709089,104658.787991833
1032192,512,23.839586375,104658.7847970499,104658.799601125
1032704,512,23.851265708,104658.79640696589,104658.81125950001
1033216,512,23.862931417,104658.80801692489,104658.82291137501
1033728,512,23.874475292,104658.81962688289,104658.83447087501
1034240,512,23.886140625,104658.83123679989,104658.84611075
1034752,512,23.897739667,104658.84284675789,104658.857736291
1035264,512,23.909241833,104658.8544567159,104658.869261208
1035776,512,23.920921958,104658.8660666329,104658.88091541601
1036288,512,23.932491083,104658.8776765909,104658.892501666
1036800,512,23.944133292,104658.8892865499,104658.904131083
1037312,512,23.955740417,104658.90089646589,104658.91574316601
1037824,512,23.967354875,104658.9125064249,104658.92736766601
1038336,512,23.978972583,104658.92411634089,104658.938968375
1038848,512,23.990546583,104658.93572621589,104658.950552291
1039360,512,24.002256583,104658.9473361749,104658.96218954101
1039872,512,24.01380525,104658.95894609089,104658.97379995801
1040384,512,24.025446042,104658.9705560499,104658.985424333
1040896,512,24.037153708,104658.98216600789,104658.997085416
1041408,512,24.048764708,104658.99377592489,104659.00869591601
1041920,512,24.060185333,104659.00538588289,104659.02021675001
1042432,512,24.072001583,104659.0169958409,104659.03188854101
1042944,512,24.083497833,104659.02860575789,104659.043471375
1043456,512,24.09509125,104659.0402157159,104659.055065416
1043968,512,24.106845292,104659.05182567489,104659.06673795801
1044480,512,24.118439833,104659.0634355909,104659.078332958
1044992,512,24.129888708,104659.0750455499,104659.089889958
1045504,512,24.141493417,104659.0866555079,104659.101502291
1046016,512,24.153151458,104659.0982654249,104659.11312720801
1046528,512,24.164731583,104659.1098753829,104659.124739125
1047040,512,24.176403792,104659.12148534089,104659.136365625
1047552,512,24.187953417,104659.13309525789,104659.14794904101
1048064,512,24.199514125,104659.14470521589,104659.15952658301
1048576,512,24.211168083,104659.15631513289,104659.171167166
1049088,512,24.222782625,104659.1679250909,104659.182767
1049600,512,24.234392042,104659.17953504989,104659.19439433301
1050112,512,24.246059208,104659.1911449659,104659.20601970801
1050624,512,24.257612875,104659.20275479989,104659.21760075001
1051136,512,24.269281167,104659.21436475789,104659.22925033301
1051648,512,24.280950917,104659.22597467489,104659.240888125
1052160,512,24.292625458,104659.2375846329,104659.25254379101
1052672,512,24.303991708,104659.2491945909,104659.26400387501
1053184,512,24.315769333,104659.2608045079,104659.27570912501
1053696,512,24.327313125,104659.27241446589,104659.28727875001
1054208,512,24.338986958,104659.2840244249,104659.29893383301
1054720,512,24.350479125,104659.29563434089,104659.310472208
1055232,512,24.362203208,104659.3072442999,104659.322152583
1055744,512,24.373901708,104659.31885421589,104659.333782
1056256,512,24.385291,104659.3304641749,104659.34529875
1056768,512,24.39681025,104659.34207413289,104659.356848833
1057280,512,24.408459958,104659.35368404989,104659.36848725
1057792,512,24.420039875,104659.36529400789,104659.380072208
1058304,512,24.431675208,104659.3769039659,104659.39170729101
1058816,512,24.443449417,104659.38851388289,104659.40339608301
1059328,512,24.4550005,104659.4001238409,104659.41498179101
1059840,512,24.466547708,104659.41173379989,104659.42654937501
1060352,512,24.478258125,104659.4233437159,104659.438224291
1060864,512,24.48977575,104659.43495367489,104659.449779916
1061376,512,24.501399917,104659.4465635499,104659.46140083301
1061888,512,24.512969125,104659.4581735079,104659.47298475001
1062400,512,24.52456975,104659.4697834249,104659.484596625
1062912,512,24.53625625,104659.4813933829,104659.496216375
1063424,512,24.547838042,104659.4930032999,104659.50784375
1063936,512,24.559475458,104659.50461325789,104659.519472041
1064448,512,24.571072833,104659.51622321589,104659.53106970801
1064960,512,24.582734167,104659.52783313289,104659.54271133301
1065472,512,24.594290875,104659.5394430909,104659.55429312501
1065984,512,24.605871458,104659.55105304989,104659.565884083
1066496,512,24.617609042,104659.5626629659,104659.577560416
1067008,512,24.629110458,104659.57427292489,104659.58911150001
1067520,512,24.640695417,104659.5858828829,104659.60070704101
1068032,512,24.652380292,104659.59749279989,104659.612367041
1068544,512,24.66385525,104659.6091027579,104659.62388883301
1069056,512,24.675619292,104659.62071267489,104659.635613125
1069568,512,24.687145667,104659.6323226329,104659.64717733301
1070080,512,24.699122,104659.64393259089,104659.65873558301
1070592,512,24.710420958,104659.6555425079,104659.67041062501
1071104,512,24.721992833,104659.66715246589,104659.68199079101
1071616,512,24.733551875,104659.6787624249,104659.693582583
1072128,512,24.745247958,104659.6903722999,104659.70524175001
1072640,512,24.756759208,104659.70198221589,104659.716794
1073152,512,24.769521208,104659.7135921749,104659.72840383301
1073664,512,24.779955042,104659.72520213289,104659.739989416
1074176,512,24.791606,104659.73681204989,104659.751626375
1074688,512,24.803175833,104659.74842200789,104659.7632155
1075200,512,24.814920792,104659.7600319659,104659.774912333
1075712,512,24.826597708,104659.7716418829,104659.786569
1076224,512,24.838159583,104659.7832518409,104659.798134583
1076736,512,24.849891667,104659.7948617579,104659.809803708
1077248,512,24.861304792,104659.8064717159,104659.821317041
1077760,512,24.873152667,104659.8180816749,104659.83304066601
1078272,512,24.88458275,104659.82969159089,104659.844566083
1078784,512,24.896110833,104659.8413015499,104659.85612066601
1079296,512,24.907755083,104659.85291150789,104659.8677595
1079808,512,24.919400417,104659.8645214249,104659.87938695801
1080320,512,24.93098275,104659.87613138289,104659.89098866601
1080832,512,24.942515875,104659.88774134089,104659.90253566601
1081344,512,24.954309792,104659.89935125789,104659.914217708
1081856,512,24.965792875,104659.9109612159,104659.9257915
1082368,512,24.977424792,104659.92257113289,104659.937430791
1082880,512,24.989079792,104659.9341810909,104659.949038291
1083392,512,25.000715667,104659.9457909659,104659.96069316601
1083904,512,25.012266667,104659.95740092489,104659.97225766601
1084416,512,25.023855708,104659.9690108829,104659.983863083
1084928,512,25.035420583,104659.98062079989,104659.995430833
1085440,512,25.047227917,104659.9922307579,104660.007158041
1085952,512,25.058874208,104660.0038406749,104660.01877012501
1086464,512,25.070553042,104660.0154506329,104660.030300458
1086976,512,25.081900417,104660.02706059089,104660.041863666
1087488,512,25.093445333,104660.03867050789,104660.053467125
1088000,512,25.105215208,104660.05028046589,104660.065180708
1088512,512,25.116809375,104660.0618904249,104660.07677508301
1089024,512,25.128275958,104660.07350034089,104660.088309625
1089536,512,25.139947,104660.08511029989,104660.099886625
1090048,512,25.151525958,104660.0967202159,104660.11154387501
1090560,512,25.163648792,104660.10833017489,104660.12317004101
1091072,512,25.174737667,104660.11994013289,104660.134749791
1091584,512,25.186472458,104660.13155004989,104660.14639720801
1092096,512,25.198017875,104660.1431600079,104660.158012375
1092608,512,25.209621083,104660.1547699659,104660.16962
1093120,512,25.221258292,104660.1663798829,104660.18123525001
1093632,512,25.232837708,104660.17798984089,104660.19284083301
1094144,512,25.244449,104660.1895997579,104660.20444625
1094656,512,25.25611125,104660.2012096329,104660.21608279101
1095168,512,25.267660458,104660.2128195499,104660.227657416
1095680,512,25.279373583,104660.22442950789,104660.23932775001
1096192,512,25.290905708,104660.23603946589,104660.250887125
1096704,512,25.302546542,104660.24764938289,104660.262515166
1097216,512,25.314304958,104660.25925934089,104660.27420645801
1097728,512,25.325723167,104660.27086925789,104660.285706416
1098240,512,25.337433042,104660.2824792159,104660.297393083
1098752,512,25.34902825,104660.29408917489,104660.30896320801
1099264,512,25.360647208,104660.3056990909,104660.320618458
1099776,512,25.372389167,104660.31730904989,104660.33223779101
1100288,512,25.383784417,104660.3289190079,104660.343772791
1100800,512,25.3957395,104660.34052892489,104660.355373875
1101312,512,25.40704875,104660.3521388829,104660.367012125
1101824,512,25.418565625,104660.3637487999,104660.378546916
1102336,512,25.430211917,104660.3753587579,104660.39020158301
1102848,512,25.441811583,104660.38696871589,104660.401810708
1103360,512,25.453383708,104660.3985786329,104660.41339687501
1103872,512,25.464910333,104660.41018859089,104660.424955875
1104384,512,25.476618292,104660.42179850789,104660.436636166
1104896,512,25.488225833,104660.43340846589,104660.448239666
1105408,512,25.499823292,104660.44501838289,104660.45984720801
1105920,512,25.511407792,104660.45662829989,104660.471433166
1106432,512,25.523016208,104660.46823825789,104660.483043375
1106944,512,25.534603167,104660.4798482159,104660.494637333
1107456,512,25.546220875,104660.49145813289,104660.50625379101
1107968,512,25.557876917,104660.5030680909,104660.51789083301
1108480,512,25.569454375,104660.5146780079,104660.529489041
1108992,512,25.5811945,104660.5262879659,104660.54117895801
1109504,512,25.592685625,104660.53789792489,104660.552707208
1110016,512,25.604310875,104660.54950784089,104660.564307666
1110528,512,25.616079125,104660.5611177999,104660.576020041
1111040,512,25.627622583,104660.57272771589,104660.587599583
1111552,512,25.639364333,104660.5843376749,104660.59926875001
1112064,512,25.650889125,104660.59594763289,104660.61083904101
1112576,512,25.662321167,104660.6075575499,104660.622351458
1113088,512,25.6739415,104660.61916750789,104660.633970541
1113600,512,25.685488458,104660.63077742489,104660.64553720801
1114112,512,25.697147083,104660.64238738289,104660.657182541
1114624,512,25.7087725,104660.6539973409,104660.6687985
1115136,512,25.720428625,104660.66560725789,104660.68043354101
1115648,512,25.731978542,104660.6772172159,104660.69201416601
1116160,512,25.743561958,104660.6888271329,104660.703608333
1116672,512,25.755227667,104660.70043704989,104660.71524741601
1117184,512,25.766793458,104660.7120470079,104660.72683483301
1117696,512,25.778547917,104660.72365692489,104660.738464833
1118208,512,25.790033542,104660.7352668829,104660.75006525
1118720,512,25.801622208,104660.74687684089,104660.76166154101
1119232,512,25.813334,104660.7584867579,104660.77333320801
1119744,512,25.824868875,104660.77009671589,104660.78489775001
1120256,512,25.8365395,104660.7817066749,104660.796548083
1120768,512,25.8480745,104660.79331659089,104660.808104083
1121280,512,25.859812375,104660.8049265499,104660.819780958
1121792,512,25.87141925,104660.81653646589,104660.83140120801
1122304,512,25.8830945,104660.82814642489,104660.843031875
1122816,512,25.894658208,104660.83975638289,104660.854641166
1123328,512,25.906300167,104660.85136629989,104660.86626587501
1123840,512,25.917894292,104660.8629762579,104660.87785916601
1124352,512,25.929467667,104660.87458617489,104660.88945233301
1124864,512,25.941033,104660.8861961329,104660.90104387501
1125376,512,25.952575542,104660.8978060909,104660.91260358301
1125888,512,25.96491075,104660.9094160079,104660.924279208
1126400,512,25.975864833,104660.92102596589,104660.935837166
1126912,512,25.987542333,104660.9326358829,104660.947524125
1127424,512,25.99902525,104660.94424634089,104660.95904975
1127936,512,26.010725375,104660.95585629989,104660.970715083
1128448,512,26.022297,104660.96746625789,104660.982301875
1128960,512,26.033940875,104660.97907617489,104660.993939166
1129472,512,26.045550708,104660.9906861329,104661.00553466601
1129984,512,26.057202375,104661.0022960909,104661.01717412501
1130496,512,26.0687855,104661.0139060079,104661.02877458301
1131008,512,26.0804675,104661.0255159659,104661.040417458
1131520,512,26.092065875,104661.0371259249,104661.05201337501
1132032,512,26.103670792,104661.04873584089,104661.063627625
1132544,512,26.115285542,104661.0603457999,104661.075227666
1133056,512,26.126867708,104661.0719557579,104661.08678616601
1133568,512,26.138369042,104661.0835656749,104661.098390583
1134080,512,26.15004275,104661.09517563289,104661.11003329101
1134592,512,26.161717792,104661.10678559089,104661.12169550001
1135104,512,26.173430042,104661.11839550789,104661.133338375
1135616,512,26.185033292,104661.1300054659,104661.14487916601
1136128,512,26.196462,104661.14161542489,104661.15646137501
1136640,512,26.208054375,104661.1532253409,104661.168058541
1137152,512,26.219659292,104661.16483529989,104661.17966475
1137664,512,26.231266333,104661.1764452579,104661.191276875
1138176,512,26.243002458,104661.18805517489,104661.20294858301
1138688,512,26.254521458,104661.19966504989,104661.2145035
1139200,512,26.2660475,104661.2112750079,104661.226072708
1139712,512,26.277834125,104661.2228849249,104661.237787791
1140224,512,26.289424125,104661.2344948829,104661.24935962501
1140736,512,26.300975292,104661.2461047999,104661.26096216601
1141248,512,26.312597417,104661.2577147579,104661.27259925
1141760,512,26.324074208,104661.26932471589,104661.284109083
1142272,512,26.335765875,104661.28093463289,104661.295775833
1142784,512,26.347442625,104661.29254459089,104661.30742308301
1143296,512,26.359155292,104661.30415454989,104661.319074041
1143808,512,26.370727542,104661.3157644659,104661.33067316601
1144320,512,26.382377417,104661.32737442489,104661.342307333
1144832,512,26.393747,104661.33898438289,104661.35377804101
1145344,512,26.405406333,104661.35059429989,104661.36541825
1145856,512,26.417147542,104661.3622042579,104661.377094166
1146368,512,26.428726333,104661.3738142159,104661.38868687501
1146880,512,26.440311208,104661.3854241329,104661.40028825
1147392,512,26.451890875,104661.39703409089,104661.41188258301
1147904,512,26.463412333,104661.4086440499,104661.42343491601
1148416,512,26.475127542,104661.42025396589,104661.435116458
1148928,512,26.486703167,104661.4318639249,104661.44670454101
1149440,512,26.498331167,104661.4434737579,104661.45832725
1149952,512,26.509932708,104661.4550836749,104661.469879875
1150464,512,26.521566708,104661.46669363289,104661.481552458
1150976,512,26.533093542,104661.47830359089,104661.493116625
1151488,512,26.544662667,104661.48991350789,104661.504699583
1152000,512,26.55636125,104661.5015234659,104661.5163135
1152512,512,26.567957083,104661.51313338289,104661.52793479101
1153024,512,26.579513708,104661.5247433409,104661.53953866601
1153536,512,26.591199292,104661.53635329989,104661.55119325001
1154048,512,26.602703375,104661.5479632159,104661.56273445801
1154560,512,26.614371,104661.55957317489,104661.574382166
1155072,512,26.626010125,104661.5711831329,104661.58601241601
1155584,512,26.637740875,104661.58279304989,104661.597686875
1156096,512,26.649387792,104661.5944030079,104661.60931391601
1156608,512,26.660737167,104661.60601296589,104661.620780208
1157120,512,26.672481667,104661.6176228829,104661.632434208
1157632,512,26.684181333,104661.62923284089,104661.644184958
1158144,512,26.695654542,104661.64084275789,104661.65567170801
1158656,512,26.707407042,104661.65245271589,104661.667393833
1159168,512,26.718894417,104661.6640626749,104661.67889683301
1159680,512,26.730429458,104661.67567259089,104661.69045945801
1160192,512,26.742083708,104661.68728254989,104661.70210575001
1160704,512,26.753666417,104661.69889242489,104661.71369637501
1161216,512,26.765270458,104661.71050238289,104661.725303458
1161728,512,26.776888417,104661.72211229989,104661.73690975
1162240,512,26.788527667,104661.7337222579,104661.74854295801
1162752,512,26.80011525,104661.7453322159,104661.76013750001
1163264,512,26.811737167,104661.7569421329,104661.771762375
1163776,512,26.823303917,104661.76855209089,104661.783342458
1164288,512,26.835206625,104661.7801620499,104661.79495745801
1164800,512,26.846494583,104661.79177196589,104661.80654058301
1165312,512,26.858239917,104661.8033819249,104661.818230958
1165824,512,26.870007125,104661.81499184089,104661.829931458
1166336,512,26.881546833,104661.8266017999,104661.84149575
1166848,512,26.893153417,104661.83821175789,104661.85310341601
1167360,512,26.904776792,104661.8498216749,104661.86473658301
1167872,512,26.916358,104661.86143163289,104661.87631637501
1168384,512,26.9280875,104661.8730415909,104661.88797266601
1168896,512,26.939533625,104661.88465150789,104661.89952116601
1169408,512,26.951080917,104661.8962614659,104661.911086833
1169920,512,26.962959083,104661.9078713829,104661.922758
1170432,512,26.974597042,104661.9194813409,104661.93445325001
1170944,512,26.986003833,104661.93109129989,104661.94598420801
1171456,512,26.997618833,104661.94270117489,104661.957589458
1171968,512,27.009164792,104661.9543111329,104661.96916329101
1172480,512,27.020780667,104661.9659210499,104661.98078345801
1172992,512,27.032409792,104661.9775310079,104661.99240966601
1173504,512,27.044057833,104661.98914096589,104662.00404112501
1174016,512,27.0556455,104662.00075088289,104662.015622791
1174528,512,27.067323,104662.01236084089,104662.02726270801
1175040,512,27.078873792,104662.02397075789,104662.03883329101
1175552,512,27.090519125,104662.03558071589,104662.05050400001
1176064,512,27.1020955,104662.04719067489,104662.062058875
1176576,512,27.113820625,104662.0588005909,104662.07373541601
1177088,512,27.125203792,104662.07041054989,104662.085224041
1177600,512,27.137169958,104662.08202050789,104662.096858958
1178112,512,27.148509083,104662.09363042489,104662.108492208
1178624,512,27.160645333,104662.1052403829,104662.120103416
1179136,512,27.171848875,104662.11685029989,104662.13177958301
1179648,512,27.183362833,104662.1284602579,104662.143328166
1180160,512,27.194941708,104662.14007021589,104662.15492175
1180672,512,27.20646975,104662.1516801329,104662.16648041601
1181184,512,27.218026,104662.16329009089,104662.17806220801
1181696,512,27.229839833,104662.1749000499,104662.18979420801
1182208,512,27.241460792,104662.18650996589,104662.20140179101
1182720,512,27.252949542,104662.19811988289,104662.212965208
1183232,512,27.264473833,104662.2097297999,104662.22449908301
1183744,512,27.276247292,104662.22133975789,104662.23621470801
1184256,512,27.287867542,104662.23294967489,104662.24785604101
1184768,512,27.29925675,104662.24455963289,104662.2593095
1185280,512,27.310898125,104662.2561695909,104662.27093537501
1185792,512,27.322672333,104662.26777950789,104662.282644958
1186304,512,27.334120167,104662.2793894659,104662.29415470801
1186816,512,27.3458955,104662.29099942489,104662.305830875
1187328,512,27.3574975,104662.3026093409,104662.31746729101
1187840,512,27.369088417,104662.3142192999,104662.329055708
1188352,512,27.380723583,104662.32582921589,104662.3406945
1188864,512,27.392433792,104662.3374391749,104662.352361708
1189376,512,27.403987417,104662.3490491329,104662.36394125
1189888,512,27.4157155,104662.3606590499,104662.375597916
1190400,512,27.427206667,104662.37226900789,104662.387168
1190912,512,27.4388125,104662.3838789249,104662.39873808301
1191424,512,27.450457,104662.39548888289,104662.41039837501
1191936,512,27.461895667,104662.4070988409,104662.42191004101
1192448,512,27.473597125,104662.41870875789,104662.43355483301
1192960,512,27.485149042,104662.4303187159,104662.44515312501
1193472,512,27.496831417,104662.4419285909,104662.45680229101
1193984,512,27.508340667,104662.45353854989,104662.468343916
1194496,512,27.519984042,104662.4651485079,104662.47998391601
1195008,512,27.531498,104662.47675842489,104662.491531916
1195520,512,27.543184583,104662.4883683829,104662.503202833
1196032,512,27.55476025,104662.49997834089,104662.514787958
1196544,512,27.566378125,104662.5115882579,104662.526399541
1197056,512,27.578026917,104662.52319821589,104662.53802691601
1197568,512,27.589753792,104662.5348081329,104662.54970137501
1198080,512,27.601162792,104662.54641809089,104662.561200041
1198592,512,27.612793625,104662.5580280499,104662.57282137501
1199104,512,27.62444375,104662.56963796589,104662.58444758301
1199616,512,27.636082708,104662.58124792489,104662.596085208
1200128,512,27.647860042,104662.5928578409,104662.60778391601
1200640,512,27.659229292,104662.60446779989,104662.61926233301
1201152,512,27.67086675,104662.61607775789,104662.63089066601
1201664,512,27.682643375,104662.62768767489,104662.642596666
1202176,512,27.694154125,104662.6392976329,104662.654157291
1202688,512,27.705803042,104662.6509075909,104662.66578920801
1203200,512,27.717384083,104662.6625175079,104662.67737575
1203712,512,27.728890292,104662.67412746589,104662.688919958
1204224,512,27.740490042,104662.6857373829,104662.700528083
1204736,512,27.752203,104662.6973472999,104662.71218433301
1205248,512,27.763836125,104662.7089572579,104662.72382425
1205760,512,27.775416958,104662.7205671749,104662.73543495801
1206272,512,27.786986583,104662.73217713289,104662.746998125
1206784,512,27.798538792,104662.7437870499,104662.758575041
1207296,512,27.810202917,104662.75539700789,104662.77021850001
1207808,512,27.821743333,104662.76700696589,104662.781781291
1208320,512,27.833394292,104662.77861688289,104662.79342779101
1208832,512,27.845134792,104662.7902268409,104662.805118375
1209344,512,27.856617125,104662.80183679989,104662.81664087501
1209856,512,27.868219,104662.8134467159,104662.828245333
1210368,512,27.879991042,104662.82505667489,104662.83994016601
1210880,512,27.8915535,104662.8366665909,104662.85152175001
1211392,512,27.903207625,104662.84827654989,104662.863167541
1211904,512,27.914761125,104662.8598865079,104662.87475425
1212416,512,27.926401833,104662.8714964249,104662.88637970801
1212928,512,27.938004542,104662.8831063829,104662.897981
1213440,512,27.949586708,104662.8947162999,104662.90957770801
1213952,512,27.961211833,104662.90632625789,104662.92120495801
1214464,512,27.972875,104662.91793621589,104662.932839916
1214976,512,27.984449958,104662.92954613289,104662.94442300001
1215488,512,27.996030375,104662.94115600789,104662.95601475
1216000,512,28.00760125,104662.95276592489,104662.96760166601
1216512,512,28.019216042,104662.96437588289,104662.97923275
1217024,512,28.031015458,104662.9759858409,104662.990869916
1217536,512,28.042622833,104662.98759575789,104663.00247925
1218048,512,28.05407075,104662.9992057159,104663.014056125
1218560,512,28.065650333,104663.0108156329,104663.02565350001
1219072,512,28.077341208,104663.0224255909,104663.037303791
1219584,512,28.088982208,104663.03403554989,104663.04892975
1220096,512,28.100584083,104663.04564546589,104663.060536416
1220608,512,28.11219775,104663.0572554249,104663.072147458
1221120,512,28.123674917,104663.06886534089,104663.08369308301
1221632,512,28.1353015,104663.0804752999,104663.095305833
1222144,512,28.146920083,104663.09208525789,104663.106917583
1222656,512,28.158563167,104663.1036951749,104663.118550208
1223168,512,28.170160208,104663.11530513289,104663.130150375
1223680,512,28.181827417,104663.12691509089,104663.141794208
1224192,512,28.193310292,104663.13852500789,104663.153335166
1224704,512,28.204927708,104663.1501349659,104663.16495141601
1225216,512,28.216613,104663.16174488289,104663.17660525
1225728,512,28.228304375,104663.1733548409,104663.18826329101
1226240,512,28.239937667,104663.18496479989,104663.19988537501
1226752,512,28.251424,104663.1965743409,104663.21143704101
1227264,512,28.262952458,104663.20818425789,104663.22297616601
1227776,512,28.274626625,104663.2197942159,104663.23462925
1228288,512,28.286272667,104663.2314041329,104663.24625641601
1228800,512,28.297955,104663.2430140909,104663.257919083
1229312,512,28.309397625,104663.2546240079,104663.269424625
1229824,512,28.321362375,104663.26623396589,104663.28111183301
1230336,512,28.332615708,104663.2778439249,104663.29264312501
1230848,512,28.344360792,104663.28945384089,104663.304329708
1231360,512,28.35594775,104663.3010637999,104663.315933291
1231872,512,28.367571833,104663.31267371589,104663.327551291
1232384,512,28.379185292,104663.3242836749,104663.339146458
1232896,512,28.390795708,104663.33589359089,104663.350759708
1233408,512,28.402449958,104663.3475035499,104663.36238741601
1233920,512,28.4140605,104663.35911350789,104663.374011
1234432,512,28.425650417,104663.37072342489,104663.385585416
1234944,512,28.437331417,104663.38233338289,104663.39727
1235456,512,28.448785583,104663.39394329989,104663.408775916
1235968,512,28.460291542,104663.4055532579,104663.42032608301
1236480,512,28.471957708,104663.41716317489,104663.43197433301
1236992,512,28.483571125,104663.4287731329,104663.443586791
1237504,512,28.495162875,104663.4403830079,104663.4551835
1238016,512,28.506754542,104663.45199292489,104663.46677845801
1238528,512,28.518377042,104663.4636028829,104663.478411541
1239040,512,28.529885583,104663.4752127999,104663.48994641601
1239552,512,28.541665167,104663.4868227579,104663.501661625
1240064,512,28.553296625,104663.4984326749,104663.51329458301
1240576,512,28.564796167,104663.51004263289,104663.52482366601
1241088,512,28.576541792,104663.5216525499,104663.53650470801
1241600,512,28.588060833,104663.53326250789,104663.548067333
1242112,512,28.599743792,104663.54487246589,104663.559725083
1242624,512,28.611361958,104663.55648238289,104663.57132075001
1243136,512,28.622908875,104663.5680923409,104663.582914625
1243648,512,28.634525458,104663.57970225789,104663.594519541
1244160,512,28.646175292,104663.5913122159,104663.606158166
1244672,512,28.657745583,104663.6029221329,104663.617743083
1245184,512,28.669328042,104663.6145320909,104663.62934641601
1245696,512,28.68099125,104663.6261420079,104663.64097929101
1246208,512,28.6925085,104663.63775196589,104663.65253662501
1246720,512,28.704144208,104663.6493618829,104663.664166916
1247232,512,28.715746958,104663.66097184089,104663.675768
1247744,512,28.72740425,104663.6725817999,104663.687412333
1248256,512,28.739008875,104663.68419171589,104663.699013708
1248768,512,28.750614042,104663.6958015499,104663.71062858301
1249280,512,28.762168542,104663.70741146589,104663.72220204101
1249792,512,28.773760417,104663.7190214249,104663.733792583
1250304,512,28.785437917,104663.73063134089,104663.745432291
1250816,512,28.7971155,104663.74224129989,104663.75711225001
1251328,512,28.808622708,104663.75385125789,104663.76865079101
1251840,512,28.820328458,104663.76546117489,104663.78028529101
1252352,512,28.831828333,104663.77707113289,104663.791863833
1252864,512,28.843465458,104663.78868104989,104663.80349075001
1253376,512,28.855050875,104663.8002910079,104663.81507870801
1253888,512,28.866684458,104663.81190092489,104663.826709208
1254400,512,28.878320792,104663.8235108829,104663.838333833
1254912,512,28.890002208,104663.8351207999,104663.849980875
1255424,512,28.901650292,104663.8467307579,104663.86160300001
1255936,512,28.9132735,104663.8583406749,104663.87322637501
1256448,512,28.924779792,104663.8699506329,104663.884792625
1256960,512,28.936547417,104663.88156059089,104663.896482625
1257472,512,28.94806875,104663.89317050789,104663.908054041
1257984,512,28.9595865,104663.90478046589,104663.91959379101
1258496,512,28.971274375,104663.91639038289,104663.93126162501
1259008,512,28.982788208,104663.9280003409,104663.94280529101
1259520,512,28.994488792,104663.9396102159,104663.95448695801
1260032,512,29.006168542,104663.95122013289,104663.966123541
1260544,512,29.017727125,104663.9628300909,104663.977703708
1261056,512,29.02927775,104663.97444000789,104663.98927516601
1261568,512,29.040859792,104663.9860499659,104664.00087595801
1262080,512,29.052493625,104663.9976598829,104664.012499541
1262592,512,29.06421975,104664.0092698409,104664.02416120801
1263104,512,29.075668292,104664.0208797999,104664.035685208
1263616,512,29.0873975,104664.03248971589,104664.047356708
1264128,512,29.098876667,104664.0440996749,104664.05889870801
1264640,512,29.110546417,104664.05570959089,104664.070557083
1265152,512,29.122105125,104664.0673195499,104664.08212529101
1265664,512,29.133737208,104664.07892946589,104664.093755458
1266176,512,29.14536975,104664.0905394249,104664.10538129101
1266688,512,29.157004042,104664.10214934089,104664.11700854101
1267200,512,29.168639292,104664.11375929989,104664.128632916
1267712,512,29.180254833,104664.1253692159,104664.14023554101
1268224,512,29.1918565,104664.13697917489,104664.151840708
1268736,512,29.203429583,104664.1485890909,104664.16342175001
1269248,512,29.215126792,104664.16019904989,104664.17509391601
1269760,512,29.226623542,104664.1718090079,104664.18663975001
1270272,512,29.238343208,104664.18341892489,104664.19826450001
1270784,512,29.2498985,104664.1950287579,104664.209882208
1271296,512,29.261612375,104664.2066387159,104664.22153520801
1271808,512,29.273330458,104664.2182486329,104664.233222416
1272320,512,29.284779375,104664.22985859089,104664.24476820801
1272832,512,29.296238,104664.2414685079,104664.25626400001
1273344,512,29.3078955,104664.25307846589,104664.267906791
1273856,512,29.319579792,104664.26468838289,104664.27956237501
1274368,512,29.331148667,104664.27629834089,104664.291156583
1274880,512,29.342702083,104664.28790825789,104664.302708375
1275392,512,29.354390167,104664.29951821589,104664.31438304101
1275904,512,29.365963208,104664.31112813289,104664.32597062501
1276416,512,29.377530042,104664.3227380909,104664.33755266601
1276928,512,29.389231792,104664.33434800789,104664.349215625
1277440,512,29.400792708,104664.3459579659,104664.36080575001
1277952,512,29.412441458,104664.35756792489,104664.372417291
1278464,512,29.424072333,104664.3691778409,104664.384038125
1278976,512,29.435798875,104664.38078779989,104664.39572095801
1279488,512,29.447341125,104664.3923977159,104664.40730329101
1280000,512,29.458938542,104664.4040076749,104664.418884125
1280512,512,29.470403542,104664.41561759089,104664.43041620801
1281024,512,29.482218917,104664.4272275499,104664.44214816601
1281536,512,29.49361725,104664.43883746589,104664.453629958
1282048,512,29.505338458,104664.45044738289,104664.46530908301
1282560,512,29.517126333,104664.4620572999,104664.477016666
1283072,512,29.528579208,104664.47366725789,104664.48854287501
1283584,512,29.540237333,104664.4852771749,104664.50017908301
1284096,512,29.55179225,104664.49688713289,104664.51177337501
1284608,512,29.563274292,104664.50849704989,104664.52329900001
1285120,512,29.57500375,104664.52010700789,104664.534986458
1285632,512,29.58647375,104664.53171692489,104664.546509916
1286144,512,29.59813325,104664.5433268829,104664.558157916
1286656,512,29.609736125,104664.55493679989,104664.569754833
1287168,512,29.621420208,104664.5665467579,104664.581411291
1287680,512,29.632920833,104664.57815667489,104664.59295250001
1288192,512,29.644645167,104664.5897666329,104664.604633333
1288704,512,29.6561665,104664.6013765499,104664.61618829101
1289216,512,29.667838167,104664.6129865079,104664.627836
1289728,512,29.679450875,104664.6245964249,104664.63943183301
1290240,512,29.690949542,104664.63620638289,104664.65099012501
1290752,512,29.702621083,104664.64781634089,104664.662630708
1291264,512,29.714182708,104664.65942625789,104664.67421175001
1291776,512,29.725846083,104664.67103621589,104664.685857833
1292288,512,29.737406333,104664.68264613289,104664.697435541
1292800,512,29.749039375,104664.69425604989,104664.70906075
1293312,512,29.760601333,104664.7058659659,104664.720641791
1293824,512,29.772269792,104664.71747592489,104664.73227062501
1294336,512,29.783901083,104664.7290858409,104664.743909458
1294848,512,29.795710167,104664.74069579989,104664.75556633301
1295360,512,29.807213125,104664.7523057159,104664.767168
1295872,512,29.818727917,104664.76391567489,104664.778745791
1296384,512,29.830260375,104664.77552559089,104664.790301625
1296896,512,29.841899,104664.7871355499,104664.80193525001
1297408,512,29.853612875,104664.79874546589,104664.81358083301
1297920,512,29.865259417,104664.8103554249,104664.82520408301
1298432,512,29.876939708,104664.82196534089,104664.83688016601
1298944,512,29.888401333,104664.8335752999,104664.848409125
1299456,512,29.899951208,104664.84518521589,104664.859975458
1299968,512,29.9115595,104664.8567951749,104664.871590083
1300480,512,29.923207792,104664.86840509089,104664.88322375
1300992,512,29.934898708,104664.88001504989,104664.89487625001
1301504,512,29.946417125,104664.8916249659,104664.906450541
1302016,512,29.958135917,104664.90323492489,104664.91807537501
1302528,512,29.969729292,104664.9148448409,104664.929714625
1303040,512,29.981350667,104664.92645479989,104664.941333291
1303552,512,29.993022375,104664.93806467489,104664.95298075001
1304064,512,30.004610083,104664.9496745909,104664.96455675001
1304576,512,30.016197042,104664.96128454989,104664.976165375
1305088,512,30.02772875,104664.97289446589,104664.98773600001
1305600,512,30.039387958,104664.9845044249,104664.99936912501
