pc_time_s,teensy_time_us,ax,ay,az,gx,gy,gz,load_raw
2.006836583,447774443,3.227,-9.137,-0.961,0.008,0.000,0.006,-221079
2.00692875,447778664,3.227,-9.137,-0.961,-0.002,-0.004,0.002,-221909
2.007015167,447783885,3.227,-9.137,-0.961,0.002,0.004,-0.002,-221922
2.007102625,447788106,3.266,-9.133,-1.000,0.002,0.004,-0.002,-221867
2.007191042,447791327,3.266,-9.133,-1.000,-0.008,-0.004,0.006,-222188
2.007276167,447796549,3.266,-9.133,-1.000,0.014,-0.002,0.000,-222416
2.007366708,447800770,3.266,-9.133,-1.000,-0.004,-0.002,0.010,-221504
2.007453708,447804991,3.266,-9.133,-1.000,-0.012,0.002,-0.004,-221993
2.007544208,447810212,3.266,-9.133,-1.000,0.004,0.006,-0.008,-222306
2.007631458,447813433,3.266,-9.133,-1.000,-0.012,0.006,-0.006,-221184
2.007722792,447818641,3.266,-9.133,-0.961,-0.012,0.006,-0.006,-221184
2.00781025,447820861,3.266,-9.133,-0.961,0.000,-0.002,-0.002,-222145
2.007899333,447825082,3.266,-9.133,-0.961,-0.006,-0.004,0.020,-221827
2.007996458,447829303,3.266,-9.133,-0.961,-0.002,0.000,0.000,-221785
2.008091167,447833524,3.266,-9.133,-0.961,0.014,0.002,0.000,-221279
2.008182625,447838744,3.266,-9.133,-0.961,-0.010,0.000,0.016,-221406
2.008272542,447842965,3.266,-9.133,-0.961,0.002,-0.002,-0.008,-221440
2.008374667,447847186,3.191,-9.133,-0.961,0.002,-0.002,-0.008,-222270
2.008462375,447850407,3.191,-9.133,-0.961,-0.002,0.002,0.016,-223046
2.008555167,447856628,3.191,-9.133,-0.961,-0.008,0.000,-0.004,-222490
2.008644667,447860849,3.191,-9.133,-0.961,0.010,-0.002,-0.002,-221448
2.008734292,447865070,3.191,-9.133,-0.961,-0.002,0.008,-0.008,-221678
2.008828375,447869291,3.191,-9.133,-0.961,-0.014,0.004,-0.008,-221145
2.0089175,447873512,3.191,-9.133,-0.961,-0.006,-0.004,0.000,-222164
2.009012083,447877733,3.227,-9.137,-1.000,-0.006,-0.004,0.000,-221749
2.009102208,447879954,3.227,-9.137,-1.000,0.006,-0.006,-0.006,-222171
2.009197292,447885175,3.227,-9.137,-1.000,-0.002,0.010,0.006,-221144
2.009286583,447889396,3.227,-9.137,-1.000,-0.008,-0.004,0.002,-221343
2.009379458,447894617,3.227,-9.137,-1.000,0.004,0.000,0.006,-221912
2.009473583,447898838,3.227,-9.137,-1.000,-0.006,-0.010,-0.004,-222068
2.009560625,447904059,3.227,-9.137,-1.000,0.000,0.004,-0.002,-221781
2.009654167,447908280,3.266,-9.098,-0.922,0.000,0.004,-0.002,-221390
2.009739708,447911501,3.266,-9.098,-0.922,-0.006,0.000,0.023,-222381
2.009829792,447917722,3.266,-9.098,-0.922,-0.014,0.006,0.008,-222378
2.009916083,447921943,3.266,-9.098,-0.922,-0.004,0.000,0.008,-222433
2.010004458,447926164,3.266,-9.098,-0.922,0.004,0.008,0.004,-221605
2.010092,447930385,3.266,-9.098,-0.922,-0.002,0.004,-0.004,-221886
2.010181292,447935606,3.266,-9.098,-0.922,-0.002,0.010,0.008,-222296
2.010268875,447938827,3.266,-9.059,-1.039,-0.002,0.010,0.008,-222272
2.010356417,447941048,3.266,-9.059,-1.039,-0.012,-0.004,0.010,-222736
2.010447958,447946269,3.266,-9.059,-1.039,0.012,-0.006,-0.004,-222275
2.010531875,447950490,3.266,-9.059,-1.039,0.025,0.002,0.000,-222475
2.010622583,447955711,3.266,-9.059,-1.039,-0.014,0.012,-0.004,-222518
2.010707958,447958932,3.266,-9.059,-1.039,0.002,0.002,-0.010,-221941
2.010801792,447963153,3.266,-9.059,-1.039,-0.006,0.002,-0.008,-221659
2.010888542,447966374,3.227,-9.094,-0.922,-0.006,0.002,-0.008,-222200
2.010979625,447968595,3.227,-9.094,-0.922,-0.006,-0.002,-0.006,-222213
2.011077292,447972816,3.227,-9.094,-0.922,0.016,-0.012,0.012,-222073
2.011202083,447977037,3.227,-9.094,-0.922,-0.004,-0.006,0.008,-222900
2.011295875,447980258,3.227,-9.094,-0.922,-0.004,0.006,-0.008,-222691
2.011383833,447984479,3.227,-9.094,-0.922,0.020,-0.006,-0.027,-221633
2.0114765,447988700,3.227,-9.094,-0.922,-0.014,-0.004,0.000,-222090
2.011566,447992921,3.266,-9.094,-1.000,-0.014,-0.004,0.000,-221132
2.011653167,447996142,3.266,-9.094,-1.000,0.004,-0.006,-0.002,-221779
2.011743,448001363,3.266,-9.094,-1.000,0.014,-0.002,0.012,-221905
2.011829083,448005584,3.266,-9.094,-1.000,-0.006,-0.004,0.002,-221666
2.011920458,448009805,3.266,-9.094,-1.000,-0.002,-0.004,-0.004,-222381
2.012010917,448015026,3.266,-9.094,-1.000,-0.010,0.002,-0.006,-221754
2.012107208,448019247,3.266,-9.094,-1.000,-0.006,0.002,-0.014,-222022
2.012202042,448023468,3.266,-9.098,-0.922,-0.006,0.002,-0.014,-221866
2.012369542,448026689,3.266,-9.098,-0.922,0.004,-0.002,0.016,-222662
2.012454875,448031910,3.266,-9.098,-0.922,0.006,0.006,0.016,-223011
2.01254525,448037131,3.266,-9.098,-0.922,0.004,-0.002,-0.012,-222139
2.012636125,448041352,3.266,-9.098,-0.922,0.004,0.006,0.000,-222082
2.012752875,448045573,3.266,-9.098,-0.922,-0.006,0.004,-0.004,-222452
2.012841167,448049794,3.266,-9.098,-0.922,0.002,0.010,0.008,-221538
2.013043667,448054015,3.227,-9.133,-0.922,0.002,0.010,0.008,-222242
2.013166542,448056236,3.227,-9.133,-0.922,0.002,0.002,-0.006,-221739
2.013260833,448061457,3.227,-9.133,-0.922,0.006,0.006,-0.008,-222699
2.0133495,448065678,3.227,-9.133,-0.922,0.002,0.012,-0.010,-221733
2.033539708,448068899,3.227,-9.133,-0.922,0.002,-0.006,-0.004,-222559
2.033640833,448073120,3.227,-9.133,-0.922,0.008,-0.010,0.000,-222798
2.033719125,448077343,3.227,-9.133,-0.922,0.014,-0.006,0.004,-222509
2.033792167,448081563,3.227,-9.137,-1.039,0.014,-0.006,0.004,-222871
2.033869917,448083784,3.227,-9.137,-1.039,0.006,-0.004,-0.002,-222617
2.033946583,448089005,3.227,-9.137,-1.039,-0.010,-0.006,-0.012,-222273
2.034030708,448093226,3.227,-9.137,-1.039,-0.004,0.004,0.004,-222218
2.034104792,448097447,3.227,-9.137,-1.039,0.006,-0.004,0.006,-221905
2.034185625,448101668,3.227,-9.137,-1.039,-0.006,-0.004,0.000,-222088
2.034270208,448106889,3.227,-9.137,-1.039,0.006,-0.006,-0.014,-222343
2.03435525,448111110,3.191,-9.094,-0.961,0.006,-0.006,-0.014,-222119
2.034444625,448114332,3.191,-9.094,-0.961,-0.004,0.010,0.002,-222460
2.034531125,448120553,3.191,-9.094,-0.961,0.000,-0.002,-0.008,-221948
2.034621042,448124774,3.191,-9.094,-0.961,-0.006,0.000,-0.006,-222566
2.034708708,448128995,3.191,-9.094,-0.961,-0.006,-0.004,-0.002,-222540
2.034800542,448134216,3.191,-9.094,-0.961,-0.004,-0.004,-0.008,-222372
2.03488725,448138437,3.191,-9.094,-0.961,-0.002,-0.006,0.006,-222615
2.034974333,448141658,3.227,-9.098,-1.000,-0.002,-0.006,0.006,-220806
2.035063833,448143879,3.227,-9.098,-1.000,-0.004,0.008,0.006,-222304
2.035147792,448149100,3.227,-9.098,-1.000,0.010,0.008,0.012,-222548
2.035236917,448153321,3.227,-9.098,-1.000,0.002,0.002,-0.006,-222917
2.035312417,448158543,3.227,-9.098,-1.000,-0.002,0.000,0.008,-222082
2.035390792,448162764,3.191,-9.133,-1.000,-0.002,0.000,0.008,-222049
2.035466125,448166985,3.191,-9.133,-1.000,-0.002,-0.004,0.010,-222292
2.035544917,448171206,3.191,-9.133,-1.000,-0.002,-0.006,0.006,-223616
2.035620333,448175427,3.191,-9.133,-1.000,-0.004,-0.002,0.002,-222553
2.035693333,448179648,3.191,-9.133,-1.000,0.012,0.008,0.000,-222894
2.035774125,448183869,3.191,-9.133,-1.000,-0.012,-0.021,-0.002,-222466
2.035851292,448188090,3.227,-9.098,-1.000,-0.012,-0.021,-0.002,-222409
2.035930583,448190311,3.227,-9.098,-1.000,0.014,0.010,-0.010,-222118
2.036003792,448196533,3.227,-9.098,-1.000,0.006,0.000,0.004,-221723
2.036086542,448200753,3.227,-9.098,-1.000,0.008,0.004,0.000,-222793
2.036174667,448204974,3.227,-9.098,-1.000,0.004,0.000,0.004,-221510
2.036281625,448210195,3.227,-9.098,-1.000,-0.002,0.000,-0.008,-221902
2.036380917,448215416,3.227,-9.098,-1.000,-0.004,-0.008,-0.002,-221881
2.036460417,448219637,3.191,-9.133,-0.961,-0.004,-0.008,-0.002,-221859
2.036538292,448221858,3.191,-9.133,-0.961,-0.006,0.006,0.006,-223185
2.036612417,448227079,3.191,-9.133,-0.961,-0.012,0.006,0.014,-222335
2.03669125,448231300,3.191,-9.133,-0.961,0.002,0.000,-0.002,-222155
2.036765417,448236521,3.191,-9.133,-0.961,-0.006,0.000,0.004,-222166
2.036843417,448240727,3.191,-9.133,-0.961,0.008,-0.002,0.004,-222166
2.03691875,448244947,3.191,-9.133,-0.961,-0.002,-0.004,0.000,-222440
2.036995833,448249168,3.227,-9.098,-1.000,-0.002,-0.004,0.000,-222061
2.037075458,448251389,3.227,-9.098,-1.000,-0.002,-0.006,0.000,-222329
2.037150917,448256610,3.227,-9.098,-1.000,-0.006,0.000,-0.008,-222807
2.037230583,448260831,3.227,-9.098,-1.000,0.004,0.006,-0.004,-221712
2.037392,448264052,3.227,-9.098,-1.000,0.006,-0.004,-0.002,-221755
2.03747175,448269273,3.227,-9.098,-1.000,-0.004,0.010,0.000,-222144
2.037545,448273494,3.227,-9.098,-1.000,0.006,0.006,0.008,-221788
2.037618417,448277715,3.227,-9.133,-0.922,0.006,0.006,0.008,-221982
2.037706458,448279935,3.227,-9.133,-0.922,-0.008,0.006,-0.004,-222285
2.037782125,448284156,3.227,-9.133,-0.922,-0.002,-0.002,0.004,-222489
2.037862292,448289377,3.227,-9.133,-0.922,0.004,0.008,-0.004,-221926
2.037936292,448293598,3.227,-9.133,-0.922,0.004,-0.004,0.002,-221373
2.038012542,448298819,3.227,-9.133,-0.922,0.008,0.002,0.000,-222844
2.038087292,448303039,3.266,-9.133,-1.000,0.008,0.002,0.000,-222651
2.038162875,448306260,3.266,-9.133,-1.000,0.002,0.000,0.000,-221975
2.038244667,448311481,3.266,-9.133,-1.000,-0.006,-0.004,0.012,-221642
2.038322167,448316702,3.266,-9.133,-1.000,-0.006,-0.008,-0.006,-222248
2.038662583,448320923,3.266,-9.133,-1.000,-0.002,0.000,0.000,-222049
2.038738375,448326145,3.266,-9.133,-1.000,-0.004,0.004,-0.002,-222253
2.038815,448331366,3.266,-9.133,-1.000,0.004,0.002,-0.002,-222691
2.038891958,448336587,3.266,-9.133,-0.961,0.004,0.002,-0.002,-222124
2.0389675,448339810,3.266,-9.133,-0.961,-0.002,0.008,-0.002,-221271
2.039047208,448345031,3.266,-9.133,-0.961,-0.004,0.000,0.000,-222145
2.039124333,448349252,3.266,-9.133,-0.961,-0.004,-0.004,-0.004,-221832
2.039206792,448353473,3.266,-9.133,-0.961,0.008,-0.004,0.014,-221924
2.039282292,448357694,3.266,-9.133,-0.961,0.002,-0.012,-0.014,-222724
2.039357583,448361915,3.227,-9.137,-1.000,0.002,-0.012,-0.014,-221928
2.039438625,448364136,3.227,-9.137,-1.000,0.002,-0.002,0.006,-221950
2.039514792,448369357,3.227,-9.137,-1.000,0.008,-0.002,-0.008,-222823
2.039595208,448373578,3.227,-9.137,-1.000,-0.004,0.006,-0.004,-221836
2.039671833,448378799,3.227,-9.137,-1.000,-0.002,-0.002,0.004,-222567
2.039752792,448383020,3.227,-9.137,-1.000,-0.002,-0.004,-0.004,-222314
2.039829167,448388241,3.227,-9.137,-1.000,-0.004,-0.004,-0.006,-221872
2.03990825,448392462,3.227,-9.137,-0.961,-0.004,-0.004,-0.006,-222222
2.0399815,448395683,3.227,-9.137,-0.961,0.008,0.000,0.000,-222312
2.040055375,448400904,3.227,-9.137,-0.961,0.006,0.006,-0.002,-222402
2.04013375,448406110,3.227,-9.137,-0.961,-0.012,0.002,0.008,-222402
2.040213125,448411330,3.227,-9.137,-0.961,-0.002,0.002,-0.008,-223503
2.040292417,448415551,3.227,-9.137,-1.000,-0.002,0.002,-0.008,-221416
2.040367417,448418772,3.227,-9.137,-1.000,0.006,0.010,-0.008,-222190
2.04044675,448423993,3.227,-9.137,-1.000,-0.006,0.006,-0.016,-221930
2.040521833,448428214,3.227,-9.137,-1.000,-0.002,0.000,-0.002,-221287
2.040597667,448432435,3.227,-9.137,-1.000,-0.008,-0.002,0.008,-222109
2.040675292,448436656,3.227,-9.137,-1.000,0.008,0.010,-0.002,-222285
2.040751417,448440877,3.227,-9.137,-1.000,0.004,-0.010,-0.004,-222057
2.040831542,448445098,3.191,-9.094,-0.961,0.004,-0.010,-0.004,-222535
2.04090525,448448319,3.191,-9.094,-0.961,0.006,-0.002,0.002,-221852
2.040980167,448453541,3.191,-9.094,-0.961,0.004,0.006,0.008,-222363
2.041058542,448457762,3.191,-9.094,-0.961,0.002,-0.012,0.008,-221843
2.0411325,448461983,3.191,-9.094,-0.961,0.014,-0.008,0.000,-222027
2.041209917,448467204,3.191,-9.094,-0.961,0.000,0.006,0.000,-222248
2.041283583,448471425,3.191,-9.094,-0.961,0.014,-0.006,0.002,-222941
2.041363458,448475646,3.266,-9.133,-0.961,0.014,-0.006,0.002,-222740
2.041437625,448477867,3.266,-9.133,-0.961,-0.008,0.002,0.004,-222677
2.041511708,448482088,3.266,-9.133,-0.961,-0.004,0.004,0.000,-222462
2.041590083,448486309,3.266,-9.133,-0.961,0.006,0.006,-0.004,-222110
2.041666167,448489530,3.266,-9.133,-0.961,-0.004,-0.006,0.004,-222632
2.041744375,448493751,3.266,-9.133,-0.961,0.002,0.004,-0.008,-222332
2.041818208,448498972,3.227,-9.137,-0.961,0.002,0.004,-0.008,-222338
2.041902875,448501193,3.227,-9.137,-0.961,0.002,-0.002,0.000,-222443
2.041975542,448506416,3.227,-9.137,-0.961,0.008,0.000,0.004,-221627
2.042050792,448510621,3.227,-9.137,-0.961,0.002,-0.012,-0.002,-221627
2.042145083,448514841,3.227,-9.137,-0.961,-0.012,0.012,0.002,-222758
2.042219042,448520062,3.227,-9.137,-0.961,0.008,0.002,-0.002,-222536
2.042297125,448524283,3.227,-9.137,-0.961,0.006,-0.016,0.008,-222544
2.042370875,448529504,3.191,-9.094,-1.039,0.006,-0.016,0.008,-222329
2.042448667,448532725,3.191,-9.094,-1.039,0.006,0.000,-0.012,-222386
2.042522125,448538946,3.191,-9.094,-1.039,0.008,0.000,0.014,-222585
2.042600333,448543167,3.191,-9.094,-1.039,-0.010,0.000,0.008,-222623
2.042677125,448547388,3.191,-9.094,-1.039,0.006,-0.016,-0.010,-221533
2.042752208,448551609,3.191,-9.094,-1.039,-0.002,0.002,-0.010,-223085
2.042831292,448556830,3.191,-9.094,-1.039,0.002,-0.004,-0.006,-221845
2.042906667,448561051,3.227,-9.098,-1.039,0.002,-0.004,-0.006,-222650
2.042989458,448564272,3.227,-9.098,-1.039,-0.002,-0.002,0.002,-222341
2.043090042,448569493,3.227,-9.098,-1.039,0.002,0.002,-0.008,-221735
2.043186917,448574714,3.227,-9.098,-1.039,-0.006,0.000,-0.004,-221603
2.043268,448578935,3.227,-9.098,-1.039,0.008,-0.002,-0.004,-221716
2.043342417,448584156,3.227,-9.098,-1.039,0.006,0.000,-0.002,-222897
2.043419792,448589377,3.227,-9.098,-1.039,0.000,0.010,-0.008,-221761
2.043493917,448593598,3.227,-9.137,-1.000,0.000,0.010,-0.008,-221887
2.04357125,448596819,3.227,-9.137,-1.000,0.010,-0.004,0.008,-222526
2.043648417,448602040,3.227,-9.137,-1.000,-0.008,-0.002,-0.006,-222534
2.043724583,448606261,3.227,-9.137,-1.000,0.002,0.002,0.000,-222234
2.043800167,448610482,3.227,-9.137,-1.000,-0.002,-0.004,0.002,-221900
2.043878542,448615703,3.227,-9.137,-1.000,0.010,0.014,-0.002,-222128
2.043953667,448619924,3.227,-9.137,-1.000,-0.006,0.004,-0.008,-222063
2.044052042,448624145,3.266,-9.133,-1.000,-0.006,0.004,-0.008,-222925
2.044128125,448627366,3.266,-9.133,-1.000,0.010,0.000,0.020,-222746
2.044290667,448632587,3.266,-9.133,-1.000,0.010,0.000,-0.004,-222572
2.044369125,448637808,3.266,-9.133,-1.000,-0.002,-0.010,0.016,-221982
2.066913958,448642029,3.266,-9.133,-1.000,0.000,0.002,0.000,-222870
2.067001792,448646250,3.266,-9.133,-1.000,-0.010,-0.004,0.004,-223008
2.067075458,448649471,3.266,-9.133,-1.000,0.004,-0.004,0.002,-221862
2.067149458,448653692,3.227,-9.172,-1.000,0.004,-0.004,0.002,-222153
2.067227292,448656913,3.227,-9.172,-1.000,-0.002,0.002,0.006,-222889
2.067301917,448662134,3.227,-9.172,-1.000,-0.002,0.016,-0.010,-224103
2.067380542,448666355,3.227,-9.172,-1.000,-0.002,0.006,-0.008,-222487
2.067455625,448671576,3.227,-9.172,-1.000,0.002,0.004,-0.016,-221916
2.067532375,448676797,3.227,-9.137,-0.961,0.002,0.004,-0.016,-223070
2.067609,448679018,3.227,-9.137,-0.961,-0.014,0.012,-0.004,-221664
2.067699,448684239,3.227,-9.137,-0.961,-0.008,0.004,-0.002,-222315
2.06778575,448688460,3.227,-9.137,-0.961,0.006,-0.002,0.010,-221956
2.067872833,448692681,3.227,-9.137,-0.961,-0.006,-0.006,0.008,-222252
2.068001542,448696902,3.227,-9.137,-1.039,-0.006,-0.006,0.008,-222825
2.06808925,448699123,3.227,-9.137,-1.039,0.008,-0.004,-0.002,-222027
2.068182167,448704344,3.227,-9.137,-1.039,-0.010,0.000,0.008,-222544
2.068267292,448708565,3.227,-9.137,-1.039,0.014,0.006,0.000,-222619
2.068358375,448711786,3.227,-9.137,-1.039,-0.002,-0.004,0.012,-223287
2.068444417,448718007,3.227,-9.137,-1.039,0.004,-0.010,0.004,-222449
2.068532208,448722228,3.227,-9.098,-1.000,0.004,-0.010,0.004,-222379
2.068614833,448725449,3.227,-9.098,-1.000,-0.004,0.000,0.010,-222246
2.068687917,448731670,3.227,-9.098,-1.000,0.002,0.008,-0.004,-224128
2.068766333,448735891,3.227,-9.098,-1.000,-0.006,-0.004,0.006,-222714
2.068843292,448740112,3.227,-9.098,-1.000,-0.002,-0.002,-0.002,-222300
2.068920792,448745335,3.227,-9.098,-1.000,-0.006,0.010,0.002,-222282
2.068994,448750555,3.227,-9.098,-1.000,0.000,-0.004,0.008,-222909
2.06907075,448753776,3.227,-9.098,-1.000,0.000,-0.004,0.008,-222515
2.069143792,448756997,3.227,-9.098,-1.000,-0.008,0.000,0.004,-222753
2.069217292,448762218,3.227,-9.098,-1.000,0.008,0.000,-0.006,-222921
2.069296458,448767439,3.227,-9.098,-1.000,-0.008,0.002,0.014,-222288
2.069371625,448771660,3.227,-9.098,-1.000,0.002,-0.020,-0.006,-222697
2.06949725,448776881,3.227,-9.098,-1.000,-0.004,-0.008,-0.004,-222980
2.069593583,448781102,3.227,-9.098,-1.000,-0.004,-0.008,-0.004,-222920
2.069697583,448783323,3.227,-9.098,-1.000,0.004,0.000,0.008,-222791
2.069783708,448787544,3.227,-9.098,-1.000,0.004,-0.002,0.004,-223359
2.069863708,448791765,3.227,-9.098,-1.000,-0.004,-0.002,-0.008,-222936
2.06993975,448796986,3.227,-9.098,-1.000,-0.002,-0.002,-0.004,-222430
2.070011125,448801207,3.227,-9.098,-1.000,0.000,0.002,0.010,-223305
2.070088583,448805428,3.227,-9.098,-1.000,-0.006,0.000,-0.006,-222938
2.070163042,448809649,3.191,-9.133,-0.961,-0.006,0.000,-0.006,-222402
2.070240333,448811870,3.191,-9.133,-0.961,-0.008,0.008,0.010,-222729
2.070313708,448818091,3.191,-9.133,-0.961,-0.010,0.000,0.004,-222630
2.070389458,448822312,3.191,-9.133,-0.961,0.002,0.010,0.008,-222356
2.070462333,448826534,3.191,-9.133,-0.961,0.006,-0.004,0.000,-222354
2.0705355,448831755,3.191,-9.133,-0.961,0.000,0.002,-0.002,-222558
2.07061675,448836976,3.191,-9.133,-0.961,0.006,-0.006,0.008,-222139
2.070690875,448841197,3.227,-9.098,-1.000,0.006,-0.006,0.008,-223132
2.070775083,448843418,3.227,-9.098,-1.000,0.008,-0.010,-0.012,-222888
2.070852875,448847639,3.227,-9.098,-1.000,0.006,-0.002,0.010,-223249
2.070932792,448851860,3.227,-9.098,-1.000,-0.004,0.000,0.012,-222442
2.071005625,448856081,3.227,-9.098,-1.000,0.000,0.002,-0.008,-222766
2.071078875,448860302,3.227,-9.098,-1.000,0.006,0.000,-0.010,-222650
2.071158625,448864523,3.227,-9.098,-1.000,-0.006,0.002,-0.002,-222162
2.071234417,448869744,3.266,-9.094,-1.000,-0.006,0.002,-0.002,-222864
2.071317917,448872965,3.266,-9.094,-1.000,0.014,0.006,0.010,-223125
2.071390125,448879186,3.266,-9.094,-1.000,0.018,0.002,0.004,-222821
2.071468167,448883407,3.266,-9.094,-1.000,0.006,0.006,0.002,-222158
2.0715435,448887628,3.266,-9.094,-1.000,-0.006,-0.010,-0.002,-222668
2.071617167,448891849,3.266,-9.094,-1.000,-0.008,0.002,0.000,-222222
2.071698292,448897070,3.227,-9.137,-1.000,-0.008,0.002,0.000,-222626
2.07177175,448899293,3.227,-9.137,-1.000,0.008,-0.004,0.008,-221667
2.071849667,448904514,3.227,-9.137,-1.000,0.010,0.006,0.008,-222742
2.071923958,448908735,3.227,-9.137,-1.000,-0.004,-0.006,0.010,-222022
2.072004292,448912956,3.227,-9.137,-1.000,-0.008,-0.008,-0.002,-222906
2.072076167,448917177,3.227,-9.137,-1.000,0.010,0.000,0.000,-223079
2.072150125,448921398,3.227,-9.137,-1.000,-0.006,0.000,0.008,-222175
2.072260125,448924619,3.191,-9.176,-1.000,-0.006,0.000,0.008,-222284
2.072332667,448926840,3.191,-9.176,-1.000,-0.004,0.008,0.014,-221752
2.072415667,448932061,3.191,-9.176,-1.000,0.008,0.008,0.006,-223304
2.072487625,448936282,3.191,-9.176,-1.000,0.002,0.000,0.008,-222297
2.072563625,448941503,3.191,-9.176,-1.000,-0.006,0.006,0.004,-223806
2.072641167,448945724,3.191,-9.176,-1.000,0.004,-0.012,-0.014,-222154
2.0727165,448949945,3.191,-9.176,-1.000,0.000,-0.014,-0.002,-222399
2.072795875,448954166,3.191,-9.133,-1.039,0.000,-0.014,-0.002,-222283
2.072868333,448956387,3.191,-9.133,-1.039,0.006,0.004,0.006,-222489
2.07295475,448961608,3.191,-9.133,-1.039,-0.004,-0.004,0.006,-222125
2.073035,448965829,3.191,-9.133,-1.039,-0.002,-0.010,-0.002,-220834
2.07311325,448970050,3.191,-9.133,-1.039,0.000,-0.012,0.004,-222579
2.073379083,448974271,3.191,-9.133,-1.039,-0.006,0.002,0.008,-221935
2.073451542,448979493,3.227,-9.098,-0.961,-0.006,0.002,0.008,-221779
2.073531167,448981714,3.227,-9.098,-0.961,-0.002,-0.002,0.012,-222373
2.07360375,448986935,3.227,-9.098,-0.961,0.000,0.000,0.002,-222305
2.073685875,448991156,3.227,-9.098,-0.961,-0.002,-0.008,-0.010,-222539
2.073760792,448997377,3.227,-9.098,-0.961,-0.004,0.002,-0.004,-222110
2.073839958,449001598,3.227,-9.098,-0.961,-0.002,0.006,-0.004,-222112
2.073912917,449005819,3.227,-9.098,-0.961,0.004,-0.006,0.004,-221779
2.073987833,449010040,3.191,-9.094,-1.000,0.004,-0.006,0.004,-222714
2.074062792,449013261,3.191,-9.094,-1.000,-0.010,0.000,0.008,-222071
2.074136292,449018482,3.191,-9.094,-1.000,-0.012,0.004,0.004,-222131
2.074213458,449021703,3.191,-9.094,-1.000,0.010,-0.002,0.000,-221449
2.074286917,449024924,3.191,-9.094,-1.000,0.012,-0.004,0.000,-222048
2.074365667,449029146,3.191,-9.094,-1.000,-0.004,-0.002,0.000,-221344
2.074438625,449033367,3.191,-9.094,-1.000,0.000,0.002,-0.008,-221954
2.074515583,449037588,3.266,-9.094,-1.000,0.000,0.002,-0.008,-222510
2.074589833,449040809,3.266,-9.094,-1.000,0.006,-0.012,0.006,-222167
2.074663,449045030,3.266,-9.094,-1.000,0.004,0.010,0.004,-222225
2.0747415,449049251,3.266,-9.094,-1.000,0.000,0.002,-0.004,-222095
2.074813208,449053472,3.266,-9.094,-1.000,0.010,0.002,0.010,-222283
2.074891458,449058693,3.266,-9.094,-1.000,-0.008,-0.006,0.012,-222115
2.074964083,449062914,3.266,-9.094,-1.000,-0.004,0.002,0.006,-222463
2.075043708,449067135,3.227,-9.098,-1.000,-0.004,0.002,0.006,-222716
2.075118167,449069356,3.227,-9.098,-1.000,0.000,-0.004,-0.004,-221972
2.075196792,449074577,3.227,-9.098,-1.000,-0.002,0.002,-0.004,-222374
2.075275167,449078798,3.227,-9.098,-1.000,-0.002,0.008,0.008,-222786
2.075353208,449082019,3.227,-9.098,-1.000,-0.002,-0.010,0.000,-221477
2.075446,449086240,3.227,-9.098,-1.000,-0.004,-0.002,-0.004,-222925
2.075520458,449090461,3.227,-9.098,-1.000,0.002,-0.008,0.008,-221633
2.075597833,449094682,3.266,-9.094,-1.000,0.002,-0.008,0.008,-222098
2.075671375,449096903,3.266,-9.094,-1.000,0.000,-0.002,0.004,-221877
2.075747833,449102124,3.266,-9.094,-1.000,0.000,0.002,-0.002,-222276
2.075821458,449106345,3.266,-9.094,-1.000,0.012,-0.004,0.004,-221821
2.07589725,449109566,3.266,-9.094,-1.000,-0.006,-0.002,0.006,-222673
2.075975375,449113787,3.266,-9.094,-1.000,0.010,0.008,0.004,-223547
2.076048375,449118008,3.266,-9.094,-1.000,-0.008,0.008,0.004,-221833
2.076125167,449122229,3.191,-9.137,-0.922,-0.008,0.008,0.004,-221901
2.076199958,449124450,3.191,-9.137,-0.922,0.010,-0.004,-0.018,-222254
2.07629675,449129671,3.191,-9.137,-0.922,0.002,0.002,-0.002,-222001
2.076388792,449133892,3.191,-9.137,-0.922,0.002,0.008,0.006,-221957
2.076482458,449138113,3.191,-9.137,-0.922,0.000,-0.002,-0.004,-222112
2.076573875,449142335,3.191,-9.137,-0.922,-0.002,0.008,-0.012,-221696
2.076649167,449147555,3.191,-9.137,-0.922,0.002,-0.002,0.006,-222313
2.076727375,449151776,3.227,-9.137,-0.961,0.002,-0.002,0.006,-222142
2.076801917,449154997,3.227,-9.137,-0.961,0.010,0.004,-0.008,-222545
2.076894708,449161218,3.227,-9.137,-0.961,0.004,-0.008,-0.016,-222668
2.076970833,449165439,3.227,-9.137,-0.961,0.008,-0.012,-0.002,-221569
2.077049042,449169660,3.227,-9.137,-0.961,0.004,0.006,-0.002,-222187
2.077124,449174881,3.227,-9.137,-0.961,-0.002,0.000,0.004,-222331
2.077199,449180102,3.227,-9.137,-0.961,-0.002,0.000,0.000,-222022
2.07735825,449184323,3.227,-9.094,-0.922,-0.002,0.000,0.000,-222445
2.077433042,449187544,3.227,-9.094,-0.922,-0.004,0.006,0.008,-221871
2.077686875,449192765,3.227,-9.094,-0.922,-0.004,-0.006,0.000,-222534
2.077782917,449197986,3.227,-9.094,-0.922,0.006,0.000,0.000,-222201
2.100157042,449202207,3.227,-9.094,-0.922,-0.002,-0.002,0.018,-221662
2.100387875,449206428,3.227,-9.094,-0.922,0.008,0.012,0.002,-222419
2.100474375,449210649,3.227,-9.094,-0.922,0.006,-0.004,0.008,-221287
2.100570042,449214870,3.227,-9.137,-0.961,0.006,-0.004,0.008,-222838
2.100675458,449217091,3.227,-9.137,-0.961,-0.002,-0.004,-0.006,-223053
2.100772875,449222313,3.227,-9.137,-0.961,-0.006,0.002,0.012,-222618
2.100846875,449227533,3.227,-9.137,-0.961,0.004,0.002,0.000,-221800
2.100927,449231754,3.227,-9.137,-0.961,-0.010,0.000,-0.006,-222135
2.101011792,449237976,3.227,-9.137,-0.961,0.004,-0.006,-0.012,-221672
2.101104208,449242197,3.227,-9.137,-0.961,0.004,0.006,0.010,-222268
2.101191583,449246418,3.191,-9.133,-0.961,0.004,0.006,0.010,-221991
2.101279542,449248639,3.191,-9.133,-0.961,0.004,0.004,0.006,-221933
2.101374375,449254860,3.191,-9.133,-0.961,-0.002,0.006,0.008,-222077
2.101460958,449259081,3.191,-9.133,-0.961,0.010,-0.002,0.002,-222050
2.101551792,449263302,3.191,-9.133,-0.961,-0.002,0.006,0.010,-221739
2.101637583,449268524,3.191,-9.133,-0.961,0.006,0.008,-0.006,-222904
2.101727167,449272745,3.191,-9.133,-0.961,-0.012,0.004,0.006,-221913
2.101840167,449276966,3.227,-9.137,-1.000,-0.012,0.004,0.006,-221665
2.101928167,449280187,3.227,-9.137,-1.000,-0.004,0.006,-0.002,-222586
2.102051542,449285408,3.227,-9.137,-1.000,-0.002,0.000,-0.008,-222708
2.102123167,449289629,3.227,-9.137,-1.000,0.006,0.000,0.006,-221855
2.10219975,449292850,3.227,-9.137,-1.000,-0.010,0.006,0.010,-221588
2.102272833,449299071,3.227,-9.137,-1.000,0.004,0.002,-0.006,-222039
2.102350958,449303292,3.227,-9.137,-1.000,-0.004,-0.004,0.006,-221823
2.102424792,449307513,3.227,-9.133,-0.922,-0.004,-0.004,0.006,-221941
2.102498917,449309734,3.227,-9.133,-0.922,-0.014,0.010,-0.004,-221857
2.102577583,449314955,3.227,-9.133,-0.922,0.002,-0.004,-0.002,-222050
2.1026515,449320176,3.227,-9.133,-0.922,0.004,-0.006,-0.002,-221763
2.102726875,449324397,3.227,-9.133,-0.922,0.002,0.002,0.004,-222809
2.10282325,449329618,3.227,-9.133,-0.922,-0.006,0.004,-0.006,-222496
2.102927958,449334839,3.227,-9.133,-0.922,-0.002,-0.004,-0.014,-221894
2.103005292,449339060,3.191,-9.094,-0.961,-0.002,-0.004,-0.014,-222122
2.103083208,449341281,3.191,-9.094,-0.961,-0.004,-0.006,0.000,-223226
2.103159708,449345502,3.191,-9.094,-0.961,-0.008,0.004,0.010,-221552
2.103233167,449349723,3.191,-9.094,-0.961,0.006,0.000,-0.004,-222628
2.103311417,449353944,3.191,-9.094,-0.961,0.004,-0.002,-0.008,-222119
2.1033865,449358165,3.191,-9.094,-0.961,-0.008,-0.004,0.008,-221725
2.103466083,449361386,3.191,-9.133,-1.000,-0.008,-0.004,0.008,-222720
2.103540083,449363607,3.191,-9.133,-1.000,-0.004,0.012,0.010,-222234
2.103616417,449367828,3.191,-9.133,-1.000,0.004,-0.004,0.012,-222185
2.103688417,449372049,3.191,-9.133,-1.000,0.006,0.000,0.000,-221266
2.103762625,449377270,3.191,-9.133,-1.000,-0.004,-0.002,0.000,-222344
2.103840333,449381491,3.191,-9.133,-1.000,0.002,0.002,-0.002,-222379
2.103912625,449385712,3.191,-9.133,-1.000,0.006,0.004,0.010,-222404
2.1039895,449389933,3.191,-9.094,-0.961,0.006,0.004,0.010,-221987
2.10406275,449392154,3.191,-9.094,-0.961,0.006,-0.002,0.000,-221612
2.104142417,449398375,3.191,-9.094,-0.961,-0.010,-0.004,0.008,-222164
2.104217292,449402596,3.191,-9.094,-0.961,-0.002,-0.006,0.004,-222511
2.104303667,449406817,3.191,-9.094,-0.961,-0.004,0.000,-0.002,-221473
2.104381625,449412038,3.191,-9.094,-0.961,0.000,0.002,-0.002,-222881
2.10445525,449418259,3.191,-9.094,-0.961,0.006,-0.002,0.000,-222076
2.104532875,449422480,3.266,-9.133,-1.039,0.006,-0.002,0.000,-222174
2.104607125,449425701,3.266,-9.133,-1.039,-0.004,0.000,-0.004,-221561
2.104685792,449430922,3.266,-9.133,-1.039,-0.002,-0.004,0.004,-222189
2.104758792,449435143,3.266,-9.133,-1.039,0.006,-0.004,0.006,-221996
2.104831,449440364,3.266,-9.133,-1.039,0.000,0.000,0.000,-222812
2.104907458,449444585,3.266,-9.133,-1.039,0.000,0.000,0.000,-222089
2.104979,449448806,3.266,-9.133,-1.039,0.000,0.000,0.000,-223224
2.105055375,449452027,3.191,-9.133,-0.961,0.000,0.000,0.000,-222667
2.105127458,449455247,3.191,-9.133,-0.961,0.000,0.000,0.000,-222319
2.105204,449460468,3.191,-9.133,-0.961,0.000,0.000,0.000,-222264
2.105277083,449464689,3.191,-9.133,-0.961,0.000,0.000,0.000,-221991
2.105349125,449467909,3.191,-9.133,-0.961,0.000,0.000,0.000,-222466
2.105427917,449472129,3.191,-9.133,-0.961,0.000,0.000,0.000,-222015
2.105500167,449479349,3.191,-9.133,-0.961,0.000,0.000,0.000,-222262
2.105577292,449483570,3.191,-9.137,-0.922,0.000,0.000,0.000,-222589
2.105650125,449485791,3.191,-9.137,-0.922,0.000,0.000,0.000,-222103
2.105722458,449490011,3.191,-9.137,-0.922,0.000,0.000,0.000,-222394
2.105801083,449495231,3.191,-9.137,-0.922,0.000,0.000,0.000,-222106
2.10587325,449499452,3.191,-9.137,-0.922,0.000,0.000,0.000,-222543
2.105951167,449503672,3.191,-9.137,-0.922,0.000,0.000,0.000,-222015
2.106023625,449507892,3.191,-9.137,-0.922,0.000,0.000,0.000,-222549
2.106099542,449512113,3.191,-9.133,-1.000,0.000,0.000,0.000,-222754
2.106172208,449515334,3.191,-9.133,-1.000,0.000,0.000,0.000,-222124
2.106245833,449520555,3.191,-9.133,-1.000,0.000,0.000,0.000,-222054
2.106324042,449524776,3.191,-9.133,-1.000,0.000,0.000,0.000,-222211
2.106396833,449528997,3.191,-9.133,-1.000,0.000,0.000,0.000,-221645
2.106473708,449533218,3.191,-9.133,-1.000,0.000,0.000,0.000,-221753
2.106546125,449537424,3.191,-9.133,-1.000,0.000,0.000,0.000,-221753
2.106625708,449541644,3.266,-9.094,-0.961,0.000,0.000,0.000,-222593
2.106697625,449543864,3.266,-9.094,-0.961,0.000,0.000,0.000,-223305
2.106770208,449548084,3.266,-9.094,-0.961,0.000,0.000,0.000,-221839
2.106848208,449552305,3.266,-9.094,-0.961,0.000,0.000,0.000,-222332
2.10692025,449556527,3.266,-9.094,-0.961,0.000,0.000,0.000,-222348
2.10699625,449560747,3.266,-9.094,-0.961,0.000,0.000,0.000,-222636
2.107068667,449564968,3.266,-9.094,-0.961,0.000,0.000,0.000,-222384
2.107146208,449570188,3.227,-9.098,-0.961,0.000,0.000,0.000,-222176
2.1072205,449573408,3.227,-9.098,-0.961,0.000,0.000,0.000,-222859
2.107293542,449579629,3.227,-9.098,-0.961,0.000,0.000,0.000,-222558
2.107371167,449583849,3.227,-9.098,-0.961,0.000,0.000,0.000,-221497
2.107443333,449588070,3.227,-9.098,-0.961,0.000,0.000,0.000,-222485
2.107521667,449592290,3.227,-9.098,-0.961,0.000,0.000,0.000,-221743
2.107593792,449597510,3.227,-9.098,-0.961,0.000,0.000,0.000,-222858
2.107666375,449601730,3.227,-9.137,-0.961,0.000,0.000,0.000,-221515
2.107744792,449604951,3.227,-9.137,-0.961,0.000,0.000,0.000,-222419
2.107820875,449610171,3.227,-9.137,-0.961,0.000,0.000,0.000,-221453
2.107909958,449615392,3.227,-9.137,-0.961,0.000,0.000,0.000,-222172
2.107982208,449619613,3.227,-9.137,-0.961,0.000,0.000,0.000,-221522
2.108307083,449623834,3.227,-9.137,-0.961,0.000,0.000,0.000,-222274
2.108380083,449628055,3.227,-9.137,-0.961,0.000,0.000,0.000,-221769
2.108451917,449632275,3.266,-9.133,-0.961,0.000,0.000,0.000,-222053
2.108529458,449635495,3.266,-9.133,-0.961,0.000,0.000,0.000,-222933
2.108601167,449640715,3.266,-9.133,-0.961,0.000,0.000,0.000,-221309
2.108679,449644935,3.266,-9.133,-0.961,0.000,0.000,0.000,-221945
2.108751167,449649156,3.266,-9.133,-0.961,0.000,0.000,0.000,-222184
2.108826833,449653376,3.266,-9.133,-0.961,0.000,0.000,0.000,-222252
2.108899458,449658596,3.266,-9.133,-0.961,0.000,0.000,0.000,-221972
2.108971542,449662816,3.227,-9.098,-0.961,0.000,0.000,0.000,-222019
2.109049208,449666036,3.227,-9.098,-0.961,0.000,0.000,0.000,-222273
2.109121167,449671257,3.227,-9.098,-0.961,0.000,0.000,0.000,-221851
2.109200542,449675478,3.227,-9.098,-0.961,0.000,0.000,0.000,-222407
2.109272083,449680699,3.227,-9.098,-0.961,0.000,0.000,0.000,-221950
2.109344042,449684920,3.227,-9.098,-0.961,0.000,0.000,0.000,-223095
2.109426542,449690141,3.227,-9.098,-0.961,0.000,0.000,0.000,-222221
2.109500292,449694361,3.227,-9.137,-0.961,0.000,0.000,0.000,-221286
2.10958025,449697581,3.227,-9.137,-0.961,0.000,0.000,0.000,-222589
2.109668083,449703801,3.227,-9.137,-0.961,0.000,0.000,0.000,-221509
2.109746375,449708022,3.227,-9.137,-0.961,0.000,0.000,0.000,-221662
2.109823125,449712243,3.227,-9.137,-0.961,0.000,0.000,0.000,-222103
2.109897125,449717464,3.227,-9.137,-0.961,0.000,0.000,0.000,-222676
2.110071792,449721685,3.227,-9.137,-0.961,0.000,0.000,0.000,-221529
2.110143458,449725906,3.227,-9.137,-0.961,0.000,0.000,0.000,-222226
2.110216125,449729126,3.227,-9.137,-0.961,0.000,0.000,0.000,-221752
2.110288125,449736346,3.227,-9.137,-0.961,0.000,0.000,0.000,-222329
2.110360458,449741566,3.227,-9.137,-0.961,0.000,0.000,0.000,-221702
2.110433417,449745787,3.227,-9.137,-0.961,0.000,0.000,0.000,-221598
2.110506625,449751007,3.227,-9.137,-0.961,0.000,0.000,0.000,-220593
2.110583833,449755227,3.227,-9.137,-0.961,0.000,0.000,0.000,-221645
2.110687,449759447,3.227,-9.137,-1.000,0.000,0.000,0.000,-223071
2.110777042,449761668,3.227,-9.137,-1.000,0.000,0.000,0.000,-222082
2.110862833,449766889,3.227,-9.137,-1.000,0.000,0.000,0.000,-223065
2.110936417,449771109,3.227,-9.137,-1.000,0.000,0.000,0.000,-223241
2.111010833,449774330,3.227,-9.137,-1.000,0.000,0.000,0.000,-222312
2.111092417,449779551,3.227,-9.137,-1.000,0.000,0.000,0.000,-222519
2.111184792,449783772,3.227,-9.137,-1.000,0.000,0.000,0.000,-222543
2.111259167,449787992,3.227,-9.094,-0.922,0.000,0.000,0.000,-222613
2.111347667,449790213,3.227,-9.094,-0.922,0.000,0.000,0.000,-221507
2.111423708,449794433,3.227,-9.094,-0.922,0.000,0.000,0.000,-222241
2.111497917,449798653,3.227,-9.094,-0.922,0.000,0.000,0.000,-221652
2.133588042,449801874,3.227,-9.094,-0.922,0.000,0.000,0.000,-222904
2.133663167,449807095,3.227,-9.094,-0.922,0.000,0.000,0.000,-221696
2.1337355,449811315,3.227,-9.094,-0.922,0.000,0.000,0.000,-221961
2.133807833,449817535,3.227,-9.137,-0.961,0.000,0.000,0.000,-222218
2.133880458,449819756,3.227,-9.137,-0.961,0.000,0.000,0.000,-222492
2.136924333,449823976,3.227,-9.137,-0.961,0.000,0.000,0.000,-222617
2.141109542,449828196,3.227,-9.137,-0.961,0.000,0.000,0.000,-222423
2.145362292,449832417,3.227,-9.137,-0.961,0.000,0.000,0.000,-222965
2.150423625,449837638,3.227,-9.137,-0.961,0.000,0.000,0.000,-222127
2.166934125,449841859,3.227,-9.137,-0.961,0.000,0.000,0.000,-222129
2.167010125,449846080,3.152,-9.098,-1.000,0.000,0.000,0.000,-222250
2.167084083,449849303,3.152,-9.098,-1.000,0.000,0.000,0.000,-222025
2.167321,449854523,3.152,-9.098,-1.000,0.000,0.000,0.000,-221299
2.171572167,449858744,3.152,-9.098,-1.000,0.000,0.000,0.000,-222033
2.1757755,449862965,3.152,-9.098,-1.000,0.000,0.000,0.000,-221863
2.200213292,449867186,3.152,-9.098,-1.000,0.000,0.000,0.000,-221686
2.200287083,449871407,3.266,-9.133,-0.961,0.000,0.000,0.000,-222697
2.200359458,449874627,3.266,-9.133,-0.961,0.000,0.000,0.000,-222737
2.200431458,449880848,3.266,-9.133,-0.961,0.000,0.000,0.000,-223026
2.200504083,449885068,3.266,-9.133,-0.961,0.000,0.000,0.000,-222606
2.202224875,449889289,3.266,-9.133,-0.961,0.000,0.000,0.000,-221035
2.206295958,449893510,3.266,-9.133,-0.961,0.000,0.000,0.000,-221596
2.211521875,449898731,3.266,-9.133,-0.961,0.000,0.000,0.000,-222973
2.215857125,449902951,3.227,-9.137,-1.000,0.000,0.000,0.000,-222531
2.217958333,449905172,3.227,-9.137,-1.000,0.000,0.000,0.000,-223178
2.233571042,449910393,3.227,-9.137,-1.000,0.000,0.000,0.000,-221677
2.233643667,449914613,3.227,-9.137,-1.000,0.000,0.000,0.000,-221763
2.233715875,449918834,3.227,-9.137,-1.000,0.000,0.000,0.000,-221532
2.235999667,449923055,3.227,-9.137,-1.000,0.000,0.000,0.000,-222587
2.241162958,449928276,3.227,-9.137,-1.000,0.000,0.000,0.000,-221673
2.245395958,449932497,3.227,-9.172,-1.000,0.000,0.000,0.000,-221725
2.248505042,449935718,3.227,-9.172,-1.000,0.000,0.000,0.000,-222191
2.26689175,449941939,3.227,-9.172,-1.000,0.000,0.000,0.000,-222539
2.266965042,449947160,3.227,-9.172,-1.000,0.000,0.000,0.000,-221550
2.267037542,449951381,3.227,-9.172,-1.000,0.000,0.000,0.000,-222394
2.269543875,449956601,3.227,-9.172,-1.000,0.000,0.000,0.000,-222305
2.273731292,449960822,3.227,-9.172,-1.000,0.000,0.000,0.000,-222476
2.278925958,449966043,3.227,-9.098,-0.961,0.000,0.000,0.000,-222834
2.282107208,449969264,3.227,-9.098,-0.961,0.000,0.000,0.000,-222195
2.300257917,449974484,3.227,-9.098,-0.961,0.000,0.000,0.000,-221499
2.300329667,449978704,3.227,-9.098,-0.961,0.000,0.000,0.000,-222533
2.300401458,449982924,3.227,-9.098,-0.961,0.000,0.000,0.000,-222160
2.302161125,449989144,3.227,-9.098,-0.961,0.000,0.000,0.000,-222676
2.306272042,449993364,3.227,-9.098,-0.961,0.000,0.000,0.000,-221505
2.311446542,449998586,3.191,-9.133,-0.961,0.000,0.000,0.000,-222023
2.314631667,450001806,3.191,-9.133,-0.961,0.000,0.000,0.000,-222905
2.333683625,450007026,3.191,-9.133,-0.961,0.000,0.000,0.000,-222113
2.33383675,450011246,3.191,-9.133,-0.961,0.000,0.000,0.000,-222709
2.333919208,450014467,3.191,-9.133,-0.961,0.000,0.000,0.000,-221983
2.334001042,450019687,3.191,-9.133,-0.961,0.000,0.000,0.000,-222685
2.337850625,450024908,3.191,-9.133,-0.961,0.000,0.000,0.000,-222587
2.342024083,450029129,3.266,-9.133,-0.961,0.000,0.000,0.000,-221800
2.344218792,450031350,3.266,-9.133,-0.961,0.000,0.000,0.000,-222922
2.350385417,450037570,3.266,-9.133,-0.961,0.000,0.000,0.000,-222114
2.366915083,450041791,3.266,-9.133,-0.961,0.000,0.000,0.000,-222711
2.366987875,450046012,3.266,-9.133,-0.961,0.000,0.000,0.000,-222835
2.367060708,450050233,3.266,-9.133,-0.961,0.000,0.000,0.000,-222608
2.367234125,450054454,3.227,-9.098,-0.961,0.000,0.000,0.000,-221880
2.370556417,450057675,3.227,-9.098,-0.961,0.000,0.000,0.000,-222025
2.376698167,450063895,3.227,-9.098,-0.961,0.000,0.000,0.000,-222019
2.381008,450068116,3.227,-9.098,-0.961,0.000,0.000,0.000,-222412
2.385144833,450072337,3.227,-9.098,-0.961,0.000,0.000,0.000,-222488
2.400243417,450077558,3.227,-9.098,-0.961,0.000,0.000,0.000,-222235
2.400315875,450081778,3.227,-9.098,-0.961,0.000,0.000,0.000,-223520
2.400388167,450085998,3.191,-9.133,-1.000,0.000,0.000,0.000,-222159
2.402210625,450089219,3.191,-9.133,-1.000,0.000,0.000,0.000,-222863
2.407240792,450094440,3.191,-9.133,-1.000,0.000,0.000,0.000,-222213
2.412565125,450099661,3.191,-9.133,-1.000,0.000,0.000,0.000,-221611
2.415677333,450102882,3.191,-9.133,-1.000,0.000,0.000,0.000,-221783
2.419906833,450107103,3.191,-9.133,-1.000,0.000,0.000,0.000,-221976
2.433624625,450111324,3.191,-9.133,-1.000,0.000,0.000,0.000,-223127
2.433696125,450115545,3.227,-9.098,-1.000,0.000,0.000,0.000,-222613
2.433768542,450117766,3.227,-9.098,-1.000,0.000,0.000,0.000,-222150
2.43586675,450122987,3.227,-9.098,-1.000,0.000,0.000,0.000,-222100
2.440093667,450127208,3.227,-9.098,-1.000,0.000,0.000,0.000,-223743
2.443305833,450130429,3.227,-9.098,-1.000,0.000,0.000,0.000,-221715
2.447544667,450134650,3.227,-9.098,-1.000,0.000,0.000,0.000,-222404
2.451945458,450138871,3.227,-9.098,-1.000,0.000,0.000,0.000,-222542
2.466886042,450142092,3.191,-9.133,-0.961,0.000,0.000,0.000,-222496
2.466960417,450144315,3.191,-9.133,-0.961,0.000,0.000,0.000,-222234
2.4670465,450148535,3.191,-9.133,-0.961,0.000,0.000,0.000,-221823
2.467131167,450152755,3.191,-9.133,-0.961,0.000,0.000,0.000,-221851
2.470880958,450157975,3.191,-9.133,-0.961,0.000,0.000,0.000,-222410
2.475085,450162195,3.191,-9.133,-0.961,0.000,0.000,0.000,-222245
2.479271417,450166415,3.191,-9.133,-0.961,0.000,0.000,0.000,-222540
2.482418417,450169635,3.191,-9.133,-0.961,0.000,0.000,0.000,-221858
2.484711875,450171855,3.191,-9.133,-0.961,0.000,0.000,0.000,-221025
2.500242292,450176075,3.191,-9.133,-0.961,0.000,0.000,0.000,-222709
2.500314833,450180295,3.191,-9.133,-0.961,0.000,0.000,0.000,-221667
2.500387,450185517,3.191,-9.133,-0.961,0.000,0.000,0.000,-221646
2.502623417,450189738,3.191,-9.133,-0.961,0.000,0.000,0.000,-222537
2.506803042,450193958,3.191,-9.133,-0.961,0.000,0.000,0.000,-222371
2.510986208,450198179,3.227,-9.137,-1.000,0.000,0.000,0.000,-222721
2.513190708,450200400,3.227,-9.137,-1.000,0.000,0.000,0.000,-222946
2.533547042,450205621,3.227,-9.137,-1.000,0.000,0.000,0.000,-222690
2.533620417,450209842,3.227,-9.137,-1.000,0.000,0.000,0.000,-222991
2.533692208,450213063,3.227,-9.137,-1.000,0.000,0.000,0.000,-221383
2.533770208,450218283,3.227,-9.137,-1.000,0.000,0.000,0.000,-222814
2.535400583,450222504,3.227,-9.137,-1.000,0.000,0.000,0.000,-224017
2.538634167,450225726,3.227,-9.137,-1.000,0.000,0.000,0.000,-221901
2.543832292,450230948,3.227,-9.137,-1.000,0.000,0.000,0.000,-222479
2.548068083,450235168,3.227,-9.137,-1.000,0.000,0.000,0.000,-221823
2.566879792,450240389,3.227,-9.137,-1.000,0.000,0.000,0.000,-222856
2.566961458,450244610,3.227,-9.137,-1.000,0.000,0.000,0.000,-221577
2.56704125,450250830,3.227,-9.137,-1.000,0.000,0.000,0.000,-223313
2.568047792,450255051,3.227,-9.098,-1.000,0.000,0.000,0.000,-222467
2.570086208,450257272,3.227,-9.098,-1.000,0.000,0.000,0.000,-222613
2.575354667,450262493,3.227,-9.098,-1.000,0.000,0.000,0.000,-222244
2.580555792,450267713,3.227,-9.098,-1.000,0.000,0.000,0.000,-222053
2.600271958,450271934,3.227,-9.098,-1.000,0.000,0.000,0.000,-222055
2.600352542,450277155,3.227,-9.098,-1.000,0.000,0.000,0.000,-222749
2.600437125,450281376,3.227,-9.098,-1.000,0.000,0.000,0.000,-222432
2.600523875,450285596,3.227,-9.098,-0.961,0.000,0.000,0.000,-222273
2.600639917,450287817,3.227,-9.098,-0.961,0.000,0.000,0.000,-221707
2.604865042,450292038,3.227,-9.098,-0.961,0.000,0.000,0.000,-222189
2.609049917,450296258,3.227,-9.098,-0.961,0.000,0.000,0.000,-222943
2.613285167,450300479,3.227,-9.098,-0.961,0.000,0.000,0.000,-222986
2.633527458,450305699,3.227,-9.098,-0.961,0.000,0.000,0.000,-223658
2.633601083,450309920,3.227,-9.098,-0.961,0.000,0.000,0.000,-222276
2.633675,450313141,3.191,-9.094,-1.039,0.000,0.000,0.000,-222415
2.633749375,450315362,3.191,-9.094,-1.039,0.000,0.000,0.000,-221231
2.633823417,450320583,3.191,-9.094,-1.039,0.000,0.000,0.000,-223032
2.637657833,450324803,3.191,-9.094,-1.039,0.000,0.000,0.000,-222086
2.642900167,450330023,3.191,-9.094,-1.039,0.000,0.000,0.000,-222869
2.647159125,450334244,3.191,-9.094,-1.039,0.000,0.000,0.000,-222610
2.66688725,450338464,3.191,-9.094,-1.039,0.000,0.000,0.000,-222259
2.666960292,450342685,3.227,-9.098,-0.961,0.000,0.000,0.000,-223223
2.667033167,450344906,3.227,-9.098,-0.961,0.000,0.000,0.000,-222574
2.667106792,450350126,3.227,-9.098,-0.961,0.000,0.000,0.000,-222457
2.667179625,450354346,3.227,-9.098,-0.961,0.000,0.000,0.000,-222859
2.6724055,450359567,3.227,-9.098,-0.961,0.000,0.000,0.000,-222825
2.676678958,450363788,3.227,-9.098,-0.961,0.000,0.000,0.000,-222565
2.681899417,450369008,3.227,-9.098,-0.961,0.000,0.000,0.000,-222987
2.700289917,450373228,3.227,-9.098,-1.000,0.000,0.000,0.000,-222284
2.70036475,450376449,3.227,-9.098,-1.000,0.000,0.000,0.000,-221956
2.700437708,450382670,3.227,-9.098,-1.000,0.000,0.000,0.000,-222743
2.700697333,450387890,3.227,-9.098,-1.000,0.000,0.000,0.000,-222341
2.706042667,450393111,3.227,-9.098,-1.000,0.000,0.000,0.000,-222592
2.71122525,450398332,3.191,-9.094,-1.039,0.000,0.000,0.000,-222085
2.714516125,450401553,3.191,-9.094,-1.039,0.000,0.000,0.000,-222558
2.73364825,450406774,3.191,-9.094,-1.039,0.000,0.000,0.000,-222588
2.733729042,450410995,3.191,-9.094,-1.039,0.000,0.000,0.000,-222578
2.733805542,450416215,3.191,-9.094,-1.039,0.000,0.000,0.000,-223137
2.733879458,450420436,3.191,-9.094,-1.039,0.000,0.000,0.000,-222027
2.7385625,450425657,3.191,-9.094,-1.039,0.000,0.000,0.000,-222946
2.742741417,450429878,3.266,-9.133,-0.961,0.000,0.000,0.000,-222253
2.74591175,450433098,3.266,-9.133,-0.961,0.000,0.000,0.000,-222578
2.766939,450439319,3.266,-9.133,-0.961,0.000,0.000,0.000,-223182
2.76702275,450443539,3.266,-9.133,-0.961,0.000,0.000,0.000,-223005
2.767108625,450447759,3.266,-9.133,-0.961,0.000,0.000,0.000,-222756
2.767182458,450451979,3.266,-9.133,-0.961,0.000,0.000,0.000,-222307
2.770066792,450457199,3.266,-9.133,-0.961,0.000,0.000,0.000,-222724
2.774298208,450461419,3.227,-9.137,-1.000,0.000,0.000,0.000,-221862
2.777498542,450464640,3.227,-9.137,-1.000,0.000,0.000,0.000,-222483
2.783681958,450470861,3.227,-9.137,-1.000,0.000,0.000,0.000,-223128
2.800229792,450475082,3.227,-9.137,-1.000,0.000,0.000,0.000,-222687
2.800313917,450479303,3.227,-9.137,-1.000,0.000,0.000,0.000,-222140
2.800409083,450483524,3.227,-9.137,-1.000,0.000,0.000,0.000,-222936
2.800546875,450487744,3.227,-9.137,-1.000,0.000,0.000,0.000,-221953
2.803850417,450490965,3.227,-9.137,-0.961,0.000,0.000,0.000,-223294
2.811144792,450498185,3.227,-9.137,-0.961,0.000,0.000,0.000,-222773
2.815276917,450502406,3.227,-9.137,-0.961,0.000,0.000,0.000,-221874
2.833645792,450506627,3.227,-9.137,-0.961,0.000,0.000,0.000,-222454
2.833720917,450510847,3.227,-9.137,-0.961,0.000,0.000,0.000,-222066
2.833793625,450516068,3.227,-9.137,-0.961,0.000,0.000,0.000,-222406
2.833867125,450520288,3.227,-9.098,-0.961,0.000,0.000,0.000,-222073
2.836341417,450523510,3.227,-9.098,-0.961,0.000,0.000,0.000,-222705
2.841603833,450528731,3.227,-9.098,-0.961,0.000,0.000,0.000,-222687
2.845804042,450532951,3.227,-9.098,-0.961,0.000,0.000,0.000,-222173
2.857248208,450538171,3.227,-9.098,-0.961,0.000,0.000,0.000,-222245
2.866898542,450542392,3.227,-9.098,-0.961,0.000,0.000,0.000,-222451
2.866973,450546613,3.227,-9.098,-0.961,0.000,0.000,0.000,-223438
2.867045917,450550834,3.227,-9.137,-0.961,0.000,0.000,0.000,-222240
2.8671185,450553054,3.227,-9.137,-0.961,0.000,0.000,0.000,-223086
2.872141125,450559274,3.227,-9.137,-0.961,0.000,0.000,0.000,-222389
2.87635675,450563495,3.227,-9.137,-0.961,0.000,0.000,0.000,-222838
2.880610667,450567715,3.227,-9.137,-0.961,0.000,0.000,0.000,-222219
2.900209292,450571936,3.227,-9.137,-0.961,0.000,0.000,0.000,-223330
2.900281583,450576157,3.227,-9.137,-0.961,0.000,0.000,0.000,-222824
2.900353625,450581378,3.227,-9.137,-0.961,0.000,0.000,0.000,-222015
2.900425667,450584602,3.227,-9.137,-0.961,0.000,0.000,0.000,-222966
2.903697542,450590822,3.227,-9.137,-0.961,0.000,0.000,0.000,-222518
2.907924917,450595043,3.227,-9.137,-0.961,0.000,0.000,0.000,-222408
2.91211875,450599263,3.227,-9.137,-0.961,0.000,0.000,0.000,-222158
2.916294583,450603484,3.227,-9.137,-0.961,0.000,0.000,0.000,-222493
2.933553583,450608705,3.227,-9.137,-0.961,0.000,0.000,0.000,-222614
2.93363425,450612925,3.227,-9.137,-1.000,0.000,0.000,0.000,-223065
2.933714292,450616146,3.227,-9.137,-1.000,0.000,0.000,0.000,-222619
2.935351458,450622369,3.227,-9.137,-1.000,0.000,0.000,0.000,-222478
2.939512542,450626590,3.227,-9.137,-1.000,0.000,0.000,0.000,-222139
2.942693042,450629811,3.227,-9.137,-1.000,0.000,0.000,0.000,-222589
2.94701575,450634032,3.227,-9.137,-1.000,0.000,0.000,0.000,-222031
2.966882708,450638253,3.227,-9.137,-1.000,0.000,0.000,0.000,-222934
2.966962958,450642474,3.227,-9.137,-1.000,0.000,0.000,0.000,-222384
2.967043917,450645695,3.227,-9.137,-1.000,0.000,0.000,0.000,-222947
2.967123,450650916,3.227,-9.137,-1.000,0.000,0.000,0.000,-222328
2.968027542,450655137,3.227,-9.137,-1.000,0.000,0.000,0.000,-222538
2.973242458,450660358,3.227,-9.137,-1.000,0.000,0.000,0.000,-222299
2.977451167,450664579,3.227,-9.137,-1.000,0.000,0.000,0.000,-222790
2.98162825,450668800,3.227,-9.137,-1.000,0.000,0.000,0.000,-223206
3.000266792,450673021,3.227,-9.137,-0.961,0.000,0.000,0.000,-223056
3.000340917,450676242,3.227,-9.137,-0.961,0.000,0.000,0.000,-222742
3.00041325,450681462,3.227,-9.137,-0.961,0.000,0.000,0.000,-222201
3.000486292,450685682,3.227,-9.137,-0.961,0.000,0.000,0.000,-222624
3.003772375,450690902,3.227,-9.137,-0.961,0.000,0.000,0.000,-222016
3.008027625,450695123,3.227,-9.137,-0.961,0.000,0.000,0.000,-221789
3.01315575,450700344,3.227,-9.137,-0.961,0.000,0.000,0.000,-222319
3.033576875,450704565,3.227,-9.137,-1.000,0.000,0.000,0.000,-223214
3.033651417,450707786,3.227,-9.137,-1.000,0.000,0.000,0.000,-222020
3.033725375,450713006,3.227,-9.137,-1.000,0.000,0.000,0.000,-222212
3.033801583,450718226,3.227,-9.137,-1.000,0.000,0.000,0.000,-222260
3.035267667,450722447,3.227,-9.137,-1.000,0.000,0.000,0.000,-222540
3.040471625,450727668,3.227,-9.137,-1.000,0.000,0.000,0.000,-222453
3.044689542,450731889,3.227,-9.137,-1.000,0.000,0.000,0.000,-221511
3.0669555,450737109,3.227,-9.137,-1.000,0.000,0.000,0.000,-222477
3.067032125,450739330,3.227,-9.137,-1.000,0.000,0.000,0.000,-222028
3.067106208,450743551,3.227,-9.137,-1.000,0.000,0.000,0.000,-221627
3.067179583,450748772,3.227,-9.137,-1.000,0.000,0.000,0.000,-221912
3.067253083,450751993,3.227,-9.137,-1.000,0.000,0.000,0.000,-222497
3.070111917,450757214,3.227,-9.137,-1.000,0.000,0.000,0.000,-223374
3.074378,450761435,3.227,-9.137,-1.000,0.000,0.000,0.000,-223535
3.078468417,450765656,3.191,-9.094,-1.000,0.000,0.000,0.000,-222453
3.100237208,450768877,3.191,-9.094,-1.000,0.000,0.000,0.000,-222619
3.1003105,450774097,3.191,-9.094,-1.000,0.000,0.000,0.000,-222858
3.100383125,450779318,3.191,-9.094,-1.000,0.000,0.000,0.000,-222963
3.100456,450783538,3.191,-9.094,-1.000,0.000,0.000,0.000,-223336
3.100577792,450787759,3.191,-9.094,-1.000,0.000,0.000,0.000,-222579
3.104786875,450791980,3.191,-9.094,-1.000,0.000,0.000,0.000,-221910
3.10900625,450796200,3.227,-9.098,-1.000,0.000,0.000,0.000,-222979
3.111237083,450798421,3.227,-9.098,-1.000,0.000,0.000,0.000,-222514
3.133571542,450803642,3.227,-9.098,-1.000,0.000,0.000,0.000,-221415
3.133645167,450807863,3.227,-9.098,-1.000,0.000,0.000,0.000,-222697
3.133718542,450811084,3.227,-9.098,-1.000,0.000,0.000,0.000,-222844
3.133791708,450815306,3.227,-9.098,-1.000,0.000,0.000,0.000,-222303
3.133864792,450820526,3.227,-9.098,-1.000,0.000,0.000,0.000,-222350
3.13655175,450823746,3.227,-9.098,-0.961,0.000,0.000,0.000,-223133
3.140769125,450827967,3.227,-9.098,-0.961,0.000,0.000,0.000,-221902
3.145007083,450832187,3.227,-9.137,-1.000,0.000,0.000,0.000,-222176
3.166880583,450838407,3.227,-9.137,-1.000,0.000,0.000,0.000,-222851
3.166953042,450842628,3.227,-9.137,-1.000,0.000,0.000,0.000,-222229
3.167024625,450846849,3.227,-9.137,-1.000,0.000,0.000,0.000,-222433
3.167095208,450851070,3.227,-9.137,-1.000,0.000,0.000,0.000,-223085
3.168156917,450855291,3.227,-9.137,-1.000,0.000,0.000,0.000,-221716
3.17341575,450860512,3.227,-9.055,-0.961,0.000,0.000,0.000,-222454
3.1766315,450863733,3.227,-9.055,-0.961,0.000,0.000,0.000,-223136
3.181908625,450868954,3.227,-9.055,-0.961,0.000,0.000,0.000,-221929
3.187011125,450874174,3.227,-9.055,-0.961,0.000,0.000,0.000,-222335
3.200212583,450878394,3.227,-9.055,-0.961,0.000,0.000,0.000,-222422
3.200286292,450882615,3.227,-9.055,-0.961,0.000,0.000,0.000,-223475
3.200360083,450886836,3.227,-9.055,-0.961,0.000,0.000,0.000,-221793
3.202878208,450890057,3.227,-9.137,-0.961,0.000,0.000,0.000,-222803
3.206160667,450893277,3.227,-9.137,-0.961,0.000,0.000,0.000,-223488
3.212387333,450899497,3.227,-9.137,-0.961,0.000,0.000,0.000,-221549
3.21671225,450903717,3.227,-9.137,-0.961,0.000,0.000,0.000,-222492
3.233570458,450907937,3.227,-9.137,-0.961,0.000,0.000,0.000,-221856
3.233644125,450912157,3.227,-9.137,-0.961,0.000,0.000,0.000,-222477
3.233716208,450916378,3.227,-9.137,-0.961,0.000,0.000,0.000,-222945
3.234518708,450921599,3.227,-9.098,-1.000,0.000,0.000,0.000,-222305
3.237701083,450924820,3.227,-9.098,-1.000,0.000,0.000,0.000,-222763
3.243959542,450931041,3.227,-9.098,-1.000,0.000,0.000,0.000,-222844
3.248152833,450935262,3.227,-9.098,-1.000,0.000,0.000,0.000,-223270
3.252283042,450939483,3.227,-9.098,-1.000,0.000,0.000,0.000,-222258
3.266931917,450943703,3.227,-9.098,-1.000,0.000,0.000,0.000,-222237
3.267005292,450948924,3.227,-9.098,-1.000,0.000,0.000,0.000,-221936
3.267078667,450953145,3.227,-9.137,-0.961,0.000,0.000,0.000,-223169
3.26926475,450956365,3.227,-9.137,-0.961,0.000,0.000,0.000,-222163
3.275482708,450962585,3.227,-9.137,-0.961,0.000,0.000,0.000,-222857
3.279655083,450966805,3.227,-9.137,-0.961,0.000,0.000,0.000,-222805
3.28387025,450971026,3.227,-9.137,-0.961,0.000,0.000,0.000,-222722
3.300437,450976247,3.227,-9.137,-0.961,0.000,0.000,0.000,-223252
3.300521333,450980468,3.227,-9.137,-0.961,0.000,0.000,0.000,-222763
3.300604375,450984688,3.227,-9.172,-1.000,0.000,0.000,0.000,-222840
3.30072825,450987909,3.227,-9.172,-1.000,0.000,0.000,0.000,-222481
3.306097833,450993130,3.227,-9.172,-1.000,0.000,0.000,0.000,-222734
3.312272792,450999351,3.227,-9.172,-1.000,0.000,0.000,0.000,-222910
3.316484333,451003572,3.227,-9.172,-1.000,0.000,0.000,0.000,-222026
3.320590542,451007793,3.227,-9.172,-1.000,0.000,0.000,0.000,-221430
3.333557542,451012014,3.227,-9.172,-1.000,0.000,0.000,0.000,-221931
3.33363,451016235,3.266,-9.133,-0.961,0.000,0.000,0.000,-222380
3.333700917,451018455,3.266,-9.133,-0.961,0.000,0.000,0.000,-221892
3.336531875,451023676,3.266,-9.133,-0.961,0.000,0.000,0.000,-222551
3.3408045,451027897,3.266,-9.133,-0.961,0.000,0.000,0.000,-222358
3.3440405,451031117,3.266,-9.133,-0.961,0.000,0.000,0.000,-222372
3.348233292,451035337,3.266,-9.133,-0.961,0.000,0.000,0.000,-222667
3.35245775,451039558,3.266,-9.133,-0.961,0.000,0.000,0.000,-221983
3.366898458,451043779,3.227,-9.137,-0.961,0.000,0.000,0.000,-222099
3.366985917,451045999,3.227,-9.137,-0.961,0.000,0.000,0.000,-223373
3.367072458,451051220,3.227,-9.137,-0.961,0.000,0.000,0.000,-222750
3.368354708,451055440,3.227,-9.137,-0.961,0.000,0.000,0.000,-221995
3.372561417,451059661,3.227,-9.137,-0.961,0.000,0.000,0.000,-222764
3.376730667,451063881,3.227,-9.137,-0.961,0.000,0.000,0.000,-222073
3.382002958,451069101,3.227,-9.137,-0.961,0.000,0.000,0.000,-221493
3.386155333,451073321,3.227,-9.137,-0.961,0.000,0.000,0.000,-222194
3.400237125,451076541,3.227,-9.137,-0.961,0.000,0.000,0.000,-223433
3.400309583,451082761,3.227,-9.137,-0.961,0.000,0.000,0.000,-222136
3.400380917,451086982,3.227,-9.137,-0.961,0.000,0.000,0.000,-223351
3.403096167,451090203,3.227,-9.137,-0.961,0.000,0.000,0.000,-222522
3.407323958,451094423,3.227,-9.137,-0.961,0.000,0.000,0.000,-222173
3.411546,451098643,3.227,-9.137,-0.961,0.000,0.000,0.000,-222223
3.415759625,451102863,3.191,-9.094,-1.000,0.000,0.000,0.000,-222212
3.418934792,451106084,3.191,-9.094,-1.000,0.000,0.000,0.000,-222582
3.433583125,451111305,3.191,-9.094,-1.000,0.000,0.000,0.000,-222335
3.433657042,451115526,3.191,-9.094,-1.000,0.000,0.000,0.000,-222326
3.433729042,451119747,3.191,-9.094,-1.000,0.000,0.000,0.000,-221863
3.436843375,451123967,3.191,-9.094,-1.000,0.000,0.000,0.000,-222893
3.441096917,451128187,3.191,-9.094,-1.000,0.000,0.000,0.000,-222769
3.4453065,451132408,3.227,-9.137,-0.961,0.000,0.000,0.000,-222978
3.448534875,451135628,3.227,-9.137,-0.961,0.000,0.000,0.000,-222685
3.466924292,451141849,3.227,-9.137,-0.961,0.000,0.000,0.000,-222266
3.466998042,451146069,3.227,-9.137,-0.961,0.000,0.000,0.000,-222592
3.467074875,451150290,3.227,-9.137,-0.961,0.000,0.000,0.000,-222675
3.467303667,451154510,3.227,-9.137,-0.961,0.000,0.000,0.000,-221636
3.472640792,451159731,3.227,-9.137,-0.961,0.000,0.000,0.000,-222355
3.476866,451163952,3.227,-9.098,-1.000,0.000,0.000,0.000,-222502
3.47908125,451166173,3.227,-9.098,-1.000,0.000,0.000,0.000,-223671
3.484229458,451171393,3.227,-9.098,-1.000,0.000,0.000,0.000,-222050
3.500272708,451175614,3.227,-9.098,-1.000,0.000,0.000,0.000,-222619
3.500345083,451179835,3.227,-9.098,-1.000,0.000,0.000,0.000,-222680
3.500417667,451184056,3.227,-9.098,-1.000,0.000,0.000,0.000,-222029
3.502083167,451189276,3.227,-9.098,-1.000,0.000,0.000,0.000,-222225
3.506413333,451193498,3.227,-9.098,-1.000,0.000,0.000,0.000,-223009
3.509556583,451196719,3.227,-9.098,-1.000,0.000,0.000,0.000,-222816
3.51575025,451202940,3.227,-9.098,-1.000,0.000,0.000,0.000,-221522
3.533834417,451207161,3.227,-9.098,-1.000,0.000,0.000,0.000,-223059
3.533922625,451210382,3.227,-9.098,-1.000,0.000,0.000,0.000,-223203
3.534009375,451214603,3.227,-9.098,-1.000,0.000,0.000,0.000,-221862
3.534095875,451218823,3.227,-9.098,-1.000,0.000,0.000,0.000,-221671
3.53598625,451223044,3.191,-9.133,-0.961,0.000,0.000,0.000,-222582
3.538117667,451225265,3.191,-9.133,-0.961,0.000,0.000,0.000,-222285
3.543408833,451230485,3.191,-9.133,-0.961,0.000,0.000,0.000,-222336
3.547607958,451234706,3.191,-9.133,-0.961,0.000,0.000,0.000,-221950
3.567090708,451238926,3.191,-9.133,-0.961,0.000,0.000,0.000,-221647
3.56717625,451244146,3.191,-9.133,-0.961,0.000,0.000,0.000,-221956
3.567260875,451248367,3.191,-9.133,-0.961,0.000,0.000,0.000,-222734
3.567346125,451252588,3.191,-9.094,-1.000,0.000,0.000,0.000,-223187
3.56761825,451254809,3.191,-9.094,-1.000,0.000,0.000,0.000,-221607
3.574931417,451262030,3.191,-9.094,-1.000,0.000,0.000,0.000,-222645
3.579197833,451266251,3.191,-9.094,-1.000,0.000,0.000,0.000,-222565
3.584291458,451271471,3.191,-9.094,-1.000,0.000,0.000,0.000,-222168
3.600227708,451275692,3.191,-9.094,-1.000,0.000,0.000,0.000,-222151
3.60031225,451280913,3.191,-9.094,-1.000,0.000,0.000,0.000,-222728
3.600395292,451284134,3.305,-9.098,-0.922,0.000,0.000,0.000,-223137
3.60225825,451289354,3.305,-9.098,-0.922,0.000,0.000,0.000,-222107
3.606403125,451293575,3.305,-9.098,-0.922,0.000,0.000,0.000,-221312
3.611597458,451298796,3.305,-9.098,-0.922,0.000,0.000,0.000,-222826
3.615817167,451303016,3.305,-9.098,-0.922,0.000,0.000,0.000,-222376
3.633554,451307237,3.305,-9.098,-0.922,0.000,0.000,0.000,-221607
3.633636292,451311457,3.266,-9.176,-1.000,0.000,0.000,0.000,-222331
3.633718542,451313678,3.266,-9.176,-1.000,0.000,0.000,0.000,-222145
3.633800375,451318899,3.266,-9.176,-1.000,0.000,0.000,0.000,-222853
3.63607025,451323120,3.266,-9.176,-1.000,0.000,0.000,0.000,-222888
3.639250583,451326341,3.266,-9.176,-1.000,0.000,0.000,0.000,-222192
3.643407208,451330562,3.266,-9.176,-1.000,0.000,0.000,0.000,-222295
3.6476315,451334783,3.266,-9.176,-1.000,0.000,0.000,0.000,-222401
3.666912958,451339004,3.227,-9.137,-0.961,0.000,0.000,0.000,-222489
3.666985167,451341224,3.227,-9.137,-0.961,0.000,0.000,0.000,-223616
3.667057667,451346445,3.227,-9.137,-0.961,0.000,0.000,0.000,-222670
3.667151917,451350666,3.227,-9.137,-0.961,0.000,0.000,0.000,-223027
3.667223917,451353886,3.227,-9.137,-0.961,0.000,0.000,0.000,-222110
3.672031875,451359107,3.227,-9.137,-0.961,0.000,0.000,0.000,-222139
3.676244292,451363328,3.227,-9.137,-0.961,0.000,0.000,0.000,-222694
3.6794545,451366549,3.227,-9.098,-1.000,0.000,0.000,0.000,-222688
3.7002265,451371770,3.227,-9.098,-1.000,0.000,0.000,0.000,-222055
3.70030725,451375990,3.227,-9.098,-1.000,0.000,0.000,0.000,-222685
3.700387042,451381211,3.227,-9.098,-1.000,0.000,0.000,0.000,-222697
3.700466542,451385432,3.227,-9.098,-1.000,0.000,0.000,0.000,-221726
3.702554708,451389653,3.227,-9.098,-1.000,0.000,0.000,0.000,-222825
3.706796875,451393874,3.266,-9.133,-1.000,0.000,0.000,0.000,-222188
3.709983833,451397095,3.266,-9.133,-1.000,0.000,0.000,0.000,-222273
3.71613675,451403316,3.266,-9.133,-1.000,0.000,0.000,0.000,-222528
3.733548625,451408537,3.266,-9.133,-1.000,0.000,0.000,0.000,-222084
3.733630833,451412758,3.266,-9.133,-1.000,0.000,0.000,0.000,-222291
3.733713125,451417978,3.266,-9.133,-1.000,0.000,0.000,0.000,-222053
3.735115208,451422198,3.266,-9.133,-1.000,0.000,0.000,0.000,-221272
3.739361833,451426419,3.227,-9.133,-0.922,0.000,0.000,0.000,-223064
3.741543792,451428639,3.227,-9.133,-0.922,0.000,0.000,0.000,-221967
3.745779625,451432859,3.227,-9.133,-0.922,0.000,0.000,0.000,-222734
3.766921625,451437080,3.227,-9.133,-0.922,0.000,0.000,0.000,-221952
3.76699575,451441300,3.227,-9.133,-0.922,0.000,0.000,0.000,-222419
3.767068042,451446520,3.227,-9.133,-0.922,0.000,0.000,0.000,-222425
3.767140917,451450741,3.227,-9.133,-0.922,0.000,0.000,0.000,-222874
3.767779125,451454961,3.227,-9.137,-0.961,0.000,0.000,0.000,-222489
3.771017875,451458181,3.227,-9.137,-0.961,0.000,0.000,0.000,-222098
3.777299792,451464401,3.227,-9.137,-0.961,0.000,0.000,0.000,-222209
3.781509333,451468621,3.227,-9.137,-0.961,0.000,0.000,0.000,-222301
3.800225375,451472842,3.227,-9.137,-0.961,0.000,0.000,0.000,-222636
3.800305375,451478062,3.227,-9.137,-0.961,0.000,0.000,0.000,-222645
3.800385042,451482283,3.227,-9.137,-0.961,0.000,0.000,0.000,-223702
3.800464458,451485503,3.227,-9.137,-0.961,0.000,0.000,0.000,-222306
3.801641958,451488724,3.227,-9.137,-0.961,0.000,0.000,0.000,-222825
3.8067865,451493944,3.227,-9.137,-0.961,0.000,0.000,0.000,-222990
3.812004875,451499165,3.227,-9.137,-0.961,0.000,0.000,0.000,-222093
3.815286542,451502385,3.227,-9.137,-0.961,0.000,0.000,0.000,-222871
3.833561208,451506605,3.227,-9.137,-0.961,0.000,0.000,0.000,-222710
3.833634042,451512825,3.227,-9.137,-0.961,0.000,0.000,0.000,-222019
3.833706708,451517046,3.191,-9.133,-0.961,0.000,0.000,0.000,-222297
3.833779208,451520267,3.191,-9.133,-0.961,0.000,0.000,0.000,-221758
3.83840775,451525487,3.191,-9.133,-0.961,0.000,0.000,0.000,-222457
3.842612667,451529707,3.191,-9.133,-0.961,0.000,0.000,0.000,-222427
3.845835958,451532928,3.191,-9.133,-0.961,0.000,0.000,0.000,-222829
3.850992875,451538149,3.191,-9.133,-0.961,0.000,0.000,0.000,-222292
3.866872208,451542369,3.191,-9.133,-0.961,0.000,0.000,0.000,-222128
3.866944625,451546589,3.227,-9.137,-1.000,0.000,0.000,0.000,-222424
3.867016917,451548810,3.227,-9.137,-1.000,0.000,0.000,0.000,-222165
3.867089,451553031,3.227,-9.137,-1.000,0.000,0.000,0.000,-222612
3.870048792,451557252,3.227,-9.137,-1.000,0.000,0.000,0.000,-221711
3.874387458,451561473,3.227,-9.137,-1.000,0.000,0.000,0.000,-222255
3.879602,451566694,3.227,-9.137,-1.000,0.000,0.000,0.000,-222323
3.883735333,451570915,3.227,-9.137,-1.000,0.000,0.000,0.000,-222026
3.90022075,451574135,3.191,-9.133,-0.961,0.000,0.000,0.000,-222152
3.900294625,451576355,3.191,-9.133,-0.961,0.000,0.000,0.000,-223064
3.900367833,451581576,3.191,-9.133,-0.961,0.000,0.000,0.000,-222417
3.900440458,451585797,3.191,-9.133,-0.961,0.000,0.000,0.000,-222202
3.903843,451591017,3.191,-9.133,-0.961,0.000,0.000,0.000,-221671
3.908144375,451595237,3.191,-9.133,-0.961,0.000,0.000,0.000,-222244
3.913359417,451600457,3.191,-9.133,-0.961,0.000,0.000,0.000,-221758
3.933572208,451604677,3.227,-9.098,-0.961,0.000,0.000,0.000,-223416
3.933645083,451607898,3.227,-9.098,-0.961,0.000,0.000,0.000,-221507
3.9337175,451613118,3.227,-9.098,-0.961,0.000,0.000,0.000,-222552
3.933789667,451618340,3.227,-9.098,-0.961,0.000,0.000,0.000,-222222
3.935421917,451622560,3.227,-9.098,-0.961,0.000,0.000,0.000,-222084
3.939617458,451626781,3.227,-9.098,-0.961,0.000,0.000,0.000,-222508
3.943900542,451631002,3.266,-9.094,-0.961,0.000,0.000,0.000,-222664
3.946159917,451633223,3.266,-9.094,-0.961,0.000,0.000,0.000,-222204
3.966890042,451638443,3.266,-9.094,-0.961,0.000,0.000,0.000,-222866
3.966971125,451643663,3.266,-9.094,-0.961,0.000,0.000,0.000,-221995
3.967051583,451648884,3.227,-9.137,-1.000,0.000,0.000,0.000,-222805
3.967132417,451651105,3.227,-9.137,-1.000,0.000,0.000,0.000,-223167
3.968244042,451655326,3.227,-9.137,-1.000,0.000,0.000,0.000,-221947
3.972475708,451659547,3.227,-9.137,-1.000,0.000,0.000,0.000,-222766
3.976673333,451663767,3.227,-9.137,-1.000,0.000,0.000,0.000,-222165
3.9809045,451667988,3.227,-9.137,-1.000,0.000,0.000,0.000,-222349
4.000246167,451673209,3.227,-9.137,-1.000,0.000,0.000,0.000,-222066
4.000336042,451678429,3.191,-9.094,-0.961,0.000,0.000,0.000,-222280
4.000417833,451680650,3.191,-9.094,-0.961,0.000,0.000,0.000,-222238
4.000498292,451684871,3.191,-9.094,-0.961,0.000,0.000,0.000,-221519
4.002017292,451689092,3.191,-9.094,-0.961,0.000,0.000,0.000,-222791
4.007126333,451694312,3.191,-9.094,-0.961,0.000,0.000,0.000,-222800
4.012347958,451699533,3.191,-9.094,-0.961,0.000,0.000,0.000,-222197
4.033583333,451704753,3.191,-9.094,-0.961,0.000,0.000,0.000,-222291
4.033656583,451708973,3.191,-9.094,-0.961,0.000,0.000,0.000,-222411
4.033728167,451711194,3.191,-9.094,-0.961,0.000,0.000,0.000,-222344
4.033799583,451716415,3.191,-9.094,-0.961,0.000,0.000,0.000,-221362
4.033870875,451720636,3.191,-9.094,-0.961,0.000,0.000,0.000,-222545
4.036666,451723856,3.191,-9.094,-0.961,0.000,0.000,0.000,-222663
4.040963,451728076,3.191,-9.094,-0.961,0.000,0.000,0.000,-222631
4.045122958,451732297,3.191,-9.094,-0.961,0.000,0.000,0.000,-222236
4.066863417,451737518,3.191,-9.094,-0.961,0.000,0.000,0.000,-222243
4.066940292,451740739,3.191,-9.094,-0.961,0.000,0.000,0.000,-221990
4.067019167,451745960,3.191,-9.094,-0.961,0.000,0.000,0.000,-223278
4.067100625,451750180,3.191,-9.094,-0.961,0.000,0.000,0.000,-221854
4.067179417,451753401,3.191,-9.094,-0.961,0.000,0.000,0.000,-222005
4.074531208,451761622,3.191,-9.094,-0.961,0.000,0.000,0.000,-222641
4.078651,451765843,3.191,-9.094,-0.961,0.000,0.000,0.000,-221942
4.081929667,451769063,3.227,-9.098,-0.961,0.000,0.000,0.000,-223148
4.1002785,451771285,3.227,-9.098,-0.961,0.000,0.000,0.000,-222042
4.100352083,451776506,3.227,-9.098,-0.961,0.000,0.000,0.000,-221946
4.100424125,451780726,3.227,-9.098,-0.961,0.000,0.000,0.000,-221303
4.100496,451784947,3.227,-9.098,-0.961,0.000,0.000,0.000,-221375
4.103000958,451790167,3.227,-9.098,-0.961,0.000,0.000,0.000,-222964
4.107282417,451794387,3.227,-9.098,-0.961,0.000,0.000,0.000,-222358
4.111430125,451798607,3.191,-9.133,-1.000,0.000,0.000,0.000,-222071
4.114724042,451801827,3.191,-9.133,-1.000,0.000,0.000,0.000,-222506
4.133731667,451807048,3.191,-9.133,-1.000,0.000,0.000,0.000,-222349
4.133813333,451811269,3.191,-9.133,-1.000,0.000,0.000,0.000,-221531
4.133894333,451814491,3.191,-9.133,-1.000,0.000,0.000,0.000,-222207
4.133976375,451820712,3.191,-9.133,-1.000,0.000,0.000,0.000,-222186
4.137825083,451824933,3.191,-9.133,-1.000,0.000,0.000,0.000,-222877
4.142136333,451829154,3.266,-9.133,-0.961,0.000,0.000,0.000,-221753
4.144281,451831374,3.266,-9.133,-0.961,0.000,0.000,0.000,-222361
4.149384,451836580,3.266,-9.133,-0.961,0.000,0.000,0.000,-222361
4.166892167,451841800,3.266,-9.133,-0.961,0.000,0.000,0.000,-222506
4.166964833,451846022,3.266,-9.133,-0.961,0.000,0.000,0.000,-221872
4.16703725,451851243,3.266,-9.133,-0.961,0.000,0.000,0.000,-222732
4.169373917,451856463,3.266,-9.133,-0.961,0.000,0.000,0.000,-222715
4.173621333,451860684,3.266,-9.133,-1.000,0.000,0.000,0.000,-222248
4.175814375,451862905,3.266,-9.133,-1.000,0.000,0.000,0.000,-221920
4.180989375,451868125,3.266,-9.133,-1.000,0.000,0.000,0.000,-221594
4.185175708,451872346,3.266,-9.133,-1.000,0.000,0.000,0.000,-221630
4.200228917,451877567,3.266,-9.133,-1.000,0.000,0.000,0.000,-222137
4.200311667,451882788,3.266,-9.133,-1.000,0.000,0.000,0.000,-222886
4.200392833,451887009,3.266,-9.133,-1.000,0.000,0.000,0.000,-222548
4.204095,451891229,3.266,-9.094,-1.000,0.000,0.000,0.000,-223314
4.207358625,451894452,3.266,-9.094,-1.000,0.000,0.000,0.000,-221639
4.212599833,451899673,3.266,-9.094,-1.000,0.000,0.000,0.000,-221819
4.216728125,451903894,3.266,-9.094,-1.000,0.000,0.000,0.000,-222587
4.219959417,451907115,3.266,-9.094,-1.000,0.000,0.000,0.000,-222091
4.233559417,451911336,3.266,-9.094,-1.000,0.000,0.000,0.000,-221950
4.233644125,451915557,3.266,-9.094,-1.000,0.000,0.000,0.000,-222720
4.233728917,451920778,3.266,-9.133,-1.000,0.000,0.000,0.000,-222800
4.237028875,451923998,3.266,-9.133,-1.000,0.000,0.000,0.000,-222656
4.242119667,451929219,3.266,-9.133,-1.000,0.000,0.000,0.000,-222379
4.247283708,451934440,3.266,-9.133,-1.000,0.000,0.000,0.000,-221842
4.251578917,451938661,3.266,-9.133,-1.000,0.000,0.000,0.000,-221956
4.266900292,451943882,3.266,-9.133,-1.000,0.000,0.000,0.000,-221606
4.266972292,451949103,3.266,-9.133,-1.000,0.000,0.000,0.000,-221915
4.267044042,451953324,3.227,-9.098,-1.000,0.000,0.000,0.000,-221877
4.268445458,451955545,3.227,-9.098,-1.000,0.000,0.000,0.000,-222178
4.272696875,451959766,3.227,-9.098,-1.000,0.000,0.000,0.000,-222596
4.276907542,451963987,3.227,-9.098,-1.000,0.000,0.000,0.000,-222853
4.281108167,451968207,3.227,-9.098,-1.000,0.000,0.000,0.000,-221834
4.28535025,451972428,3.227,-9.098,-1.000,0.000,0.000,0.000,-223046
4.300264333,451976649,3.227,-9.098,-1.000,0.000,0.000,0.000,-223068
4.300336833,451980870,3.191,-9.094,-1.000,0.000,0.000,0.000,-223171
4.300408042,451983090,3.191,-9.094,-1.000,0.000,0.000,0.000,-221765
4.300480292,451987311,3.191,-9.094,-1.000,0.000,0.000,0.000,-220845
4.304441958,451991532,3.191,-9.094,-1.000,0.000,0.000,0.000,-222095
4.308673542,451995753,3.191,-9.094,-1.000,0.000,0.000,0.000,-222720
4.313823458,452000974,3.191,-9.094,-1.000,0.000,0.000,0.000,-222552
4.319055625,452006195,3.227,-9.137,-1.000,0.000,0.000,0.000,-222873
4.333606833,452009416,3.227,-9.137,-1.000,0.000,0.000,0.000,-222689
4.333679292,452014637,3.227,-9.137,-1.000,0.000,0.000,0.000,-222048
4.33479675,452021858,3.227,-9.137,-1.000,0.000,0.000,0.000,-222012
4.339984542,452027078,3.227,-9.137,-1.000,0.000,0.000,0.000,-221834
4.344220167,452031299,3.227,-9.137,-1.000,0.000,0.000,0.000,-222542
4.348436542,452035520,3.227,-9.137,-1.000,0.000,0.000,0.000,-223006
4.353550917,452040741,3.227,-9.137,-1.000,0.000,0.000,0.000,-222737
4.367155792,452043961,3.227,-9.137,-1.000,0.000,0.000,0.000,-222105
4.367320625,452049184,3.227,-9.137,-1.000,0.000,0.000,0.000,-222808
4.367410458,452054405,3.227,-9.137,-1.000,0.000,0.000,0.000,-222716
4.371603417,452058626,3.227,-9.137,-1.000,0.000,0.000,0.000,-222563
4.375744458,452062847,3.227,-9.137,-1.000,0.000,0.000,0.000,-222770
4.379003417,452066068,3.227,-9.137,-1.000,0.000,0.000,0.000,-222518
4.383218708,452070289,3.227,-9.098,-0.961,0.000,0.000,0.000,-222134
4.385358792,452072510,3.227,-9.098,-0.961,0.000,0.000,0.000,-222673
4.400390417,452076731,3.227,-9.098,-0.961,0.000,0.000,0.000,-222562
4.400481125,452081952,3.227,-9.098,-0.961,0.000,0.000,0.000,-223115
4.400571792,452086172,3.227,-9.098,-0.961,0.000,0.000,0.000,-222003
4.40330175,452090393,3.227,-9.098,-0.961,0.000,0.000,0.000,-221557
4.406457833,452093613,3.227,-9.098,-0.961,0.000,0.000,0.000,-221912
4.411746,452098835,3.227,-9.137,-1.000,0.000,0.000,0.000,-222552
4.41397725,452101055,3.227,-9.137,-1.000,0.000,0.000,0.000,-223167
4.418133167,452105276,3.227,-9.137,-1.000,0.000,0.000,0.000,-221735
4.43361675,452109497,3.227,-9.137,-1.000,0.000,0.000,0.000,-222049
4.433688458,452113718,3.227,-9.137,-1.000,0.000,0.000,0.000,-221981
4.43376,452118939,3.227,-9.137,-1.000,0.000,0.000,0.000,-221271
4.436002417,452123160,3.227,-9.133,-0.922,0.000,0.000,0.000,-222056
4.439277917,452126380,3.227,-9.133,-0.922,0.000,0.000,0.000,-222110
4.444522125,452131600,3.227,-9.133,-0.922,0.000,0.000,0.000,-222781
4.449734917,452136821,3.227,-9.133,-0.922,0.000,0.000,0.000,-222290
4.4668805,452141041,3.227,-9.133,-0.922,0.000,0.000,0.000,-222283
4.466969542,452145261,3.227,-9.133,-0.922,0.000,0.000,0.000,-222469
4.467059333,452149483,3.227,-9.133,-0.922,0.000,0.000,0.000,-221225
4.467148458,452153704,3.227,-9.098,-1.000,0.000,0.000,0.000,-222701
4.468986583,452155925,3.227,-9.098,-1.000,0.000,0.000,0.000,-221823
4.474113917,452161145,3.227,-9.098,-1.000,0.000,0.000,0.000,-221642
4.478277167,452165366,3.227,-9.098,-1.000,0.000,0.000,0.000,-222030
4.481516167,452168587,3.227,-9.098,-1.000,0.000,0.000,0.000,-221845
4.485781292,452172807,3.227,-9.098,-1.000,0.000,0.000,0.000,-221372
4.500227917,452177028,3.227,-9.098,-1.000,0.000,0.000,0.000,-222570
4.50031725,452182249,3.227,-9.098,-1.000,0.000,0.000,0.000,-222723
4.500406625,452185470,3.227,-9.098,-1.000,0.000,0.000,0.000,-221989
4.503607417,452190690,3.227,-9.098,-1.000,0.000,0.000,0.000,-222230
4.507764833,452194911,3.227,-9.098,-1.000,0.000,0.000,0.000,-222281
4.512047583,452199132,3.227,-9.098,-1.000,0.000,0.000,0.000,-222153
4.51616925,452203353,3.227,-9.098,-1.000,0.000,0.000,0.000,-222091
4.533572542,452205574,3.227,-9.098,-1.000,0.000,0.000,0.000,-221521
4.5336455,452209794,3.227,-9.098,-1.000,0.000,0.000,0.000,-222820
4.533718458,452214015,3.227,-9.098,-1.000,0.000,0.000,0.000,-222014
4.533790917,452219236,3.227,-9.098,-1.000,0.000,0.000,0.000,-222309
4.537380667,452224457,3.227,-9.098,-1.000,0.000,0.000,0.000,-222516
4.542635875,452229678,3.266,-9.094,-1.000,0.000,0.000,0.000,-222207
4.545818875,452232899,3.266,-9.094,-1.000,0.000,0.000,0.000,-223411
4.566922833,452239119,3.266,-9.094,-1.000,0.000,0.000,0.000,-222467
4.566996167,452243340,3.266,-9.094,-1.000,0.000,0.000,0.000,-221514
4.567068917,452247561,3.266,-9.094,-1.000,0.000,0.000,0.000,-221670
4.567141292,452251782,3.266,-9.094,-1.000,0.000,0.000,0.000,-222496
4.568953208,452256003,3.266,-9.094,-1.000,0.000,0.000,0.000,-221354
4.574198083,452261223,3.191,-9.094,-1.000,0.000,0.000,0.000,-222191
4.577288917,452264444,3.191,-9.094,-1.000,0.000,0.000,0.000,-223079
4.58450425,452271665,3.191,-9.094,-1.000,0.000,0.000,0.000,-222978
4.600450292,452275885,3.191,-9.094,-1.000,0.000,0.000,0.000,-222561
4.60061225,452281106,3.191,-9.094,-1.000,0.000,0.000,0.000,-221654
4.600697792,452285327,3.191,-9.094,-1.000,0.000,0.000,0.000,-221830
4.602514,452289548,3.191,-9.094,-1.000,0.000,0.000,0.000,-221893
4.605702667,452292769,3.227,-9.098,-0.961,0.000,0.000,0.000,-222318
4.607907125,452294989,3.227,-9.098,-0.961,0.000,0.000,0.000,-222279
4.61315125,452300209,3.227,-9.098,-0.961,0.000,0.000,0.000,-222862
4.633588917,452304430,3.227,-9.098,-0.961,0.000,0.000,0.000,-222093
4.633661875,452308650,3.227,-9.098,-0.961,0.000,0.000,0.000,-221884
4.633733125,452312871,3.227,-9.098,-0.961,0.000,0.000,0.000,-222575
4.633804375,452317092,3.227,-9.098,-0.961,0.000,0.000,0.000,-222959
4.635240375,452322313,3.191,-9.094,-1.000,0.000,0.000,0.000,-222585
4.638444708,452325533,3.191,-9.094,-1.000,0.000,0.000,0.000,-222796
4.644619292,452331754,3.191,-9.094,-1.000,0.000,0.000,0.000,-222133
4.648892333,452335975,3.191,-9.094,-1.000,0.000,0.000,0.000,-222187
4.6668745,452340196,3.191,-9.094,-1.000,0.000,0.000,0.000,-222146
4.666956333,452344417,3.191,-9.094,-1.000,0.000,0.000,0.000,-221739
4.667037917,452349638,3.191,-9.094,-1.000,0.000,0.000,0.000,-222261
4.667119708,452353859,3.266,-9.133,-1.000,0.000,0.000,0.000,-222861
4.669889833,452357080,3.266,-9.133,-1.000,0.000,0.000,0.000,-222393
4.674207792,452361301,3.266,-9.133,-1.000,0.000,0.000,0.000,-222378
4.67833425,452365522,3.266,-9.133,-1.000,0.000,0.000,0.000,-222625
4.682711833,452369743,3.266,-9.133,-1.000,0.000,0.000,0.000,-223019
4.700247458,452374963,3.266,-9.133,-1.000,0.000,0.000,0.000,-221726
4.7003195,452379184,3.266,-9.133,-1.000,0.000,0.000,0.000,-222177
4.700394583,452383405,3.227,-9.137,-1.000,0.000,0.000,0.000,-222288
4.700491917,452386625,3.227,-9.137,-1.000,0.000,0.000,0.000,-221013
4.704773583,452391846,3.227,-9.137,-1.000,0.000,0.000,0.000,-221229
4.70990925,452397067,3.227,-9.172,-1.039,0.000,0.000,0.000,-222690
4.712191958,452399288,3.227,-9.172,-1.039,0.000,0.000,0.000,-223264
4.71735925,452404509,3.227,-9.172,-1.039,0.000,0.000,0.000,-222384
4.733544583,452408730,3.227,-9.172,-1.039,0.000,0.000,0.000,-221283
4.733624875,452411950,3.227,-9.172,-1.039,0.000,0.000,0.000,-222013
4.73370475,452416171,3.227,-9.172,-1.039,0.000,0.000,0.000,-221934
4.733784833,452420392,3.227,-9.172,-1.039,0.000,0.000,0.000,-222511
4.737560708,452424612,3.227,-9.098,-1.000,0.000,0.000,0.000,-222676
4.739764875,452426832,3.227,-9.098,-1.000,0.000,0.000,0.000,-221892
4.744862917,452432052,3.227,-9.098,-1.000,0.000,0.000,0.000,-222232
4.749186083,452436273,3.227,-9.098,-1.000,0.000,0.000,0.000,-222829
4.766892917,452440493,3.227,-9.098,-1.000,0.000,0.000,0.000,-222461
4.766965167,452444714,3.227,-9.098,-1.000,0.000,0.000,0.000,-222142
4.76703725,452449935,3.227,-9.098,-1.000,0.000,0.000,0.000,-222479
4.767109125,452454156,3.266,-9.176,-1.000,0.000,0.000,0.000,-221677
4.770194292,452457377,3.266,-9.176,-1.000,0.000,0.000,0.000,-222235
4.776521083,452463598,3.266,-9.176,-1.000,0.000,0.000,0.000,-223216
4.780747417,452467818,3.266,-9.176,-1.000,0.000,0.000,0.000,-222616
4.784957167,452472039,3.266,-9.176,-1.000,0.000,0.000,0.000,-222329
4.800282708,452477260,3.266,-9.176,-1.000,0.000,0.000,0.000,-222429
4.800355583,452481482,3.266,-9.176,-1.000,0.000,0.000,0.000,-221893
4.800428917,452484703,3.191,-9.094,-1.000,0.000,0.000,0.000,-223274
4.800502583,452486924,3.191,-9.094,-1.000,0.000,0.000,0.000,-222268
4.805082208,452492145,3.191,-9.094,-1.000,0.000,0.000,0.000,-221791
4.810282708,452497366,3.191,-9.094,-1.000,0.000,0.000,0.000,-222079
4.815510208,452502586,3.191,-9.094,-1.000,0.000,0.000,0.000,-222389
4.833737,452506807,3.191,-9.094,-1.000,0.000,0.000,0.000,-221831
4.833904042,452511027,3.191,-9.094,-1.000,0.000,0.000,0.000,-221762
4.833986625,452515248,3.152,-9.137,-0.961,0.000,0.000,0.000,-221874
4.834069,452518468,3.152,-9.137,-0.961,0.000,0.000,0.000,-221943
4.838657667,452525689,3.152,-9.137,-0.961,0.000,0.000,0.000,-222207
4.843050833,452529910,3.152,-9.137,-0.961,0.000,0.000,0.000,-222290
4.847040542,452534130,3.152,-9.137,-0.961,0.000,0.000,0.000,-221712
4.867179958,452539350,3.152,-9.137,-0.961,0.000,0.000,0.000,-222738
4.867387,452543570,3.152,-9.137,-0.961,0.000,0.000,0.000,-222655
4.867468583,452548790,3.266,-9.137,-0.922,0.000,0.000,0.000,-221651
4.8675495,452552010,3.266,-9.137,-0.922,0.000,0.000,0.000,-223073
4.872099333,452559231,3.266,-9.137,-0.922,0.000,0.000,0.000,-223016
4.876385125,452563452,3.266,-9.137,-0.922,0.000,0.000,0.000,-222262
4.880614875,452567672,3.266,-9.137,-0.922,0.000,0.000,0.000,-221417
4.900224667,452571892,3.266,-9.137,-0.922,0.000,0.000,0.000,-222469
4.900306083,452576112,3.305,-9.094,-0.961,0.000,0.000,0.000,-221996
4.900386833,452579333,3.305,-9.094,-0.961,0.000,0.000,0.000,-221205
4.900470792,452585554,3.305,-9.094,-0.961,0.000,0.000,0.000,-222577
4.902713625,452589775,3.305,-9.094,-0.961,0.000,0.000,0.000,-221451
4.906911083,452593996,3.305,-9.094,-0.961,0.000,0.000,0.000,-222453
4.912056708,452599217,3.305,-9.094,-0.961,0.000,0.000,0.000,-222513
4.916393208,452603437,3.305,-9.094,-0.961,0.000,0.000,0.000,-221988
4.933559417,452607658,3.266,-9.094,-0.961,0.000,0.000,0.000,-221469
4.933631375,452610879,3.266,-9.094,-0.961,0.000,0.000,0.000,-222448
4.933703667,452616100,3.266,-9.094,-0.961,0.000,0.000,0.000,-222489
4.9341405,452621321,3.266,-9.094,-0.961,0.000,0.000,0.000,-221643
4.937448708,452624542,3.266,-9.094,-0.961,0.000,0.000,0.000,-221793
4.941663583,452628762,3.266,-9.094,-0.961,0.000,0.000,0.000,-221730
4.945921458,452632983,3.266,-9.094,-0.961,0.000,0.000,0.000,-221798
4.950030875,452637203,3.227,-9.172,-0.961,0.000,0.000,0.000,-222254
4.9668745,452639424,3.227,-9.172,-0.961,0.000,0.000,0.000,-222164
4.966955583,452644645,3.227,-9.172,-0.961,0.000,0.000,0.000,-222343
4.967036417,452648865,3.227,-9.172,-0.961,0.000,0.000,0.000,-221761
4.967117583,452652085,3.227,-9.172,-0.961,0.000,0.000,0.000,-222180
4.969247083,452656306,3.227,-9.172,-0.961,0.000,0.000,0.000,-222684
4.973444042,452660527,3.227,-9.172,-0.961,0.000,0.000,0.000,-222147
4.976656208,452663748,3.227,-9.098,-1.000,0.000,0.000,0.000,-221730
4.97889625,452665969,3.227,-9.098,-1.000,0.000,0.000,0.000,-221956
4.982996792,452670189,3.227,-9.098,-1.000,0.000,0.000,0.000,-221510
5.000258833,452674410,3.227,-9.098,-1.000,0.000,0.000,0.000,-222111
5.000345708,452679631,3.227,-9.098,-1.000,0.000,0.000,0.000,-222194
5.000426708,452683852,3.227,-9.098,-1.000,0.000,0.000,0.000,-221456
5.000913792,452688072,3.227,-9.098,-1.000,0.000,0.000,0.000,-222063
5.004233625,452691293,3.227,-9.098,-0.961,0.000,0.000,0.000,-222671
5.00642,452693514,3.227,-9.098,-0.961,0.000,0.000,0.000,-221711
5.010575,452697735,3.227,-9.098,-0.961,0.000,0.000,0.000,-221887
5.014871042,452701955,3.227,-9.098,-0.961,0.000,0.000,0.000,-222243
5.0335715,452707175,3.227,-9.098,-0.961,0.000,0.000,0.000,-222995
5.033644917,452711395,3.227,-9.098,-0.961,0.000,0.000,0.000,-221288
5.033719,452715616,3.227,-9.098,-0.961,0.000,0.000,0.000,-222202
5.033791375,452719838,3.227,-9.098,-0.961,0.000,0.000,0.000,-222584
5.034973292,452722058,3.227,-9.098,-0.961,0.000,0.000,0.000,-223168
5.040353542,452727279,3.227,-9.098,-0.961,0.000,0.000,0.000,-221979
5.044389542,452731484,3.227,-9.098,-0.961,0.000,0.000,0.000,-221979
5.047552167,452734704,3.227,-9.098,-0.961,0.000,0.000,0.000,-222728
5.066948125,452739925,3.227,-9.098,-0.961,0.000,0.000,0.000,-221963
5.067021292,452744145,3.227,-9.098,-0.961,0.000,0.000,0.000,-222581
5.067094042,452747365,3.227,-9.098,-0.961,0.000,0.000,0.000,-222544
5.067167208,452752586,3.227,-9.098,-0.961,0.000,0.000,0.000,-222941
5.069644083,452756807,3.227,-9.098,-0.961,0.000,0.000,0.000,-222719
5.075194083,452762027,3.227,-9.098,-0.961,0.000,0.000,0.000,-222530
5.080100292,452767247,3.227,-9.098,-0.961,0.000,0.000,0.000,-222718
5.100251417,452772467,3.227,-9.098,-0.961,0.000,0.000,0.000,-221651
5.100323583,452775687,3.227,-9.098,-0.961,0.000,0.000,0.000,-222447
5.100395167,452782907,3.227,-9.098,-0.961,0.000,0.000,0.000,-221994
5.100467958,452787127,3.227,-9.098,-0.961,0.000,0.000,0.000,-222380
5.104162208,452791347,3.227,-9.098,-0.961,0.000,0.000,0.000,-222616
5.109436917,452796567,3.227,-9.098,-0.961,0.000,0.000,0.000,-222236
5.114751375,452801788,3.227,-9.098,-0.961,0.000,0.000,0.000,-222927
5.118836167,452806008,3.227,-9.098,-0.961,0.000,0.000,0.000,-222615
5.13356075,452809229,3.227,-9.098,-0.961,0.000,0.000,0.000,-222005
5.133640125,452814449,3.227,-9.098,-0.961,0.000,0.000,0.000,-221755
5.133719375,452818669,3.227,-9.098,-0.961,0.000,0.000,0.000,-221859
5.135805458,452822889,3.227,-9.098,-0.961,0.000,0.000,0.000,-222720
5.139948875,452827110,3.227,-9.098,-0.961,0.000,0.000,0.000,-222854
5.144248958,452831331,3.227,-9.098,-0.961,0.000,0.000,0.000,-222093
5.148475917,452835552,3.266,-9.133,-1.000,0.000,0.000,0.000,-221875
5.151593458,452838773,3.266,-9.133,-1.000,0.000,0.000,0.000,-222456
5.16691025,452844993,3.266,-9.133,-1.000,0.000,0.000,0.000,-222161
5.166982708,452849214,3.266,-9.133,-1.000,0.000,0.000,0.000,-221607
5.167054583,452853435,3.266,-9.133,-1.000,0.000,0.000,0.000,-222463
5.171591875,452858656,3.266,-9.133,-1.000,0.000,0.000,0.000,-222317
5.175809042,452862877,3.266,-9.133,-1.000,0.000,0.000,0.000,-222137
5.180010292,452867098,3.227,-9.137,-0.961,0.000,0.000,0.000,-221982
5.183232208,452870318,3.227,-9.137,-0.961,0.000,0.000,0.000,-222094
5.200206833,452875539,3.227,-9.137,-0.961,0.000,0.000,0.000,-221758
5.200289542,452880759,3.227,-9.137,-0.961,0.000,0.000,0.000,-222052
5.200372,452884980,3.227,-9.137,-0.961,0.000,0.000,0.000,-221970
5.202103542,452889201,3.227,-9.137,-0.961,0.000,0.000,0.000,-222628
5.20534,452892422,3.227,-9.137,-0.961,0.000,0.000,0.000,-222476
5.209559958,452896642,3.227,-9.098,-0.961,0.000,0.000,0.000,-222159
5.211705708,452898862,3.227,-9.098,-0.961,0.000,0.000,0.000,-222531
5.216938958,452904082,3.227,-9.098,-0.961,0.000,0.000,0.000,-221712
5.233583417,452909303,3.227,-9.098,-0.961,0.000,0.000,0.000,-221518
5.233658917,452913524,3.227,-9.098,-0.961,0.000,0.000,0.000,-222062
5.233732458,452918745,3.227,-9.098,-0.961,0.000,0.000,0.000,-222025
5.235871583,452922965,3.227,-9.098,-0.961,0.000,0.000,0.000,-222607
5.240177542,452927186,3.227,-9.098,-0.961,0.000,0.000,0.000,-222785
5.24334225,452930407,3.227,-9.098,-0.961,0.000,0.000,0.000,-222132
5.248548042,452935627,3.227,-9.098,-0.961,0.000,0.000,0.000,-222388
5.266897458,452940848,3.227,-9.098,-0.961,0.000,0.000,0.000,-221713
5.266970042,452945069,3.227,-9.098,-0.961,0.000,0.000,0.000,-222377
5.267042583,452949289,3.227,-9.098,-0.961,0.000,0.000,0.000,-222324
5.267114542,452953509,3.227,-9.098,-0.961,0.000,0.000,0.000,-221930
5.270635625,452957729,3.227,-9.098,-1.000,0.000,0.000,0.000,-222053
5.272881333,452959950,3.227,-9.098,-1.000,0.000,0.000,0.000,-221890
5.278143667,452965171,3.227,-9.098,-1.000,0.000,0.000,0.000,-222156
5.282321042,452969392,3.227,-9.098,-1.000,0.000,0.000,0.000,-221456
5.285442,452972613,3.227,-9.098,-1.000,0.000,0.000,0.000,-221923
5.300410167,452976834,3.227,-9.098,-1.000,0.000,0.000,0.000,-221686
5.300541167,452982055,3.227,-9.098,-1.000,0.000,0.000,0.000,-222418
5.300628208,452986276,3.266,-9.133,-1.000,0.000,0.000,0.000,-222246
5.302437708,452989497,3.266,-9.133,-1.000,0.000,0.000,0.000,-222176
5.307580625,452994717,3.266,-9.133,-1.000,0.000,0.000,0.000,-222426
5.3128795,452999938,3.266,-9.133,-1.000,0.000,0.000,0.000,-221911
5.317030667,453004159,3.266,-9.133,-1.000,0.000,0.000,0.000,-222157
5.333795792,453009380,3.266,-9.133,-1.000,0.000,0.000,0.000,-222514
5.333883708,453014601,3.266,-9.133,-1.000,0.000,0.000,0.000,-221965
5.333970958,453019822,3.227,-9.098,-0.961,0.000,0.000,0.000,-222346
5.33495775,453022042,3.227,-9.098,-0.961,0.000,0.000,0.000,-222458
5.3392035,453026263,3.227,-9.098,-0.961,0.000,0.000,0.000,-222494
5.345412125,453032484,3.227,-9.098,-0.961,0.000,0.000,0.000,-222270
5.350646125,453037705,3.227,-9.098,-0.961,0.000,0.000,0.000,-222725
5.366896542,453041926,3.227,-9.098,-0.961,0.000,0.000,0.000,-221865
5.366985542,453046147,3.227,-9.098,-0.961,0.000,0.000,0.000,-222428
5.367075542,453050367,3.266,-9.094,-0.961,0.000,0.000,0.000,-221623
5.367166458,453053587,3.266,-9.094,-0.961,0.000,0.000,0.000,-222266
5.372742625,453059808,3.266,-9.094,-0.961,0.000,0.000,0.000,-222044
5.376961542,453064028,3.266,-9.094,-0.961,0.000,0.000,0.000,-222150
5.380182583,453067249,3.266,-9.094,-0.961,0.000,0.000,0.000,-222326
5.384333583,453071471,3.266,-9.094,-0.961,0.000,0.000,0.000,-222589
5.400232292,453075691,3.266,-9.094,-0.961,0.000,0.000,0.000,-222875
5.400323875,453080912,3.227,-9.137,-0.961,0.000,0.000,0.000,-222455
5.400414,453084132,3.227,-9.137,-0.961,0.000,0.000,0.000,-221694
5.402346875,453089352,3.227,-9.137,-0.961,0.000,0.000,0.000,-221532
5.406485333,453093573,3.227,-9.137,-0.961,0.000,0.000,0.000,-222295
5.409704292,453096794,3.227,-9.137,-0.961,0.000,0.000,0.000,-221863
5.414936667,453102014,3.227,-9.137,-0.961,0.000,0.000,0.000,-222582
5.419150083,453106235,3.227,-9.137,-0.961,0.000,0.000,0.000,-221769
5.433566583,453110455,3.227,-9.172,-1.000,0.000,0.000,0.000,-221422
5.4336585,453112676,3.227,-9.172,-1.000,0.000,0.000,0.000,-222146
5.433748958,453117897,3.227,-9.172,-1.000,0.000,0.000,0.000,-223314
5.436013083,453123120,3.227,-9.172,-1.000,0.000,0.000,0.000,-222087
5.440292417,453127340,3.227,-9.172,-1.000,0.000,0.000,0.000,-222884
5.445512875,453132560,3.227,-9.172,-1.000,0.000,0.000,0.000,-222267
5.449747417,453136781,3.227,-9.172,-1.000,0.000,0.000,0.000,-222050
5.466932,453141002,2.809,-9.137,-1.000,0.000,0.000,0.000,-222181
5.467004292,453144223,2.809,-9.137,-1.000,0.000,0.000,0.000,-221877
5.467076583,453149443,2.809,-9.137,-1.000,0.000,0.000,0.000,-222306
5.467148917,453153664,2.809,-9.137,-1.000,0.000,0.000,0.000,-222639
5.47081875,453157885,2.809,-9.137,-1.000,0.000,0.000,0.000,-221775
5.475041417,453162106,3.074,-9.176,-0.961,0.000,0.000,0.000,-222475
5.478239917,453165326,3.074,-9.176,-0.961,0.000,0.000,0.000,-222718
5.484501375,453171547,3.074,-9.176,-0.961,0.000,0.000,0.000,-222464
5.500219125,453175768,3.074,-9.176,-0.961,0.000,0.000,0.000,-222697
5.500293333,453179988,3.074,-9.176,-0.961,0.016,-0.012,-0.070,-222210
5.500367042,453185209,3.074,-9.176,-0.961,-0.008,0.002,0.029,-223080
5.502350167,453189430,3.074,-9.176,-0.961,0.008,0.018,0.021,-222752
5.506607125,453193651,3.688,-9.172,-0.770,0.008,0.018,0.021,-223828
5.50970475,453196871,3.688,-9.172,-0.770,-0.021,0.020,0.041,-223890
5.533720417,453203092,3.688,-9.172,-0.770,0.027,-0.043,-0.039,-222825
5.53380625,453207313,3.688,-9.172,-0.770,0.049,-0.014,0.088,-222076
5.5338915,453211534,3.688,-9.172,-0.770,-0.039,0.057,0.229,-223356
5.533976708,453215755,3.688,-9.172,-0.770,-0.008,0.043,0.084,-222995
5.534063458,453220976,3.688,-9.172,-0.770,0.006,-0.029,-0.088,-222912
5.538127458,453225197,3.266,-9.094,-0.770,0.006,-0.029,-0.088,-222458
5.540337333,453227418,3.266,-9.094,-0.770,-0.014,-0.031,-0.104,-222653
5.545549667,453232639,3.266,-9.094,-0.770,-0.031,0.012,0.096,-222646
5.549760417,453236860,3.266,-9.094,-0.770,-0.027,0.029,0.082,-222096
5.566936542,453241081,3.266,-9.094,-0.770,-0.004,0.010,-0.008,-222757
5.567012917,453245302,3.266,-9.094,-0.770,0.010,-0.006,-0.047,-222019
5.567088625,453250523,3.266,-9.094,-0.770,0.020,-0.023,-0.010,-222965
5.567661542,453254744,3.305,-9.020,-1.000,0.020,-0.023,-0.010,-222551
5.570906458,453257965,3.305,-9.020,-1.000,0.023,0.006,0.021,-222811
5.577117458,453264186,3.305,-9.020,-1.000,0.018,0.031,0.064,-223253
5.581251458,453268409,3.305,-9.020,-1.000,-0.016,0.004,-0.004,-222975
5.60022775,453272630,3.305,-9.020,-1.000,0.000,-0.006,-0.012,-222970
5.600305792,453277851,3.305,-9.020,-1.000,-0.014,0.004,-0.004,-222368
5.60038,453282072,3.305,-9.020,-1.000,-0.008,0.006,0.014,-222851
5.600454458,453285293,3.457,-9.098,-0.617,-0.008,0.006,0.014,-222912
5.60052925,453287499,3.457,-9.098,-0.617,-0.010,-0.023,0.004,-222912
5.604674,453291719,3.457,-9.098,-0.617,0.041,-0.086,-0.047,-222978
5.608873083,453295940,3.457,-9.098,-0.617,0.010,-0.016,0.064,-222846
5.614091583,453301161,3.457,-9.098,-0.617,-0.006,0.000,0.043,-222655
5.618331833,453305382,3.457,-9.098,-0.617,0.002,0.086,-0.023,-222693
5.633546667,453309603,3.457,-9.098,-0.617,0.006,0.061,-0.033,-222656
5.633620042,453313824,3.113,-9.137,-1.113,0.006,0.061,-0.033,-222986
5.633703,453316045,3.113,-9.137,-1.113,-0.004,0.000,-0.066,-222946
5.634120833,453321266,3.113,-9.137,-1.113,0.004,-0.043,0.041,-223231
5.638423792,453325487,3.113,-9.137,-1.113,-0.002,-0.025,0.082,-222826
5.642627875,453329708,3.113,-9.137,-1.113,-0.010,-0.012,0.039,-222616
5.646847083,453333929,3.113,-9.137,-1.113,-0.006,0.000,0.014,-223093
5.666885,453339150,3.113,-9.137,-1.113,-0.016,-0.006,-0.051,-222084
5.666970792,453342371,3.035,-9.172,-1.000,-0.016,-0.006,-0.051,-223122
5.667054083,453344592,3.035,-9.172,-1.000,0.039,-0.070,-0.039,-221983
5.667134667,453349813,3.035,-9.172,-1.000,0.018,0.012,0.066,-222817
5.667216583,453354034,3.035,-9.172,-1.000,0.025,-0.027,0.113,-222506
5.673192875,453360255,3.035,-9.172,-1.000,0.039,-0.023,-0.033,-222376
5.677427167,453364476,3.035,-9.172,-1.000,0.027,-0.008,-0.027,-222584
5.681549917,453368697,3.035,-9.172,-1.000,0.002,0.016,0.029,-222426
5.700242208,453371918,3.227,-9.211,-0.922,0.002,0.016,0.029,-222340
5.70031725,453374139,3.227,-9.211,-0.922,-0.016,0.020,0.000,-222469
5.700392,453379360,3.227,-9.211,-0.922,0.014,-0.031,-0.006,-222470
5.70046675,453384581,3.227,-9.211,-0.922,0.023,-0.016,-0.008,-222425
5.701754792,453388802,3.305,-9.211,-0.617,0.023,-0.016,-0.008,-223460
5.705035875,453392008,3.305,-9.211,-0.617,-0.002,0.008,0.000,-223460
5.710163083,453397228,3.305,-9.211,-0.617,0.029,-0.002,-0.002,-223029
5.714384333,453401449,3.305,-9.211,-0.617,0.049,-0.016,-0.002,-222246
5.733542583,453405670,3.305,-9.211,-0.617,0.012,0.029,0.082,-222474
5.733618208,453409891,3.305,-9.211,-0.617,0.029,0.014,0.111,-222386
5.733700125,453414112,3.305,-9.211,-0.617,0.016,-0.004,0.125,-222033
5.733797875,453418333,3.191,-9.055,-0.848,0.016,-0.004,0.125,-222793
5.734534292,453421554,3.191,-9.055,-0.848,-0.023,0.049,-0.084,-223429
5.73979125,453426775,3.191,-9.055,-0.848,-0.018,-0.016,-0.047,-223135
5.743931292,453430996,3.191,-9.055,-0.848,-0.012,0.006,-0.047,-222509
5.748156542,453435217,3.191,-9.055,-0.848,-0.025,0.008,0.055,-222181
5.766890542,453439438,3.191,-9.055,-0.848,0.020,-0.047,0.082,-222127
5.766973083,453442659,3.191,-9.055,-0.922,0.020,-0.047,0.082,-222592
5.767054333,453444880,3.191,-9.055,-0.922,0.021,-0.066,0.018,-222032
5.767135958,453449101,3.191,-9.055,-0.922,0.074,-0.088,0.008,-222669
5.767218292,453453322,3.191,-9.055,-0.922,0.045,-0.088,0.094,-222137
5.770454542,453457543,3.191,-9.055,-0.922,0.066,-0.068,0.051,-222745
5.774687417,453461764,3.191,-9.055,-0.922,0.211,0.072,0.016,-222686
5.778887042,453465985,3.191,-9.055,-0.922,0.127,0.047,0.010,-222824
5.783031583,453470206,3.344,-8.980,-1.152,0.127,0.047,0.010,-222176
5.800203875,453472427,3.344,-8.980,-1.152,0.033,-0.031,-0.002,-222635
5.800287417,453476648,3.344,-8.980,-1.152,0.049,-0.045,0.047,-222309
5.800371875,453480869,3.344,-8.980,-1.152,-0.004,-0.016,0.047,-221959
5.800453792,453484090,3.344,-8.980,-1.152,0.020,-0.043,0.059,-222943
5.801238917,453488311,3.344,-8.980,-1.152,0.102,0.018,0.084,-222469
5.805465875,453492532,3.344,-8.980,-1.152,0.045,0.029,0.084,-222969
5.809662042,453496753,3.035,-9.133,-0.922,0.045,0.029,0.084,-223454
5.812914708,453499973,3.035,-9.133,-0.922,-0.031,0.068,0.043,-222976
5.818054875,453505194,3.035,-9.133,-0.922,0.041,-0.014,-0.064,-222133
5.833580333,453509415,3.035,-9.133,-0.922,0.021,-0.027,-0.006,-222423
5.833653458,453513636,3.035,-9.133,-0.922,0.057,-0.039,0.111,-221907
5.833727,453518857,3.035,-9.133,-0.922,0.062,-0.010,0.123,-222052
5.836013625,453523078,3.035,-9.133,-0.922,0.016,-0.002,0.082,-221758
5.84021475,453527299,3.035,-9.016,-1.000,0.016,-0.002,0.082,-222728
5.843448417,453530520,3.035,-9.016,-1.000,0.027,0.029,-0.008,-221733
5.848581625,453535741,3.035,-9.016,-1.000,0.033,0.029,-0.031,-223475
5.86689425,453540962,3.035,-9.016,-1.000,0.027,0.014,-0.004,-222436
5.866969667,453545183,3.035,-9.016,-1.000,0.006,-0.008,-0.002,-222825
5.867043083,453549404,3.035,-9.016,-1.000,0.027,-0.039,0.025,-222256
5.867118208,453553625,3.035,-9.016,-1.000,-0.004,-0.059,0.008,-222771
5.870790375,453557846,3.266,-9.094,-0.809,-0.004,-0.059,0.008,-222801
5.873041125,453560067,3.266,-9.094,-0.809,0.021,-0.051,-0.008,-222062
5.878124833,453565288,3.266,-9.094,-0.809,0.023,-0.021,0.018,-222246
5.88233475,453569509,3.266,-9.094,-0.809,0.016,0.002,0.023,-221708
5.900236375,453572730,3.266,-9.094,-0.809,0.027,0.029,-0.020,-223281
5.900310583,453576951,3.266,-9.094,-0.809,0.033,0.018,-0.033,-222320
5.900384542,453581172,3.266,-9.094,-0.809,0.010,0.020,-0.045,-222397
5.900469333,453584393,3.152,-9.055,-0.883,0.010,0.020,-0.045,-222257
5.900549292,453586614,3.152,-9.055,-0.883,-0.002,0.010,-0.055,-222795
5.90374325,453590835,3.152,-9.055,-0.883,-0.018,0.002,0.002,-222489
5.908009625,453595056,3.152,-9.055,-0.883,-0.018,-0.004,-0.002,-222365
5.913128,453600277,3.152,-9.055,-0.883,-0.002,0.021,-0.062,-222746
5.93381225,453604498,3.152,-9.055,-0.883,-0.021,0.010,-0.035,-222710
5.933898125,453608719,3.152,-9.055,-0.883,-0.078,0.068,-0.051,-222663
5.933984208,453611940,3.227,-9.133,-0.730,-0.078,0.068,-0.051,-222713
5.934070083,453614161,3.227,-9.133,-0.730,-0.053,0.066,-0.094,-223403
5.934154708,453618382,3.227,-9.133,-0.730,-0.033,0.020,-0.035,-223046
5.935482458,453622603,3.227,-9.133,-0.730,-0.018,0.004,-0.051,-223097
5.940776708,453627824,3.227,-9.133,-0.730,-0.027,0.041,0.012,-223291
5.944894083,453632045,3.227,-9.133,-0.730,-0.014,0.076,-0.018,-222631
5.949213167,453636266,3.227,-9.133,-0.730,-0.074,0.043,-0.062,-222481
5.967072292,453640487,3.191,-9.094,-1.000,-0.074,0.043,-0.062,-222609
5.967228375,453642708,3.191,-9.094,-1.000,-0.025,0.041,-0.006,-222349
5.967314,453647929,3.191,-9.094,-1.000,-0.020,-0.012,-0.012,-222783
5.967398625,453652150,3.191,-9.094,-1.000,-0.035,-0.021,0.016,-221818
5.968312625,453655371,3.191,-9.094,-1.000,-0.025,0.010,-0.020,-222774
5.973535917,453660592,3.191,-9.094,-1.000,-0.031,0.045,-0.018,-222502
5.977671167,453664813,3.191,-9.094,-1.000,-0.023,0.049,-0.006,-223439
5.980943292,453668034,3.383,-9.094,-0.922,-0.023,0.049,-0.006,-222852
6.000299917,453673255,3.383,-9.094,-0.922,-0.004,0.053,0.004,-222400
6.000375125,453677476,3.383,-9.094,-0.922,-0.021,0.055,0.004,-223369
6.000450792,453682699,3.383,-9.094,-0.922,-0.041,0.117,0.021,-222770
6.000526,453686920,3.383,-9.094,-0.922,-0.035,0.070,0.023,-223385
6.0040685,453691141,3.035,-9.137,-1.039,-0.035,0.070,0.023,-222149
6.007241083,453694362,3.035,-9.137,-1.039,-0.041,0.043,-0.012,-222167
6.01347025,453700583,3.035,-9.137,-1.039,-0.039,0.020,0.000,-222743
6.033579333,453704804,3.035,-9.137,-1.039,-0.033,0.021,0.012,-223276
6.033657458,453709025,3.035,-9.137,-1.039,-0.031,-0.012,-0.008,-222449
6.033733542,453713246,3.035,-9.137,-1.039,-0.016,-0.047,0.002,-222700
6.033808,453717468,3.035,-9.137,-1.039,0.018,-0.066,0.008,-222999
6.03458625,453721689,3.191,-9.094,-1.039,0.018,-0.066,0.008,-222529
6.036757958,453723910,3.191,-9.094,-1.039,0.033,-0.053,0.023,-221845
6.041047875,453728131,3.191,-9.094,-1.039,0.049,-0.041,0.037,-223197
6.045178167,453732352,3.191,-9.094,-1.039,0.051,-0.037,0.045,-223064
6.049402167,453736573,3.191,-9.094,-1.039,0.037,-0.062,0.021,-222148
6.066896333,453741794,3.191,-9.094,-1.039,0.023,-0.061,0.029,-222227
6.066980125,453746015,3.344,-9.016,-1.152,0.023,-0.061,0.029,-222792
6.067062917,453749236,3.344,-9.016,-1.152,0.000,-0.043,0.010,-222245
6.067283667,453754457,3.344,-9.016,-1.152,-0.029,-0.018,-0.002,-222671
6.072600875,453759678,3.344,-9.016,-1.152,-0.021,0.000,-0.016,-222655
6.075816875,453762899,3.344,-9.016,-1.152,-0.021,-0.002,-0.014,-222568
6.080034083,453767120,3.344,-9.016,-1.152,-0.014,-0.004,-0.016,-222160
6.100219167,453772341,3.344,-9.016,-1.152,-0.002,-0.023,0.002,-222709
6.100302292,453775562,3.227,-9.137,-1.039,-0.002,-0.023,0.002,-222493
6.100382542,453778783,3.227,-9.137,-1.039,0.004,0.016,0.043,-222461
6.1004625,453785004,3.227,-9.137,-1.039,0.016,0.045,0.008,-222543
6.102140875,453789225,3.227,-9.137,-1.039,0.000,0.041,-0.016,-222065
6.106360667,453793446,3.227,-9.137,-1.039,0.008,0.002,-0.004,-222149
6.110521,453797667,3.227,-9.137,-1.039,0.018,-0.025,-0.029,-222650
6.115863958,453802888,3.074,-9.133,-0.809,0.018,-0.025,-0.029,-223064
6.117984542,453805109,3.074,-9.133,-0.809,0.010,-0.018,0.010,-222882
6.133543667,453810330,3.074,-9.133,-0.809,0.012,-0.002,0.020,-222280
6.133626125,453814551,2.961,-9.172,-1.113,0.012,-0.002,0.020,-221791
6.133708458,453816772,2.961,-9.172,-1.113,-0.010,0.010,0.000,-222936
6.134923333,453821993,2.961,-9.172,-1.113,0.016,0.021,-0.025,-222418
6.140144375,453827214,2.961,-9.172,-1.113,0.008,-0.006,-0.016,-222968
6.144384958,453831435,2.961,-9.172,-1.113,-0.006,-0.012,0.008,-223087
6.148586125,453835656,2.961,-9.172,-1.113,0.002,-0.031,0.010,-222627
6.166896917,453840877,2.961,-9.172,-1.113,0.008,-0.043,-0.012,-222346
6.166973,453845098,3.113,-9.098,-1.078,0.008,-0.043,-0.012,-224084
6.167048583,453848319,3.113,-9.098,-1.078,0.016,-0.031,-0.021,-223195
6.167393542,453854540,3.113,-9.098,-1.078,0.006,0.006,0.002,-221123
6.171702667,453858761,3.113,-9.098,-1.078,0.002,-0.012,-0.031,-222581
6.175911958,453862982,3.113,-9.098,-1.078,0.000,-0.029,-0.023,-222888
6.1800725,453867203,3.113,-9.098,-1.078,-0.012,-0.031,0.000,-222452
6.1852815,453872425,3.113,-9.098,-1.078,-0.014,-0.066,-0.014,-222750
6.200484583,453875645,3.266,-9.281,-0.730,-0.014,-0.066,-0.014,-221678
6.200574625,453877866,3.266,-9.281,-0.730,0.029,-0.010,-0.010,-222157
6.200666875,453882072,3.266,-9.281,-0.730,-0.029,0.041,0.000,-222157
6.200754625,453886292,3.266,-9.281,-0.730,0.025,0.006,-0.029,-223499
6.203403333,453890513,3.266,-9.281,-0.730,0.037,0.000,-0.047,-221955
6.208625292,453895734,3.266,-9.281,-0.730,-0.014,0.066,0.047,-222978
6.2129075,453899955,3.266,-9.281,-0.730,-0.002,0.061,0.041,-223002
6.216095667,453903176,3.344,-9.059,-0.922,-0.002,0.061,0.041,-222327
6.218333458,453905397,3.344,-9.059,-0.922,-0.008,0.076,0.000,-222818
6.233767208,453910618,3.344,-9.059,-0.922,-0.045,0.117,-0.004,-222189
6.233856208,453914839,3.344,-9.059,-0.922,-0.064,0.127,0.057,-222457
6.233945792,453920060,3.344,-9.059,-0.922,-0.068,0.090,-0.006,-223162
6.237252125,453924281,3.344,-9.059,-0.922,-0.092,0.068,-0.061,-222250
6.242454542,453929502,3.344,-9.059,-0.922,-0.064,-0.008,-0.113,-222739
6.24662675,453933723,2.922,-9.133,-0.770,-0.064,-0.008,-0.113,-222942
6.249871208,453936944,2.922,-9.133,-0.770,-0.068,0.002,-0.031,-223180
6.266891458,453943165,2.922,-9.133,-0.770,-0.051,-0.008,-0.002,-222922
6.266985708,453947386,2.922,-9.133,-0.770,-0.049,-0.023,-0.004,-222477
6.267079042,453950607,2.922,-9.133,-0.770,-0.027,-0.041,-0.029,-222281
6.268758375,453955828,2.922,-9.133,-0.770,0.000,-0.107,0.006,-223265
6.273980875,453961049,2.922,-9.133,-0.770,-0.012,-0.084,0.066,-222718
6.278204292,453965270,3.266,-9.211,-1.039,-0.012,-0.084,0.066,-222397
6.28036775,453967492,3.266,-9.211,-1.039,0.014,-0.094,0.049,-223059
6.285558333,453972713,3.266,-9.211,-1.039,0.012,-0.084,-0.039,-222748
6.300271792,453976934,3.266,-9.211,-1.039,0.010,-0.107,-0.027,-222816
6.300346417,453981155,3.266,-9.211,-1.039,0.016,-0.105,-0.016,-223078
6.3004245,453985376,3.266,-9.211,-1.039,0.016,-0.076,0.039,-222244
6.301537458,453988597,3.457,-9.211,-0.922,0.016,-0.076,0.039,-222830
6.305754792,453992818,3.457,-9.211,-0.922,0.018,-0.010,0.055,-222973
6.309982292,453997039,3.383,-9.172,-1.000,0.018,-0.010,0.055,-223055
6.315229,454002261,3.383,-9.172,-1.000,0.020,-0.004,0.008,-222403
6.333563333,454006481,3.383,-9.172,-1.000,0.037,-0.004,-0.008,-223150
6.333651208,454010702,3.383,-9.172,-1.000,0.020,0.018,0.018,-222350
6.333738542,454014923,3.383,-9.172,-1.000,0.039,0.014,0.018,-222969
6.333826292,454020144,3.383,-9.172,-1.000,0.021,0.033,0.029,-222053
6.336296667,454023365,2.922,-9.211,-1.000,0.021,0.033,0.029,-222619
6.338519167,454025586,2.922,-9.211,-1.000,0.029,0.072,0.023,-222491
6.343753708,454030807,2.922,-9.211,-1.000,0.029,0.035,-0.012,-222067
6.347952792,454035028,2.922,-9.211,-1.000,0.043,0.000,-0.027,-222370
6.352182292,454039249,2.922,-9.211,-1.000,0.039,0.000,0.008,-222720
6.366912458,454043470,2.922,-9.211,-1.000,0.051,-0.012,0.051,-222550
6.366985167,454047691,2.922,-9.211,-1.000,0.055,0.000,0.062,-223077
6.367057625,454050912,3.152,-9.254,-0.883,0.055,0.000,0.062,-221944
6.367131667,454053133,3.152,-9.254,-0.883,0.076,-0.012,0.064,-222237
6.371273292,454058354,3.152,-9.254,-0.883,0.061,-0.035,-0.008,-222523
6.375523917,454062575,3.152,-9.254,-0.883,0.086,-0.025,0.002,-223001
6.378742375,454065796,3.152,-9.254,-0.883,0.076,-0.002,0.020,-222750
6.382959542,454070017,3.152,-9.254,-0.883,0.053,-0.010,0.039,-222564
6.400204208,454075238,3.152,-9.254,-0.883,0.016,-0.023,0.020,-222697
6.400278625,454080460,3.191,-9.020,-1.000,0.016,-0.023,0.020,-222980
6.400353958,454083681,3.191,-9.020,-1.000,0.006,-0.020,-0.037,-223111
6.401827333,454088902,3.191,-9.020,-1.000,-0.041,0.023,0.006,-222274
6.406173417,454093123,3.191,-9.020,-1.000,-0.016,0.021,-0.021,-223309
6.41028325,454097344,3.191,-9.020,-1.000,-0.039,0.021,-0.035,-222446
6.415434333,454102565,3.191,-9.020,-1.000,-0.049,0.027,-0.025,-222295
6.419630083,454106786,3.191,-9.020,-1.000,-0.018,0.006,-0.033,-223263
6.43360475,454110007,3.305,-9.094,-0.770,-0.018,0.006,-0.033,-221687
6.433682458,454113228,3.305,-9.094,-0.770,-0.018,-0.010,-0.027,-221731
6.433757583,454119449,3.305,-9.094,-0.770,-0.041,0.023,0.025,-222808
6.43653925,454123670,3.305,-9.094,-0.770,-0.066,0.025,-0.016,-223416
6.440833,454127891,3.305,-9.094,-0.770,-0.053,-0.008,-0.014,-223419
6.446125458,454133112,3.305,-9.094,-0.770,-0.018,0.061,-0.018,-222305
6.450280667,454137333,3.305,-9.094,-0.770,-0.014,0.033,-0.002,-222272
6.467129583,454141554,3.305,-9.133,-1.113,-0.014,0.033,-0.002,-223280
6.467219458,454143775,3.305,-9.133,-1.113,-0.045,0.043,0.000,-222348
6.467307833,454147996,3.305,-9.133,-1.113,-0.039,0.123,0.008,-222259
6.467395833,454153217,3.305,-9.133,-1.113,-0.086,0.131,0.039,-222216
6.470396375,454157438,3.305,-9.133,-1.113,-0.102,0.141,0.023,-223423
6.47562875,454162659,3.305,-9.133,-1.113,-0.123,0.074,-0.025,-223105
6.480830833,454167880,3.305,-9.133,-1.113,-0.076,0.049,-0.033,-222009
6.484035125,454171101,2.961,-9.254,-0.617,-0.076,0.049,-0.033,-222850
6.500180542,454174322,2.961,-9.254,-0.617,-0.064,0.010,-0.070,-222851
6.500541375,454180543,2.961,-9.254,-0.617,-0.062,0.006,-0.041,-222694
6.500639333,454184764,2.961,-9.254,-0.617,-0.062,-0.002,-0.008,-222179
6.500835042,454187985,2.961,-9.254,-0.617,-0.025,-0.053,-0.012,-222532
6.5061555,454193206,2.961,-9.254,-0.617,0.004,-0.072,-0.002,-222361
6.511538042,454198427,3.152,-9.172,-1.078,0.004,-0.072,-0.002,-222667
6.513589667,454200648,3.152,-9.172,-1.078,0.020,-0.082,0.076,-222070
6.533571833,454205869,3.152,-9.172,-1.078,0.004,-0.047,0.043,-222877
6.533648292,454210090,3.152,-9.172,-1.078,0.020,-0.088,-0.012,-222422
6.533724208,454214311,3.152,-9.172,-1.078,0.055,-0.168,-0.053,-222600
6.533798708,454218532,3.152,-9.172,-1.078,0.029,-0.068,0.043,-222917
6.535700833,454222753,3.152,-9.172,-1.078,-0.010,-0.064,0.082,-223511
6.538864625,454225974,3.422,-9.285,-1.000,-0.010,-0.064,0.082,-222126
6.541124042,454228195,3.422,-9.285,-1.000,-0.008,-0.021,0.100,-222843
6.54627125,454233416,3.422,-9.285,-1.000,0.025,0.002,-0.049,-222726
6.566901583,454237637,3.422,-9.285,-1.000,0.018,0.002,-0.053,-222824
6.566975833,454242858,3.422,-9.285,-1.000,0.031,0.043,0.039,-222877
6.567048,454247079,3.074,-9.250,-0.883,0.031,0.043,0.039,-223203
6.567120333,454250300,3.074,-9.250,-0.883,0.008,0.047,0.027,-222831
6.568470542,454255520,3.074,-9.250,-0.883,0.039,-0.004,0.012,-221983
6.573681917,454260741,3.074,-9.250,-0.883,0.029,-0.023,0.014,-222383
6.577896042,454264965,3.074,-9.250,-0.883,0.051,-0.021,0.047,-222993
6.582182917,454269186,3.074,-9.250,-0.883,0.088,-0.014,0.045,-221914
6.600219583,454273407,3.074,-9.211,-0.809,0.088,-0.014,0.045,-222571
6.600304458,454276628,3.074,-9.211,-0.809,0.068,-0.020,0.076,-222128
6.600389792,454282849,3.074,-9.211,-0.809,0.168,-0.010,-0.006,-222545
6.600473625,454287070,3.074,-9.211,-0.809,0.141,0.018,-0.039,-222932
6.604447625,454291291,3.074,-9.211,-0.809,0.064,-0.027,-0.012,-222103
6.6084805,454295512,3.074,-9.211,-0.809,0.057,-0.033,0.004,-222480
6.61368525,454300733,3.074,-9.211,-0.809,0.037,-0.006,0.066,-222685
6.61789425,454304954,3.152,-8.941,-1.000,0.037,-0.006,0.066,-222616
6.633565,454308175,3.152,-8.941,-1.000,0.037,-0.041,0.082,-221758
6.6336535,454313396,3.152,-8.941,-1.000,0.029,0.006,-0.010,-222547
6.633741125,454318617,3.152,-8.941,-1.000,-0.010,0.018,-0.027,-222570
6.635792083,454322838,3.152,-8.941,-1.000,-0.014,0.020,-0.020,-222467
6.640037917,454327059,3.152,-8.941,-1.000,-0.008,0.008,-0.021,-222155
6.644227583,454331280,3.152,-8.941,-1.000,-0.010,0.010,0.012,-222725
6.648381792,454335501,3.191,-9.059,-0.961,-0.010,0.010,0.012,-222756
6.666934667,454338722,3.191,-9.059,-0.961,-0.027,-0.008,0.000,-222345
6.667009708,454343943,3.191,-9.059,-0.961,-0.041,0.029,-0.023,-222035
6.667085292,454348164,3.191,-9.059,-0.961,-0.041,0.021,-0.021,-222193
6.667160292,454352385,3.191,-9.059,-0.961,-0.037,0.014,-0.029,-222503
6.669571083,454356606,3.191,-9.059,-0.961,-0.059,0.025,-0.023,-222443
6.674777583,454361827,3.191,-9.059,-0.961,-0.066,0.025,0.014,-223008
6.6789805,454366048,3.191,-9.324,-0.848,-0.066,0.025,0.014,-222389
6.682202292,454369269,3.191,-9.324,-0.848,-0.057,0.008,-0.049,-222580
6.700222042,454374490,3.191,-9.324,-0.848,-0.037,-0.018,-0.078,-222278
6.700300417,454378711,3.191,-9.324,-0.848,-0.039,-0.010,-0.047,-222305
6.700378708,454383932,3.191,-9.324,-0.848,-0.010,-0.031,-0.008,-222557
6.701026083,454388153,3.191,-9.324,-0.848,0.004,-0.031,0.012,-223120
6.70535625,454392374,3.191,-9.324,-0.848,0.010,0.008,0.041,-223375
6.709528792,454396595,3.344,-9.016,-1.383,0.010,0.008,0.041,-223066
6.711646833,454398816,3.344,-9.016,-1.383,0.006,0.102,0.031,-223216
6.716979125,454404037,3.344,-9.016,-1.383,0.004,0.070,-0.055,-222589
6.733784292,454408258,3.344,-9.016,-1.383,-0.010,0.080,-0.057,-222690
6.733978708,454412479,3.344,-9.016,-1.383,-0.027,0.062,-0.002,-223745
6.734064333,454416700,3.344,-9.016,-1.383,-0.055,0.086,-0.008,-223986
6.734150833,454420921,3.344,-9.016,-1.383,-0.072,0.100,-0.029,-222666
6.7381305,454425142,2.922,-9.098,-0.691,-0.072,0.100,-0.029,-222839
6.741318625,454428363,2.922,-9.098,-0.691,-0.090,0.068,-0.049,-223393
6.7465475,454433584,2.922,-9.098,-0.691,-0.041,0.055,-0.047,-222682
6.751654708,454438805,2.922,-9.098,-0.691,-0.027,0.000,-0.035,-222817
6.766935167,454443026,2.922,-9.098,-0.691,-0.004,0.006,-0.004,-223197
6.767010708,454447248,2.922,-9.098,-0.691,-0.008,-0.010,0.047,-222730
6.767083958,454451468,2.922,-9.098,-0.691,0.000,0.012,0.041,-223303
6.768648208,454455689,3.191,-9.020,-1.113,0.000,0.012,0.041,-222529
6.771851583,454458910,3.191,-9.020,-1.113,0.004,-0.035,0.027,-221951
6.777086083,454464131,3.191,-9.020,-1.113,-0.002,-0.016,0.020,-222997
6.781216333,454468352,3.191,-9.020,-1.113,-0.041,-0.082,-0.006,-222697
6.800203042,454472573,3.191,-9.020,-1.113,-0.025,-0.072,-0.041,-223102
6.8002895,454476794,3.191,-9.020,-1.113,-0.010,-0.045,-0.059,-223422
6.800373833,454482015,3.191,-9.020,-1.113,-0.020,-0.027,0.023,-222694
6.800458708,454486238,3.266,-9.176,-0.809,-0.020,-0.027,0.023,-223020
6.802418333,454489458,3.266,-9.176,-0.809,-0.031,0.002,0.010,-223214
6.80761225,454494679,3.266,-9.176,-0.809,-0.002,-0.023,-0.020,-222762
6.81176625,454498902,3.266,-9.176,-0.809,0.004,0.000,-0.012,-222324
6.816007,454503123,3.266,-9.176,-0.809,0.023,-0.014,0.000,-223056
6.833573375,454507344,3.266,-9.176,-0.809,0.016,-0.004,0.002,-222780
6.833648167,454511565,3.266,-9.176,-0.809,0.002,-0.004,-0.016,-223359
6.833722958,454515786,3.266,-9.211,-0.883,0.002,-0.004,-0.016,-223247
6.833797875,454519007,3.266,-9.211,-0.883,0.020,-0.021,-0.047,-222557
6.838229875,454525228,3.266,-9.211,-0.883,0.010,-0.025,0.078,-223471
6.842395583,454529450,3.266,-9.211,-0.883,0.020,0.025,0.021,-221922
6.845540208,454532671,3.266,-9.211,-0.883,0.027,0.043,0.025,-222801
6.849785333,454536892,3.266,-9.211,-0.883,0.025,0.010,-0.008,-223103
6.866885833,454541113,3.266,-9.211,-0.883,0.002,0.025,-0.008,-223136
6.866960708,454545334,3.113,-9.176,-0.922,0.002,0.025,-0.008,-222921
6.867035,454548555,3.113,-9.176,-0.922,0.010,0.014,-0.016,-222303
6.8671085,454553776,3.113,-9.176,-0.922,0.027,0.006,-0.002,-221900
6.870893208,454557997,3.113,-9.176,-0.922,-0.002,0.012,0.041,-222938
6.875183333,454562218,3.113,-9.176,-0.922,-0.029,0.033,-0.012,-222667
6.879318917,454566439,3.113,-9.176,-0.922,0.021,-0.027,-0.049,-222318
6.883500208,454570660,3.113,-9.176,-0.922,0.010,-0.068,-0.031,-223128
6.90019375,454575881,3.152,-9.016,-1.113,0.010,-0.068,-0.031,-222958
6.900268958,454579102,3.152,-9.016,-1.113,0.020,-0.059,0.078,-222945
6.900343083,454584323,3.152,-9.016,-1.113,0.018,-0.004,0.031,-222908
6.901493292,454588544,3.152,-9.016,-1.113,-0.006,0.010,-0.031,-222924
6.9067205,454593765,3.152,-9.016,-1.113,-0.012,-0.025,-0.086,-223176
6.910932208,454597986,3.152,-9.016,-1.113,-0.025,-0.012,-0.055,-222479
6.916139667,454603207,3.152,-9.016,-1.113,-0.014,-0.027,0.064,-223101
6.933573333,454606428,3.305,-9.133,-0.809,-0.014,-0.027,0.064,-222772
6.933649625,454610650,3.305,-9.133,-0.809,-0.027,-0.006,-0.004,-223107
6.933726375,454613870,3.305,-9.094,-0.961,-0.027,-0.006,-0.004,-222411
6.933801583,454618091,3.305,-9.094,-0.961,-0.021,0.002,-0.049,-222851
6.936247208,454623312,3.305,-9.094,-0.961,-0.041,0.021,-0.014,-222485
6.9404675,454627533,3.305,-9.094,-0.961,-0.033,0.025,0.006,-223113
6.944639958,454631754,3.305,-9.094,-0.961,-0.029,0.025,0.031,-223356
6.948911375,454635975,3.305,-9.094,-0.961,-0.031,0.041,0.029,-223397
6.9668955,454641196,3.266,-9.176,-1.113,-0.031,0.041,0.029,-222732
6.966971792,454644417,3.266,-9.176,-1.113,-0.033,0.047,-0.055,-223002
6.967048208,454649638,3.266,-9.176,-1.113,-0.021,0.045,-0.014,-222828
6.967131,454653859,3.266,-9.176,-1.113,-0.045,0.049,0.000,-222838
6.972061167,454659080,3.266,-9.176,-1.113,-0.020,0.043,0.000,-223156
6.976223542,454663301,3.266,-9.176,-1.113,-0.006,0.027,-0.049,-223179
6.980471625,454667522,3.266,-9.176,-1.113,-0.031,0.049,-0.090,-222515
6.983610083,454670743,3.305,-9.254,-0.922,-0.031,0.049,-0.090,-223579
7.000263292,454673964,3.305,-9.254,-0.922,-0.002,0.043,-0.041,-222849
7.000349625,454680185,3.305,-9.254,-0.922,0.021,0.027,0.055,-222200
7.000423167,454684406,3.305,-9.254,-0.922,0.037,0.033,0.053,-223108
7.001599,454688627,3.305,-9.254,-0.922,0.045,0.006,0.023,-223229
7.005798083,454692848,3.305,-9.254,-0.922,0.047,0.000,-0.064,-223292
7.01000075,454697069,3.305,-9.254,-0.922,0.031,0.023,-0.072,-221859
7.015178833,454702290,3.074,-9.094,-1.113,0.031,0.023,-0.072,-222973
7.033581917,454705511,3.074,-9.094,-1.113,-0.010,0.033,0.010,-222704
7.0336555,454710732,3.074,-9.094,-1.113,-0.014,0.016,0.004,-222767
7.033729292,454713953,3.227,-9.176,-0.691,-0.014,0.016,0.004,-222860
7.033805083,454718174,3.227,-9.176,-0.691,0.014,-0.016,-0.045,-222952
7.036308958,454723395,3.227,-9.176,-0.691,0.002,0.016,-0.010,-223265
7.040559667,454727616,3.227,-9.176,-0.691,-0.008,0.008,0.020,-222471
7.044686667,454731837,3.227,-9.176,-0.691,-0.004,0.014,0.076,-222023
7.048975583,454736058,3.227,-9.176,-0.691,0.002,0.002,0.033,-223032
7.066895708,454741279,3.227,-9.016,-1.039,0.002,0.002,0.033,-222654
7.06698225,454743500,3.227,-9.016,-1.039,0.027,-0.041,-0.020,-222733
7.067066125,454748721,3.227,-9.016,-1.039,-0.004,-0.012,0.035,-222358
7.067149667,454752942,3.227,-9.016,-1.039,-0.020,-0.004,0.031,-222877
7.071120583,454758163,3.227,-9.016,-1.039,-0.027,0.006,0.004,-221881
7.076323958,454763384,3.227,-9.016,-1.039,-0.014,0.002,0.018,-222022
7.0814645,454768605,3.227,-9.016,-1.039,0.002,-0.029,-0.004,-222199
7.100240125,454772826,3.152,-9.172,-1.039,0.002,-0.029,-0.004,-222313
7.100316167,454776047,3.152,-9.172,-1.039,-0.008,-0.018,-0.014,-222624
7.100389167,454781268,3.152,-9.172,-1.039,-0.002,0.002,0.000,-222993
7.100463875,454785489,3.152,-9.172,-1.039,-0.010,-0.004,0.006,-223104
7.101652042,454788710,3.152,-9.172,-1.039,-0.025,0.006,0.020,-223153
7.106863833,454793931,3.152,-9.172,-1.039,-0.027,0.018,0.014,-223328
7.111103792,454798152,3.152,-9.172,-1.039,-0.014,-0.025,-0.027,-222716
7.1153165,454802373,3.191,-9.176,-0.883,-0.014,-0.025,-0.027,-222672
7.118556542,454805594,3.191,-9.176,-0.883,-0.016,-0.021,-0.031,-222852
7.133568042,454810815,3.191,-9.176,-0.883,-0.002,-0.025,0.006,-222656
7.133643083,454816036,3.191,-9.176,-0.883,0.012,-0.018,0.018,-222299
7.133717792,454820257,3.191,-9.176,-0.883,0.016,-0.002,0.021,-222500
7.137405417,454824478,3.191,-9.176,-0.883,0.006,-0.006,0.018,-221434
7.141674375,454828699,3.191,-9.176,-0.883,0.008,-0.012,0.020,-223000
7.146802042,454833920,3.227,-9.137,-1.000,0.008,-0.012,0.020,-222971
7.150169542,454837141,3.227,-9.137,-1.000,0.014,-0.012,-0.012,-221969
7.167113625,454843362,3.227,-9.137,-1.000,-0.004,0.010,-0.012,-222403
7.167203125,454847583,3.227,-9.137,-1.000,-0.021,0.006,-0.016,-222667
7.167290917,454851804,3.227,-9.137,-1.000,0.012,-0.004,-0.051,-222962
7.168891167,454856025,3.227,-9.137,-1.000,-0.004,0.006,-0.053,-222330
7.174120917,454861248,3.227,-9.137,-1.000,0.008,0.018,0.020,-222511
7.178327417,454865468,3.191,-9.137,-0.922,0.008,0.018,0.020,-222914
7.200255542,454868689,3.191,-9.137,-0.922,0.002,0.002,-0.029,-223278
7.20033225,454873910,3.191,-9.137,-0.922,-0.002,0.006,-0.037,-223041
7.200408625,454879132,3.191,-9.137,-0.922,-0.020,0.025,0.018,-222563
7.200482417,454883352,3.191,-9.137,-0.922,-0.016,0.037,0.010,-222905
7.201529625,454888573,3.191,-9.137,-0.922,-0.016,-0.016,-0.045,-222834
7.20576575,454892794,3.191,-9.137,-0.922,-0.021,-0.012,-0.043,-222086
7.209951875,454897015,3.383,-9.176,-0.730,-0.021,-0.012,-0.043,-223458
7.213124667,454900237,3.383,-9.176,-0.730,-0.012,0.012,-0.018,-222504
7.219325083,454906457,3.383,-9.176,-0.730,0.014,0.033,-0.008,-222621
7.233609375,454910678,3.383,-9.176,-0.730,-0.010,-0.010,-0.031,-222061
7.233702583,454914899,3.383,-9.176,-0.730,0.006,-0.027,-0.086,-222958
7.233778125,454920120,3.383,-9.176,-0.730,-0.020,0.002,-0.033,-223111
7.237223,454924341,3.383,-9.176,-0.730,-0.039,0.062,0.037,-222239
7.241496583,454928562,3.305,-9.133,-1.000,-0.039,0.062,0.037,-222173
7.244656042,454931783,3.305,-9.133,-1.000,-0.053,0.066,0.051,-220941
7.250965,454938004,3.305,-9.133,-1.000,0.006,-0.006,-0.100,-222349
7.26690575,454943225,3.305,-9.133,-1.000,-0.002,0.020,-0.062,-223656
7.266981,454947432,3.305,-9.133,-1.000,-0.008,-0.014,0.025,-223656
7.267055,454951652,3.305,-9.133,-1.000,-0.012,0.008,-0.006,-222673
7.268834708,454955873,3.305,-9.133,-1.000,-0.018,0.037,0.039,-222911
7.2740365,454961094,3.113,-9.172,-1.000,-0.018,0.037,0.039,-222530
7.276207708,454963315,3.113,-9.172,-1.000,0.002,-0.006,0.016,-221985
7.280477458,454967536,3.113,-9.172,-1.000,0.018,-0.014,-0.064,-222748
7.28464375,454971757,3.113,-9.172,-1.000,0.014,-0.004,-0.016,-222630
7.300253208,454975978,3.113,-9.172,-1.000,0.012,-0.025,0.008,-221535
7.300326958,454981199,3.113,-9.172,-1.000,0.016,-0.004,0.029,-222014
7.300399125,454985420,3.113,-9.172,-1.000,0.014,0.018,0.051,-222529
7.302582,454989641,3.305,-9.094,-1.000,0.014,0.018,0.051,-223037
7.305810792,454992862,3.305,-9.094,-1.000,0.008,-0.008,-0.014,-221497
7.31104375,454998083,3.305,-9.094,-1.000,0.008,0.000,-0.012,-220399
7.31524175,455002304,3.305,-9.094,-1.000,0.016,0.006,0.025,-221370
7.319441708,455006525,3.305,-9.094,-1.000,0.002,0.004,0.035,-221943
7.333581125,455010746,3.305,-9.094,-1.000,-0.016,0.031,0.020,-222367
7.333654083,455014967,3.305,-9.094,-1.000,0.027,-0.053,0.000,-221743
7.333726583,455019188,2.961,-9.055,-1.078,0.027,-0.053,0.000,-222244
7.334341,455021409,2.961,-9.055,-1.078,0.010,-0.150,-0.166,-223026
7.339586667,455026630,2.961,-9.055,-1.078,-0.033,0.105,0.354,-222222
7.343804917,455030851,2.961,-9.055,-1.078,-0.047,0.049,0.270,-222960
7.348072667,455035072,2.961,-9.055,-1.078,-0.010,0.021,-0.180,-222869
7.353290917,455040293,2.961,-9.055,-1.078,0.053,-0.100,-0.232,-222131
7.366917083,455044514,2.961,-9.055,-1.078,-0.018,-0.031,0.025,-221621
7.366994583,455048735,2.961,-9.215,-0.961,-0.018,-0.031,0.025,-221644
7.367070333,455051941,2.961,-9.215,-0.961,-0.043,-0.006,0.115,-221644
7.371034542,455058161,2.961,-9.215,-0.961,0.004,0.021,0.006,-222152
7.376274667,455063382,2.961,-9.215,-0.961,0.006,-0.043,-0.154,-223062
7.38054825,455067603,2.961,-9.215,-0.961,-0.004,-0.021,-0.037,-223164
7.38477225,455071824,2.961,-9.215,-0.961,-0.025,0.041,0.152,-221333
7.400455042,455076045,2.961,-9.215,-0.961,-0.041,0.016,0.127,-222488
7.40054925,455081266,3.266,-9.211,-0.883,-0.041,0.016,0.127,-222567
7.400643542,455083487,3.266,-9.211,-0.883,-0.002,-0.016,-0.053,-223505
7.400738542,455087708,3.266,-9.211,-0.883,-0.010,-0.029,-0.143,-222572
7.404815167,455091929,3.266,-9.211,-0.883,-0.021,0.006,-0.031,-222965
7.409118,455096150,3.266,-9.211,-0.883,-0.014,0.008,0.045,-222247
7.414331167,455101371,3.266,-9.211,-0.883,0.008,-0.014,0.057,-222470
7.418468083,455105592,3.266,-9.211,-0.883,0.010,-0.012,0.021,-221493
7.433745833,455109813,3.266,-9.176,-0.961,0.010,-0.012,0.021,-221314
7.433842875,455113034,3.266,-9.176,-0.961,0.016,-0.027,-0.051,-222193
7.433938583,455118255,3.266,-9.176,-0.961,0.023,0.002,-0.027,-221896
7.436482875,455123476,3.266,-9.176,-0.961,0.035,0.010,0.004,-221941
7.440641042,455127697,3.266,-9.176,-0.961,0.014,-0.027,-0.027,-221872
7.444906708,455131918,3.266,-9.176,-0.961,0.018,-0.020,-0.025,-222890
7.450094042,455137139,3.266,-9.176,-0.961,0.006,0.053,0.012,-222302
7.466887833,455142359,3.305,-9.020,-0.961,0.006,0.053,0.012,-221782
7.4669815,455145580,3.305,-9.020,-0.961,-0.012,0.014,0.020,-222696
7.467075083,455150801,3.305,-9.020,-0.961,0.008,-0.010,-0.070,-222540
7.468003542,455155021,3.305,-9.020,-0.961,0.025,0.010,-0.035,-221489
7.471188583,455158244,3.305,-9.020,-0.961,0.018,0.018,0.023,-222224
7.476409375,455163464,3.305,-9.020,-0.961,-0.008,0.061,0.076,-222627
7.4816425,455168685,3.305,-9.020,-0.961,-0.008,0.049,0.037,-222343
7.48685625,455173906,3.152,-9.137,-0.961,-0.008,0.049,0.037,-221845
7.500252333,455176127,3.152,-9.137,-0.961,0.025,-0.033,-0.094,-221583
7.50032475,455181348,3.152,-9.137,-0.961,0.010,0.037,0.041,-222272
7.500397042,455185569,3.152,-9.137,-0.961,0.002,0.020,0.082,-222002
7.502718042,455189789,3.152,-9.137,-0.961,-0.004,0.016,0.035,-221786
7.506967833,455194010,3.152,-9.137,-0.961,-0.008,0.010,-0.031,-222545
7.511115583,455198231,3.152,-9.137,-0.961,0.006,0.012,-0.035,-222123
7.515330917,455202452,3.113,-9.098,-1.039,0.006,0.012,-0.035,-222811
7.533574792,455205673,3.113,-9.098,-1.039,0.002,0.002,-0.006,-222051
7.533648917,455210894,3.113,-9.098,-1.039,0.008,-0.018,0.020,-222514
7.533721917,455215115,3.227,-9.094,-0.922,0.008,-0.018,0.020,-222271
7.533796792,455217321,3.227,-9.094,-0.922,-0.004,-0.025,0.010,-222271
7.534502667,455221541,3.227,-9.094,-0.922,-0.004,-0.018,-0.012,-222103
7.538641583,455225762,3.227,-9.094,-0.922,-0.004,-0.016,0.006,-222209
7.541959292,455228983,3.227,-9.094,-0.922,-0.004,-0.018,0.008,-222000
7.546091917,455233204,3.227,-9.094,-0.922,0.004,-0.020,-0.012,-222631
7.55030675,455237425,3.227,-9.094,-0.922,0.006,-0.039,-0.008,-221402
7.566931292,455241646,3.305,-9.133,-1.039,0.006,-0.039,-0.008,-222014
7.567011917,455243867,3.305,-9.133,-1.039,-0.002,-0.023,0.020,-222338
7.567086333,455249088,3.305,-9.133,-1.039,-0.018,0.006,0.002,-222405
7.567160083,455253309,3.305,-9.133,-1.039,-0.012,0.002,0.004,-222070
7.569491458,455256530,3.305,-9.133,-1.039,-0.008,-0.004,-0.025,-222547
7.574695125,455261751,3.305,-9.133,-1.039,0.006,-0.010,-0.023,-221964
7.578936708,455265972,3.305,-9.133,-1.039,-0.008,-0.002,-0.006,-222451
7.582162792,455269193,3.191,-9.133,-0.961,-0.008,-0.002,-0.006,-222390
7.600263833,455274414,3.191,-9.133,-0.961,0.004,0.012,0.006,-222689
7.600337875,455278635,3.191,-9.133,-0.961,0.002,0.020,0.018,-222105
7.600412667,455283856,3.191,-9.133,-0.961,0.006,0.006,-0.029,-222496
7.60198325,455289077,3.191,-9.133,-0.961,0.004,-0.002,-0.014,-222008
7.607268708,455294298,3.191,-9.133,-1.039,0.004,-0.002,-0.014,-222655
7.610461375,455297519,3.191,-9.133,-1.039,0.008,0.018,0.020,-222128
7.616663208,455303740,3.191,-9.133,-1.039,-0.004,0.008,-0.027,-222837
7.633608792,455307961,3.191,-9.133,-1.039,0.004,0.010,-0.035,-222477
7.633683583,455312182,3.191,-9.133,-1.039,0.002,0.002,-0.025,-221990
7.63376,455316404,3.191,-9.133,-1.039,-0.002,-0.002,0.000,-222557
7.634597125,455321625,3.191,-9.133,-1.039,0.008,0.008,0.025,-222356
7.638780083,455325846,3.227,-9.098,-0.961,0.008,0.008,0.025,-222057
7.642111458,455329067,3.227,-9.098,-0.961,0.010,0.010,0.008,-222263
7.647223833,455334288,3.227,-9.098,-0.961,0.008,-0.004,-0.014,-222369
7.666963667,455339509,3.227,-9.098,-0.961,0.008,0.002,0.000,-222585
7.66703875,455343729,3.227,-9.098,-0.961,0.016,-0.012,-0.004,-222843
7.667111417,455348950,3.227,-9.098,-0.961,0.006,0.000,0.014,-222749
7.667186042,455353171,3.227,-9.098,-0.961,-0.008,-0.004,0.016,-221845
7.670246833,455357392,3.305,-9.059,-1.000,-0.008,-0.004,0.016,-223208
7.673561208,455360613,3.305,-9.059,-1.000,-0.002,-0.006,-0.004,-222398
7.679796625,455366834,3.305,-9.059,-1.000,-0.014,-0.006,-0.004,-222174
7.683942333,455371055,3.305,-9.059,-1.000,-0.006,0.008,0.006,-223067
7.700244958,455375276,3.305,-9.059,-1.000,-0.002,-0.008,0.012,-222776
7.70032,455379497,3.305,-9.059,-1.000,-0.012,-0.004,0.012,-221960
7.700393958,455384718,3.305,-9.059,-1.000,-0.006,0.014,0.020,-222091
7.702005458,455388939,3.227,-9.137,-1.039,-0.006,0.014,0.020,-222231
7.705081875,455392160,3.227,-9.137,-1.039,-0.002,0.000,-0.008,-222272
7.711250042,455398381,3.227,-9.137,-1.039,0.002,-0.006,-0.012,-222851
7.716571833,455403602,3.227,-9.137,-1.039,-0.010,0.002,0.004,-223994
7.733555583,455408823,3.227,-9.137,-1.039,-0.014,0.002,0.012,-223730
7.733640708,455414044,3.152,-9.137,-1.039,-0.014,0.002,0.012,-223431
7.7337265,455416265,3.152,-9.137,-1.039,-0.002,-0.004,0.008,-223613
7.734455583,455421486,3.152,-9.137,-1.039,-0.004,-0.004,0.000,-223278
7.73866725,455425707,3.152,-9.137,-1.039,-0.012,-0.004,0.000,-222833
7.742864542,455429928,3.152,-9.137,-1.039,0.037,-0.055,0.014,-222879
7.748011917,455435149,3.152,-9.137,-1.039,-0.006,-0.023,-0.047,-223142
7.766905625,455439370,3.152,-9.137,-1.039,0.080,-0.131,0.031,-223449
7.766981208,455443591,3.074,-9.020,-1.152,0.080,-0.131,0.031,-222983
7.767056167,455446812,3.074,-9.020,-1.152,0.041,-0.191,-0.010,-222775
7.767128583,455452033,3.074,-9.020,-1.152,0.008,0.018,0.229,-222576
7.769141208,455456254,3.074,-9.020,-1.152,-0.010,0.035,0.041,-222846
7.774415792,455461475,3.074,-9.020,-1.152,0.018,-0.006,-0.191,-222636
7.778578167,455465696,3.074,-9.020,-1.152,0.010,0.023,-0.066,-222692
7.781774417,455468917,3.074,-9.020,-1.152,-0.053,0.139,0.172,-223734
7.800251333,455473138,2.770,-9.176,-0.848,-0.053,0.139,0.172,-223636
7.800325583,455476359,2.770,-9.176,-0.848,-0.051,0.115,0.131,-223595
7.800401583,455482580,2.770,-9.176,-0.848,-0.025,0.021,-0.166,-222787
7.800477958,455486801,2.770,-9.176,-0.848,-0.031,-0.020,-0.018,-223105
7.803936458,455491022,2.770,-9.176,-0.848,-0.031,-0.029,0.035,-223113
7.808200958,455495243,2.770,-9.176,-0.848,0.000,-0.051,0.068,-223229
7.812419792,455499464,2.770,-9.176,-0.848,-0.008,-0.070,0.051,-222794
7.817634292,455504685,3.574,-9.020,-1.152,-0.008,-0.070,0.051,-223551
7.8335845,455507906,3.574,-9.020,-1.152,0.008,-0.059,0.027,-222990
7.833660958,455513127,3.574,-9.020,-1.152,0.051,-0.105,-0.051,-222629
7.833736792,455516348,3.574,-9.020,-1.152,0.000,-0.062,-0.033,-222948
7.833810958,455520569,3.574,-9.020,-1.152,0.016,-0.088,0.012,-221920
7.837690917,455524790,3.574,-9.020,-1.152,-0.010,-0.025,0.047,-222887
7.84187325,455529011,3.574,-9.020,-1.152,-0.014,-0.025,0.025,-221952
7.846115333,455533232,3.574,-8.977,-0.809,-0.014,-0.025,0.025,-221944
7.848308875,455535453,3.574,-8.977,-0.809,-0.029,-0.027,-0.016,-223077
7.867140542,455541674,3.574,-8.977,-0.809,-0.021,-0.031,-0.111,-222419
7.867228042,455545895,3.574,-8.977,-0.809,-0.014,0.010,-0.104,-223413
7.867310333,455549116,3.574,-8.977,-0.809,-0.010,0.031,0.043,-221554
7.867392917,455553337,3.574,-8.977,-0.809,-0.031,0.041,0.104,-222879
7.870468792,455557558,3.574,-8.977,-0.809,-0.016,0.102,0.096,-222052
7.874722,455561779,3.227,-9.215,-1.113,-0.016,0.102,0.096,-221679
7.877914333,455565000,3.227,-9.215,-1.113,-0.010,0.051,-0.029,-221089
7.883073417,455570222,3.227,-9.215,-1.113,0.018,0.031,-0.107,-222371
7.900410458,455574443,3.227,-9.215,-1.113,-0.010,0.045,-0.018,-222183
7.900570333,455578664,3.227,-9.215,-1.113,-0.031,0.078,0.082,-222321
7.90065375,455583885,3.227,-9.215,-1.113,-0.055,0.145,0.090,-222114
7.902141375,455589106,3.227,-9.215,-1.113,0.008,0.045,-0.043,-222817
7.906295833,455593327,3.266,-9.137,-0.922,0.008,0.045,-0.043,-221203
7.909467917,455596548,3.266,-9.137,-0.922,0.008,0.016,-0.143,-222127
7.915621542,455602769,3.266,-9.137,-0.922,0.012,0.006,0.104,-222453
7.933560875,455606990,3.266,-9.137,-0.922,0.021,0.045,0.113,-221773
7.9336405,455611211,3.266,-9.137,-0.922,0.051,0.020,0.057,-222690
7.933723708,455615431,3.266,-9.137,-0.922,0.045,-0.002,-0.090,-221412
7.933808167,455619652,3.266,-9.137,-0.922,0.084,-0.016,-0.145,-221823
7.937775958,455624873,3.113,-9.055,-1.000,0.084,-0.016,-0.145,-222125
7.941033792,455628094,3.113,-9.055,-1.000,-0.025,-0.010,-0.051,-222475
7.947283583,455634315,3.113,-9.055,-1.000,0.010,-0.020,0.039,-221246
7.966879125,455638536,3.113,-9.055,-1.000,-0.006,-0.043,0.004,-222041
7.966962708,455642757,3.113,-9.055,-1.000,0.021,-0.012,-0.020,-222074
7.967044667,455647978,3.113,-9.055,-1.000,-0.027,0.012,0.020,-223516
7.96712575,455652199,3.113,-9.055,-1.000,-0.016,0.010,0.020,-222402
7.969271542,455656420,3.266,-9.094,-0.961,-0.016,0.010,0.020,-222116
7.972588042,455659641,3.266,-9.094,-0.961,-0.023,0.023,0.035,-222038
7.977743833,455664862,3.266,-9.094,-0.961,-0.033,-0.029,-0.008,-222661
7.981972667,455669083,3.266,-9.094,-0.961,-0.014,-0.014,-0.041,-223148
8.000275792,455673304,3.266,-9.094,-0.961,-0.039,0.008,0.000,-222236
8.000364042,455677525,3.266,-9.094,-0.961,-0.031,0.018,-0.012,-221667
8.000447667,455681746,3.266,-9.094,-0.961,-0.033,0.023,-0.014,-222219
8.000532292,455685967,3.191,-9.215,-0.922,-0.033,0.023,-0.014,-222064
8.002059667,455689188,3.191,-9.215,-0.922,-0.023,0.006,0.004,-221149
8.007264375,455694409,3.191,-9.215,-0.922,-0.016,-0.010,0.023,-223302
8.011486375,455698630,3.191,-9.215,-0.922,-0.027,-0.004,0.047,-221823
8.033626958,455703851,3.191,-9.215,-0.922,-0.014,-0.004,0.045,-221831
8.033704833,455708072,3.191,-9.215,-0.922,-0.004,-0.023,-0.018,-222268
8.033781167,455712293,3.191,-9.215,-0.922,0.000,-0.037,-0.035,-221672
8.033856708,455716514,3.305,-9.176,-1.000,0.000,-0.037,-0.035,-222413
8.03393025,455719735,3.305,-9.176,-1.000,0.020,-0.037,0.006,-222061
8.037877708,455724956,3.305,-9.176,-1.000,-0.002,-0.016,0.025,-222368
8.042131042,455729177,3.305,-9.176,-1.000,0.021,-0.016,0.006,-221666
8.046358875,455733398,3.305,-9.176,-1.000,0.021,-0.016,-0.053,-221971
8.050493042,455737619,3.305,-9.176,-1.000,0.004,-0.010,-0.027,-221832
8.066966708,455741840,3.305,-9.176,-1.000,-0.008,0.008,0.004,-222499
8.067040125,455745061,3.344,-9.059,-0.922,-0.008,0.008,0.004,-222624
8.067112083,455747282,3.344,-9.059,-0.922,0.018,0.008,0.008,-222580
8.0671865,455752503,3.344,-9.059,-0.922,0.008,-0.006,-0.027,-222566
8.069629958,455756724,3.344,-9.059,-0.922,-0.004,0.020,-0.006,-222992
8.07492325,455761945,3.344,-9.059,-0.922,0.008,0.020,0.012,-222578
8.079109375,455766166,3.344,-9.059,-0.922,-0.002,0.020,0.008,-221550
8.08326475,455770387,3.344,-9.059,-0.922,-0.002,0.014,0.000,-221937
8.100248125,455773608,3.227,-9.137,-1.000,-0.002,0.014,0.000,-222141
8.100324792,455775829,3.227,-9.137,-1.000,-0.006,0.018,-0.008,-220928
8.100400917,455781050,3.227,-9.137,-1.000,-0.006,0.018,-0.006,-222471
8.100474542,455786271,3.227,-9.137,-1.000,0.000,0.014,0.008,-221936
8.103366292,455790492,3.191,-9.133,-1.000,0.000,0.014,0.008,-222736
8.106661417,455793715,3.191,-9.133,-1.000,-0.020,0.012,-0.004,-221360
8.111873542,455798936,3.191,-9.133,-1.000,0.002,0.010,-0.012,-222164
8.116057333,455803157,3.191,-9.133,-1.000,-0.006,0.000,-0.018,-222727
8.133582375,455807378,3.191,-9.133,-1.000,0.006,-0.002,-0.025,-222156
8.133655833,455811599,3.191,-9.133,-1.000,-0.004,0.010,0.004,-222003
8.133729292,455815820,3.191,-9.133,-1.000,-0.012,0.014,0.010,-221288
8.133890083,455821026,3.227,-9.098,-1.039,-0.012,0.014,0.010,-221288
8.137183583,455824246,3.227,-9.098,-1.039,0.010,0.002,0.002,-222412
8.142416167,455829467,3.227,-9.098,-1.039,-0.004,-0.014,0.006,-222805
8.146637,455833688,3.227,-9.098,-1.039,0.000,0.004,0.016,-222606
8.1498785,455836909,3.227,-9.098,-1.039,0.004,0.002,0.010,-222168
8.166899458,455842130,3.227,-9.098,-1.039,0.006,-0.010,-0.002,-222141
8.166988708,455846351,3.227,-9.098,-1.039,0.010,-0.016,-0.012,-222328
8.16707575,455851572,3.266,-9.094,-1.000,0.010,-0.016,-0.012,-222112
8.167691917,455854793,3.266,-9.094,-1.000,-0.004,0.000,0.006,-222027
8.173974375,455861014,3.266,-9.094,-1.000,-0.002,0.006,0.020,-222871
8.178132333,455865235,3.266,-9.094,-1.000,-0.006,-0.006,-0.004,-221994
8.182419958,455869456,3.266,-9.094,-1.000,0.000,0.000,-0.014,-222006
8.187528042,455874677,3.266,-9.094,-1.000,0.000,0.010,0.004,-222203
8.200281708,455878898,3.266,-9.094,-1.000,0.000,-0.010,-0.004,-221585
8.200357667,455884119,3.227,-9.137,-0.961,0.000,-0.010,-0.004,-221402
8.200431792,455886340,3.227,-9.137,-0.961,0.006,0.002,-0.012,-222498
8.204522,455891561,3.227,-9.137,-0.961,0.004,0.006,0.008,-223016
8.208748417,455895782,3.227,-9.137,-0.961,0.004,0.000,0.021,-221661
8.213969125,455901003,3.227,-9.137,-0.961,0.004,-0.002,-0.008,-221854
8.218106917,455905224,3.227,-9.137,-1.039,0.004,-0.002,-0.008,-222633
8.221313667,455908445,3.227,-9.137,-1.039,-0.004,-0.004,-0.004,-221972
8.233573,455913666,3.227,-9.137,-1.039,-0.006,-0.006,0.006,-221582
8.233647375,455917887,3.227,-9.137,-1.039,-0.006,0.000,0.023,-222375
8.234984458,455922108,3.227,-9.137,-1.039,-0.010,-0.002,0.008,-222862
8.239286833,455926329,3.227,-9.137,-1.039,-0.004,-0.004,0.004,-222002
8.242514875,455929550,3.227,-9.137,-1.039,0.004,-0.012,-0.018,-221773
8.246737917,455933771,3.227,-9.098,-0.961,0.004,-0.012,-0.018,-221825
8.250194,455936992,3.227,-9.098,-0.961,0.000,-0.020,-0.004,-222046
8.266932875,455943212,3.227,-9.098,-0.961,-0.002,-0.012,-0.002,-222050
8.267006917,455947434,3.227,-9.098,-0.961,0.000,-0.021,0.010,-221501
8.267083167,455951655,3.227,-9.098,-0.961,-0.010,-0.018,-0.014,-222058
8.269826875,455956876,3.227,-9.098,-0.961,0.004,-0.010,-0.004,-221749
8.274058042,455961097,3.227,-9.098,-0.961,-0.008,-0.014,0.012,-222320
8.277277625,455964318,3.344,-9.137,-1.039,-0.008,-0.014,0.012,-223031
8.27948675,455966539,3.344,-9.137,-1.039,-0.006,-0.010,-0.004,-222658
8.284849708,455971760,3.344,-9.137,-1.039,-0.012,-0.012,-0.006,-222494
8.300277042,455975981,3.344,-9.137,-1.039,-0.002,-0.002,-0.014,-222906
8.300354292,455981202,3.344,-9.137,-1.039,-0.002,0.006,-0.008,-222000
8.300431083,455985423,3.344,-9.137,-1.039,-0.006,0.012,-0.002,-222223
8.302534917,455989644,3.344,-9.137,-1.039,-0.006,0.008,-0.008,-222046
8.306834708,455993865,3.266,-9.133,-1.000,-0.006,0.008,-0.008,-222206
8.309032917,455996086,3.266,-9.133,-1.000,0.004,0.010,-0.002,-221845
8.315264,456002307,3.266,-9.133,-1.000,0.008,0.012,-0.006,-222559
8.319779125,456006528,3.266,-9.133,-1.000,0.002,0.008,0.004,-222987
8.33373875,456010749,3.266,-9.133,-1.000,-0.008,0.010,-0.008,-222750
8.33382925,456014970,3.266,-9.133,-1.000,0.006,0.012,0.000,-221735
8.333919042,456020191,3.266,-9.133,-1.000,0.004,0.012,0.006,-222089
8.337369667,456024412,3.191,-9.133,-0.961,0.004,0.012,0.006,-222268
8.339589,456026633,3.191,-9.133,-0.961,0.008,0.016,0.000,-222191
8.344829042,456031854,3.191,-9.133,-0.961,0.010,0.010,0.004,-221296
8.349030083,456036075,3.191,-9.133,-0.961,0.014,0.000,0.002,-222007
8.353167833,456040296,3.191,-9.133,-0.961,0.010,-0.006,0.004,-222204
8.366942958,456044517,3.191,-9.133,-0.961,0.014,0.006,0.004,-222561
8.367016042,456049738,3.191,-9.133,-0.961,0.006,0.000,0.006,-222725
8.367088583,456053959,3.191,-9.094,-1.000,0.006,0.000,0.006,-222299
8.370129125,456057180,3.191,-9.094,-1.000,0.006,0.002,0.000,-221108
8.376372042,456063401,3.191,-9.094,-1.000,0.008,-0.008,0.008,-222137
8.380579458,456067622,3.191,-9.094,-1.000,-0.006,-0.014,0.002,-222832
8.38472925,456071843,3.191,-9.094,-1.000,0.000,-0.012,0.004,-222727
8.400234375,456076064,3.191,-9.094,-1.000,0.004,-0.004,-0.018,-222180
8.400325792,456082285,3.191,-9.094,-1.000,-0.002,0.002,0.006,-221884
8.400416792,456086506,3.227,-9.094,-0.922,-0.002,0.002,0.006,-222093
8.401675583,456088727,3.227,-9.094,-0.922,-0.010,-0.004,0.004,-222903
8.405906042,456092948,3.227,-9.094,-0.922,-0.006,-0.002,0.010,-222119
8.410129667,456097169,3.227,-9.094,-0.922,-0.004,0.006,-0.012,-222269
8.415349,456102390,3.227,-9.094,-0.922,-0.010,-0.002,0.006,-221902
8.419516875,456106611,3.227,-9.094,-0.922,-0.016,-0.002,0.006,-222315
8.433561083,456111832,3.227,-9.094,-0.922,-0.008,0.006,0.012,-223121
8.433654292,456116053,3.227,-9.172,-0.961,-0.008,0.006,0.012,-221894
8.433749833,456118274,3.227,-9.172,-0.961,-0.010,-0.010,-0.008,-221579
8.435454792,456122495,3.227,-9.172,-0.961,-0.014,-0.004,-0.002,-221898
8.439681708,456126716,3.227,-9.172,-0.961,-0.008,-0.002,-0.004,-222071
8.444911625,456131937,3.227,-9.172,-0.961,-0.008,-0.004,-0.004,-222042
8.449109292,456136158,3.227,-9.172,-0.961,0.002,0.006,0.000,-221889
8.454286208,456141379,3.227,-9.172,-0.961,0.000,-0.004,-0.012,-223152
8.466898458,456145600,3.227,-9.172,-0.961,0.000,-0.004,-0.012,-221935
8.46699075,456148821,3.227,-9.172,-0.961,-0.010,-0.002,0.004,-222295
8.46708375,456154042,3.227,-9.172,-0.961,-0.002,-0.012,-0.006,-222124
8.471197167,456158263,3.227,-9.172,-0.961,-0.002,-0.004,0.012,-222429
8.475455167,456162484,3.227,-9.172,-0.961,0.010,-0.004,0.002,-222132
8.48066825,456167705,3.227,-9.172,-0.961,-0.002,-0.002,-0.002,-222477
8.484839708,456171926,3.227,-9.172,-0.961,0.002,-0.006,-0.002,-221846
8.500255833,456177147,3.227,-9.098,-0.961,0.002,-0.006,-0.002,-222151
8.500330667,456180368,3.227,-9.098,-0.961,0.008,-0.004,0.006,-221699
8.500404667,456186589,3.227,-9.098,-0.961,0.004,-0.002,0.004,-222627
8.50375875,456190810,3.227,-9.098,-0.961,0.002,-0.006,0.002,-221854
8.507950833,456195031,3.227,-9.098,-0.961,-0.002,-0.006,0.000,-221352
8.51222625,456199252,3.227,-9.098,-0.961,0.008,-0.002,0.004,-221780
8.517459542,456204473,3.227,-9.098,-1.000,0.008,-0.002,0.004,-222150
8.533534958,456206694,3.227,-9.098,-1.000,-0.008,-0.002,0.000,-222768
8.533608667,456211915,3.227,-9.098,-1.000,0.018,-0.010,0.006,-221708
8.53368225,456216136,3.227,-9.098,-1.000,0.006,0.002,-0.004,-221924
8.535348333,456222357,3.227,-9.098,-1.000,-0.012,0.014,-0.006,-222373
8.539558167,456226578,3.227,-9.098,-1.000,0.006,0.004,-0.012,-222065
8.543777542,456230799,3.227,-9.098,-1.000,-0.016,0.010,0.004,-222157
8.547930208,456235020,3.227,-9.098,-1.039,-0.016,0.010,0.004,-222006
8.566915208,456238241,3.227,-9.098,-1.039,-0.002,0.000,-0.002,-221716
8.566992583,456243462,3.227,-9.098,-1.039,-0.010,-0.002,-0.008,-222508
8.567065542,456248683,3.227,-9.098,-1.039,-0.008,0.010,0.004,-222286
8.567138583,456252904,3.227,-9.098,-1.000,-0.008,0.010,0.004,-221797
8.568301,456255125,3.227,-9.098,-1.000,-0.006,-0.006,0.006,-221906
8.574305542,456261346,3.227,-9.098,-1.000,-0.008,-0.006,-0.014,-222130
8.579519125,456266567,3.227,-9.098,-1.000,0.002,0.000,-0.012,-221662
8.583692292,456270788,3.227,-9.098,-1.000,0.004,-0.012,0.008,-221772
8.600238417,456275009,3.227,-9.098,-1.000,0.012,-0.002,0.000,-222183
8.600329042,456280230,3.227,-9.098,-1.000,0.002,-0.004,0.000,-222373
8.600416083,456283451,3.227,-9.137,-0.961,0.002,-0.004,0.000,-221638
8.600504417,456285672,3.227,-9.137,-0.961,0.000,-0.006,0.006,-221806
8.602802667,456289893,3.227,-9.137,-0.961,0.004,0.008,0.008,-222242
8.607084833,456294114,3.227,-9.137,-0.961,0.000,0.000,-0.008,-222273
8.610276125,456297335,3.227,-9.137,-0.961,0.014,-0.002,0.004,-222987
8.6165185,456303556,3.227,-9.137,-0.961,-0.006,0.010,0.000,-222547
8.633542708,456307777,3.227,-9.137,-0.961,0.014,0.000,0.004,-222709
8.633629,456311998,3.191,-9.137,-0.922,0.014,0.000,0.004,-222601
8.633713875,456314219,3.191,-9.137,-0.922,0.004,0.002,0.004,-222477
8.633801875,456318440,3.191,-9.137,-0.922,-0.002,0.008,-0.002,-222473
8.635634417,456322661,3.191,-9.137,-0.922,-0.012,0.000,0.000,-221663
8.639863125,456326882,3.191,-9.137,-0.922,-0.002,-0.018,-0.008,-221026
8.644070292,456331103,3.191,-9.137,-0.922,0.012,0.012,0.000,-222466
8.648268167,456335324,3.191,-9.137,-0.922,0.004,-0.002,0.004,-221396
8.666914833,456339545,3.227,-9.098,-0.961,0.004,-0.002,0.004,-222207
8.66698675,456341766,3.227,-9.098,-0.961,0.004,0.002,0.006,-222074
8.667060292,456346986,3.227,-9.098,-0.961,-0.012,0.008,0.018,-222076
8.667134542,456352207,3.227,-9.098,-0.961,-0.002,-0.004,0.000,-221999
8.669428667,456356429,3.227,-9.098,-0.961,0.002,0.006,0.006,-221877
8.674609833,456361649,3.227,-9.098,-0.961,0.014,-0.002,0.006,-221897
8.677857708,456364870,3.266,-9.176,-0.961,0.014,-0.002,0.006,-221840
8.682040833,456369091,3.266,-9.176,-0.961,-0.002,0.000,0.002,-221999
8.685188125,456372312,3.227,-9.137,-0.961,-0.002,0.000,0.002,-222728
8.700269958,456376533,3.227,-9.137,-0.961,0.004,0.000,0.000,-223052
8.700344583,456381754,3.227,-9.137,-0.961,0.010,-0.004,-0.004,-222447
8.700419208,456384975,3.227,-9.137,-0.961,-0.014,0.002,-0.002,-222412
8.702107542,456389196,3.227,-9.137,-0.961,-0.012,-0.010,0.000,-222835
8.707380792,456394417,3.227,-9.137,-0.961,-0.002,-0.002,0.006,-221461
8.711497,456398638,3.266,-9.133,-0.883,-0.002,-0.002,0.006,-222992
8.714818708,456401859,3.266,-9.133,-0.883,-0.006,-0.002,-0.002,-222415
8.733745042,456408080,3.266,-9.133,-0.883,0.000,0.010,0.008,-221637
8.733831833,456412300,3.266,-9.133,-0.883,0.006,-0.006,-0.012,-222238
8.733913917,456416521,3.266,-9.133,-0.883,-0.002,-0.002,-0.004,-221508
8.734700208,456421742,3.266,-9.133,-0.883,0.002,-0.002,-0.008,-222312
8.737849083,456424963,3.266,-9.133,-1.039,0.002,-0.002,-0.008,-222709
8.740043208,456427184,3.266,-9.133,-1.039,0.000,0.002,0.000,-221779
8.745364542,456432405,3.266,-9.133,-1.039,-0.006,0.004,-0.006,-222890
8.749609708,456436626,3.266,-9.133,-1.039,0.002,-0.006,0.002,-222262
8.767169083,456441847,3.266,-9.133,-1.039,0.010,0.002,-0.002,-222554
8.767255292,456445068,3.227,-9.098,-0.961,0.010,0.002,-0.002,-222421
8.767339583,456449289,3.227,-9.098,-0.961,-0.014,0.010,-0.004,-222517
8.767423417,456453510,3.227,-9.098,-0.961,0.006,0.000,-0.012,-222621
8.76962775,456456731,3.227,-9.098,-0.961,-0.002,0.010,0.004,-222588
8.774889375,456461952,3.227,-9.098,-0.961,-0.006,0.010,0.008,-222516
8.778040375,456465173,3.227,-9.137,-0.961,-0.006,0.010,0.008,-221910
8.782318375,456469379,3.227,-9.137,-0.961,-0.006,0.006,0.012,-221910
8.785469833,456472601,3.191,-9.133,-0.883,-0.006,0.006,0.012,-222143
8.800224375,456476821,3.191,-9.133,-0.883,-0.002,-0.002,-0.008,-222559
8.800514958,456482042,3.191,-9.133,-0.883,0.004,-0.004,-0.002,-222577
8.800678708,456486263,3.191,-9.133,-0.883,-0.002,-0.002,-0.002,-222446
8.803389792,456490484,3.191,-9.133,-0.883,0.006,0.002,0.000,-222098
8.807596208,456494704,3.191,-9.133,-0.883,-0.008,-0.002,-0.002,-221740
8.812885958,456499925,3.266,-9.059,-0.961,-0.008,-0.002,-0.002,-221213
8.816093542,456503146,3.266,-9.059,-0.961,-0.006,0.002,0.018,-222226
8.833562708,456509367,3.266,-9.059,-0.961,0.008,0.006,-0.018,-222536
8.833646667,456513588,3.266,-9.059,-0.961,-0.014,0.002,0.006,-222743
8.833732875,456517809,3.266,-9.059,-0.961,0.002,-0.012,-0.014,-222168
8.836012417,456523030,3.266,-9.059,-0.961,0.004,-0.006,-0.004,-222601
8.840115375,456527251,3.191,-9.133,-1.000,0.004,-0.006,-0.004,-222202
8.842405708,456529472,3.191,-9.133,-1.000,-0.008,0.000,0.010,-222964
8.846664042,456533693,3.191,-9.133,-1.000,-0.006,0.008,-0.014,-222082
8.850787958,456537914,3.191,-9.133,-1.000,-0.010,-0.004,0.006,-221075
8.866895625,456543135,3.191,-9.133,-1.000,-0.010,0.002,0.000,-222448
8.866970458,456547356,3.191,-9.133,-1.000,-0.004,0.006,0.004,-223192
8.867046,456551562,3.191,-9.133,-1.000,0.000,-0.004,-0.004,-223192
8.867756292,456554782,3.227,-9.098,-0.961,0.000,-0.004,-0.004,-221168
8.8698525,456557002,3.227,-9.098,-0.961,0.000,0.006,0.006,-223100
8.875196292,456562225,3.227,-9.098,-0.961,0.004,0.000,0.000,-222808
8.880404958,456567445,3.227,-9.098,-0.961,-0.004,-0.002,0.008,-221498
8.900240167,456572666,3.191,-9.094,-0.961,-0.004,-0.002,0.008,-222383
8.900315083,456574887,3.191,-9.094,-0.961,0.002,-0.010,0.006,-221770
8.900388708,456579108,3.191,-9.094,-0.961,0.002,0.000,-0.008,-222392
8.900462208,456583329,3.191,-9.094,-0.961,0.004,0.010,-0.002,-221821
8.900537583,456586550,3.191,-9.094,-0.961,-0.018,-0.004,0.008,-223075
8.904655,456591771,3.191,-9.094,-0.961,0.002,-0.002,-0.004,-223495
8.909945208,456596992,3.191,-9.094,-0.961,-0.002,-0.006,0.008,-222252
8.915161167,456602214,3.227,-9.137,-1.039,-0.002,-0.006,0.008,-221539
8.918305208,456605434,3.227,-9.137,-1.039,-0.010,0.000,-0.002,-222332
8.93357975,456610655,3.227,-9.137,-1.039,-0.010,-0.002,0.006,-221314
8.933655375,456614876,3.227,-9.137,-1.039,0.002,-0.006,-0.008,-221470
8.933730292,456619097,3.227,-9.137,-1.039,0.000,0.002,-0.012,-221838
8.937299292,456624318,3.227,-9.137,-1.039,0.000,-0.002,0.010,-222065
8.941502667,456628539,3.227,-9.137,-1.039,-0.010,0.006,0.010,-221915
8.944668667,456631760,3.191,-9.094,-0.961,-0.010,0.006,0.010,-223063
8.947953708,456634981,3.191,-9.094,-0.961,0.000,0.004,0.004,-222159
8.966879375,456641202,3.191,-9.094,-0.961,-0.002,0.004,-0.008,-222196
8.966952958,456645424,3.191,-9.094,-0.961,0.008,0.006,-0.006,-222136
8.96702875,456649646,3.191,-9.094,-0.961,-0.002,-0.002,-0.002,-222587
8.967103417,456653867,3.191,-9.094,-0.961,0.006,-0.002,-0.010,-220909
8.971087917,456658088,3.191,-9.094,-0.961,0.006,-0.008,-0.006,-222394
8.976266375,456663309,3.227,-9.137,-1.000,0.006,-0.008,-0.006,-222023
8.978408625,456665530,3.227,-9.137,-1.000,-0.014,-0.004,-0.008,-221378
8.983624583,456670751,3.227,-9.137,-1.000,0.006,0.002,-0.004,-222619
9.00052075,456674972,3.227,-9.137,-1.000,0.008,0.004,0.000,-221750
9.000609625,456679193,3.227,-9.137,-1.000,-0.004,-0.006,0.010,-221776
9.000693875,456684414,3.227,-9.137,-1.000,-0.010,0.006,0.006,-222560
9.002618042,456689635,3.227,-9.137,-1.000,0.000,-0.012,0.004,-221415
9.007870958,456694856,3.266,-9.176,-0.961,0.000,-0.012,0.004,-222062
9.011094042,456698077,3.266,-9.176,-0.961,0.000,0.012,0.010,-221560
9.033768708,456704297,3.266,-9.176,-0.961,0.004,0.004,0.008,-222168
9.033852875,456708518,3.266,-9.176,-0.961,-0.002,0.006,-0.008,-222539
9.033934625,456712739,3.266,-9.176,-0.961,0.006,-0.002,0.006,-222578
9.034017625,456716945,3.266,-9.176,-0.961,0.002,0.002,-0.002,-222578
9.035136292,456722165,3.266,-9.176,-0.961,0.006,-0.010,0.006,-221886
9.039365375,456726386,3.227,-9.137,-0.961,0.006,-0.010,0.006,-222267
9.04256025,456729607,3.227,-9.137,-0.961,0.008,-0.002,0.004,-222499
9.047718958,456734828,3.227,-9.137,-0.961,0.010,0.000,0.012,-222022
9.066915,456740048,3.227,-9.098,-1.000,0.010,0.000,0.012,-221517
9.066990375,456743269,3.227,-9.098,-1.000,-0.002,-0.002,0.002,-222986
9.067063708,456749490,3.227,-9.098,-1.000,0.000,-0.006,0.012,-222006
9.06714075,456753711,3.227,-9.098,-1.000,0.002,0.002,-0.006,-221807
9.070819875,456757932,3.227,-9.098,-1.000,0.012,0.002,-0.002,-221282
9.07709725,456764153,3.227,-9.098,-1.000,0.000,0.004,0.000,-221997
9.08127,456768374,3.227,-9.098,-1.000,0.006,-0.004,-0.004,-222001
9.100229292,456772595,3.266,-9.133,-1.000,0.006,-0.004,-0.004,-222823
9.100311167,456774816,3.266,-9.133,-1.000,0.000,0.002,0.004,-221629
9.100393792,456779037,3.266,-9.133,-1.000,-0.002,-0.004,0.004,-220496
9.100477292,456784258,3.266,-9.133,-1.000,-0.004,-0.002,-0.014,-219889
9.100561375,456787479,3.266,-9.133,-1.000,-0.002,-0.010,-0.004,-220220
9.105596292,456792700,3.266,-9.133,-1.000,0.000,0.008,-0.002,-220258
9.109884875,456796921,3.266,-9.133,-1.000,0.000,-0.004,0.004,-219993
9.115101417,456802142,3.227,-9.098,-1.000,0.000,-0.004,0.004,-220335
9.117329625,456804363,3.227,-9.098,-1.000,-0.006,-0.002,0.006,-220746
9.133560375,456808584,3.227,-9.098,-1.000,-0.008,0.008,-0.004,-219455
9.133645333,456812805,3.227,-9.098,-1.000,-0.006,0.000,0.004,-226704
9.133729875,456817026,3.227,-9.098,-1.000,-0.018,0.000,0.002,-215282
9.13520675,456822247,3.227,-9.098,-1.000,-0.002,-0.004,0.010,-220576
9.138441458,456825468,3.227,-9.137,-0.961,-0.002,-0.004,0.010,-215877
9.142646625,456829689,3.227,-9.137,-0.961,0.004,-0.004,-0.004,-219580
9.1468935,456833910,3.227,-9.098,-1.000,0.004,-0.004,-0.004,-220477
9.149087708,456836131,3.227,-9.098,-1.000,-0.008,0.002,-0.004,-214823
9.153256083,456840352,3.227,-9.098,-1.000,-0.004,0.004,0.008,-215354
9.1668955,456844573,3.227,-9.098,-1.000,0.000,-0.006,-0.002,-215575
9.16698675,456847794,3.227,-9.098,-1.000,-0.010,-0.002,-0.002,-215257
9.167076833,456852015,3.227,-9.098,-1.000,0.002,-0.002,-0.002,-216262
9.170194792,456857236,3.227,-9.098,-1.000,-0.002,-0.008,0.014,-215136
9.175428542,456862457,3.191,-9.094,-1.039,-0.002,-0.008,0.014,-216261
9.177641417,456864678,3.191,-9.094,-1.039,-0.002,0.000,-0.006,-215682
9.182879458,456869899,3.191,-9.094,-1.039,0.008,0.006,0.004,-216107
9.186992667,456874120,3.191,-9.094,-1.039,-0.014,-0.004,0.008,-215309
9.200241125,456877341,3.191,-9.094,-1.039,0.010,0.006,-0.002,-214024
9.200314708,456882562,3.227,-9.098,-1.039,0.010,0.006,-0.002,-214217
9.200388625,456884783,3.227,-9.098,-1.039,0.002,-0.010,0.000,-213939
9.202913333,456890004,3.227,-9.098,-1.039,0.008,0.004,-0.006,-211961
9.20821,456895225,3.227,-9.098,-1.039,0.006,0.000,-0.002,-208635
9.212416667,456899446,3.227,-9.098,-1.039,0.006,0.000,0.012,-202685
9.217548417,456904652,3.227,-9.098,-1.039,0.002,-0.006,0.004,-202685
9.2207565,456907872,3.227,-9.098,-1.000,0.002,-0.006,0.004,-198342
9.233585042,456913093,3.227,-9.098,-1.000,0.004,0.002,-0.002,-196663
9.233659125,456917314,3.227,-9.098,-1.000,0.006,0.000,0.004,-185313
9.235485375,456922535,3.227,-9.098,-1.000,0.004,-0.002,0.012,-183135
9.239700958,456926756,3.227,-9.098,-1.000,-0.008,0.002,0.010,-181334
9.243967208,456930977,3.227,-9.098,-1.000,0.006,0.010,-0.004,-179054
9.248158458,456935198,3.227,-9.098,-0.961,0.006,0.010,-0.004,-181354
9.25034425,456937420,3.227,-9.098,-0.961,-0.008,-0.006,0.000,-180322
9.267089,456942641,3.227,-9.098,-0.961,-0.006,-0.012,-0.010,-187033
9.267185167,456946862,3.227,-9.098,-0.961,0.004,0.000,0.006,-187619
9.267275833,456950083,3.227,-9.098,-0.961,0.006,-0.004,0.010,-189566
9.267365042,456954304,3.227,-9.098,-0.961,0.000,0.000,0.004,-192320
9.271495917,456958524,3.227,-9.098,-0.961,0.008,0.000,-0.012,-194176
9.275742333,456962745,3.227,-9.098,-1.000,0.008,0.000,-0.012,-193458
9.2779415,456964966,3.227,-9.098,-1.000,0.002,-0.008,0.004,-193954
9.283145708,456970187,3.227,-9.098,-1.000,0.004,0.000,-0.012,-192108
9.287431833,456974408,3.227,-9.098,-1.000,-0.004,-0.014,0.008,-191361
9.300345583,456977629,3.227,-9.098,-1.000,-0.004,0.000,0.004,-187786
9.300435208,456982850,3.227,-9.098,-1.000,0.004,0.006,0.018,-179944
9.300534292,456987071,3.227,-9.098,-1.000,-0.006,-0.004,-0.004,-174417
9.303269208,456990292,3.227,-9.098,-0.961,-0.006,-0.004,-0.004,-169155
9.30848775,456995513,3.227,-9.098,-0.961,-0.004,0.002,0.000,-161767
9.312721292,456999734,3.227,-9.098,-0.961,-0.006,0.002,0.008,-154925
9.317921542,457004955,3.227,-9.098,-0.961,-0.004,-0.012,0.012,-148640
9.333636083,457010176,3.227,-9.098,-0.961,-0.006,0.004,0.000,-141609
9.333711125,457015397,3.266,-9.133,-0.961,-0.006,0.004,0.000,-132595
9.333784625,457018618,3.266,-9.133,-0.961,0.006,-0.002,0.008,-129368
9.337792875,457024839,3.266,-9.133,-0.961,-0.004,0.012,0.012,-121248
9.342029,457029060,3.266,-9.133,-0.961,0.004,0.000,-0.010,-120608
9.346431958,457033281,3.266,-9.133,-0.961,0.008,0.000,-0.008,-118226
9.350457875,457037502,3.266,-9.133,-0.961,0.006,0.000,0.006,-118026
9.366915083,457042723,3.266,-9.133,-0.961,0.006,0.000,0.006,-116826
9.366992625,457044943,3.266,-9.133,-0.961,-0.004,-0.004,-0.008,-116955
9.367066958,457050164,3.266,-9.133,-0.961,-0.002,-0.002,0.000,-117026
9.367257792,457054385,3.266,-9.133,-0.961,-0.002,0.006,0.002,-117589
9.371595333,457058606,3.266,-9.133,-0.961,-0.004,-0.006,0.000,-118534
9.3757395,457062827,3.266,-9.133,-0.961,0.004,-0.012,-0.002,-118329
9.380015333,457067048,3.266,-9.133,-0.961,0.004,0.002,0.008,-125456
9.384222958,457071269,3.227,-9.137,-0.961,0.004,0.002,0.008,-120759
9.387382,457074490,3.227,-9.137,-0.961,0.004,0.002,0.000,-117017
9.400231208,457079710,3.227,-9.137,-0.961,-0.004,-0.008,-0.002,-111279
9.400323042,457083931,3.227,-9.137,-0.961,0.010,0.008,0.000,-103783
9.401116167,457088151,3.227,-9.137,-0.961,0.002,0.000,-0.006,-96549
9.405341625,457092372,3.227,-9.137,-0.961,0.006,-0.006,-0.002,-91028
9.409540083,457096593,3.227,-9.137,-0.961,0.006,-0.004,-0.012,-84879
9.414778542,457101814,3.227,-9.137,-0.961,0.006,-0.004,-0.012,-87342
9.417029167,457104035,3.227,-9.137,-0.961,-0.002,0.002,-0.002,-87841
9.421221292,457108256,3.227,-9.137,-0.961,0.006,-0.002,-0.002,-92800
9.433573083,457112477,3.227,-9.137,-0.961,-0.010,0.004,-0.008,-96963
9.433647125,457115698,3.227,-9.137,-0.961,0.000,-0.006,0.008,-101059
9.433790208,457120919,3.227,-9.137,-0.961,0.002,0.004,-0.008,-109821
9.439259042,457126140,3.227,-9.098,-1.000,0.002,0.004,-0.008,-119449
9.441336,457128361,3.227,-9.098,-1.000,-0.004,0.006,-0.008,-123574
9.445542167,457132582,3.227,-9.098,-1.000,-0.012,0.002,0.000,-132707
9.449782625,457136803,3.227,-9.098,-1.039,-0.012,0.002,0.000,-142467
9.466968417,457142024,3.227,-9.098,-1.039,0.008,0.004,-0.012,-155689
9.467042333,457145245,3.227,-9.098,-1.039,-0.016,0.008,0.000,-165522
9.467115542,457149466,3.227,-9.098,-1.039,-0.004,0.004,0.002,-174777
9.46718975,457153687,3.227,-9.098,-1.039,-0.006,-0.002,0.008,-184823
9.470856667,457157908,3.227,-9.098,-1.039,0.002,0.006,0.004,-194278
9.47602725,457163129,3.227,-9.098,-0.961,0.002,0.006,0.004,-204799
9.479347333,457166350,3.227,-9.098,-0.961,0.004,-0.004,-0.006,-212819
9.4855935,457172571,3.227,-9.098,-0.961,-0.004,0.006,0.000,-227244
9.500450917,457176792,3.227,-9.098,-0.961,0.002,0.000,-0.018,-236451
9.500542917,457181013,3.227,-9.098,-0.961,0.004,-0.002,0.004,-244478
9.50063225,457185234,3.227,-9.098,-0.961,0.006,0.000,0.006,-251240
9.503375792,457190454,3.227,-9.098,-0.961,-0.004,0.006,-0.006,-257699
9.507686167,457194675,3.266,-9.094,-0.961,-0.004,0.006,-0.006,-262426
9.510775417,457197881,3.266,-9.094,-0.961,0.004,0.000,-0.002,-262426
9.533585167,457204101,3.266,-9.094,-0.961,0.000,-0.006,-0.004,-271758
9.533661583,457208322,3.266,-9.094,-0.961,0.006,-0.006,0.006,-274317
9.533736958,457212543,3.266,-9.094,-0.961,0.004,0.006,-0.008,-276041
9.533814042,457217764,3.266,-9.094,-0.961,0.002,0.012,-0.006,-276505
9.535978083,457222985,3.266,-9.094,-0.961,-0.002,-0.006,-0.004,-280337
9.540119833,457227206,3.227,-9.098,-1.000,-0.002,-0.006,-0.004,-280774
9.542390542,457229427,3.227,-9.098,-1.000,0.004,-0.002,0.006,-281640
9.546560917,457233648,3.227,-9.098,-1.000,0.010,-0.006,-0.002,-282078
9.55088175,457237869,3.227,-9.098,-1.000,-0.008,0.002,-0.002,-282831
9.566903625,457243090,3.227,-9.098,-1.000,0.002,0.002,0.000,-284302
9.566994708,457247311,3.227,-9.098,-1.000,-0.014,-0.004,0.000,-284850
9.567081292,457251532,3.227,-9.098,-1.000,-0.008,0.002,0.010,-286115
9.5687385,457255753,3.227,-9.172,-0.961,-0.008,0.002,0.010,-287214
9.57196175,457258974,3.227,-9.172,-0.961,0.008,0.002,-0.004,-289053
9.578090833,457265195,3.227,-9.172,-0.961,0.004,-0.006,-0.008,-292034
9.582387,457269417,3.227,-9.172,-0.961,-0.002,-0.014,0.006,-288013
9.585534833,457272638,3.227,-9.172,-0.961,0.014,-0.002,0.000,-285892
9.600233583,457276859,3.227,-9.172,-0.961,0.002,-0.004,0.012,-284536
9.600308333,457282080,3.227,-9.172,-0.961,0.002,0.000,-0.004,-278798
9.600382333,457287301,3.227,-9.137,-0.961,0.002,0.000,-0.004,-272080
9.603569375,457290522,3.227,-9.137,-0.961,0.008,0.000,0.008,-266839
9.608727042,457295743,3.227,-9.137,-0.961,0.004,-0.010,0.002,-262758
9.613954958,457300964,3.227,-9.137,-0.961,0.008,-0.010,-0.002,-258740
9.618070542,457305185,3.227,-9.137,-0.961,0.010,0.000,0.002,-255216
9.633592708,457310406,3.227,-9.137,-0.961,-0.010,-0.004,0.008,-251065
9.633669125,457314627,3.227,-9.137,-0.961,0.000,-0.002,-0.012,-247406
9.63374525,457317848,3.266,-9.059,-0.961,0.000,-0.002,-0.012,-244726
9.633817458,457320069,3.266,-9.059,-0.961,0.002,0.008,0.008,-241822
9.638555958,457325290,3.266,-9.059,-0.961,-0.004,0.002,-0.004,-234620
9.64247525,457329511,3.266,-9.059,-0.961,-0.010,0.000,0.010,-233158
9.6467065,457333732,3.266,-9.059,-0.961,0.000,-0.006,0.002,-227470
9.650921417,457337953,3.266,-9.059,-0.961,0.000,0.006,-0.008,-220100
9.66687725,457342174,3.266,-9.059,-0.961,-0.004,-0.004,0.006,-212151
9.666952333,457345395,3.227,-9.172,-1.000,-0.004,-0.004,0.006,-204387
9.667026375,457347616,3.227,-9.172,-1.000,-0.002,0.002,0.006,-197632
9.667099,457352837,3.227,-9.172,-1.000,0.004,0.006,0.004,-186181
9.671049833,457358058,3.227,-9.172,-1.000,0.002,-0.004,0.002,-168379
9.67625175,457363279,3.227,-9.172,-1.000,-0.004,0.000,0.006,-155698
9.680473708,457367500,3.227,-9.172,-1.000,0.008,0.006,-0.004,-137721
9.685638792,457372721,3.227,-9.172,-1.000,0.004,-0.002,0.004,-124139
9.700277875,457376942,3.227,-9.098,-0.961,0.004,-0.002,0.004,-117410
9.700352125,457379163,3.227,-9.098,-0.961,-0.002,0.000,0.008,-116441
9.700427542,457384384,3.227,-9.098,-0.961,0.008,-0.008,-0.012,-107683
9.701519667,457388605,3.227,-9.098,-0.961,-0.006,0.002,0.000,-101666
9.705808083,457392826,3.227,-9.098,-0.961,-0.006,0.010,0.002,-99449
9.710007708,457397047,3.227,-9.098,-0.961,0.004,0.006,-0.002,-92865
9.715157958,457402268,3.227,-9.098,-0.961,-0.008,0.002,0.000,-84433
9.73379525,457406489,3.227,-9.137,-0.961,-0.008,0.002,0.000,-79690
9.733930292,457409710,3.227,-9.137,-0.961,0.018,0.006,0.008,-78887
9.734015917,457414930,3.227,-9.137,-0.961,0.006,-0.004,0.006,-73436
9.7341005,457420151,3.227,-9.137,-0.961,-0.010,0.000,0.012,-70813
9.738390917,457425372,3.227,-9.137,-0.961,0.004,-0.012,-0.004,-70355
9.743571167,457430593,3.227,-9.137,-0.961,0.006,0.006,0.004,-70959
9.747825083,457434814,3.227,-9.137,-0.961,-0.004,0.000,-0.012,-73968
9.750940667,457438035,3.227,-9.137,-0.961,-0.004,0.000,-0.012,-74363
9.767147625,457440256,3.227,-9.137,-0.961,0.002,-0.002,-0.004,-75733
9.7672545,457445477,3.227,-9.137,-0.961,-0.006,-0.004,-0.004,-84705
9.76734,457449698,3.227,-9.137,-0.961,0.006,-0.004,0.004,-91143
9.767809542,457454919,3.227,-9.137,-0.961,0.006,0.010,0.000,-102636
9.772134625,457459140,3.227,-9.137,-0.961,-0.008,0.000,0.004,-112447
9.776343708,457463361,3.227,-9.137,-0.961,0.000,0.000,-0.002,-121343
9.780547917,457467582,3.227,-9.098,-1.000,0.000,0.000,-0.002,-129851
9.782669625,457469803,3.227,-9.098,-1.000,0.002,0.002,0.004,-136919
9.800223417,457475024,3.227,-9.098,-1.000,-0.004,-0.002,0.002,-148295
9.800313708,457479245,3.227,-9.098,-1.000,-0.008,-0.018,-0.006,-158236
9.800404,457484466,3.227,-9.098,-1.000,-0.006,-0.004,0.008,-174784
9.800563083,457487687,3.227,-9.098,-1.000,0.002,-0.004,0.008,-184160
9.804895292,457491908,3.266,-9.133,-1.000,0.002,-0.004,0.008,-194679
9.8070815,457494129,3.266,-9.133,-1.000,0.004,-0.002,0.000,-199238
9.811270083,457498350,3.266,-9.133,-1.000,-0.008,0.002,0.006,-212164
9.816451708,457503571,3.266,-9.133,-1.000,0.000,-0.002,-0.004,-224790
9.819835833,457506792,3.266,-9.133,-1.000,0.000,0.000,0.004,-231988
9.833550625,457511013,3.266,-9.133,-1.000,0.000,-0.002,-0.006,-239496
9.833625833,457515234,3.266,-9.133,-1.000,-0.006,-0.002,0.000,-247328
9.833700792,457519455,3.266,-9.172,-0.922,-0.006,-0.002,0.000,-252536
9.835821917,457522676,3.266,-9.172,-0.922,-0.002,-0.002,-0.004,-257764
9.84179675,457528897,3.266,-9.172,-0.922,-0.010,0.000,0.006,-265210
9.8471085,457534118,3.266,-9.172,-0.922,0.004,-0.002,-0.004,-270404
9.851303083,457538339,3.266,-9.172,-0.922,0.020,0.006,-0.006,-270261
9.866907333,457543560,3.266,-9.172,-0.922,0.006,-0.006,0.008,-272752
9.866983375,457547781,3.266,-9.172,-0.922,-0.004,0.002,-0.012,-274025
9.86706,457551002,3.227,-9.098,-1.039,-0.004,0.002,-0.012,-276106
9.869207708,457556223,3.227,-9.098,-1.039,-0.008,0.002,0.006,-275369
9.873340292,457560444,3.227,-9.098,-1.039,0.008,-0.002,0.000,-278485
9.87764275,457564665,3.227,-9.098,-1.039,-0.004,-0.004,-0.014,-278064
9.881841083,457568886,3.227,-9.098,-1.039,0.002,-0.002,-0.004,-279799
9.900219583,457573107,3.227,-9.098,-1.039,0.002,-0.006,-0.016,-281045
9.900294042,457577328,3.227,-9.098,-0.961,0.002,-0.006,-0.016,-281027
9.900367208,457579549,3.227,-9.098,-0.961,0.002,-0.004,0.000,-281162
9.900441458,457584770,3.227,-9.098,-0.961,0.010,-0.006,-0.002,-277591
9.902918792,457589991,3.227,-9.098,-0.961,0.012,-0.004,0.010,-275157
9.908189833,457595212,3.227,-9.098,-0.961,-0.004,0.000,0.004,-268188
9.913412083,457600433,3.227,-9.098,-0.961,-0.004,0.002,0.006,-262768
9.917536625,457604654,3.227,-9.098,-0.961,-0.004,0.002,0.006,-258440
9.933561792,457606875,3.227,-9.098,-0.961,0.008,-0.006,0.000,-252847
9.933636333,457612096,3.227,-9.098,-0.961,-0.008,-0.002,0.000,-246052
9.933709417,457616317,3.227,-9.098,-0.961,0.004,0.000,-0.012,-239363
9.934449,457621538,3.227,-9.098,-0.961,0.000,0.006,0.004,-229538
9.938736792,457625759,3.227,-9.098,-0.961,-0.002,0.004,0.004,-224462
9.942938,457629980,3.227,-9.098,-0.961,0.004,-0.006,0.006,-216945
9.947181583,457634201,3.227,-9.098,-1.000,0.004,-0.006,0.006,-205670
9.950459208,457637422,3.227,-9.098,-1.000,0.000,-0.002,-0.014,-198978
9.967085375,457643643,3.227,-9.098,-1.000,0.002,0.012,-0.006,-183021
9.967171083,457647864,3.227,-9.098,-1.000,0.006,-0.004,0.006,-173477
9.967257292,457651085,3.227,-9.098,-1.000,-0.004,0.000,0.006,-166452
9.96828125,457655306,3.227,-9.098,-1.000,-0.004,0.008,0.008,-159353
9.973501875,457660527,3.227,-9.098,-1.000,-0.010,-0.010,-0.004,-147979
9.975710958,457662748,3.266,-9.094,-1.000,-0.010,-0.010,-0.004,-138564
9.9799375,457666969,3.266,-9.094,-1.000,0.002,-0.004,-0.012,-129979
9.985080833,457672190,3.266,-9.094,-1.000,0.000,0.000,-0.002,-116397
10.000538958,457676412,3.266,-9.094,-1.000,-0.008,-0.004,0.010,-105092
10.000625292,457680633,3.266,-9.094,-1.000,0.006,-0.008,-0.010,-93746
10.000710667,457684854,3.227,-9.172,-1.000,0.006,-0.008,-0.010,-80112
10.000965792,457688075,3.227,-9.172,-1.000,-0.002,0.006,0.010,-65049
10.006281417,457693296,3.227,-9.172,-1.000,0.002,-0.006,0.004,-44929
10.010506208,457697517,3.227,-9.172,-1.000,0.006,0.002,-0.014,-28314
10.0157055,457702738,3.227,-9.172,-1.000,0.000,-0.002,0.006,-9738
10.03358925,457706958,3.227,-9.172,-1.000,-0.002,-0.006,-0.012,3804
10.033663833,457712178,3.227,-9.172,-1.000,0.010,-0.002,-0.002,19878
10.033736667,457716399,3.266,-9.098,-0.922,0.010,-0.002,-0.002,34954
10.033810792,457719619,3.266,-9.098,-0.922,-0.004,-0.004,-0.018,41446
10.037779375,457724840,3.266,-9.098,-0.922,0.004,0.008,0.000,50526
10.042028625,457729060,3.266,-9.098,-0.922,-0.004,0.000,0.006,56161
10.046256958,457733281,3.266,-9.098,-0.922,0.004,0.010,-0.012,59802
10.050416292,457737502,3.266,-9.098,-0.922,0.000,-0.006,-0.004,60827
10.0669025,457742723,3.227,-9.098,-0.961,0.000,-0.006,-0.004,59397
10.066984125,457744944,3.227,-9.098,-0.961,0.002,0.010,0.000,57769
10.067067083,457749164,3.227,-9.098,-0.961,-0.002,0.000,-0.002,53880
10.067147875,457753385,3.227,-9.098,-0.961,0.004,-0.010,0.004,49307
10.070557625,457757606,3.227,-9.098,-0.961,0.008,0.010,-0.010,42500
10.0757825,457762827,3.227,-9.098,-0.961,0.004,0.018,-0.002,32105
10.079926458,457767048,3.227,-9.098,-0.961,0.000,0.004,-0.002,22397
10.1002445,457771269,3.191,-9.133,-1.000,0.000,0.004,-0.002,9862
10.100316083,457774489,3.191,-9.133,-1.000,-0.012,0.000,0.004,1175
10.10038725,457779710,3.191,-9.133,-1.000,0.006,0.000,0.000,-14420
10.100461292,457784930,3.191,-9.133,-1.000,-0.002,-0.004,0.018,-30384
10.102147958,457789151,3.191,-9.133,-1.000,0.000,0.002,0.002,-42438
10.106352,457793372,3.191,-9.133,-1.000,0.008,-0.006,-0.008,-55649
10.11149575,457798593,3.191,-9.133,-1.000,0.006,-0.014,-0.002,-77523
10.116775958,457803814,3.227,-9.137,-1.000,0.006,-0.014,-0.002,-95916
10.119947958,457807035,3.227,-9.137,-1.000,-0.008,0.002,-0.016,-105887
10.133560458,457812256,3.227,-9.137,-1.000,0.004,0.000,-0.002,-125546
10.133650708,457816477,3.227,-9.137,-1.000,-0.008,-0.004,-0.008,-140696
10.133737042,457819698,3.227,-9.137,-1.000,0.000,0.000,0.000,-151543
10.137917708,457824919,3.227,-9.137,-1.000,0.000,0.000,0.000,-170134
10.142145833,457829140,3.227,-9.137,-1.000,0.000,0.000,0.000,-186364
10.146346417,457833361,3.227,-9.137,-0.961,0.000,0.000,0.000,-196906
10.148488583,457835582,3.227,-9.137,-0.961,0.000,0.000,0.000,-202161
10.152724458,457839802,3.227,-9.137,-0.961,0.000,0.000,0.000,-211836
10.166910167,457844022,3.227,-9.137,-0.961,0.000,0.000,0.000,-220277
10.166981917,457847243,3.227,-9.137,-0.961,0.000,0.000,0.000,-225675
10.167054292,457851464,3.227,-9.137,-0.961,0.000,0.000,0.000,-232396
10.168643125,457855685,3.227,-9.137,-0.961,0.000,0.000,0.000,-238628
10.172879417,457859906,3.152,-9.133,-0.730,0.000,0.000,0.000,-243597
10.175072583,457862127,3.152,-9.133,-0.730,0.000,0.000,0.000,-246862
10.180328667,457867348,3.152,-9.133,-0.730,0.000,0.000,0.000,-254616
10.184480708,457871569,3.152,-9.133,-0.730,0.000,0.000,0.000,-261158
10.20044325,457875790,3.152,-9.133,-0.730,0.002,0.010,-0.035,-270227
10.20053525,457881011,3.152,-9.133,-0.730,-0.006,0.029,-0.027,-277293
10.200624833,457886232,3.152,-9.133,-0.730,0.004,-0.012,0.035,-282897
10.203401125,457890453,3.227,-9.016,-1.000,0.004,-0.012,0.035,-288807
10.2066455,457893674,3.227,-9.016,-1.000,-0.016,-0.029,0.031,-292215
10.211897875,457898895,3.227,-9.016,-1.000,-0.025,0.008,0.000,-298911
10.21708575,457904116,3.227,-9.016,-1.000,-0.031,0.012,-0.059,-304589
10.233707542,457908337,3.227,-9.016,-1.000,-0.039,0.002,-0.027,-306756
10.233802125,457912558,3.227,-9.016,-1.000,-0.020,-0.002,-0.012,-307046
10.23389225,457916779,3.227,-9.016,-1.000,-0.002,-0.025,0.012,-304430
10.233982667,457920000,3.266,-9.176,-1.039,-0.002,-0.025,0.012,-304286
10.236167542,457923221,3.266,-9.176,-1.039,-0.004,-0.021,0.016,-300624
10.241414292,457928442,3.266,-9.176,-1.039,-0.020,0.002,0.008,-287367
10.245648083,457932663,3.266,-9.176,-1.039,-0.004,-0.002,-0.004,-278706
10.24887525,457935884,3.266,-9.176,-1.039,0.002,-0.006,-0.023,-272940
10.267137458,457940105,3.266,-9.176,-1.039,0.002,-0.004,-0.008,-262665
10.26722675,457944328,3.266,-9.176,-1.039,0.010,-0.010,0.006,-252715
10.26733375,457947548,3.266,-9.133,-0.961,0.010,-0.010,0.006,-244710
10.267422458,457949769,3.266,-9.133,-0.961,0.000,-0.010,0.010,-236930
10.267511,457953990,3.266,-9.133,-0.961,0.004,-0.002,0.008,-224606
10.271212958,457958211,3.266,-9.133,-0.961,0.012,0.004,-0.016,-215586
10.276428333,457963432,3.266,-9.133,-0.961,0.016,0.008,-0.004,-201026
10.280583083,457967653,3.266,-9.133,-0.961,0.006,-0.004,-0.002,-190927
10.284851708,457971874,3.266,-9.133,-0.961,0.029,0.008,0.004,-180448
10.288020292,457975095,3.266,-9.094,-0.961,0.029,0.008,0.004,-172559
10.300231375,457977316,3.266,-9.094,-0.961,0.006,0.002,0.021,-164586
10.300326792,457983537,3.266,-9.094,-0.961,0.010,0.020,-0.008,-147828
10.300761083,457987758,3.266,-9.094,-0.961,0.006,0.004,-0.012,-135893
10.303941667,457990979,3.266,-9.094,-0.961,0.010,0.012,0.000,-126445
10.308174208,457995200,3.266,-9.094,-0.961,0.010,0.002,-0.016,-113585
10.31262375,457999421,3.266,-9.094,-0.961,0.016,0.002,0.000,-101045
10.316634458,458003642,3.227,-9.059,-0.922,0.016,0.002,0.000,-87404
10.31886725,458005863,3.227,-9.059,-0.922,-0.008,0.000,0.008,-80152
10.33359925,458011085,3.227,-9.059,-0.922,0.008,0.002,-0.004,-60219
10.33367125,458015305,3.227,-9.059,-0.922,0.008,0.010,-0.006,-45663
10.33374325,458018526,3.227,-9.059,-0.922,-0.006,0.002,0.016,-33785
10.336723458,458023747,3.227,-9.059,-0.922,-0.004,0.002,-0.002,-16160
10.3409455,458027968,3.227,-9.059,-0.922,-0.014,0.000,0.004,1560
10.344156583,458031189,3.191,-9.133,-1.000,-0.014,0.000,0.004,9417
10.348381458,458035409,3.191,-9.133,-1.000,-0.021,-0.002,-0.006,20551
10.351547625,458038630,3.227,-9.137,-0.961,-0.021,-0.002,-0.006,26102
10.366900208,458043851,3.227,-9.137,-0.961,-0.016,-0.014,-0.006,36099
10.366987917,458048071,3.227,-9.137,-0.961,-0.004,0.008,0.018,41356
10.367078625,458052292,3.227,-9.137,-0.961,-0.014,-0.018,-0.004,44810
10.369487167,458056513,3.227,-9.137,-0.961,0.000,-0.008,0.004,43970
10.373706333,458060733,3.227,-9.137,-0.961,-0.002,0.000,0.010,43095
10.377944583,458064954,3.266,-9.133,-1.000,-0.002,0.000,0.010,39801
10.380085125,458067175,3.266,-9.133,-1.000,-0.008,-0.012,0.004,37516
10.385387958,458072396,3.266,-9.133,-1.000,-0.012,0.000,-0.002,31345
10.400220583,458075617,3.266,-9.133,-1.000,0.000,0.000,0.004,24377
10.400290333,458079837,3.266,-9.133,-1.000,0.004,0.004,0.004,15985
10.400362958,458085057,3.266,-9.133,-1.000,-0.006,-0.002,-0.002,3282
10.402257417,458089279,3.266,-9.133,-1.000,-0.008,0.000,-0.008,-8310
10.406475917,458093500,3.227,-9.137,-0.961,-0.008,0.000,-0.008,-20293
10.409719958,458096721,3.227,-9.137,-0.961,-0.006,0.002,-0.006,-31466
10.415917,458102942,3.227,-9.137,-0.961,0.008,0.002,0.002,-52935
10.42008275,458107162,3.227,-9.137,-0.961,0.000,0.008,0.008,-71213
10.433582708,458111382,3.227,-9.137,-0.961,0.008,-0.006,-0.004,-86629
10.433656792,458115602,3.227,-9.137,-0.961,0.018,0.012,0.000,-100889
10.433730042,458119823,3.227,-9.137,-0.961,0.004,-0.002,0.002,-115279
10.438126,458125044,3.191,-9.133,-1.000,0.004,-0.002,0.002,-132747
10.441249875,458128265,3.191,-9.133,-1.000,0.014,-0.004,0.004,-143506
10.446430542,458133486,3.191,-9.133,-1.000,0.018,0.000,-0.008,-162126
10.45197425,458138707,3.191,-9.133,-1.000,0.008,-0.006,0.000,-175211
10.466909167,458142928,3.191,-9.133,-1.000,0.010,0.004,0.010,-187866
10.466984417,458147149,3.191,-9.133,-1.000,0.006,-0.004,0.012,-198355
10.467060833,458150370,3.191,-9.133,-1.000,-0.016,-0.006,-0.002,-206412
10.467597708,458154591,3.227,-9.055,-0.961,-0.016,-0.006,-0.002,-216544
10.470787583,458157812,3.227,-9.055,-0.961,-0.002,0.000,0.002,-226534
10.476965833,458164033,3.227,-9.055,-0.961,0.002,0.000,0.000,-240680
10.481253417,458168254,3.227,-9.055,-0.961,-0.006,-0.002,0.006,-247492
10.485466542,458172475,3.227,-9.055,-0.961,0.008,-0.002,0.002,-256511
10.500444,458176696,3.227,-9.055,-0.961,-0.006,-0.002,0.004,-262531
10.500541875,458180917,3.227,-9.055,-0.961,0.006,-0.004,-0.004,-269016
10.500639625,458186138,3.227,-9.098,-1.039,0.006,-0.004,-0.004,-275480
10.50233525,458189359,3.227,-9.098,-1.039,-0.014,0.000,0.002,-277929
10.507577792,458194580,3.227,-9.098,-1.039,-0.006,0.000,-0.006,-281288
10.511804292,458198801,3.227,-9.098,-1.039,-0.006,0.004,0.010,-282882
10.517043417,458204022,3.227,-9.098,-1.039,-0.018,-0.002,-0.012,-284516
10.533830625,458208243,3.227,-9.098,-1.039,-0.008,-0.002,0.006,-286245
10.534026125,458212464,3.227,-9.098,-1.039,-0.002,0.006,0.002,-285673
10.534115458,458216685,3.227,-9.098,-0.961,-0.002,0.006,0.002,-286002
10.534205417,458218906,3.227,-9.098,-0.961,0.004,0.010,-0.002,-286052
10.5371065,458224127,3.227,-9.098,-0.961,0.010,0.010,0.012,-283298
10.541359833,458228348,3.227,-9.098,-0.961,-0.006,0.000,-0.006,-281335
10.546525375,458233569,3.227,-9.137,-1.039,-0.006,0.000,-0.006,-279124
10.548734667,458235790,3.227,-9.137,-1.039,0.006,-0.006,0.006,-278659
10.566919917,458241011,3.227,-9.137,-1.039,0.008,-0.002,0.012,-274418
10.566996167,458245232,3.227,-9.137,-1.039,0.004,0.000,-0.002,-275726
10.567070583,458248453,3.227,-9.137,-1.039,0.004,-0.004,0.006,-274097
10.567144833,458252674,3.227,-9.137,-1.039,0.008,-0.002,0.008,-269780
10.569809125,458256895,3.227,-9.137,-1.039,0.002,0.002,0.008,-266767
10.5741935,458261116,3.227,-9.137,-0.961,0.002,0.002,0.008,-263117
10.576311917,458263337,3.227,-9.137,-0.961,0.004,-0.008,-0.006,-258794
10.581546667,458268558,3.227,-9.137,-0.961,0.006,-0.006,0.012,-252877
10.58572625,458272779,3.227,-9.137,-0.961,0.016,0.002,0.004,-246700
10.600242667,458276000,3.227,-9.137,-0.961,0.014,0.004,-0.004,-239178
10.600316458,458280221,3.227,-9.137,-0.961,0.004,0.000,0.008,-229454
10.600391667,458284442,3.227,-9.137,-0.961,-0.004,0.004,-0.004,-218338
10.601572583,458288663,3.227,-9.098,-0.961,-0.004,0.004,-0.004,-202432
10.603846542,458290884,3.227,-9.098,-0.961,0.004,-0.010,-0.006,-194713
10.609074667,458296105,3.227,-9.098,-0.961,0.002,0.012,0.002,-178486
10.613332542,458300326,3.227,-9.098,-0.961,0.002,0.000,-0.002,-165980
10.617534417,458304547,3.227,-9.098,-0.961,0.002,-0.002,0.012,-150632
10.633550333,458308768,3.227,-9.098,-0.961,0.008,0.010,0.000,-135675
10.633637917,458313989,3.227,-9.098,-0.961,0.006,0.000,0.006,-116940
10.63372525,458318210,3.227,-9.098,-0.961,0.006,0.000,0.006,-100591
10.634453958,458321431,3.227,-9.098,-0.961,0.006,0.008,-0.004,-91982
10.640653583,458327652,3.227,-9.098,-0.961,0.000,-0.010,-0.006,-75488
10.644781417,458331872,3.227,-9.098,-0.961,0.002,-0.004,0.000,-67167
10.649269125,458336093,3.227,-9.098,-0.961,0.002,-0.004,0.006,-61308
10.666867083,458341314,3.227,-9.098,-0.961,-0.008,0.000,0.006,-53604
10.66695425,458346535,3.227,-9.098,-0.961,-0.006,0.002,0.006,-47293
10.667041292,458350756,3.266,-9.094,-0.961,-0.006,0.002,0.006,-45730
10.667128292,458353977,3.266,-9.094,-0.961,0.002,0.004,-0.014,-44876
10.67221075,458359200,3.266,-9.094,-0.961,0.000,0.002,-0.008,-46208
10.677418708,458364422,3.266,-9.094,-0.961,-0.010,-0.002,-0.006,-45634
10.681532292,458368643,3.266,-9.094,-0.961,0.000,0.010,0.006,-45914
10.700225583,458372863,3.266,-9.094,-0.961,-0.002,0.002,-0.002,-48967
10.700300958,458377084,3.266,-9.094,-0.961,-0.004,-0.006,-0.002,-53741
10.700376375,458380305,3.227,-9.098,-1.000,-0.004,-0.006,-0.002,-56708
10.700450458,458383526,3.227,-9.098,-1.000,-0.002,0.006,-0.004,-59970
10.701694375,458388747,3.227,-9.098,-1.000,-0.004,-0.008,-0.016,-67950
10.70598575,458392968,3.227,-9.098,-1.000,0.002,0.006,0.008,-73733
10.709182042,458396189,3.227,-9.098,-1.000,-0.002,0.006,0.000,-81555
10.713421875,458400410,3.227,-9.098,-1.000,0.008,-0.006,-0.012,-88977
10.717539375,458404631,3.227,-9.098,-1.000,0.002,0.012,-0.002,-98605
10.733616917,458407852,3.227,-9.098,-1.039,0.002,0.012,-0.002,-106050
10.733701583,458410073,3.227,-9.098,-1.039,0.006,-0.002,-0.002,-110998
10.733789125,458414294,3.227,-9.098,-1.039,0.010,-0.006,-0.006,-121828
10.733862833,458418515,3.227,-9.098,-1.039,0.000,-0.002,0.006,-136902
10.736610375,458423736,3.227,-9.098,-1.039,0.002,-0.004,0.008,-152399
10.740955333,458427957,3.227,-9.098,-1.039,0.006,-0.004,-0.018,-164094
10.74506825,458432178,3.227,-9.098,-1.039,-0.006,0.006,-0.006,-175106
10.748371792,458435400,3.305,-9.176,-0.961,-0.006,0.006,-0.006,-182444
10.750531292,458437621,3.305,-9.176,-0.961,0.006,0.002,-0.002,-186822
10.766927,458443842,3.305,-9.176,-0.961,0.002,0.004,0.002,-201508
10.767003042,458448062,3.305,-9.176,-0.961,-0.008,-0.004,0.010,-210946
10.767078458,458451283,3.305,-9.176,-0.961,0.002,-0.010,-0.002,-216329
10.768418708,458455504,3.305,-9.176,-0.961,0.002,0.010,0.004,-222642
10.772636667,458459725,3.305,-9.176,-0.961,0.002,-0.002,-0.006,-228009
10.776922667,458463946,3.227,-9.137,-1.000,0.002,-0.002,-0.006,-233159
10.7791475,458466167,3.227,-9.137,-1.000,0.000,0.000,-0.008,-234535
10.784288583,458471388,3.227,-9.137,-1.000,-0.008,-0.006,0.002,-241026
10.800245417,458475609,3.227,-9.137,-1.000,-0.006,0.000,0.008,-243344
10.800322083,458478830,3.227,-9.137,-1.000,-0.010,-0.004,-0.004,-244520
10.800397208,458484051,3.227,-9.137,-1.000,-0.008,-0.008,0.020,-247056
10.801272042,458488272,3.227,-9.137,-1.000,-0.008,0.004,0.004,-248067
10.804421917,458491493,3.227,-9.098,-0.961,-0.008,0.004,0.004,-248410
10.808703083,458495714,3.227,-9.098,-0.961,-0.002,-0.002,-0.004,-247774
10.811836167,458498935,3.266,-9.133,-0.961,-0.002,-0.002,-0.004,-249509
10.817050125,458504156,3.266,-9.133,-0.961,-0.008,-0.004,0.006,-250007
10.833579208,458508377,3.266,-9.133,-0.961,-0.002,-0.004,-0.010,-250969
10.833652875,458512598,3.266,-9.133,-0.961,0.000,0.006,0.000,-251253
10.833726625,458516819,3.266,-9.133,-0.961,0.016,-0.004,0.002,-251729
10.833921,458521040,3.266,-9.133,-0.961,-0.004,0.006,-0.006,-252899
10.839283792,458526261,3.266,-9.094,-0.961,-0.004,0.006,-0.006,-253279
10.84244925,458529482,3.266,-9.094,-0.961,-0.008,-0.002,0.006,-253501
10.847713917,458534703,3.266,-9.094,-0.961,0.008,-0.012,-0.008,-254226
10.866886792,458538924,3.266,-9.094,-0.961,-0.008,0.014,0.008,-253907
10.866961,458544145,3.266,-9.094,-0.961,0.002,-0.002,0.004,-254089
10.867034583,458548366,3.266,-9.094,-0.961,0.000,-0.004,0.006,-253073
10.867108042,458552587,3.266,-9.094,-0.961,0.010,0.002,-0.002,-252848
10.86879425,458555808,3.227,-9.098,-0.961,0.010,0.002,-0.002,-251124
10.871974875,458559029,3.227,-9.098,-0.961,0.010,0.006,0.000,-250100
10.87813325,458565250,3.227,-9.098,-0.961,0.008,-0.004,-0.006,-249687
10.88243875,458569471,3.227,-9.098,-0.961,0.004,0.002,-0.004,-247765
10.900254292,458573692,3.227,-9.098,-0.961,-0.002,0.008,-0.002,-246201
10.900329458,458577913,3.227,-9.098,-0.961,0.008,-0.010,-0.002,-244621
10.900404375,458583134,3.227,-9.098,-0.961,0.008,-0.008,-0.006,-243358
10.901273708,458588355,3.266,-9.094,-0.961,0.008,-0.008,-0.006,-239694
10.903490708,458590576,3.266,-9.094,-0.961,-0.006,0.008,0.008,-239279
10.908778125,458595797,3.266,-9.094,-0.961,0.008,-0.002,-0.008,-235806
10.911992542,458599018,3.266,-9.094,-0.961,0.014,0.000,-0.004,-233795
10.916173708,458603239,3.266,-9.094,-0.961,0.000,0.000,0.002,-231987
10.933879625,458607460,3.266,-9.094,-0.961,-0.006,-0.002,-0.004,-230150
10.933967292,458610681,3.266,-9.094,-0.961,0.008,0.006,0.010,-228779
10.934051958,458614902,3.227,-9.098,-0.961,0.008,0.006,0.010,-226254
10.934139708,458618123,3.227,-9.098,-0.961,-0.004,0.002,-0.014,-226129
10.937363292,458624344,3.227,-9.098,-0.961,0.004,-0.004,0.000,-224349
10.941565167,458628565,3.227,-9.098,-0.961,0.002,0.002,0.018,-223126
10.945776667,458632786,3.227,-9.098,-0.961,0.002,0.000,-0.010,-223131
10.949900875,458637007,3.227,-9.098,-0.961,-0.004,-0.010,0.004,-221964
10.967155083,458641228,3.227,-9.098,-0.961,0.000,0.002,0.002,-221257
10.967241542,458646449,3.227,-9.137,-0.961,0.000,0.002,0.002,-222520
10.96732825,458649670,3.227,-9.137,-0.961,-0.004,0.012,0.002,-222205
10.968913292,458655891,3.227,-9.137,-0.961,-0.006,-0.004,-0.002,-222007
10.973094083,458660112,3.227,-9.137,-0.961,-0.002,0.008,-0.004,-223619
10.977332375,458664333,3.227,-9.137,-0.961,0.010,0.004,-0.002,-223708
10.981535042,458668554,3.227,-9.137,-0.961,0.002,-0.002,0.004,-223901
11.000283333,458672775,3.227,-9.137,-0.961,-0.010,0.002,-0.006,-223531
11.000363625,458676996,3.266,-9.133,-0.961,-0.010,0.002,-0.006,-224239
11.000435917,458679217,3.266,-9.133,-0.961,0.004,0.000,0.008,-224739
11.000511083,458684438,3.266,-9.133,-0.961,0.002,-0.004,-0.004,-225639
11.001561042,458688659,3.266,-9.133,-0.961,-0.012,-0.002,0.008,-225863
11.006810042,458693880,3.266,-9.094,-1.000,-0.012,-0.002,0.008,-224657
11.009069375,458696101,3.266,-9.094,-1.000,0.014,-0.012,-0.004,-224987
11.014270625,458701322,3.266,-9.094,-1.000,0.000,0.006,0.000,-224979
11.033561208,458705543,3.266,-9.094,-1.000,0.006,-0.004,0.000,-225328
11.033647375,458708764,3.266,-9.094,-1.000,0.004,0.008,-0.002,-224678
11.033731083,458712985,3.266,-9.094,-1.000,0.002,0.008,-0.010,-223703
11.033815542,458717206,3.266,-9.094,-1.000,0.004,0.006,-0.002,-223323
11.035425542,458722427,3.227,-9.133,-0.922,0.004,0.006,-0.002,-222059
11.038632125,458725648,3.227,-9.133,-0.922,-0.004,-0.010,0.002,-221482
11.043855292,458730869,3.227,-9.133,-0.922,-0.002,0.000,-0.002,-220610
11.048050625,458735090,3.227,-9.133,-0.922,0.002,-0.006,-0.004,-219741
11.066897208,458738311,3.227,-9.133,-0.922,-0.006,0.004,0.000,-218984
11.066975125,458743532,3.227,-9.133,-0.922,-0.002,-0.012,-0.004,-218586
11.067050125,458746753,3.227,-9.133,-0.922,-0.004,0.006,0.012,-219108
11.067123375,458750974,3.191,-9.133,-1.000,-0.004,0.006,0.012,-218086
11.067198,458754195,3.191,-9.133,-1.000,0.014,-0.002,-0.006,-217884
11.072392667,458759401,3.191,-9.133,-1.000,-0.002,0.000,0.000,-217884
11.077598,458764621,3.191,-9.133,-1.000,-0.004,0.000,-0.002,-218087
11.08077975,458767842,3.191,-9.133,-1.000,-0.002,-0.012,-0.004,-217526
11.100245875,458773063,3.191,-9.133,-1.000,-0.006,-0.008,0.000,-218389
11.100320292,458777284,3.191,-9.133,-1.000,0.008,0.000,-0.002,-218494
11.100393583,458783505,3.227,-9.098,-1.039,0.008,0.000,-0.002,-216806
11.100467333,458785726,3.227,-9.098,-1.039,0.000,0.000,-0.012,-218467
11.102910208,458789947,3.227,-9.098,-1.039,0.000,0.016,-0.008,-223035
11.10716025,458794168,3.227,-9.098,-1.039,-0.004,-0.002,-0.008,-219906
11.1112915,458798390,3.227,-9.098,-1.039,0.006,0.008,-0.002,-220250
11.116539917,458803611,3.227,-9.098,-1.039,-0.002,0.002,-0.008,-219652
11.133530042,458807832,3.227,-9.098,-1.039,0.008,-0.002,0.010,-219799
11.133603458,458812053,3.266,-9.176,-1.000,0.008,-0.002,0.010,-219574
11.133678083,458815274,3.266,-9.176,-1.000,-0.010,0.000,-0.010,-218816
11.133751083,458820495,3.266,-9.176,-1.000,0.006,0.002,-0.002,-217619
11.137712,458824716,3.266,-9.176,-1.000,-0.004,0.002,0.000,-217570
11.141940542,458828937,3.266,-9.176,-1.000,-0.002,-0.004,0.000,-217507
11.1461435,458833158,3.266,-9.176,-1.000,0.006,-0.004,-0.002,-216640
11.15034475,458837379,3.266,-9.176,-1.000,0.000,0.006,0.002,-215639
11.153531667,458840600,3.227,-9.137,-1.000,0.000,0.006,0.002,-214804
11.166929292,458843821,3.227,-9.137,-1.000,-0.006,0.006,0.000,-214697
11.16700475,458849042,3.227,-9.137,-1.000,-0.004,0.004,-0.012,-214960
11.167079375,458853263,3.227,-9.137,-1.000,-0.002,-0.004,0.006,-216798
11.169395042,458856484,3.227,-9.137,-1.000,-0.006,0.000,0.006,-217036
11.173695292,458860705,3.227,-9.137,-1.000,0.004,0.002,-0.006,-217362
11.17790975,458864926,3.227,-9.137,-1.000,0.004,-0.004,0.008,-218943
11.181076958,458868147,3.266,-9.137,-0.922,0.004,-0.004,0.008,-219185
11.183353125,458870368,3.266,-9.137,-0.922,0.002,0.006,-0.014,-218790
11.187486333,458874589,3.266,-9.137,-0.922,0.002,-0.002,0.004,-220210
11.20039425,458878810,3.266,-9.137,-0.922,-0.004,-0.012,0.000,-221237
11.200484375,458884031,3.266,-9.137,-0.922,0.002,-0.004,0.002,-220654
11.201231917,458888252,3.266,-9.137,-0.922,0.006,-0.004,0.006,-220063
11.205445,458892473,3.266,-9.137,-0.922,0.004,0.000,-0.002,-220611
11.208697667,458895694,3.266,-9.133,-1.000,0.004,0.000,-0.002,-220403
11.210919292,458897915,3.266,-9.133,-1.000,0.002,-0.012,0.000,-220670
11.217114875,458904136,3.266,-9.133,-1.000,-0.002,-0.002,-0.004,-220044
11.221375,458908357,3.266,-9.133,-1.000,0.002,0.008,-0.004,-220398
11.23370775,458911578,3.266,-9.133,-1.000,0.002,-0.012,-0.006,-220480
11.233796917,458915799,3.266,-9.133,-1.000,0.004,0.000,0.004,-220358
11.233919458,458920020,3.266,-9.133,-1.000,-0.002,0.002,0.004,-219073
11.237209708,458924241,3.191,-9.059,-1.000,-0.002,0.002,0.004,-219859
11.239446542,458926462,3.191,-9.059,-1.000,0.002,-0.004,-0.002,-218924
11.244809958,458931683,3.191,-9.059,-1.000,0.006,0.002,0.004,-220147
11.248892292,458935904,3.191,-9.059,-1.000,-0.006,-0.006,0.012,-219393
11.252106875,458939125,3.191,-9.059,-1.000,-0.004,-0.004,-0.006,-220128
11.266884,458943346,3.191,-9.059,-1.000,0.002,0.000,0.006,-219353
11.266974042,458948567,3.191,-9.059,-1.000,0.002,0.012,-0.008,-219048
11.2670645,458951788,3.227,-9.137,-0.961,0.002,0.012,-0.008,-220334
11.270008417,458957009,3.227,-9.137,-0.961,0.002,-0.002,0.006,-221023
11.274162708,458961230,3.227,-9.137,-0.961,0.010,-0.004,-0.012,-221638
11.279734292,458966451,3.227,-9.137,-0.961,-0.002,0.008,0.018,-222148
11.283662458,458970672,3.227,-9.137,-0.961,0.008,0.002,0.004,-221401
11.300228208,458974893,3.227,-9.137,-0.961,0.010,0.002,0.000,-221105
11.3003185,458979114,3.227,-9.094,-0.922,0.010,0.002,0.000,-220805
11.300407792,458982335,3.227,-9.094,-0.922,0.000,0.010,0.012,-220068
11.301526917,458988555,3.227,-9.094,-0.922,-0.010,-0.010,0.010,-221307
11.30577125,458992776,3.227,-9.094,-0.922,0.004,0.000,0.000,-222108
11.308995625,458995997,3.227,-9.094,-0.922,-0.004,0.008,0.012,-221445
11.313223167,459000218,3.227,-9.094,-0.922,0.000,-0.006,-0.004,-220955
11.317434917,459004439,3.227,-9.094,-0.922,-0.008,-0.006,-0.012,-220547
11.333546458,459008660,3.227,-9.098,-0.961,-0.008,-0.006,-0.012,-221218
11.333635417,459011881,3.227,-9.098,-0.961,0.008,0.002,0.000,-220785
11.333725167,459017102,3.227,-9.098,-0.961,0.014,0.012,-0.008,-221402
11.335311083,459022323,3.227,-9.098,-0.961,0.004,0.002,-0.004,-220839
11.339531458,459026544,3.227,-9.098,-0.961,0.004,0.004,-0.008,-221082
11.344759042,459031765,3.227,-9.098,-0.961,-0.006,0.002,-0.002,-222922
11.34892425,459035986,3.227,-9.098,-0.961,0.000,0.004,-0.006,-221414
11.353136917,459040207,3.227,-9.098,-1.000,0.000,0.004,-0.006,-221978
11.366920333,459043428,3.227,-9.098,-1.000,0.012,0.000,-0.002,-221888
11.366996667,459049649,3.227,-9.098,-1.000,-0.008,0.004,-0.004,-221820
11.367071083,459053870,3.227,-9.098,-1.000,-0.008,0.004,0.004,-221049
11.3720705,459059091,3.227,-9.098,-1.000,0.006,0.004,-0.010,-221373
11.377324083,459064312,3.227,-9.098,-1.000,0.004,0.000,0.006,-221670
11.382522042,459069533,3.227,-9.098,-1.000,0.012,0.000,-0.002,-221788
11.386677458,459073754,3.227,-9.137,-0.883,0.012,0.000,-0.002,-221826
11.400282667,459075975,3.227,-9.137,-0.883,0.000,0.002,0.000,-222060
11.400359083,459081196,3.227,-9.137,-0.883,0.002,-0.004,-0.012,-221286
11.400435875,459086417,3.227,-9.137,-0.883,-0.002,-0.002,-0.006,-221610
11.404577083,459091638,3.227,-9.137,-0.883,0.000,-0.004,-0.002,-222349
11.409849042,459096859,3.227,-9.137,-1.000,0.000,-0.004,-0.002,-222392
11.413110625,459100080,3.227,-9.137,-1.000,0.002,-0.004,-0.002,-222364
11.419303083,459106301,3.227,-9.137,-1.000,0.012,-0.004,0.004,-222037
11.423500375,459110522,3.227,-9.137,-1.000,0.004,-0.008,0.008,-221353
11.433654583,459114743,3.227,-9.137,-1.000,-0.004,-0.006,0.004,-221236
11.433728625,459118964,3.227,-9.137,-1.000,0.006,-0.006,-0.018,-221619
11.437169958,459124185,3.227,-9.137,-1.000,0.008,0.000,0.010,-221908
11.4413485,459128405,3.266,-9.094,-1.039,0.008,0.000,0.010,-222440
11.444624667,459131626,3.266,-9.094,-1.039,-0.004,0.000,0.004,-222715
11.449829958,459136847,3.266,-9.094,-1.039,-0.006,0.008,0.010,-222050
11.467086042,459142068,3.266,-9.094,-1.039,0.000,0.000,0.002,-221507
11.467182083,459146289,3.266,-9.094,-1.039,0.008,0.008,-0.004,-222808
11.46727875,459150510,3.266,-9.094,-1.039,0.002,-0.002,-0.002,-222382
11.467655125,459154731,3.266,-9.094,-1.039,0.004,0.004,0.000,-221154
11.471975583,459158952,3.227,-9.137,-0.961,0.004,0.004,0.000,-222213
11.475195333,459162173,3.227,-9.137,-0.961,0.004,-0.002,-0.006,-222353
11.480405208,459167394,3.227,-9.137,-0.961,-0.006,0.000,0.012,-222578
11.484611417,459171615,3.227,-9.137,-0.961,0.006,-0.004,-0.012,-222207
11.500435833,459175836,3.227,-9.137,-0.961,-0.004,-0.002,0.012,-221647
11.500530167,459180057,3.227,-9.137,-0.961,0.010,0.006,0.000,-221672
11.500626917,459185278,3.227,-9.137,-0.961,-0.002,0.000,-0.004,-221891
11.502574667,459189499,3.227,-9.098,-1.039,-0.002,0.000,-0.004,-222115
11.505736208,459192720,3.227,-9.098,-1.039,0.004,0.006,-0.002,-222028
11.51216875,459198941,3.227,-9.098,-1.039,-0.002,0.010,-0.018,-221339
11.516086708,459203162,3.227,-9.098,-1.039,0.002,0.000,0.002,-221567
11.533563458,459206384,3.227,-9.098,-1.039,-0.004,-0.012,0.000,-222134
11.533656542,459211605,3.227,-9.098,-1.039,-0.002,0.006,0.008,-222418
11.533749125,459216826,3.266,-9.133,-0.961,-0.002,0.006,0.008,-222608
11.533843542,459220047,3.266,-9.133,-0.961,0.004,-0.004,-0.006,-221449
11.539241625,459226268,3.266,-9.133,-0.961,0.004,-0.012,0.012,-222095
11.543472167,459230489,3.266,-9.133,-0.961,-0.006,0.008,0.000,-222643
11.547669375,459234710,3.266,-9.133,-0.961,-0.006,-0.006,-0.006,-221906
11.551869083,459238931,3.266,-9.133,-0.961,0.012,-0.006,0.000,-221497
11.566929208,459244152,3.266,-9.133,-0.961,-0.008,-0.002,0.004,-222125
11.567004833,459248373,3.227,-9.137,-1.000,-0.008,-0.002,0.004,-222639
11.567077542,459251594,3.227,-9.137,-1.000,0.016,0.000,0.000,-221139
11.569839167,459256814,3.227,-9.137,-1.000,0.006,0.008,-0.002,-221941
11.575016,459262035,3.227,-9.137,-1.000,-0.002,0.000,-0.002,-222088
11.5791905,459266256,3.227,-9.137,-1.000,-0.004,0.002,-0.004,-221187
11.583404375,459270477,3.227,-9.137,-1.000,0.004,0.006,0.004,-221116
11.6002325,459274698,3.227,-9.137,-1.000,-0.004,0.006,-0.002,-221900
11.600326917,459278919,3.191,-9.133,-0.961,-0.004,0.006,-0.002,-221744
11.600417542,459282140,3.191,-9.133,-0.961,0.000,0.008,0.000,-222266
11.604306125,459291361,3.191,-9.133,-0.961,-0.004,-0.008,-0.008,-222724
11.608489875,459295582,3.191,-9.133,-0.961,0.008,0.002,-0.008,-221734
11.612817083,459299803,3.191,-9.133,-0.961,0.000,0.000,0.000,-222196
11.619051833,459306024,3.191,-9.133,-0.961,0.000,0.000,0.000,-221254
11.633585417,459310244,3.191,-9.133,-0.961,0.000,0.000,0.000,-221667
11.633658542,459314465,3.266,-9.094,-0.961,0.000,0.000,0.000,-221381
11.633732042,459316685,3.266,-9.094,-0.961,0.000,0.000,0.000,-222108
11.63491075,459321905,3.266,-9.094,-0.961,0.000,0.000,0.000,-222089
11.640125,459327126,3.266,-9.094,-0.961,0.000,0.000,0.000,-221954
11.644366542,459331349,3.266,-9.094,-0.961,0.000,0.000,0.000,-222167
11.648580125,459335569,3.266,-9.094,-0.961,0.000,0.000,0.000,-221373
11.666896,459339790,3.266,-9.094,-0.961,0.000,0.000,0.000,-222177
11.66696725,459345010,3.227,-9.098,-0.961,0.000,0.000,0.000,-221792
11.667038125,459348231,3.227,-9.098,-0.961,0.000,0.000,0.000,-222082
11.66710925,459353451,3.227,-9.098,-0.961,0.000,0.000,0.000,-220838
11.669611042,459356671,3.266,-9.094,-1.000,0.000,0.000,0.000,-222315
11.673806167,459360891,3.266,-9.094,-1.000,0.000,0.000,0.000,-221673
11.678045042,459365112,3.266,-9.094,-1.000,0.000,0.000,0.000,-222095
11.681291167,459368333,3.266,-9.094,-1.000,0.000,0.000,0.000,-221810
11.685467167,459372554,3.266,-9.094,-1.000,0.000,0.000,0.000,-222071
11.700244083,459376774,3.266,-9.094,-1.000,0.000,0.000,0.000,-222051
11.700317583,459381995,3.227,-9.137,-0.961,0.000,0.000,0.000,-221795
11.700390792,459384216,3.227,-9.137,-0.961,0.000,0.000,0.000,-222080
11.702458167,459389436,3.227,-9.137,-0.961,0.000,0.000,0.000,-221941
11.706649583,459393656,3.227,-9.137,-0.961,0.000,0.000,0.000,-221853
11.70986225,459396876,3.227,-9.137,-0.961,0.000,0.000,0.000,-221689
11.714080625,459401096,3.227,-9.137,-0.961,0.000,0.000,0.000,-221925
11.733556917,459406316,3.227,-9.137,-0.961,0.000,0.000,0.000,-221850
11.733643042,459409536,3.227,-9.098,-1.000,0.000,0.000,0.000,-221020
11.733728708,459412757,3.227,-9.098,-1.000,0.000,0.000,0.000,-221890
11.73381475,459418978,3.227,-9.098,-1.000,0.000,0.000,0.000,-221921
11.736210208,459423199,3.227,-9.098,-1.000,0.000,0.000,0.000,-221132
11.740411292,459427420,3.227,-9.098,-1.000,0.000,0.000,0.000,-221366
11.744588042,459431641,3.227,-9.098,-1.000,0.000,0.000,0.000,-221290
11.749773875,459436862,3.227,-9.098,-1.000,0.000,0.000,0.000,-221289
11.766893333,459441083,3.266,-9.133,-1.000,0.000,0.000,0.000,-221728
11.766977917,459444303,3.266,-9.133,-1.000,0.000,0.000,0.000,-222204
11.767062417,459449524,3.266,-9.133,-1.000,0.000,0.000,0.000,-221273
11.767785667,459454745,3.266,-9.133,-1.000,0.000,0.000,0.000,-222198
11.771967917,459458966,3.266,-9.133,-1.000,0.000,0.000,0.000,-222176
11.777178292,459464186,3.266,-9.133,-1.000,0.000,0.000,0.000,-221917
11.781391,459468407,3.266,-9.133,-1.000,0.000,0.000,0.000,-221472
11.7855565,459472627,3.227,-9.172,-1.000,0.000,0.000,0.000,-222382
11.800219542,459475848,3.227,-9.172,-1.000,0.000,0.000,0.000,-222002
11.800293542,459481068,3.227,-9.172,-1.000,0.000,0.000,0.000,-221319
11.8003665,459485289,3.227,-9.172,-1.000,0.000,0.000,0.000,-221270
11.802522333,459489510,3.227,-9.172,-1.000,0.000,0.000,0.000,-221986
11.806718792,459493730,3.227,-9.172,-1.000,0.000,0.000,0.000,-222293
11.811881375,459498951,3.227,-9.172,-1.000,0.000,0.000,0.000,-221059
11.817173125,459504173,3.227,-9.098,-0.961,0.000,0.000,0.000,-221446
11.833556417,459507393,3.227,-9.098,-0.961,0.000,0.000,0.000,-222057
11.833642417,459513614,3.227,-9.098,-0.961,0.000,0.000,0.000,-221405
11.833726333,459517834,3.227,-9.098,-0.961,0.000,0.000,0.000,-221318
11.835056667,459522054,3.227,-9.098,-0.961,0.000,0.000,0.000,-222028
11.840382625,459527275,3.227,-9.098,-0.961,0.000,0.000,0.000,-222902
11.844511083,459531495,3.227,-9.098,-0.961,0.000,0.000,0.000,-222585
11.848709625,459535715,3.227,-9.098,-0.961,0.000,0.000,0.000,-221423
11.850892208,459537935,3.227,-9.098,-0.961,0.000,0.000,0.000,-221765
11.866971917,459542156,3.227,-9.098,-0.961,0.000,0.000,0.000,-222033
11.867045,459549377,3.227,-9.098,-0.961,0.000,0.000,0.000,-221444
11.8671175,459553597,3.227,-9.098,-0.961,0.000,0.000,0.000,-221245
11.870796917,459557818,3.227,-9.098,-0.961,0.000,0.000,0.000,-221911
11.875151125,459562039,3.227,-9.098,-0.961,0.000,0.000,0.000,-222384
11.88024625,459567259,3.227,-9.098,-1.039,0.000,0.000,0.000,-221359
11.882389042,459569479,3.227,-9.098,-1.039,0.000,0.000,0.000,-222171
11.900444042,459574700,3.227,-9.098,-1.039,0.000,0.000,0.000,-221440
11.900531333,459578921,3.227,-9.098,-1.039,0.000,0.000,0.000,-222493
11.900615708,459584142,3.227,-9.098,-1.039,0.000,0.000,0.000,-221905
11.901357333,459588363,3.227,-9.098,-1.039,0.000,0.000,0.000,-221846
11.905589833,459592583,3.227,-9.098,-1.039,0.000,0.000,0.000,-222516
11.909929458,459596804,3.227,-9.098,-1.000,0.000,0.000,0.000,-221746
11.912982917,459600025,3.227,-9.098,-1.000,0.000,0.000,0.000,-222102
11.933800208,459606246,3.227,-9.098,-1.000,0.000,0.000,0.000,-223273
11.933886333,459610467,3.227,-9.098,-1.000,0.000,0.000,0.000,-221793
11.933971417,459613688,3.227,-9.098,-1.000,0.000,0.000,0.000,-221171
11.93405625,459617909,3.227,-9.098,-1.000,0.000,0.000,0.000,-221632
11.935127792,459622130,3.227,-9.098,-1.000,0.000,0.000,0.000,-222279
11.939272958,459626350,3.266,-9.133,-1.039,0.000,0.000,0.000,-222808
11.942561792,459629571,3.266,-9.133,-1.039,0.000,0.000,0.000,-221466
11.947800042,459634792,3.266,-9.133,-1.039,0.000,0.000,0.000,-221895
11.9668285,459639012,3.266,-9.133,-1.039,0.000,0.000,0.000,-220898
11.966913458,459643233,3.266,-9.133,-1.039,0.000,0.000,0.000,-222183
11.966997667,459647454,3.266,-9.133,-1.039,0.000,0.000,0.000,-222473
11.9670815,459651675,3.266,-9.133,-1.039,0.000,0.000,0.000,-222369
11.96979625,459656896,3.227,-9.098,-1.000,0.000,0.000,0.000,-220984
11.972098333,459659117,3.227,-9.098,-1.000,0.000,0.000,0.000,-222099
11.977325625,459664338,3.227,-9.098,-1.000,0.000,0.000,0.000,-221958
11.9826185,459669559,3.227,-9.098,-1.000,0.000,0.000,0.000,-222243
12.000267875,459674780,3.266,-9.176,-1.000,0.000,0.000,0.000,-221574
12.000349708,459677000,3.266,-9.176,-1.000,0.000,0.000,0.000,-221669
12.000421833,459682221,3.266,-9.176,-1.000,0.000,0.000,0.000,-222475
12.000494417,459687442,3.266,-9.176,-1.000,0.000,0.000,0.000,-222108
12.004681458,459691662,3.266,-9.176,-1.000,0.000,0.000,0.000,-222260
12.00988325,459696883,3.191,-9.133,-0.961,0.000,0.000,0.000,-221902
12.013060417,459700104,3.191,-9.133,-0.961,0.000,0.000,0.000,-221272
12.033586,459706324,3.191,-9.133,-0.961,0.000,0.000,0.000,-221596
12.033659667,459710544,3.191,-9.133,-0.961,0.000,0.000,0.000,-221589
12.033731208,459714764,3.191,-9.133,-0.961,0.000,0.000,0.000,-220914
12.033803292,459718985,3.191,-9.133,-0.961,0.000,0.000,0.000,-221931
12.037405,459724205,3.191,-9.133,-0.961,0.000,0.000,0.000,-222504
12.041414125,459728425,3.266,-9.133,-1.000,0.000,0.000,0.000,-221519
12.044579833,459731646,3.266,-9.133,-1.000,0.000,0.000,0.000,-222287
12.050775833,459737866,3.266,-9.133,-1.000,0.000,0.000,0.000,-221868
12.06688275,459742086,3.266,-9.133,-1.000,0.000,0.000,0.000,-222078
12.066966458,459746307,3.266,-9.133,-1.000,0.000,0.000,0.000,-222500
12.067049375,459750528,3.266,-9.133,-1.000,0.000,0.000,0.000,-221794
12.067773583,459754749,3.266,-9.133,-1.000,0.000,0.000,0.000,-221603
12.07190175,459758970,3.227,-9.098,-1.000,0.000,0.000,0.000,-220928
12.074173417,459761191,3.227,-9.098,-1.000,0.000,0.000,0.000,-221678
12.079323292,459766412,3.227,-9.098,-1.000,0.000,0.000,0.000,-221639
12.100251458,459771633,3.227,-9.098,-1.000,0.000,0.000,0.000,-223143
12.100326417,459775854,3.227,-9.137,-0.961,0.000,0.000,0.000,-222284
12.100400958,459778074,3.227,-9.137,-0.961,0.000,0.000,0.000,-222104
12.100473375,459783295,3.227,-9.137,-0.961,0.000,0.000,0.000,-222078
12.100546042,459787516,3.227,-9.137,-0.961,0.000,0.000,0.000,-221257
12.104729333,459791737,3.227,-9.137,-0.961,0.000,0.000,0.000,-221455
12.111898208,459798957,3.227,-9.137,-0.961,0.000,0.000,0.000,-221376
12.118185333,459805180,3.227,-9.137,-0.961,0.000,0.000,0.000,-221828
12.133678958,459809400,3.227,-9.098,-1.000,0.000,0.000,0.000,-222249
12.133763917,459812621,3.227,-9.098,-1.000,0.000,0.000,0.000,-222471
12.133848625,459818842,3.227,-9.098,-1.000,0.000,0.000,0.000,-221838
12.136054958,459823063,3.227,-9.098,-1.000,0.000,0.000,0.000,-222442
12.140191917,459827284,3.227,-9.098,-1.000,0.000,0.000,0.000,-221775
12.145429417,459832505,3.227,-9.098,-1.000,0.000,0.000,0.000,-221783
12.149728458,459836726,3.227,-9.098,-1.000,0.000,0.000,0.000,-221779
12.152863708,459839947,3.266,-9.094,-0.961,0.000,0.000,0.000,-221205
12.167066708,459842168,3.266,-9.094,-0.961,0.000,0.000,0.000,-222638
12.167157042,459847389,3.266,-9.094,-0.961,0.000,0.000,0.000,-222173
12.167244208,459851610,3.266,-9.094,-0.961,0.000,0.000,0.000,-221896
12.167735292,459854831,3.266,-9.094,-0.961,0.000,0.000,0.000,-222271
12.171979708,459859051,3.266,-9.094,-0.961,0.000,0.000,0.000,-221625
12.177177542,459864271,3.266,-9.094,-0.961,0.000,0.000,0.000,-222667
12.200269375,459868491,3.191,-9.094,-1.039,0.000,0.000,0.000,-222001
12.200345292,459870711,3.191,-9.094,-1.039,0.000,0.000,0.000,-222179
12.200417833,459875932,3.191,-9.094,-1.039,0.000,0.000,0.000,-221338
12.200489833,459880153,3.191,-9.094,-1.039,0.000,0.000,0.000,-221640
12.200562708,459885375,3.191,-9.094,-1.039,0.000,0.000,0.000,-221356
12.202515542,459889596,3.191,-9.094,-1.039,0.000,0.000,0.000,-221977
12.206813833,459893817,3.191,-9.094,-1.039,0.000,0.000,0.000,-222028
12.211027208,459898038,3.227,-9.137,-1.000,0.000,0.000,0.000,-221874
12.214248542,459901259,3.227,-9.137,-1.000,0.000,0.000,0.000,-222538
12.219400667,459906480,3.227,-9.137,-1.000,0.000,0.000,0.000,-221668
12.233610708,459910700,3.227,-9.137,-1.000,0.000,0.000,0.000,-222204
12.233685208,459914921,3.227,-9.137,-1.000,0.000,0.000,0.000,-221504
12.233757917,459919142,3.227,-9.137,-1.000,0.000,0.000,0.000,-222156
12.23735075,459924363,3.266,-9.094,-1.039,0.000,0.000,0.000,-222272
12.239578458,459926584,3.266,-9.094,-1.039,0.000,0.000,0.000,-221001
12.243812333,459930805,3.266,-9.094,-1.039,0.000,0.000,0.000,-221771
12.248019583,459935026,3.266,-9.094,-1.039,0.000,0.000,0.000,-221275
12.252238083,459939247,3.266,-9.094,-1.039,0.000,0.000,0.000,-221118
12.266900917,459944467,3.266,-9.094,-1.039,0.000,0.000,0.000,-221229
12.266993042,459948688,3.266,-9.094,-1.039,0.000,0.000,0.000,-221167
12.267065292,459952909,3.227,-9.137,-1.000,0.000,0.000,0.000,-221789
12.269107458,459956130,3.227,-9.137,-1.000,0.000,0.000,0.000,-220952
12.274358083,459961351,3.227,-9.137,-1.000,0.000,0.000,0.000,-221587
12.278556208,459965572,3.227,-9.137,-1.000,0.000,0.000,0.000,-221502
12.28277475,459969793,3.227,-9.137,-1.000,0.000,0.000,0.000,-220816
12.286917667,459974014,3.227,-9.137,-1.000,0.000,0.000,0.000,-221548
12.300228208,459978235,3.227,-9.137,-1.000,0.000,0.000,0.000,-221306
12.300314417,459983456,3.227,-9.098,-1.000,0.000,0.000,0.000,-222520
12.300400958,459985677,3.227,-9.098,-1.000,0.000,0.000,0.000,-221881
12.3028875,459989898,3.227,-9.098,-1.000,0.000,0.000,0.000,-222556
12.307125417,459994119,3.227,-9.098,-1.000,0.000,0.000,0.000,-222021
12.310338917,459997340,3.227,-9.098,-1.000,0.000,0.000,0.000,-221595
12.314569917,460001561,3.227,-9.098,-1.000,0.000,0.000,0.000,-221864
12.318727292,460005781,3.227,-9.137,-1.000,0.000,0.000,0.000,-222270
12.333546208,460009002,3.227,-9.137,-1.000,0.000,0.000,0.000,-221342
12.333617708,460015223,3.227,-9.137,-1.000,0.000,0.000,0.000,-221910
12.333689375,460019444,3.227,-9.137,-1.000,0.000,0.000,0.000,-221726
12.337670875,460024665,3.227,-9.137,-1.000,0.000,0.000,0.000,-221794
12.341916167,460028886,3.227,-9.137,-1.000,0.000,0.000,0.000,-221094
12.346093375,460033107,3.227,-9.137,-1.000,0.000,0.000,0.000,-221862
12.3503545,460037328,3.191,-9.133,-1.000,0.000,0.000,0.000,-221192
12.353462875,460040549,3.191,-9.133,-1.000,0.000,0.000,0.000,-222345
12.366926292,460047770,3.191,-9.133,-1.000,0.000,0.000,0.000,-221520
12.366999542,460052990,3.191,-9.133,-1.000,0.000,0.000,0.000,-221626
12.370209375,460057210,3.191,-9.133,-1.000,0.000,0.000,0.000,-221251
12.37538125,460062431,3.191,-9.133,-1.000,0.000,0.000,0.000,-221486
12.379655875,460066652,3.191,-9.133,-1.000,0.000,0.000,0.000,-221368
12.382868417,460069872,3.266,-9.133,-1.000,0.000,0.000,0.000,-221948
12.385102083,460072093,3.266,-9.133,-1.000,0.000,0.000,0.000,-221608
12.400506417,460077313,3.266,-9.133,-1.000,0.000,0.000,0.000,-221749
12.400598,460082534,3.266,-9.133,-1.000,0.000,0.000,0.000,-221840
12.40068725,460087755,3.266,-9.133,-1.000,0.000,0.000,0.000,-221774
12.406144708,460092976,3.266,-9.133,-1.000,0.000,0.000,0.000,-222108
12.410209,460097197,3.266,-9.133,-1.000,0.000,0.000,0.000,-221723
12.413422667,460100418,3.227,-9.137,-1.039,0.000,0.000,0.000,-221471
12.416582,460103638,3.227,-9.137,-1.039,0.000,0.000,0.000,-221174
12.421881625,460108859,3.227,-9.137,-1.039,0.000,0.000,0.000,-221319
12.433757958,460114079,3.227,-9.137,-1.039,0.000,0.000,0.000,-221519
12.433965417,460117299,3.227,-9.137,-1.000,0.000,0.000,0.000,-221317
12.434060542,460119520,3.227,-9.137,-1.000,0.000,0.000,0.000,-221320
12.438774792,460125740,3.227,-9.137,-1.000,0.000,0.000,0.000,-221607
12.44291125,460129961,3.227,-9.137,-1.000,0.000,0.000,0.000,-221499
12.448212083,460135182,3.227,-9.137,-1.000,0.000,0.000,0.000,-221412
12.452354,460139403,3.227,-9.137,-1.000,0.000,0.000,0.000,-221335
12.4668825,460144624,3.227,-9.137,-1.000,0.000,0.000,0.000,-221479
12.466977458,460147845,3.227,-9.137,-1.039,0.000,0.000,0.000,-221800
12.468102583,460155066,3.227,-9.137,-1.039,0.000,0.000,0.000,-221229
12.473317792,460160287,3.227,-9.137,-1.039,0.000,0.000,0.000,-221802
12.477511083,460164507,3.227,-9.137,-1.039,0.000,0.000,0.000,-220972
12.481742625,460168727,3.227,-9.137,-1.039,0.000,0.000,0.000,-221760
12.485883875,460172947,3.227,-9.137,-1.039,0.000,0.000,0.000,-221153
12.500273208,460177168,3.266,-9.133,-1.000,0.000,0.000,0.000,-221156
12.500345333,460180389,3.266,-9.133,-1.000,0.000,0.000,0.000,-221273
12.502662708,460189609,3.266,-9.133,-1.000,0.000,0.000,0.000,-220892
12.507867875,460194829,3.266,-9.133,-1.000,0.000,0.000,0.000,-221221
12.512041625,460199050,3.266,-9.133,-1.000,0.000,0.000,0.000,-220985
12.51718075,460204271,3.266,-9.133,-1.000,0.000,0.000,0.000,-221774
12.533556292,460208491,3.227,-9.098,-0.961,0.000,0.000,0.000,-220803
12.533648083,460210711,3.227,-9.098,-0.961,0.000,0.000,0.000,-221587
12.533738792,460216932,3.227,-9.098,-0.961,0.000,0.000,0.000,-221243
12.534064833,460221153,3.227,-9.098,-0.961,0.000,0.000,0.000,-221052
12.539310333,460226376,3.227,-9.098,-0.961,0.000,0.000,0.000,-221214
12.544570292,460231596,3.227,-9.098,-0.961,0.000,0.000,0.000,-221811
12.549766167,460236816,3.227,-9.098,-0.961,0.000,0.000,0.000,-222105
12.566893667,460241036,3.305,-9.094,-1.000,0.000,0.000,0.000,-221449
12.566967542,460244256,3.305,-9.094,-1.000,0.000,0.000,0.000,-221790
12.567039792,460249477,3.305,-9.094,-1.000,0.000,0.000,0.000,-221091
12.567701583,460254698,3.305,-9.094,-1.000,0.000,0.000,0.000,-221646
12.572137292,460258919,3.305,-9.094,-1.000,0.000,0.000,0.000,-221115
12.577129625,460264140,3.305,-9.094,-1.000,0.000,0.000,0.000,-221496
12.581381375,460268361,3.305,-9.094,-1.000,0.000,0.000,0.000,-220997
12.585509583,460272582,3.227,-9.137,-1.000,0.000,0.000,0.000,-221147
12.600212667,460274803,3.227,-9.137,-1.000,0.000,0.000,0.000,-220882
12.600288292,460279023,3.227,-9.137,-1.000,0.000,0.000,0.000,-221432
12.600361625,460283244,3.227,-9.137,-1.000,0.000,0.000,0.000,-221320
12.600434917,460287465,3.227,-9.137,-1.000,0.000,0.000,0.000,-221160
12.60570975,460292686,3.227,-9.137,-1.000,0.000,0.000,0.000,-221255
12.609904375,460296907,3.227,-9.137,-1.000,0.000,0.000,0.000,-221085
12.614092083,460301128,3.227,-9.098,-0.961,0.000,0.000,0.000,-221319
12.617291208,460304348,3.227,-9.098,-0.961,0.000,0.000,0.000,-221585
12.633647083,460312569,3.227,-9.098,-0.961,0.000,0.000,0.000,-221019
12.633721042,460316790,3.227,-9.098,-0.961,0.000,0.000,0.000,-221796
12.633794125,460320011,3.227,-9.098,-0.961,0.000,0.000,0.000,-222409
12.638253458,460325232,3.227,-9.098,-0.961,0.000,0.000,0.000,-221241
12.642457167,460329453,3.227,-9.098,-0.961,0.000,0.000,0.000,-221386
12.645731083,460332673,3.227,-9.098,-0.961,0.000,0.000,0.000,-221647
12.649816375,460336893,3.227,-9.098,-0.961,0.000,0.000,0.000,-221359
12.666977542,460340114,3.227,-9.055,-1.000,0.000,0.000,0.000,-221589
12.667061917,460345335,3.227,-9.055,-1.000,0.000,0.000,0.000,-221620
12.667134833,460349556,3.227,-9.055,-1.000,0.000,0.000,0.000,-221492
12.667207958,460352777,3.227,-9.055,-1.000,0.000,0.000,0.000,-220987
12.669906958,460356998,3.227,-9.055,-1.000,0.000,0.000,0.000,-221651
12.674140708,460361219,3.227,-9.137,-1.039,0.000,0.000,0.000,-221545
12.677442917,460364440,3.227,-9.137,-1.039,0.000,0.000,0.000,-221239
12.682699208,460369660,3.227,-9.137,-1.039,0.000,0.000,0.000,-221973
12.700232292,460374881,3.227,-9.137,-1.039,0.000,0.000,0.000,-220806
12.700317708,460379102,3.227,-9.137,-1.039,0.000,0.000,0.000,-221706
12.700402333,460385322,3.227,-9.137,-1.039,0.000,0.000,0.000,-221326
12.702546417,460389542,3.227,-9.137,-1.039,0.000,0.000,0.000,-220754
12.706759208,460393762,3.227,-9.098,-0.961,0.000,0.000,0.000,-221508
12.708975083,460395982,3.227,-9.098,-0.961,0.000,0.000,0.000,-221231
12.713204792,460400203,3.227,-9.098,-0.961,0.000,0.000,0.000,-220445
12.718355458,460405424,3.227,-9.098,-0.961,0.000,0.000,0.000,-220819
12.7335615,460409645,3.227,-9.098,-0.961,0.000,0.000,0.000,-222006
12.733647292,460413865,3.227,-9.098,-1.000,0.000,0.000,0.000,-221070
12.733732792,460418086,3.227,-9.098,-1.000,0.000,0.000,0.000,-220906
12.73533,460422307,3.227,-9.098,-1.000,0.000,0.000,0.000,-222042
12.739541083,460426528,3.227,-9.098,-1.000,0.000,0.000,0.000,-222111
12.743745333,460430748,3.227,-9.098,-1.000,0.000,0.000,0.000,-221152
12.747972958,460434969,3.227,-9.098,-1.000,0.000,0.000,0.000,-220766
12.766932417,460440189,3.227,-9.137,-1.039,0.000,0.000,0.000,-221085
12.767005333,460443410,3.227,-9.137,-1.039,0.000,0.000,0.000,-221388
12.767077208,460449630,3.227,-9.137,-1.039,0.000,0.000,0.000,-221551
12.767150042,460453836,3.227,-9.137,-1.039,0.000,0.000,0.000,-221551
12.770976167,460458056,3.227,-9.137,-1.039,0.000,0.000,0.000,-221326
12.776274,460463277,3.227,-9.137,-1.039,0.000,0.000,0.000,-220798
12.781495958,460468498,3.227,-9.137,-1.039,0.000,0.000,0.000,-220686
12.784640625,460471719,3.227,-9.055,-1.039,0.000,0.000,0.000,-221430
12.800225708,460474940,3.227,-9.055,-1.039,0.000,0.000,0.000,-221520
12.800299833,460480161,3.227,-9.055,-1.039,0.000,0.000,0.000,-221899
12.800375125,460485382,3.227,-9.055,-1.039,0.000,0.000,0.000,-221403
12.802623542,460489603,3.227,-9.055,-1.039,0.000,0.000,0.000,-221804
12.807750333,460494824,3.227,-9.055,-1.039,0.000,0.000,0.000,-221614
12.812996875,460500044,3.227,-9.055,-1.039,0.000,0.000,0.000,-220897
12.81839825,460505265,3.227,-9.098,-1.000,0.000,0.000,0.000,-220809
12.83361875,460508486,3.227,-9.098,-1.000,0.000,0.000,0.000,-221517
12.833693292,460513707,3.227,-9.098,-1.000,0.000,0.000,0.000,-220967
12.83376625,460517928,3.227,-9.098,-1.000,0.000,0.000,0.000,-221658
12.836180667,460523149,3.227,-9.098,-1.000,0.000,0.000,0.000,-220700
12.840370083,460527371,3.227,-9.098,-1.000,0.000,0.000,0.000,-221612
12.844553208,460531592,3.227,-9.098,-1.000,0.000,0.000,0.000,-220632
12.84974375,460536812,3.227,-9.133,-0.922,0.000,0.000,0.000,-221498
12.866941875,460540033,3.227,-9.133,-0.922,0.000,0.000,0.000,-222167
12.867015042,460546254,3.227,-9.133,-0.922,0.000,0.000,0.000,-221562
12.8670875,460550475,3.227,-9.133,-0.922,0.000,0.000,0.000,-221381
12.869634042,460556696,3.227,-9.133,-0.922,0.000,0.000,0.000,-221189
12.873834167,460560917,3.227,-9.133,-0.922,0.000,0.000,0.000,-221514
12.879099958,460566137,3.227,-9.133,-0.922,0.000,0.000,0.000,-221784
12.883284083,460570358,3.227,-9.098,-1.000,0.000,0.000,0.000,-221750
12.900219792,460573579,3.227,-9.098,-1.000,0.000,0.000,0.000,-220927
12.900306042,460579799,3.227,-9.098,-1.000,0.000,0.000,0.000,-222092
12.900391375,460584020,3.227,-9.098,-1.000,0.000,0.000,0.000,-221126
12.901247375,460588241,3.227,-9.098,-1.000,0.000,0.000,0.000,-220633
12.9054745,460592462,3.227,-9.098,-1.000,0.000,0.000,0.000,-220799
12.909670917,460596683,3.227,-9.098,-1.000,0.000,0.000,0.000,-221533
12.914898542,460601904,3.227,-9.098,-0.961,0.000,0.000,0.000,-220701
12.918034208,460605125,3.227,-9.098,-0.961,0.000,0.000,0.000,-221198
12.93356325,460611346,3.227,-9.098,-0.961,0.000,0.000,0.000,-221746
12.933650917,460615567,3.227,-9.098,-0.961,0.000,0.000,0.000,-221111
12.933738208,460619788,3.227,-9.098,-0.961,0.000,0.000,0.000,-221810
12.938043917,460625008,3.227,-9.098,-0.961,0.000,0.000,0.000,-222071
12.942222208,460629228,3.227,-9.098,-0.961,0.000,0.000,0.000,-221142
12.945456875,460632449,3.266,-9.133,-1.000,0.000,0.000,0.000,-221823
12.948751708,460635670,3.266,-9.133,-1.000,0.000,0.000,0.000,-221385
12.966889375,460640890,3.266,-9.133,-1.000,0.000,0.000,0.000,-220890
12.966974042,460646111,3.266,-9.133,-1.000,0.000,0.000,0.000,-222203
12.967057917,460650332,3.266,-9.133,-1.000,0.000,0.000,0.000,-220646
12.967479333,460654553,3.266,-9.133,-1.000,0.000,0.000,0.000,-220734
12.971972208,460658774,3.266,-9.133,-1.000,0.000,0.000,0.000,-221264
12.97600525,460662995,3.227,-9.098,-1.000,0.000,0.000,0.000,-221882
12.978120292,460665216,3.227,-9.098,-1.000,0.000,0.000,0.000,-220632
12.983363042,460670437,3.227,-9.098,-1.000,0.000,0.000,0.000,-220846
13.000277417,460674658,3.227,-9.098,-1.000,0.000,0.000,0.000,-221245
13.000349708,460677879,3.227,-9.098,-1.000,0.000,0.000,0.000,-221630
13.000422292,460682099,3.227,-9.098,-1.000,0.000,0.000,0.000,-221505
13.000494917,460687320,3.227,-9.098,-1.000,0.000,0.000,0.000,-221147
13.004566833,460691540,3.227,-9.098,-0.961,0.000,0.000,0.000,-221303
13.007703458,460694760,3.227,-9.098,-0.961,0.000,0.000,0.000,-221115
13.012929583,460699980,3.227,-9.098,-0.961,0.000,0.000,0.000,-220631
13.018300583,460705200,3.227,-9.098,-0.961,0.000,0.000,0.000,-221841
13.033570167,460708421,3.227,-9.098,-0.961,0.000,0.000,0.000,-221519
13.033643625,460712642,3.227,-9.098,-0.961,0.000,0.000,0.000,-220757
13.033716292,460717862,3.227,-9.098,-0.961,0.000,0.000,0.000,-221050
13.035088083,460722083,3.266,-9.133,-0.961,0.000,0.000,0.000,-221200
13.038299792,460725304,3.266,-9.133,-0.961,0.000,0.000,0.000,-221321
13.044550917,460731525,3.266,-9.133,-0.961,0.000,0.000,0.000,-221176
13.048737125,460735746,3.266,-9.133,-0.961,0.000,0.000,0.000,-221271
13.052996792,460739966,3.266,-9.133,-0.961,0.000,0.000,0.000,-221442
13.067161833,460745186,3.266,-9.133,-0.961,0.000,0.000,0.000,-222473
13.067379542,460749406,3.266,-9.133,-0.961,0.000,0.000,0.000,-221734
13.067467083,460752627,3.266,-9.176,-1.000,0.000,0.000,0.000,-221835
13.068823125,460755848,3.266,-9.176,-1.000,0.000,0.000,0.000,-220951
13.074076708,460761069,3.266,-9.176,-1.000,0.000,0.000,0.000,-220345
13.07928525,460766289,3.266,-9.176,-1.000,0.000,0.000,0.000,-220575
13.083510667,460770509,3.266,-9.176,-1.000,0.000,0.000,0.000,-221395
13.100255875,460774730,3.266,-9.176,-1.000,0.000,0.000,0.000,-222105
13.100330792,460778950,3.266,-9.176,-1.000,0.000,0.000,0.000,-221422
13.100404042,460784171,3.266,-9.133,-1.000,0.000,0.000,0.000,-221554
13.100476833,460787391,3.266,-9.133,-1.000,0.000,0.000,0.000,-221125
13.105624833,460792611,3.266,-9.133,-1.000,0.000,0.000,0.000,-221150
13.110820208,460797832,3.266,-9.133,-1.000,0.000,0.000,0.000,-221171
13.115066292,460802052,3.266,-9.133,-1.000,0.000,0.000,0.000,-221771
13.133572125,460807272,3.266,-9.133,-1.000,0.000,0.000,0.000,-221246
13.133645083,460812493,3.266,-9.133,-1.000,0.000,0.000,0.000,-220259
13.133718542,460818713,3.227,-9.098,-0.961,0.000,0.000,0.000,-221049
13.134938292,460821933,3.227,-9.098,-0.961,0.000,0.000,0.000,-220613
13.141179583,460828155,3.227,-9.098,-0.961,0.000,0.000,0.000,-221726
13.145372542,460832375,3.227,-9.098,-0.961,0.000,0.000,0.000,-220852
13.148591833,460835595,3.227,-9.098,-0.961,0.000,0.000,0.000,-221358
13.1669045,460840816,3.227,-9.098,-0.961,0.000,0.000,0.000,-221242
13.166984792,460846036,3.227,-9.098,-0.961,0.000,0.000,0.000,-221752
13.167060708,460850256,3.191,-9.133,-1.000,0.000,0.000,0.000,-221038
13.167135833,460852476,3.191,-9.133,-1.000,0.000,0.000,0.000,-221407
13.170683667,460857697,3.191,-9.133,-1.000,0.000,0.000,0.000,-221461
13.1762615,460862918,3.191,-9.133,-1.000,0.000,0.000,0.000,-220663
13.180211583,460867139,3.191,-9.133,-1.000,0.000,0.000,0.000,-221686
13.200239625,460872361,3.191,-9.133,-1.000,0.000,0.000,0.000,-220740
13.200313833,460877582,3.191,-9.133,-1.000,0.000,0.000,0.000,-221895
13.200386792,460882803,3.266,-9.137,-0.922,0.000,0.000,0.000,-221120
13.200459458,460885023,3.266,-9.137,-0.922,0.000,0.000,0.000,-221196
13.203186333,460890243,3.266,-9.137,-0.922,0.000,0.000,0.000,-221321
13.207471708,460894464,3.266,-9.137,-0.922,0.000,0.000,0.000,-220921
13.210718667,460897685,3.266,-9.137,-0.922,0.000,0.000,0.000,-220662
13.215930958,460902906,3.266,-9.094,-0.961,0.000,0.000,0.000,-222054
13.218131875,460905126,3.266,-9.094,-0.961,0.000,0.000,0.000,-221815
13.2335805,460910347,3.266,-9.094,-0.961,0.000,0.000,0.000,-221868
13.233654083,460914567,3.266,-9.094,-0.961,0.000,0.000,0.000,-220935
13.233726667,460917787,3.266,-9.094,-0.961,0.000,0.000,0.000,-221489
13.235024583,460922007,3.266,-9.094,-0.961,0.000,0.000,0.000,-220964
13.239230125,460926228,3.266,-9.094,-0.961,0.000,0.000,0.000,-222375
13.243445375,460930448,3.227,-9.098,-1.000,0.000,0.000,0.000,-221697
13.245680958,460932669,3.227,-9.098,-1.000,0.000,0.000,0.000,-221334
13.250897042,460937890,3.227,-9.098,-1.000,0.000,0.000,0.000,-220990
13.266975125,460942111,3.227,-9.098,-1.000,0.000,0.000,0.000,-221331
13.26704825,460946332,3.227,-9.098,-1.000,0.000,0.000,0.000,-221208
13.267120875,460950553,3.227,-9.098,-1.000,0.000,0.000,0.000,-221469
13.268777083,460955773,3.227,-9.098,-1.000,0.000,0.000,0.000,-221615
13.273011,460959994,3.266,-9.094,-1.000,0.000,0.000,0.000,-221140
13.27622725,460963215,3.266,-9.094,-1.000,0.000,0.000,0.000,-222154
13.282447917,460969436,3.266,-9.094,-1.000,0.000,0.000,0.000,-221280
13.286613792,460973657,3.266,-9.094,-1.000,0.000,0.000,0.000,-221461
13.300528208,460977878,3.266,-9.094,-1.000,0.000,0.000,0.000,-221703
13.300625667,460983099,3.266,-9.094,-1.000,0.000,0.000,0.000,-221085
13.301393542,460988320,3.266,-9.094,-1.000,0.000,0.000,0.000,-220903
13.305628333,460992541,3.227,-9.098,-0.961,0.000,0.000,0.000,-221498
13.3088385,460995762,3.227,-9.098,-0.961,0.000,0.000,0.000,-221605
13.314019125,461000983,3.227,-9.098,-0.961,0.000,0.000,0.000,-221943
13.319207458,461006203,3.227,-9.098,-0.961,0.000,0.000,0.000,-221209
13.323447125,461010424,3.227,-9.098,-0.961,0.000,0.000,0.000,-220595
13.32766825,461014644,3.227,-9.098,-0.961,0.000,0.000,0.000,-220900
13.331874167,461018864,3.227,-9.098,-0.961,0.000,0.000,0.000,-221218
13.335107875,461022084,3.227,-9.098,-0.961,0.000,0.000,0.000,-221097
13.338320333,461025304,3.227,-9.098,-0.961,0.000,0.000,0.000,-221424
13.343547875,461030525,3.227,-9.098,-0.961,0.000,0.000,0.000,-221376
13.347781292,461034745,3.227,-9.098,-0.961,0.000,0.000,0.000,-221891
13.35090125,461037965,3.227,-9.098,-0.961,0.000,0.000,0.000,-221564
13.35519725,461042186,3.227,-9.098,-0.961,0.000,0.000,0.000,-221364
13.359431958,461046406,3.227,-9.098,-0.961,0.000,0.000,0.000,-221669
13.3626145,461049627,3.227,-9.137,-0.961,0.000,0.000,0.000,-221482
13.36487925,461051848,3.227,-9.137,-0.961,0.000,0.000,0.000,-221616
13.369098667,461056069,3.227,-9.137,-0.961,0.000,0.000,0.000,-221594
13.373298417,461060289,3.227,-9.137,-0.961,0.000,0.000,0.000,-222351
13.38060025,461067509,3.227,-9.137,-0.961,0.000,0.000,0.000,-220911
13.384744875,461071729,3.227,-9.137,-0.961,0.000,0.000,0.000,-221292
13.388950208,461075950,3.227,-9.137,-0.961,0.000,0.000,0.000,-221748
13.39322725,461080171,3.227,-9.098,-1.000,0.000,0.000,0.000,-220813
13.39642825,461083392,3.227,-9.098,-1.000,0.000,0.000,0.000,-221472
13.402675583,461089613,3.227,-9.098,-1.000,0.000,0.000,0.000,-221616
13.406852,461093834,3.227,-9.098,-1.000,0.000,0.000,0.000,-221439
13.410124583,461097055,3.227,-9.098,-1.000,0.000,0.000,0.000,-221496
13.414364292,461101276,3.227,-9.098,-1.000,0.000,0.000,0.000,-221139
13.418515583,461105497,3.227,-9.098,-1.000,0.000,0.000,0.000,-221150
13.423739667,461110718,3.266,-9.176,-1.000,0.000,0.000,0.000,-220989
13.425987875,461112939,3.266,-9.176,-1.000,0.000,0.000,0.000,-221640
13.431188625,461118161,3.266,-9.176,-1.000,0.000,0.000,0.000,-221966
13.435421125,461122382,3.266,-9.176,-1.000,0.000,0.000,0.000,-220905
13.440702167,461127603,3.266,-9.176,-1.000,0.000,0.000,0.000,-221196
13.444929333,461131823,3.227,-9.137,-0.961,0.000,0.000,0.000,-221341
13.449349625,461136043,3.227,-9.137,-0.961,0.000,0.000,0.000,-221581
13.453368875,461140263,3.227,-9.137,-0.961,0.000,0.000,0.000,-220704
13.457565167,461144483,3.227,-9.137,-0.961,0.000,0.000,0.000,-221114
13.461797417,461148703,3.227,-9.137,-0.961,0.000,0.000,0.000,-221886
13.466015125,461152924,3.227,-9.137,-0.961,0.000,0.000,0.000,-221298
13.471232625,461158145,3.266,-9.094,-1.000,0.000,0.000,0.000,-221057
13.474442958,461161366,3.266,-9.094,-1.000,0.000,0.000,0.000,-220661
13.480723292,461167587,3.266,-9.094,-1.000,0.000,0.000,0.000,-222503
13.484901708,461171808,3.266,-9.094,-1.000,0.000,0.000,0.000,-220031
13.489124167,461176028,3.266,-9.094,-1.000,0.000,0.000,0.000,-221308
13.493337375,461180248,3.266,-9.094,-1.000,0.000,0.000,0.000,-222038
13.498577542,461185469,3.266,-9.094,-1.000,0.000,0.000,0.000,-220946
13.5027765,461189690,3.227,-9.098,-1.000,0.000,0.000,0.000,-221859
13.506006042,461192910,3.227,-9.098,-1.000,0.000,0.000,0.000,-221982
13.511253333,461198130,3.227,-9.098,-1.000,0.000,0.000,0.000,-220596
13.516461458,461203351,3.227,-9.098,-1.000,0.000,0.000,0.000,-220584
13.523471667,461207572,3.227,-9.098,-1.000,0.000,0.000,0.000,-220507
13.529026458,461212778,3.227,-9.098,-1.000,0.000,0.000,0.000,-220507
13.531745292,461217998,3.227,-9.098,-1.000,0.000,0.000,0.000,-221672
13.535314417,461222219,3.266,-9.094,-0.961,0.000,0.000,0.000,-221139
13.538690458,461225439,3.266,-9.094,-0.961,0.000,0.000,0.000,-221469
13.5437545,461230659,3.266,-9.094,-0.961,0.000,0.000,0.000,-220784
13.547861208,461234880,3.266,-9.094,-0.961,0.000,0.000,0.000,-221401
13.551193583,461238101,3.266,-9.094,-0.961,0.000,0.000,0.000,-221107
13.555411667,461242322,3.266,-9.094,-0.961,0.000,0.000,0.000,-221240
13.560759708,461247542,3.266,-9.094,-0.961,0.000,0.000,0.000,-220963
13.5641845,461250762,3.227,-9.098,-0.961,0.000,0.000,0.000,-221747
13.567104583,461253982,3.227,-9.098,-0.961,0.000,0.000,0.000,-220952
13.573320042,461260203,3.227,-9.098,-0.961,0.000,0.000,0.000,-222519
13.577429167,461264423,3.227,-9.098,-0.961,0.000,0.000,0.000,-221200
13.581667417,461268644,3.227,-9.098,-0.961,0.000,0.000,0.000,-221917
13.586016667,461272865,3.227,-9.098,-0.961,0.000,0.000,0.000,-220909
13.591188208,461278085,3.227,-9.098,-0.961,0.000,0.000,0.000,-221435
13.595365083,461282306,3.266,-9.094,-1.000,0.000,0.000,0.000,-221143
13.598592208,461285527,3.266,-9.094,-1.000,0.000,0.000,0.000,-221248
13.6050005,461291748,3.266,-9.094,-1.000,0.000,0.000,0.000,-221211
13.609171458,461295969,3.266,-9.094,-1.000,0.000,0.000,0.000,-221116
13.613313625,461300190,3.266,-9.094,-1.000,0.000,0.000,0.000,-221471
13.618547333,461305411,3.266,-9.094,-1.000,0.000,0.000,0.000,-222174
13.623923458,461309632,3.266,-9.094,-1.000,0.000,0.000,0.000,-221695
13.629064625,461315853,3.227,-9.137,-1.039,0.000,0.000,0.000,-221376
13.632161333,461319073,3.227,-9.137,-1.039,0.000,0.000,0.000,-221434
13.638415708,461325293,3.227,-9.137,-1.039,0.000,0.000,0.000,-221058
13.642591792,461329513,3.227,-9.137,-1.039,0.000,0.000,0.000,-221332
13.646832417,461333734,3.227,-9.137,-1.039,0.000,0.000,0.000,-221441
13.651013958,461337954,3.227,-9.137,-1.039,0.000,0.000,0.000,-221338
13.655260458,461342175,3.227,-9.137,-1.039,0.000,0.000,0.000,-221375
13.660489125,461347396,3.227,-9.098,-0.961,0.000,0.000,0.000,-221139
13.662768333,461349617,3.227,-9.098,-0.961,0.000,0.000,0.000,-222543
13.666904542,461353837,3.227,-9.098,-0.961,0.000,0.000,0.000,-221318
13.672192542,461359057,3.227,-9.098,-0.961,0.000,0.000,0.000,-221152
13.675466708,461362278,3.227,-9.098,-0.961,0.000,0.000,0.000,-220934
13.680653333,461367499,3.227,-9.098,-0.961,0.000,0.000,0.000,-220708
13.6838135,461370719,3.227,-9.098,-0.961,0.000,0.000,0.000,-221082
13.687996542,461374940,3.266,-9.133,-0.961,0.000,0.000,0.000,-221456
13.69015225,461377146,3.266,-9.133,-0.961,0.000,0.000,0.000,-221456
13.694714333,461381366,3.266,-9.133,-0.961,0.000,0.000,0.000,-221241
13.701262667,461387586,3.266,-9.133,-0.961,0.000,0.000,0.000,-220931
13.70496625,461391807,3.266,-9.133,-0.961,0.000,0.000,0.000,-221003
13.709127583,461396027,3.266,-9.133,-0.961,0.000,0.000,0.000,-220684
13.713453208,461400247,3.266,-9.133,-0.961,0.000,0.000,0.000,-220969
13.718748458,461405467,3.191,-9.133,-1.000,0.000,0.000,0.000,-221096
13.720881542,461407688,3.191,-9.133,-1.000,0.000,0.000,0.000,-221991
13.724980333,461411909,3.191,-9.133,-1.000,0.000,0.000,0.000,-222118
13.729172792,461416130,3.191,-9.133,-1.000,0.000,0.000,0.000,-221445
13.733404042,461420350,3.191,-9.133,-1.000,0.000,0.000,0.000,-220970
13.738930833,461425571,3.191,-9.133,-1.000,0.000,0.000,0.000,-220268
13.743136625,461429791,3.191,-9.133,-1.000,0.000,0.000,0.000,-221327
13.747294417,461434012,3.227,-9.137,-0.961,0.000,0.000,0.000,-220911
13.750258667,461437232,3.227,-9.137,-0.961,0.000,0.000,0.000,-222143
13.7558785,461442453,3.227,-9.137,-0.961,0.000,0.000,0.000,-221112
13.759725042,461446674,3.227,-9.137,-0.961,0.000,0.000,0.000,-221408
13.764294208,461450894,3.227,-9.137,-0.961,0.000,0.000,0.000,-221654
13.768887083,461455114,3.227,-9.137,-0.961,0.000,0.000,0.000,-221567
13.772514333,461459335,3.227,-9.137,-0.961,0.000,0.000,0.000,-220871
13.77675875,461463556,3.266,-9.094,-1.000,0.000,0.000,0.000,-221285
13.778925292,461465777,3.266,-9.094,-1.000,0.000,0.000,0.000,-221342
13.784118125,461470998,3.266,-9.094,-1.000,0.000,0.000,0.000,-221281
13.788505417,461475219,3.266,-9.094,-1.000,0.000,0.000,0.000,-221067
13.791524333,461478440,3.266,-9.094,-1.000,0.000,0.000,0.000,-221773
13.796075167,461482660,3.266,-9.094,-1.000,0.000,0.000,0.000,-221564
13.80094125,461487881,3.266,-9.094,-1.000,0.000,0.000,0.000,-221201
13.80538375,461492102,3.266,-9.133,-1.000,0.000,0.000,0.000,-221237
13.808454542,461495323,3.266,-9.133,-1.000,0.000,0.000,0.000,-220963
13.814033792,461500543,3.266,-9.133,-1.000,0.000,0.000,0.000,-220292
13.819145125,461505764,3.266,-9.133,-1.000,0.000,0.000,0.000,-221854
13.82304025,461509984,3.266,-9.133,-1.000,0.000,0.000,0.000,-221658
13.828803333,461515205,3.266,-9.133,-1.000,0.000,0.000,0.000,-221346
13.832502958,461519426,3.266,-9.133,-1.000,0.000,0.000,0.000,-220603
13.838931375,461525647,3.227,-9.137,-1.000,0.000,0.000,0.000,-222583
13.840971042,461527867,3.227,-9.137,-1.000,0.000,0.000,0.000,-221209
13.845224792,461532088,3.227,-9.137,-1.000,0.000,0.000,0.000,-221518
13.849386333,461536309,3.227,-9.137,-1.000,0.000,0.000,0.000,-221249
13.853782375,461540529,3.227,-9.137,-1.000,0.000,0.000,0.000,-221486
13.858992625,461545749,3.227,-9.137,-1.000,0.000,0.000,0.000,-220570
13.863480583,461549970,3.227,-9.137,-1.000,0.000,0.000,0.000,-222435
13.866268208,461553191,3.227,-9.137,-1.000,0.000,0.000,0.000,-221177
13.868500583,461555412,3.227,-9.137,-1.000,0.000,0.000,0.000,-221933
13.873723917,461560633,3.227,-9.137,-1.000,0.000,0.000,0.000,-221068
13.881056542,461567854,3.227,-9.137,-1.000,0.000,0.000,0.000,-220904
13.884133125,461571075,3.227,-9.137,-1.000,0.000,0.000,0.000,-221096
13.888425875,461575296,3.227,-9.137,-1.000,0.000,0.000,0.000,-221303
13.893595083,461580517,3.227,-9.137,-1.000,0.000,0.000,0.000,-221348
13.897984458,461584738,3.227,-9.098,-1.000,0.000,0.000,0.000,-221391
13.901103792,461587958,3.227,-9.098,-1.000,0.000,0.000,0.000,-221260
13.90627625,461593179,3.227,-9.098,-1.000,0.000,0.000,0.000,-222209
13.9104325,461597400,3.227,-9.098,-1.000,0.000,0.000,0.000,-221517
13.913923958,461600621,3.227,-9.098,-1.000,0.000,0.000,0.000,-221004
13.919098583,461605841,3.227,-9.098,-1.000,0.000,0.000,0.000,-220816
13.923180833,461610062,3.227,-9.098,-1.000,0.000,0.000,0.000,-221150
13.925327792,461612283,3.227,-9.098,-1.000,0.000,0.000,0.000,-221749
13.929601083,461616504,3.227,-9.098,-1.000,0.000,0.000,0.000,-221412
13.933766125,461620724,3.227,-9.098,-1.000,0.000,0.000,0.000,-220748
13.939388792,461625945,3.227,-9.098,-1.000,0.000,0.000,0.000,-221674
13.943392208,461630166,3.227,-9.098,-1.000,0.000,0.000,0.000,-221543
13.947743083,461634386,3.227,-9.098,-1.000,0.000,0.000,0.000,-221095
13.951636,461638607,3.227,-9.137,-1.039,0.000,0.000,0.000,-221275
13.953867875,461640828,3.227,-9.137,-1.039,0.000,0.000,0.000,-221428
13.959110583,461646049,3.227,-9.137,-1.039,0.000,0.000,0.000,-221488
13.963640208,461650270,3.227,-9.137,-1.039,0.000,0.000,0.000,-221489
13.967916625,461654491,3.227,-9.137,-1.039,0.000,0.000,0.000,-222041
13.971858083,461658712,3.227,-9.137,-1.039,0.000,0.000,0.000,-221564
13.977087042,461663933,3.227,-9.137,-1.039,0.000,0.000,0.000,-221129
13.981339708,461668154,3.266,-9.094,-1.000,0.000,0.000,0.000,-221427
13.984390125,461671375,3.266,-9.094,-1.000,0.000,0.000,0.000,-221085
13.990717375,461677596,3.266,-9.094,-1.000,0.000,0.000,0.000,-221173
13.995220292,461681817,3.266,-9.094,-1.000,0.000,0.000,0.000,-221069
13.999097083,461686038,3.266,-9.094,-1.000,0.000,0.000,0.000,-221331
14.004575042,461691259,3.266,-9.094,-1.000,0.000,0.000,0.000,-221506
14.008660333,461695482,3.266,-9.094,-1.000,0.000,0.000,0.000,-221298
14.013014917,461699702,3.191,-9.133,-1.039,0.000,0.000,0.000,-221140
14.014969375,461701923,3.191,-9.133,-1.039,0.000,0.000,0.000,-221770
14.020685792,461707143,3.191,-9.133,-1.039,0.000,0.000,0.000,-222086
14.024692542,461711364,3.191,-9.133,-1.039,0.000,0.000,0.000,-221741
14.029321667,461715585,3.191,-9.133,-1.039,0.000,0.000,0.000,-222516
14.032889208,461719806,3.191,-9.133,-1.039,0.000,0.000,0.000,-221254
14.038237583,461725027,3.191,-9.133,-1.039,0.000,0.000,0.000,-222809
14.041357,461728248,3.227,-9.137,-1.000,0.000,0.000,0.000,-221718
14.043567417,461730469,3.227,-9.137,-1.000,0.000,0.000,0.000,-222249
14.048846042,461735690,3.227,-9.137,-1.000,0.000,0.000,0.000,-221345
14.053048917,461739911,3.266,-9.094,-1.000,0.000,0.000,0.000,-221713
14.055207917,461742132,3.266,-9.094,-1.000,0.000,0.000,0.000,-221286
14.059418542,461746354,3.266,-9.094,-1.000,0.000,0.000,0.000,-221915
14.063717792,461750575,3.266,-9.094,-1.000,0.000,0.000,0.000,-221903
14.068898542,461755795,3.266,-9.094,-1.000,0.000,0.000,0.000,-220725
14.073281917,461760015,3.266,-9.094,-1.000,0.000,0.000,0.000,-221635
14.078344667,461765236,3.266,-9.094,-1.000,0.000,0.000,0.000,-220187
14.083624958,461770456,3.266,-9.094,-0.961,0.000,0.000,0.000,-221074
14.086747458,461773676,3.266,-9.094,-0.961,0.000,0.000,0.000,-220793
14.092988583,461779897,3.266,-9.094,-0.961,0.000,0.000,0.000,-221480
14.097253417,461784118,3.266,-9.094,-0.961,0.000,0.000,0.000,-220790
14.101532458,461788338,3.266,-9.094,-0.961,0.000,0.000,0.000,-221765
14.1066825,461793559,3.266,-9.094,-0.961,0.000,0.000,0.000,-222032
14.111118542,461797779,3.266,-9.094,-0.961,0.000,0.000,0.000,-221079
14.115098083,461802000,3.266,-9.094,-0.961,0.000,0.000,0.000,-221929
14.118294667,461805221,3.266,-9.094,-0.961,0.000,0.000,0.000,-221136
14.124551417,461811441,3.266,-9.094,-0.961,0.000,0.000,0.000,-221625
14.128864917,461815662,3.266,-9.094,-0.961,0.000,0.000,0.000,-221591
14.132989583,461819883,3.266,-9.094,-0.961,0.000,0.000,0.000,-222130
14.140239083,461827103,3.266,-9.094,-0.961,0.000,0.000,0.000,-222360
14.144568625,461831323,3.266,-9.094,-0.961,0.000,0.000,0.000,-222788
14.148664458,461835543,3.227,-9.137,-0.961,0.000,0.000,0.000,-221762
14.15081125,461837764,3.227,-9.137,-0.961,0.000,0.000,0.000,-221878
14.156034042,461842985,3.227,-9.137,-0.961,0.000,0.000,0.000,-221123
14.161305917,461848206,3.227,-9.137,-0.961,0.000,0.000,0.000,-221623
14.165582208,461852426,3.227,-9.137,-0.961,0.000,0.000,0.000,-221518
14.169728917,461856646,3.227,-9.137,-0.961,0.000,0.000,0.000,-220729
14.173938667,461860867,3.227,-9.137,-0.961,0.000,0.000,0.000,-221170
14.179211083,461866087,3.305,-9.094,-1.000,0.000,0.000,0.000,-221194
14.181393667,461868307,3.305,-9.094,-1.000,0.000,0.000,0.000,-221971
14.186679167,461873528,3.305,-9.094,-1.000,0.000,0.000,0.000,-221140
14.192187708,461878749,3.305,-9.094,-1.000,0.000,0.000,0.000,-221273
14.197100792,461883970,3.305,-9.094,-1.000,0.000,0.000,0.000,-221556
14.201257917,461888191,3.305,-9.094,-1.000,0.000,0.000,0.000,-221691
14.205604208,461892412,3.305,-9.094,-1.000,0.000,0.000,0.000,-222030
14.209715167,461896632,3.227,-9.137,-0.961,0.000,0.000,0.000,-222079
14.213005125,461899852,3.227,-9.137,-0.961,0.000,0.000,0.000,-221406
14.219112292,461906073,3.227,-9.137,-0.961,0.000,0.000,0.000,-221988
14.223343333,461910294,3.227,-9.137,-0.961,0.000,0.000,0.000,-221623
14.227180375,461913515,3.227,-9.137,-0.961,0.000,0.000,0.000,-221647
14.232217125,461918736,3.227,-9.137,-0.961,0.000,0.000,0.000,-220787
14.237175958,461923957,3.227,-9.137,-0.961,0.000,0.000,0.000,-221049
14.241235708,461928178,3.227,-9.098,-0.961,0.000,0.000,0.000,-221923
14.243485958,461930399,3.227,-9.098,-0.961,0.000,0.000,0.000,-222074
14.247711208,461934620,3.227,-9.098,-0.961,0.000,0.000,0.000,-221433
14.251967875,461938840,3.227,-9.098,-0.961,0.000,0.000,0.000,-220941
14.256112583,461943061,3.227,-9.098,-0.961,0.000,0.000,0.000,-221826
14.262035042,461948282,3.227,-9.098,-0.961,0.000,0.000,0.000,-222277
14.265579042,461952503,3.227,-9.098,-0.961,0.000,0.000,0.000,-222504
14.2698015,461956724,3.227,-9.098,-1.000,0.000,0.000,0.000,-221845
14.273100708,461959945,3.227,-9.098,-1.000,0.000,0.000,0.000,-221618
14.279249875,461966166,3.227,-9.098,-1.000,0.000,0.000,0.000,-222470
14.283545708,461970386,3.227,-9.098,-1.000,0.000,0.000,0.000,-222472
14.287707625,461974607,3.227,-9.098,-1.000,0.000,0.000,0.000,-222564
14.291941167,461978828,3.227,-9.098,-1.000,0.000,0.000,0.000,-222057
14.296380583,461983049,3.227,-9.098,-1.000,0.000,0.000,0.000,-222101
14.301183583,461987270,3.266,-9.133,-0.961,0.000,0.000,0.000,-221718
14.302620833,461989491,3.266,-9.133,-0.961,0.000,0.000,0.000,-222381
14.307995417,461994711,3.266,-9.133,-0.961,0.000,0.000,0.000,-221430
14.312068125,461998931,3.266,-9.133,-0.961,0.000,0.000,0.000,-221685
14.317357333,462004154,3.266,-9.133,-0.961,0.000,0.000,0.000,-221921
14.322783125,462009375,3.266,-9.133,-0.961,0.000,0.000,0.000,-221574
14.327859083,462014595,3.266,-9.133,-0.961,0.000,0.000,0.000,-222238
14.331851917,462018816,3.266,-9.094,-0.961,0.000,0.000,0.000,-221263
14.334223833,462021036,3.266,-9.094,-0.961,0.000,0.000,0.000,-221547
14.339437875,462026257,3.266,-9.094,-0.961,0.000,0.000,0.000,-222727
14.34261475,462029477,3.266,-9.094,-0.961,0.000,0.000,0.000,-221941
14.346853167,462033697,3.266,-9.094,-0.961,0.000,0.000,0.000,-221980
14.351138833,462037918,3.266,-9.094,-0.961,0.000,0.000,0.000,-222100
14.354777833,462041139,3.266,-9.094,-0.961,0.000,0.000,0.000,-221267
14.358732417,462045359,3.227,-9.137,-1.000,0.000,0.000,0.000,-221717
14.361930417,462048580,3.227,-9.137,-1.000,0.000,0.000,0.000,-222051
14.366486833,462052800,3.227,-9.137,-1.000,0.000,0.000,0.000,-222027
14.37023575,462057021,3.227,-9.137,-1.000,0.000,0.000,0.000,-222626
14.374322333,462061242,3.227,-9.137,-1.000,0.000,0.000,0.000,-222195
14.379524958,462066462,3.227,-9.137,-1.000,0.000,0.000,0.000,-221538
14.383839417,462070682,3.227,-9.137,-1.000,0.000,0.000,0.000,-222145
14.389461792,462075903,3.227,-9.098,-1.000,0.000,0.000,0.000,-222570
14.391321,462078123,3.227,-9.098,-1.000,0.000,0.000,0.000,-221816
14.395503042,462082345,3.227,-9.098,-1.000,0.000,0.000,0.000,-221542
14.399713542,462086566,3.227,-9.098,-1.000,0.000,0.000,0.000,-222409
14.404018833,462090787,3.227,-9.098,-1.000,0.000,0.000,0.000,-222524
14.409337,462096008,3.227,-9.098,-1.000,0.000,0.000,0.000,-222141
14.413582417,462100229,3.266,-9.094,-1.000,0.000,0.000,0.000,-222247
14.415797083,462102449,3.266,-9.094,-1.000,0.000,0.000,0.000,-221073
14.421062625,462107670,3.266,-9.094,-1.000,0.000,0.000,0.000,-221349
14.426224542,462112891,3.266,-9.094,-1.000,0.000,0.000,0.000,-220957
14.43056375,462117112,3.266,-9.094,-1.000,0.000,0.000,0.000,-222126
14.434691583,462121332,3.266,-9.094,-1.000,0.000,0.000,0.000,-222465
14.439636417,462126553,3.266,-9.094,-1.000,0.000,0.000,0.000,-221229
14.443902875,462130774,3.227,-9.098,-1.000,0.000,0.000,0.000,-221873
14.446093667,462132994,3.227,-9.098,-1.000,0.000,0.000,0.000,-222076
14.451331125,462138215,3.227,-9.098,-1.000,0.000,0.000,0.000,-221209
14.45562025,462142436,3.227,-9.098,-1.000,0.000,0.000,0.000,-221518
14.459756708,462146657,3.227,-9.098,-1.000,0.000,0.000,0.000,-222230
14.46525775,462151878,3.227,-9.098,-1.000,0.000,0.000,0.000,-221861
14.469213417,462156099,3.227,-9.098,-1.000,0.000,0.000,0.000,-222011
14.473459292,462160320,3.266,-9.094,-1.000,0.000,0.000,0.000,-221523
14.475669708,462162541,3.266,-9.094,-1.000,0.000,0.000,0.000,-221546
14.480904583,462167762,3.266,-9.094,-1.000,0.000,0.000,0.000,-221301
14.4851465,462171982,3.266,-9.094,-1.000,0.000,0.000,0.000,-221499
14.4892655,462176203,3.266,-9.094,-1.000,0.000,0.000,0.000,-221545
14.493782458,462180424,3.266,-9.094,-1.000,0.000,0.000,0.000,-221925
14.498915375,462185645,3.266,-9.094,-1.000,0.000,0.000,0.000,-221266
14.50248525,462188850,3.266,-9.094,-1.000,0.000,0.000,0.000,-221266
14.505303,462192070,3.266,-9.094,-1.000,0.000,0.000,0.000,-221292
14.511395208,462198291,3.266,-9.094,-1.000,0.000,0.000,0.000,-221519
14.515667375,462202512,3.266,-9.094,-1.000,0.000,0.000,0.000,-222403
14.519887208,462206733,3.266,-9.094,-1.000,0.000,0.000,0.000,-221982
14.524173792,462210954,3.266,-9.094,-1.000,0.000,0.000,0.000,-222440
14.529232292,462216175,3.227,-9.137,-1.039,0.000,0.000,0.000,-221069
14.531431625,462218396,3.227,-9.137,-1.039,0.000,0.000,0.000,-222061
14.536714,462223617,3.227,-9.137,-1.039,0.000,0.000,0.000,-221440
14.542031458,462228838,3.227,-9.137,-1.039,0.000,0.000,0.000,-221991
14.547539708,462234058,3.227,-9.137,-1.039,0.000,0.000,0.000,-221979
14.551763042,462238279,3.227,-9.137,-1.039,0.000,0.000,0.000,-221007
14.555871375,462242500,3.227,-9.137,-1.039,0.000,0.000,0.000,-221613
14.559838542,462246721,3.227,-9.137,-1.000,0.000,0.000,0.000,-221564
14.562102417,462248942,3.227,-9.137,-1.000,0.000,0.000,0.000,-221225
14.568695833,462254163,3.227,-9.137,-1.000,0.000,0.000,0.000,-221721
14.571530542,462258384,3.227,-9.137,-1.000,0.000,0.000,0.000,-221489
14.574713,462261605,3.227,-9.137,-1.000,0.000,0.000,0.000,-221149
14.579917292,462266826,3.227,-9.137,-1.000,0.000,0.000,0.000,-221875
14.584101625,462271032,3.227,-9.137,-1.000,0.000,0.000,0.000,-221875
14.587298792,462274252,3.227,-9.098,-1.000,0.000,0.000,0.000,-221011
14.591998792,462278473,3.227,-9.098,-1.000,0.000,0.000,0.000,-221047
14.59576875,462282694,3.227,-9.094,-0.922,0.000,0.000,0.000,-221777
14.602035583,462288915,3.227,-9.094,-0.922,0.000,0.000,0.000,-222463
14.606300583,462293136,3.227,-9.094,-0.922,0.000,0.000,0.000,-222019
14.610434083,462297356,3.227,-9.094,-0.922,0.000,0.000,0.000,-221614
14.614660875,462301577,3.227,-9.094,-0.922,0.000,0.000,0.000,-221581
14.619870417,462306798,3.227,-9.094,-0.922,0.000,0.000,0.000,-221621
14.624237333,462311019,3.266,-9.094,-0.961,0.000,0.000,0.000,-221391
14.627356667,462314239,3.266,-9.094,-0.961,0.000,0.000,0.000,-221838
14.632674333,462319460,3.266,-9.094,-0.961,0.000,0.000,0.000,-221029
14.637428083,462323681,3.266,-9.094,-0.961,0.000,0.000,0.000,-221006
14.642056042,462328902,3.266,-9.094,-0.961,0.000,0.000,0.000,-221439
14.646345458,462333123,3.266,-9.094,-0.961,0.000,0.000,0.000,-222697
14.651455083,462338345,3.266,-9.094,-0.961,0.000,0.000,0.000,-222331
14.655677125,462342566,3.227,-9.098,-1.039,0.000,0.000,0.000,-221707
14.659083458,462345787,3.227,-9.098,-1.039,0.000,0.000,0.000,-221893
14.665099833,462352007,3.227,-9.098,-1.039,0.000,0.000,0.000,-220641
14.66932075,462356228,3.227,-9.098,-1.039,0.000,0.000,0.000,-220805
14.6735205,462360449,3.227,-9.098,-1.039,0.000,0.000,0.000,-221000
14.678759833,462365670,3.227,-9.098,-1.039,0.000,0.000,0.000,-221081
14.683983833,462370891,3.227,-9.098,-1.039,0.000,0.000,0.000,-221213
14.687201167,462374112,3.227,-9.098,-1.000,0.000,0.000,0.000,-221347
14.690443125,462377333,3.227,-9.098,-1.000,0.000,0.000,0.000,-221082
14.696710542,462383553,3.227,-9.098,-1.000,0.000,0.000,0.000,-221253
14.701338958,462387774,3.227,-9.098,-1.000,0.000,0.000,0.000,-221605
14.705132208,462391994,3.227,-9.098,-1.000,0.000,0.000,0.000,-221403
14.709366125,462396215,3.227,-9.098,-1.000,0.000,0.000,0.000,-221715
14.71362475,462400436,3.227,-9.098,-1.000,0.000,0.000,0.000,-221202
14.718925917,462405657,3.227,-9.137,-1.039,0.000,0.000,0.000,-221750
14.721064125,462407877,3.227,-9.137,-1.039,0.000,0.000,0.000,-222004
14.726483167,462413083,3.227,-9.137,-1.039,0.000,0.000,0.000,-222004
14.730461167,462417303,3.227,-9.137,-1.039,0.000,0.000,0.000,-221169
14.73463075,462421524,3.227,-9.137,-1.039,0.000,0.000,0.000,-221948
14.740941625,462427744,3.227,-9.137,-1.039,0.000,0.000,0.000,-221761
14.745631833,462431965,3.227,-9.137,-1.039,0.000,0.000,0.000,-221743
14.75060475,462437186,3.266,-9.133,-1.000,0.000,0.000,0.000,-221593
14.753604042,462440407,3.266,-9.133,-1.000,0.000,0.000,0.000,-221585
14.759741875,462446628,3.266,-9.133,-1.000,0.000,0.000,0.000,-222742
14.76400375,462450849,3.266,-9.133,-1.000,0.000,0.000,0.000,-221823
14.768311375,462455070,3.266,-9.133,-1.000,0.000,0.000,0.000,-221720
14.772708,462459291,3.266,-9.133,-1.000,0.000,0.000,0.000,-221192
14.77767375,462464512,3.266,-9.133,-1.000,0.000,0.000,0.000,-221685
14.781879833,462468733,3.191,-9.133,-0.961,0.000,0.000,0.000,-221377
14.785057292,462471953,3.191,-9.133,-0.961,0.000,0.000,0.000,-221428
14.792665792,462478173,3.191,-9.133,-0.961,0.000,0.000,0.000,-221857
14.795925958,462482394,3.191,-9.133,-0.961,0.000,0.000,0.000,-221239
14.799643875,462486615,3.191,-9.133,-0.961,0.000,0.000,0.000,-220861
14.80520275,462491836,3.191,-9.133,-0.961,0.000,0.000,0.000,-222858
14.809419125,462496056,3.191,-9.133,-0.961,0.000,0.000,0.000,-221381
14.813590083,462500276,3.152,-9.137,-0.961,0.000,0.000,0.000,-222451
14.815535208,462502497,3.152,-9.137,-0.961,0.000,0.000,0.000,-221353
14.821138625,462507717,3.152,-9.137,-0.961,0.000,0.000,0.000,-221659
14.825364875,462511937,3.152,-9.137,-0.961,0.000,0.000,0.000,-221759
14.829214083,462516157,3.152,-9.137,-0.961,0.000,0.000,0.000,-221860
14.833459208,462520378,3.152,-9.137,-0.961,0.000,0.000,0.000,-221308
14.8388755,462525599,3.152,-9.137,-0.961,0.000,0.000,0.000,-222042
14.842224542,462528820,3.227,-9.137,-1.000,0.000,0.000,0.000,-221645
14.8442055,462531040,3.227,-9.137,-1.000,0.000,0.000,0.000,-221406
14.849503208,462536261,3.227,-9.137,-1.000,0.000,0.000,0.000,-221419
14.854165083,462540482,3.227,-9.137,-1.000,0.000,0.000,0.000,-221775
14.860545125,462546702,3.227,-9.137,-1.000,0.000,0.000,0.000,-221540
14.864056208,462550923,3.227,-9.137,-1.000,0.000,0.000,0.000,-222293
14.868239917,462555129,3.227,-9.137,-1.000,0.000,0.000,0.000,-222293
14.87261975,462559349,3.227,-9.137,-0.961,0.000,0.000,0.000,-221159
14.875721958,462562569,3.227,-9.137,-0.961,0.000,0.000,0.000,-222488
14.881004708,462567790,3.227,-9.137,-0.961,0.000,0.000,0.000,-221402
14.885054417,462572010,3.227,-9.137,-0.961,0.000,0.000,0.000,-222205
14.889391083,462576230,3.227,-9.137,-0.961,0.000,0.000,0.000,-221063
14.89361075,462580451,3.227,-9.137,-0.961,0.000,0.000,0.000,-221798
14.899851292,462586671,3.227,-9.137,-0.961,0.000,0.000,0.000,-221836
14.90406625,462590892,3.266,-9.094,-1.000,0.000,0.000,0.000,-222129
14.907244542,462594113,3.266,-9.094,-1.000,0.000,0.000,0.000,-221157
14.912478958,462599334,3.266,-9.094,-1.000,0.000,0.000,0.000,-221661
14.916631333,462603554,3.266,-9.094,-1.000,0.000,0.000,0.000,-220755
14.92094225,462607775,3.266,-9.094,-1.000,0.000,0.000,0.000,-221253
14.925201458,462611996,3.266,-9.094,-1.000,0.000,0.000,0.000,-221278
14.9292885,462616217,3.266,-9.094,-1.000,0.000,0.000,0.000,-221836
14.933500667,462620437,3.227,-9.137,-0.961,0.000,0.000,0.000,-221055
14.93581475,462622657,3.227,-9.137,-0.961,0.000,0.000,0.000,-221248
14.940323458,462626878,3.227,-9.137,-0.961,0.000,0.000,0.000,-221236
14.944368458,462631098,3.227,-9.137,-0.961,0.000,0.000,0.000,-221546
14.949428042,462636318,3.227,-9.137,-0.961,0.000,0.000,0.000,-221663
14.953925708,462640538,3.227,-9.137,-0.961,0.000,0.000,0.000,-222188
14.956031042,462642759,3.227,-9.137,-0.961,0.000,0.000,0.000,-221140
14.9625435,462648980,3.227,-9.137,-0.961,0.000,0.000,0.000,-221341
14.966310875,462653200,3.227,-9.137,-0.961,0.000,0.000,0.000,-221317
14.970628583,462657420,3.227,-9.137,-0.961,0.000,0.000,0.000,-220853
14.974906458,462661641,3.227,-9.137,-0.961,0.000,0.000,0.000,-221053
14.980169458,462666862,3.227,-9.137,-0.961,0.000,0.000,0.000,-221676
14.984148542,462671082,3.227,-9.137,-1.000,0.000,0.000,0.000,-221338
14.98762975,462674303,3.227,-9.137,-1.000,0.000,0.000,0.000,-221434
14.9941775,462679524,3.227,-9.137,-1.000,0.000,0.000,0.000,-221816
14.997368875,462683745,3.227,-9.137,-1.000,0.000,0.000,0.000,-221517
15.002058292,462688966,3.227,-9.137,-1.000,0.000,0.000,0.000,-221033
15.007308792,462694187,3.227,-9.137,-1.000,0.000,0.000,0.000,-221739
15.011607208,462698408,3.227,-9.137,-1.000,0.000,0.000,0.000,-221371
15.015938958,462702629,3.266,-9.094,-1.000,0.000,0.000,0.000,-221080
15.018902625,462705850,3.266,-9.094,-1.000,0.000,0.000,0.000,-220834
15.025197167,462712071,3.266,-9.094,-1.000,0.000,0.000,0.000,-221076
15.029361958,462716291,3.266,-9.094,-1.000,0.000,0.000,0.000,-221258
15.033619667,462720512,3.266,-9.094,-1.000,0.000,0.000,0.000,-220769
15.038946042,462725735,3.266,-9.094,-1.000,0.000,0.000,0.000,-222124
15.044149417,462730955,3.266,-9.094,-1.000,0.000,0.000,0.000,-220871
15.048300083,462735176,3.227,-9.137,-0.961,0.000,0.000,0.000,-221187
15.05149225,462738397,3.227,-9.137,-0.961,0.000,0.000,0.000,-221080
15.056713833,462743618,3.227,-9.137,-0.961,0.000,0.000,0.000,-220626
15.061994167,462748839,3.227,-9.137,-0.961,0.000,0.000,0.000,-221730
15.066128625,462753059,3.227,-9.137,-0.961,0.000,0.000,0.000,-220616
15.070394458,462757280,3.266,-9.176,-1.000,0.000,0.000,0.000,-221592
15.073546708,462760501,3.266,-9.176,-1.000,0.000,0.000,0.000,-221457
15.079816208,462766722,3.266,-9.176,-1.000,0.000,0.000,0.000,-221757
15.084066667,462770943,3.266,-9.176,-1.000,0.000,0.000,0.000,-221494
15.089239625,462776164,3.266,-9.176,-1.000,0.000,0.000,0.000,-220931
15.093486917,462780385,3.266,-9.176,-1.000,0.000,0.000,0.000,-221481
15.099664083,462786605,3.266,-9.176,-1.000,0.000,0.000,0.000,-222388
15.103948083,462790826,3.227,-9.098,-1.000,0.000,0.000,0.000,-222830
15.107132708,462794046,3.227,-9.098,-1.000,0.000,0.000,0.000,-221080
15.112356042,462799266,3.227,-9.098,-1.000,0.000,0.000,0.000,-222067
15.116602,462803487,3.227,-9.098,-1.000,0.000,0.000,0.000,-221309
15.121527292,462807707,3.227,-9.098,-1.000,0.000,0.000,0.000,-221894
15.12501575,462811928,3.227,-9.098,-1.000,0.000,0.000,0.000,-221546
15.13022825,462817149,3.227,-9.098,-1.000,0.000,0.000,0.000,-221983
15.134521375,462821369,3.266,-9.133,-1.000,0.000,0.000,0.000,-222210
15.137701667,462824590,3.266,-9.133,-1.000,0.000,0.000,0.000,-220590
15.142916375,462829811,3.266,-9.133,-1.000,0.000,0.000,0.000,-221671
15.147160833,462834032,3.266,-9.133,-1.000,0.000,0.000,0.000,-222445
15.151439458,462838253,3.266,-9.133,-1.000,0.000,0.000,0.000,-221628
15.15578225,462842473,3.266,-9.133,-1.000,0.000,0.000,0.000,-222058
15.163148375,462849694,3.266,-9.133,-1.000,0.000,0.000,0.000,-221584
15.167296167,462853915,3.266,-9.094,-1.039,0.000,0.000,0.000,-221222
15.170264875,462857137,3.266,-9.094,-1.039,0.000,0.000,0.000,-222147
15.17552725,462862358,3.266,-9.094,-1.039,0.000,0.000,0.000,-221224
15.18064425,462867579,3.266,-9.094,-1.039,0.000,0.000,0.000,-221905
15.18492825,462871800,3.266,-9.094,-1.039,0.000,0.000,0.000,-221941
15.189244625,462876021,3.266,-9.094,-1.039,0.000,0.000,0.000,-222133
15.193951125,462880242,3.266,-9.094,-1.039,0.000,0.000,0.000,-222019
15.198659875,462885463,3.227,-9.137,-0.961,0.000,0.000,0.000,-221221
15.201762667,462888683,3.227,-9.137,-0.961,0.000,0.000,0.000,-221880
15.208147,462894904,3.227,-9.137,-0.961,0.000,0.000,0.000,-221594
15.212391583,462899126,3.227,-9.137,-0.961,0.000,0.000,0.000,-221720
15.21655,462903346,3.227,-9.137,-0.961,0.000,0.000,0.000,-222020
15.221963167,462908567,3.227,-9.137,-0.961,0.000,0.000,0.000,-221402
15.227457083,462913787,3.227,-9.137,-0.961,0.000,0.000,0.000,-221614
15.230382917,462917007,3.227,-9.098,-1.000,0.000,0.000,0.000,-220749
15.233647458,462920227,3.227,-9.098,-1.000,0.000,0.000,0.000,-221004
15.240013792,462926447,3.227,-9.098,-1.000,0.000,0.000,0.000,-221873
15.243806458,462930668,3.227,-9.098,-1.000,0.000,0.000,0.000,-221726
15.248066583,462934889,3.227,-9.098,-1.000,0.000,0.000,0.000,-221515
15.252377875,462939110,3.227,-9.098,-1.000,0.000,0.000,0.000,-221469
15.256585958,462943332,3.227,-9.098,-1.000,0.000,0.000,0.000,-220964
15.261673458,462948553,3.227,-9.137,-1.000,0.000,0.000,0.000,-221111
15.265036375,462951774,3.227,-9.137,-1.000,0.000,0.000,0.000,-221098
15.270280167,462956995,3.227,-9.137,-1.000,0.000,0.000,0.000,-222261
15.275395917,462962216,3.227,-9.137,-1.000,0.000,0.000,0.000,-221979
15.279623208,462966437,3.227,-9.137,-1.000,0.000,0.000,0.000,-221457
15.283854333,462970658,3.227,-9.137,-1.000,0.000,0.000,0.000,-221279
15.286991083,462973879,3.227,-9.137,-1.000,0.000,0.000,0.000,-221377
15.291225417,462978100,3.227,-9.098,-1.039,0.000,0.000,0.000,-221318
15.294635083,462981320,3.227,-9.098,-1.039,0.000,0.000,0.000,-221859
15.30108475,462987540,3.227,-9.098,-1.039,0.000,0.000,0.000,-220623
15.304885375,462991761,3.227,-9.098,-1.039,0.000,0.000,0.000,-221314
15.309105917,462995982,3.227,-9.098,-1.039,0.000,0.000,0.000,-221746
15.313329708,463000203,3.227,-9.098,-1.039,0.000,0.000,0.000,-221188
15.31754625,463004424,3.227,-9.098,-1.039,0.000,0.000,0.000,-221975
15.322832583,463009645,3.266,-9.133,-0.961,0.000,0.000,0.000,-221531
15.326933417,463012866,3.266,-9.133,-0.961,0.000,0.000,0.000,-221607
15.332199208,463019086,3.266,-9.133,-0.961,0.000,0.000,0.000,-221038
15.336469292,463023307,3.266,-9.133,-0.961,0.000,0.000,0.000,-221918
15.340684375,463027527,3.266,-9.133,-0.961,0.000,0.000,0.000,-221840
15.344916292,463031748,3.266,-9.133,-0.961,0.000,0.000,0.000,-222341
15.350343375,463036969,3.266,-9.133,-0.961,0.000,0.000,0.000,-221370
15.354517792,463041190,3.227,-9.098,-1.000,0.000,0.000,0.000,-222296
15.35780925,463044411,3.227,-9.098,-1.000,0.000,0.000,0.000,-221161
15.36199025,463048632,3.227,-9.098,-1.000,0.000,0.000,0.000,-221390
15.366307083,463052853,3.227,-9.098,-1.000,0.000,0.000,0.000,-221363
15.370228208,463057073,3.227,-9.098,-1.000,0.000,0.000,0.000,-220937
15.374455208,463061293,3.227,-9.098,-1.000,0.000,0.000,0.000,-221037
15.379668042,463066499,3.227,-9.098,-1.000,0.000,0.000,0.000,-221037
15.383943083,463070719,3.227,-9.098,-0.961,0.000,0.000,0.000,-222120
15.386162417,463072940,3.227,-9.098,-0.961,0.000,0.000,0.000,-221230
15.390690625,463077161,3.227,-9.098,-0.961,0.000,0.000,0.000,-222305
15.394517667,463081381,3.227,-9.098,-0.961,0.000,0.000,0.000,-221171
15.398675333,463085602,3.227,-9.098,-0.961,0.000,0.000,0.000,-221291
15.402967958,463089823,3.227,-9.098,-0.961,0.000,0.000,0.000,-221780
15.407179208,463094043,3.227,-9.098,-0.961,0.000,0.000,0.000,-221756
15.413537125,463100264,3.227,-9.098,-0.961,0.000,0.000,0.000,-221062
15.416843,463103484,3.227,-9.098,-0.961,0.000,0.000,0.000,-220935
15.423137667,463109705,3.227,-9.098,-0.961,0.000,0.000,0.000,-221213
15.427273042,463113926,3.227,-9.098,-0.961,0.000,0.000,0.000,-220443
15.431487125,463118146,3.227,-9.098,-0.961,0.000,0.000,0.000,-222042
15.435723833,463122367,3.227,-9.098,-0.961,0.000,0.000,0.000,-221324
15.4411955,463127587,3.227,-9.098,-0.961,0.000,0.000,0.000,-220915
15.444984042,463131808,3.227,-9.137,-1.000,0.000,0.000,0.000,-221970
15.447146458,463134029,3.227,-9.137,-1.000,0.000,0.000,0.000,-221670
15.452419625,463139250,3.227,-9.137,-1.000,0.000,0.000,0.000,-220251
15.456582333,463143471,3.227,-9.137,-1.000,0.000,0.000,0.000,-221421
15.460775125,463147692,3.227,-9.137,-1.000,0.000,0.000,0.000,-221294
15.466015625,463152912,3.227,-9.137,-1.000,0.000,0.000,0.000,-220986
15.47024475,463157133,3.227,-9.137,-1.000,0.000,0.000,0.000,-221537
15.474456292,463161354,3.191,-9.094,-0.961,0.000,0.000,0.000,-221819
15.47676325,463163574,3.191,-9.094,-0.961,0.000,0.000,0.000,-220915
15.481953083,463168795,3.191,-9.094,-0.961,0.000,0.000,0.000,-221850
15.486249042,463173016,3.191,-9.094,-0.961,0.000,0.000,0.000,-221598
15.490360208,463177237,3.191,-9.094,-0.961,0.000,0.000,0.000,-221408
15.495674792,463182458,3.191,-9.094,-0.961,0.000,0.000,0.000,-221377
15.502278958,463187678,3.191,-9.094,-0.961,0.000,0.000,0.000,-221828
15.504968167,463191898,3.227,-9.137,-1.000,0.000,0.000,0.000,-221783
15.507299917,463194119,3.227,-9.137,-1.000,0.000,0.000,0.000,-221695
15.511468792,463198340,3.227,-9.137,-1.000,0.000,0.000,0.000,-221680
15.515788417,463202560,3.227,-9.137,-1.000,0.000,0.000,0.000,-221312
15.521025167,463207780,3.227,-9.137,-1.000,0.000,0.000,0.000,-222092
15.525357167,463212000,3.227,-9.137,-1.000,0.000,0.000,0.000,-221565
15.529604,463216221,3.227,-9.137,-1.000,0.000,0.000,0.000,-221760
15.532560083,463219441,3.266,-9.094,-1.000,0.000,0.000,0.000,-221536
15.534790583,463221662,3.266,-9.094,-1.000,0.000,0.000,0.000,-222419
15.540058417,463226882,3.266,-9.094,-1.000,0.000,0.000,0.000,-221781
15.544332542,463231103,3.266,-9.094,-1.000,0.000,0.000,0.000,-221926
15.548704292,463235324,3.266,-9.094,-1.000,0.000,0.000,0.000,-220948
15.552744083,463239545,3.266,-9.094,-1.000,0.000,0.000,0.000,-220888
15.557322,463243766,3.266,-9.094,-1.000,0.000,0.000,0.000,-220998
15.561115292,463247987,3.266,-9.094,-0.961,0.000,0.000,0.000,-221553
15.56427325,463251208,3.266,-9.094,-0.961,0.000,0.000,0.000,-222287
15.571383583,463257428,3.266,-9.094,-0.961,0.000,0.000,0.000,-221690
15.574782708,463261648,3.266,-9.094,-0.961,0.000,0.000,0.000,-221409
15.579863958,463266869,3.266,-9.094,-0.961,0.000,0.000,0.000,-221718
15.584191,463271090,3.266,-9.094,-0.961,0.000,0.000,0.000,-221512
15.588498417,463275310,3.266,-9.094,-0.961,0.000,0.000,0.000,-221399
15.59280725,463279531,3.227,-9.098,-0.961,0.000,0.000,0.000,-221190
15.594852333,463281752,3.227,-9.098,-0.961,0.000,0.000,0.000,-221125
15.601071292,463287972,3.227,-9.098,-0.961,0.000,0.000,0.000,-221765
15.60527975,463292192,3.227,-9.098,-0.961,0.000,0.000,0.000,-221920
15.609591833,463296413,3.227,-9.098,-0.961,0.000,0.000,0.000,-220553
15.614059958,463300634,3.227,-9.098,-0.961,0.000,0.000,0.000,-220781
15.618015708,463304854,3.227,-9.098,-0.961,0.000,0.000,0.000,-221371
15.621170583,463308074,3.227,-9.098,-1.000,0.000,0.000,0.000,-221516
15.624340458,463311295,3.227,-9.098,-1.000,0.000,0.000,0.000,-221102
15.629707,463316515,3.227,-9.098,-1.000,0.000,0.000,0.000,-221561
15.633883708,463320735,3.227,-9.098,-1.000,0.000,0.000,0.000,-220504
15.637842875,463323955,3.227,-9.098,-1.000,0.000,0.000,0.000,-221651
15.64228975,463329176,3.227,-9.098,-1.000,0.000,0.000,0.000,-220717
15.6465435,463333397,3.227,-9.098,-1.000,0.000,0.000,0.000,-221658
15.651919875,463338618,3.191,-9.133,-0.961,0.000,0.000,0.000,-222254
15.655059042,463341838,3.191,-9.133,-0.961,0.000,0.000,0.000,-221229
15.663199667,463350060,3.191,-9.133,-0.961,0.000,0.000,0.000,-220702
15.667402125,463354280,3.191,-9.133,-0.961,0.000,0.000,0.000,-221182
15.670595333,463357500,3.191,-9.133,-0.961,0.000,0.000,0.000,-221166
15.674890458,463361721,3.191,-9.133,-0.961,0.000,0.000,0.000,-221725
15.680136625,463366941,3.191,-9.133,-0.961,0.000,0.000,0.000,-222465
15.684236667,463371162,3.227,-9.098,-0.961,0.000,0.000,0.000,-221097
15.686519375,463373382,3.227,-9.098,-0.961,0.000,0.000,0.000,-222173
15.690692667,463377602,3.227,-9.098,-0.961,0.000,0.000,0.000,-221640
15.69492675,463381823,3.227,-9.098,-0.961,0.000,0.000,0.000,-221082
15.700172375,463387044,3.227,-9.098,-0.961,0.000,0.000,0.000,-220978
15.704376375,463391264,3.227,-9.098,-0.961,0.000,0.000,0.000,-222180
15.708611167,463395485,3.227,-9.098,-0.961,0.000,0.000,0.000,-221155
15.713086333,463399705,3.266,-9.094,-1.000,0.000,0.000,0.000,-221849
15.715086708,463401926,3.266,-9.094,-1.000,0.000,0.000,0.000,-221868
15.721308583,463408147,3.266,-9.094,-1.000,0.000,0.000,0.000,-221244
15.725449125,463412368,3.266,-9.094,-1.000,0.000,0.000,0.000,-221189
15.729727458,463416589,3.266,-9.094,-1.000,0.000,0.000,0.000,-221484
15.734883583,463421809,3.266,-9.094,-1.000,0.000,0.000,0.000,-221521
15.740372208,463427030,3.266,-9.094,-1.000,0.000,0.000,0.000,-221581
15.744935417,463431251,3.266,-9.133,-1.000,0.000,0.000,0.000,-221649
15.746841792,463433471,3.266,-9.133,-1.000,0.000,0.000,0.000,-221862
15.750751917,463437692,3.266,-9.133,-1.000,0.000,0.000,0.000,-221399
15.755449583,463441913,3.266,-9.133,-1.000,0.000,0.000,0.000,-221029
15.760633625,463446133,3.266,-9.133,-1.000,0.000,0.000,0.000,-221492
15.763575458,463450354,3.266,-9.133,-1.000,0.000,0.000,0.000,-221003
15.767722333,463454575,3.266,-9.133,-1.000,0.000,0.000,0.000,-220574
15.773010708,463459796,3.266,-9.133,-0.961,0.000,0.000,0.000,-221627
15.776152417,463463016,3.266,-9.133,-0.961,0.000,0.000,0.000,-220190
15.783110625,463469236,3.266,-9.133,-0.961,0.000,0.000,0.000,-222627
15.786986167,463473456,3.266,-9.133,-0.961,0.000,0.000,0.000,-221286
15.790790792,463477677,3.266,-9.133,-0.961,0.000,0.000,0.000,-221355
15.795916792,463481898,3.266,-9.133,-0.961,0.000,0.000,0.000,-221846
15.800211958,463487118,3.191,-9.133,-0.961,0.000,0.000,0.000,-220951
15.802387417,463489339,3.191,-9.133,-0.961,0.000,0.000,0.000,-221464
15.807714792,463494560,3.191,-9.133,-0.961,0.000,0.000,0.000,-221755
15.812243417,463498780,3.191,-9.133,-0.961,0.000,0.000,0.000,-221782
15.816092292,463503001,3.191,-9.133,-0.961,0.000,0.000,0.000,-221738
15.821620458,463508222,3.191,-9.133,-0.961,0.000,0.000,0.000,-221966
15.825494708,463512445,3.191,-9.133,-0.961,0.000,0.000,0.000,-222486
15.830108292,463516665,3.227,-9.137,-0.961,0.000,0.000,0.000,-221231
15.832968875,463519886,3.227,-9.137,-0.961,0.000,0.000,0.000,-221801
15.838220292,463525107,3.227,-9.137,-0.961,0.000,0.000,0.000,-221679
15.842457625,463529329,3.227,-9.137,-0.961,0.000,0.000,0.000,-221486
15.846745,463533549,3.227,-9.137,-0.961,0.000,0.000,0.000,-221635
15.850864542,463537769,3.227,-9.137,-0.961,0.000,0.000,0.000,-220948
15.855106417,463541990,3.227,-9.137,-0.961,0.000,0.000,0.000,-221666
15.859347958,463546211,3.266,-9.133,-1.000,0.000,0.000,0.000,-221753
15.863041417,463549432,3.266,-9.133,-1.000,0.000,0.000,0.000,-221310
15.867788708,463554653,3.266,-9.133,-1.000,0.000,0.000,0.000,-221875
15.873081333,463559874,3.266,-9.133,-1.000,0.000,0.000,0.000,-222279
15.877245458,463564094,3.266,-9.133,-1.000,0.000,0.000,0.000,-222517
15.882508958,463569315,3.266,-9.133,-1.000,0.000,0.000,0.000,-221459
15.885711458,463572536,3.227,-9.098,-1.000,0.000,0.000,0.000,-220913
15.889852792,463576756,3.227,-9.098,-1.000,0.000,0.000,0.000,-221963
15.893050667,463579977,3.227,-9.137,-1.000,0.000,0.000,0.000,-222013
15.89735775,463584198,3.227,-9.137,-1.000,0.000,0.000,0.000,-222327
15.902240917,463588419,3.227,-9.137,-1.000,0.000,0.000,0.000,-219784
15.904811,463591639,3.227,-9.137,-1.000,0.000,0.000,0.000,-221622
15.910160417,463596860,3.227,-9.137,-1.000,0.000,0.000,0.000,-221090
15.91516175,463602081,3.227,-9.137,-1.000,0.000,0.000,0.000,-220778
15.922513208,463609301,3.227,-9.137,-0.961,0.000,0.000,0.000,-221371
15.925953958,463612521,3.227,-9.137,-0.961,0.000,0.000,0.000,-220985
15.930893375,463617742,3.227,-9.137,-0.961,0.000,0.000,0.000,-221573
15.935115292,463621962,3.227,-9.137,-0.961,0.000,0.000,0.000,-220964
15.9403475,463627183,3.227,-9.137,-0.961,0.000,0.000,0.000,-222131
15.944690917,463631404,3.227,-9.137,-0.961,0.000,0.000,0.000,-221362
15.947772083,463634625,3.227,-9.137,-0.961,0.000,0.000,0.000,-220914
15.951969833,463638848,3.227,-9.098,-1.000,0.000,0.000,0.000,-222577
15.955184042,463642069,3.227,-9.098,-1.000,0.000,0.000,0.000,-220330
15.9617305,463648290,3.227,-9.098,-1.000,0.000,0.000,0.000,-220639
15.965622292,463652511,3.227,-9.098,-1.000,0.000,0.000,0.000,-221199
15.970149125,463656732,3.227,-9.098,-1.000,0.000,0.000,0.000,-221682
15.975071708,463661952,3.227,-9.098,-1.000,0.000,0.000,0.000,-221359
15.981283042,463668173,3.227,-9.098,-1.000,0.000,0.000,0.000,-221578
15.9857075,463672394,3.266,-9.133,-1.039,0.000,0.000,0.000,-222080
15.988841333,463675615,3.266,-9.133,-1.039,0.000,0.000,0.000,-222100
15.994214417,463680836,3.266,-9.133,-1.039,0.000,0.000,0.000,-220791
15.998199167,463685057,3.266,-9.133,-1.039,0.000,0.000,0.000,-221514
16.003444583,463690278,3.266,-9.133,-1.039,0.000,0.000,0.000,-221345
16.0076665,463694499,3.266,-9.133,-1.039,0.000,0.000,0.000,-221507
16.013090542,463699720,3.266,-9.133,-1.039,0.000,0.000,0.000,-221704
16.017011417,463703940,3.227,-9.098,-1.000,0.000,0.000,0.000,-221309
16.020602083,463707161,3.227,-9.098,-1.000,0.000,0.000,0.000,-221572
16.02546025,463712382,3.227,-9.098,-1.000,0.000,0.000,0.000,-221623
16.0310325,463717603,3.227,-9.098,-1.000,0.000,0.000,0.000,-221489
16.034943875,463721824,3.227,-9.098,-1.000,0.000,0.000,0.000,-221635
16.041177417,463728045,3.227,-9.098,-1.000,0.000,0.000,0.000,-220623
16.045416125,463732266,3.227,-9.098,-1.000,0.000,0.000,0.000,-221010
16.05022375,463736487,3.227,-9.137,-1.000,0.000,0.000,0.000,-221433
16.051918875,463738708,3.227,-9.137,-1.000,0.000,0.000,0.000,-221560
16.056098583,463742928,3.227,-9.137,-1.000,0.000,0.000,0.000,-221809
16.0617365,463748149,3.227,-9.137,-1.000,0.000,0.000,0.000,-220700
16.065431792,463752370,3.227,-9.137,-1.000,0.000,0.000,0.000,-221559
16.069669542,463756590,3.227,-9.137,-1.000,0.000,0.000,0.000,-221271
16.07495425,463761811,3.227,-9.137,-1.000,0.000,0.000,0.000,-221092
16.080115375,463767031,3.266,-9.094,-1.000,0.000,0.000,0.000,-221736
16.083377375,463770252,3.266,-9.094,-1.000,0.000,0.000,0.000,-221320
16.088596875,463775473,3.266,-9.094,-1.000,0.000,0.000,0.000,-221494
16.092786,463779694,3.266,-9.094,-1.000,0.000,0.000,0.000,-221722
16.096250292,463782915,3.191,-9.137,-0.922,0.000,0.000,0.000,-221605
16.100320417,463787136,3.191,-9.137,-0.922,0.000,0.000,0.000,-221750
16.105519875,463792357,3.191,-9.137,-0.922,0.000,0.000,0.000,-222313
16.109805333,463796577,3.266,-9.133,-0.961,0.000,0.000,0.000,-221393
16.112962042,463799798,3.266,-9.133,-0.961,0.000,0.000,0.000,-220444
16.118287333,463805018,3.266,-9.133,-0.961,0.000,0.000,0.000,-221333
16.123344333,463810223,3.266,-9.133,-0.961,0.000,0.000,0.000,-221333
16.127536292,463814444,3.266,-9.133,-0.961,0.000,0.000,0.000,-220601
16.131806125,463818664,3.266,-9.133,-0.961,0.000,0.000,0.000,-221210
16.13499125,463821885,3.266,-9.133,-0.961,0.000,0.000,0.000,-221635
16.140240083,463827105,3.191,-9.094,-1.000,0.000,0.000,0.000,-221808
16.1427695,463829327,3.191,-9.094,-1.000,0.000,0.000,0.000,-220885
16.146676292,463833547,3.191,-9.094,-1.000,0.000,0.000,0.000,-221540
16.15087625,463837768,3.191,-9.094,-1.000,0.000,0.000,0.000,-221979
16.155252833,463841989,3.191,-9.094,-1.000,0.000,0.000,0.000,-220595
16.160350792,463847210,3.191,-9.094,-1.000,0.000,0.000,0.000,-221646
16.164551417,463851431,3.191,-9.094,-1.000,0.000,0.000,0.000,-221642
16.170900792,463857652,3.266,-9.176,-0.961,0.000,0.000,0.000,-221681
16.1730195,463859872,3.266,-9.176,-0.961,0.000,0.000,0.000,-221036
16.178376958,463865093,3.266,-9.176,-0.961,0.000,0.000,0.000,-222008
16.18250475,463869313,3.266,-9.176,-0.961,0.000,0.000,0.000,-221284
16.185612667,463872534,3.266,-9.176,-0.961,0.000,0.000,0.000,-221583
16.189851583,463876755,3.266,-9.176,-0.961,0.000,0.000,0.000,-221702
16.1940785,463880976,3.266,-9.176,-0.961,0.000,0.000,0.000,-220786
16.199048042,463885197,3.191,-9.094,-0.961,0.000,0.000,0.000,-221103
16.200885083,463887418,3.191,-9.094,-0.961,0.000,0.000,0.000,-221279
16.205794208,463892639,3.191,-9.094,-0.961,0.000,0.000,0.000,-221431
16.2100515,463896859,3.191,-9.094,-0.961,0.000,0.000,0.000,-221336
16.214271542,463901079,3.191,-9.094,-0.961,0.000,0.000,0.000,-221314
16.218527042,463905300,3.191,-9.094,-0.961,0.000,0.000,0.000,-221245
16.223969375,463910521,3.191,-9.094,-0.961,0.000,0.000,0.000,-221396
16.227938,463914726,3.227,-9.098,-1.000,0.000,0.000,0.000,-221396
16.231053292,463917946,3.227,-9.098,-1.000,0.000,0.000,0.000,-221123
16.23737125,463924167,3.227,-9.098,-1.000,0.000,0.000,0.000,-221740
16.242712917,463929388,3.227,-9.098,-1.000,0.000,0.000,0.000,-222595
16.247799667,463934609,3.227,-9.098,-1.000,0.000,0.000,0.000,-221756
16.253025708,463939830,3.227,-9.098,-1.000,0.000,0.000,0.000,-221271
16.257114458,463944051,3.227,-9.098,-1.000,0.000,0.000,0.000,-221351
16.261338583,463948272,3.266,-9.094,-1.000,0.000,0.000,0.000,-222231
16.263632167,463950492,3.266,-9.094,-1.000,0.000,0.000,0.000,-221292
16.268328542,463954713,3.266,-9.094,-1.000,0.000,0.000,0.000,-221773
16.272019083,463958934,3.191,-9.059,-0.961,0.000,0.000,0.000,-221511
16.2742895,463961154,3.191,-9.059,-0.961,0.000,0.000,0.000,-222105
16.278524625,463965374,3.191,-9.059,-0.961,0.000,0.000,0.000,-220732
16.282747583,463969595,3.191,-9.059,-0.961,0.000,0.000,0.000,-221631
16.287002667,463973815,3.191,-9.059,-0.961,0.000,0.000,0.000,-221694
16.29118925,463978035,3.191,-9.059,-0.961,0.000,0.000,0.000,-220592
16.29542875,463982255,3.191,-9.059,-0.961,0.000,0.000,0.000,-221775
16.3005885,463987475,3.227,-9.098,-0.961,0.000,0.000,0.000,-221908
16.30385025,463990695,3.227,-9.098,-0.961,0.000,0.000,0.000,-222261
16.309059167,463995900,3.227,-9.098,-0.961,0.000,0.000,0.000,-222261
16.313320625,464000121,3.227,-9.098,-0.961,0.000,0.000,0.000,-220696
16.316781833,464003342,3.227,-9.098,-0.961,0.000,0.000,0.000,-221745
16.321736333,464008563,3.227,-9.098,-0.961,0.000,0.000,0.000,-221715
16.3260165,464012784,3.227,-9.098,-0.961,0.000,0.000,0.000,-221673
16.330482667,464017004,3.227,-9.098,-1.000,0.000,0.000,0.000,-222013
16.333399292,464020224,3.227,-9.098,-1.000,0.000,0.000,0.000,-221814
16.339777625,464026444,3.227,-9.098,-1.000,0.000,0.000,0.000,-221501
16.34378675,464030665,3.227,-9.098,-1.000,0.000,0.000,0.000,-221429
16.348084042,464034886,3.227,-9.098,-1.000,0.000,0.000,0.000,-220916
16.353281458,464040107,3.227,-9.098,-1.000,0.000,0.000,0.000,-221979
16.35755625,464044328,3.227,-9.098,-1.000,0.000,0.000,0.000,-221869
16.361774542,464048548,3.191,-9.094,-1.000,0.000,0.000,0.000,-220998
16.363837333,464050768,3.191,-9.094,-1.000,0.000,0.000,0.000,-221617
16.368124625,464054988,3.191,-9.094,-1.000,0.000,0.000,0.000,-221893
16.372378333,464059208,3.191,-9.094,-1.000,0.000,0.000,0.000,-221589
16.376600417,464063429,3.191,-9.094,-1.000,0.000,0.000,0.000,-221616
16.38203675,464068649,3.191,-9.094,-1.000,0.000,0.000,0.000,-221063
16.386712417,464072870,3.191,-9.094,-1.000,0.000,0.000,0.000,-221387
16.390473042,464077091,3.227,-9.137,-1.000,0.000,0.000,0.000,-221058
16.392695167,464079312,3.227,-9.137,-1.000,0.000,0.000,0.000,-221708
16.398181917,464084533,3.227,-9.137,-1.000,0.000,0.000,0.000,-221307
16.403574333,464089754,3.227,-9.137,-1.000,0.000,0.000,0.000,-221033
16.408055583,464094975,3.227,-9.137,-1.000,0.000,0.000,0.000,-221929
16.412346042,464099197,3.227,-9.137,-1.000,0.000,0.000,0.000,-221172
16.416603042,464103417,3.227,-9.137,-1.000,0.000,0.000,0.000,-221184
16.421808583,464108638,3.227,-9.098,-1.000,0.000,0.000,0.000,-222323
16.425092042,464111858,3.227,-9.098,-1.000,0.000,0.000,0.000,-221347
16.432137417,464119079,3.227,-9.098,-1.000,0.000,0.000,0.000,-220378
16.436462792,464123299,3.227,-9.098,-1.000,0.000,0.000,0.000,-221470
16.441669708,464128520,3.227,-9.098,-1.000,0.000,0.000,0.000,-221582
16.445912958,464132741,3.227,-9.098,-1.000,0.000,0.000,0.000,-221857
16.450102875,464136962,3.227,-9.098,-1.000,0.000,0.000,0.000,-221444
16.45325975,464140183,3.227,-9.137,-1.000,0.000,0.000,0.000,-222386
16.455515917,464142404,3.227,-9.137,-1.000,0.000,0.000,0.000,-221518
16.460774708,464147624,3.227,-9.137,-1.000,0.000,0.000,0.000,-221714
16.464983833,464151845,3.227,-9.137,-1.000,0.000,0.000,0.000,-222606
16.470269542,464157065,3.227,-9.137,-1.000,0.000,0.000,0.000,-221134
16.474443458,464161286,3.227,-9.137,-1.000,0.000,0.000,0.000,-221523
16.479642458,464166509,3.227,-9.137,-1.000,0.000,0.000,0.000,-221477
16.48391075,464170730,3.266,-9.133,-1.000,0.000,0.000,0.000,-221870
16.48710975,464173950,3.266,-9.133,-1.000,0.000,0.000,0.000,-220961
16.492319583,464179171,3.266,-9.133,-1.000,0.000,0.000,0.000,-221380
16.496449333,464183392,3.266,-9.094,-1.000,0.000,0.000,0.000,-221784
16.499714375,464186613,3.266,-9.094,-1.000,0.000,0.000,0.000,-221832
16.504942792,464191834,3.266,-9.094,-1.000,0.000,0.000,0.000,-222009
16.509178833,464196054,3.266,-9.094,-1.000,0.000,0.000,0.000,-221721
16.512402125,464199274,3.266,-9.094,-1.000,0.000,0.000,0.000,-220999
16.516684958,464203495,3.266,-9.094,-1.000,0.000,0.000,0.000,-221067
16.521058458,464207716,3.266,-9.094,-1.000,0.000,0.000,0.000,-222040
16.525505667,464211936,3.227,-9.098,-1.000,0.000,0.000,0.000,-221929
16.528523125,464215157,3.227,-9.098,-1.000,0.000,0.000,0.000,-221081
16.533534458,464220378,3.227,-9.098,-1.000,0.000,0.000,0.000,-220880
16.537996125,464224599,3.227,-9.098,-1.000,0.000,0.000,0.000,-221434
16.54197425,464228820,3.227,-9.098,-1.000,0.000,0.000,0.000,-221677
16.546088458,464233040,3.227,-9.098,-1.000,0.000,0.000,0.000,-221010
16.550424,464237261,3.227,-9.098,-1.000,0.000,0.000,0.000,-221492
16.554654917,464241482,3.227,-9.137,-1.000,0.000,0.000,0.000,-221921
16.556939,464243703,3.227,-9.137,-1.000,0.000,0.000,0.000,-221584
16.562147458,464248924,3.227,-9.137,-1.000,0.000,0.000,0.000,-222410
16.56627175,464253145,3.227,-9.137,-1.000,0.000,0.000,0.000,-222006
16.570658083,464257366,3.227,-9.137,-1.000,0.000,0.000,0.000,-221061
16.574759792,464261587,3.227,-9.137,-1.000,0.000,0.000,0.000,-221271
16.580065875,464266808,3.227,-9.137,-1.000,0.000,0.000,0.000,-221259
16.583104417,464270029,3.191,-9.094,-1.039,0.000,0.000,0.000,-222369
16.585373625,464272249,3.191,-9.094,-1.039,0.000,0.000,0.000,-221479
16.590509833,464277469,3.191,-9.094,-1.039,0.000,0.000,0.000,-220893
16.594832458,464281690,3.266,-9.133,-1.000,0.000,0.000,0.000,-222167
16.597033333,464283911,3.266,-9.133,-1.000,0.000,0.000,0.000,-221721
16.601305875,464288131,3.266,-9.133,-1.000,0.000,0.000,0.000,-221830
16.605503208,464292352,3.266,-9.133,-1.000,0.000,0.000,0.000,-222222
16.610692542,464297573,3.266,-9.133,-1.000,0.000,0.000,0.000,-221828
16.614792875,464301794,3.266,-9.133,-1.000,0.000,0.000,0.000,-220945
16.620030083,464307014,3.266,-9.133,-1.000,0.000,0.000,0.000,-221551
16.623252083,464310235,3.266,-9.133,-1.000,0.000,0.000,0.000,-222098
16.627472125,464314455,3.266,-9.133,-1.000,0.000,0.000,0.000,-220824
16.630787833,464317675,3.266,-9.133,-1.000,0.000,0.000,0.000,-221235
16.635029,464321895,3.266,-9.133,-1.000,0.000,0.000,0.000,-221970
16.640196792,464327116,3.266,-9.133,-1.000,0.000,0.000,0.000,-221574
16.644432375,464331337,3.266,-9.133,-1.000,0.000,0.000,0.000,-221426
16.648648083,464335558,3.266,-9.133,-1.000,0.000,0.000,0.000,-222362
16.652886292,464339779,3.266,-9.133,-1.000,0.000,0.000,0.000,-222224
16.657122,464344000,3.227,-9.137,-0.961,0.000,0.000,0.000,-222083
16.66033125,464347220,3.227,-9.137,-0.961,0.000,0.000,0.000,-221629
16.666583292,464353441,3.227,-9.137,-0.961,0.000,0.000,0.000,-221739
16.670864875,464357662,3.227,-9.137,-0.961,0.000,0.000,0.000,-221991
16.675040833,464361883,3.227,-9.137,-0.961,0.000,0.000,0.000,-220184
16.682407333,464369105,3.227,-9.137,-0.961,0.000,0.000,0.000,-221807
16.687032917,464373325,3.227,-9.137,-1.039,0.000,0.000,0.000,-221356
16.689716583,464376546,3.227,-9.137,-1.039,0.000,0.000,0.000,-221470
16.694880917,464381767,3.227,-9.137,-1.039,0.000,0.000,0.000,-221244
16.700146167,464386988,3.227,-9.137,-1.039,0.000,0.000,0.000,-221413
16.70333125,464390209,3.227,-9.137,-1.039,0.000,0.000,0.000,-221795
16.707558583,464394430,3.227,-9.137,-1.039,0.000,0.000,0.000,-221465
16.712212292,464398650,3.227,-9.137,-1.039,0.000,0.000,0.000,-221136
16.715083792,464401871,3.227,-9.137,-1.000,0.000,0.000,0.000,-220896
16.71723275,464404092,3.227,-9.137,-1.000,0.000,0.000,0.000,-221058
16.722509292,464409314,3.227,-9.137,-1.000,0.000,0.000,0.000,-221944
16.727849542,464414534,3.227,-9.137,-1.000,0.000,0.000,0.000,-220831
16.732515,464418755,3.227,-9.137,-1.000,0.000,0.000,0.000,-221494
16.736610583,464422976,3.227,-9.137,-1.000,0.000,0.000,0.000,-222406
16.741525458,464428196,3.227,-9.137,-1.000,0.000,0.000,0.000,-221280
16.745530125,464432417,3.191,-9.094,-1.039,0.000,0.000,0.000,-220836
16.74784,464434638,3.191,-9.094,-1.039,0.000,0.000,0.000,-221377
16.753096292,464439859,3.191,-9.094,-1.039,0.000,0.000,0.000,-221471
16.757302375,464444079,3.191,-9.094,-1.039,0.000,0.000,0.000,-221224
16.761870292,464448299,3.191,-9.094,-1.039,0.000,0.000,0.000,-221411
16.766606208,464453520,3.191,-9.094,-1.039,0.000,0.000,0.000,-220446
16.7709275,464457741,3.191,-9.094,-1.039,0.000,0.000,0.000,-220855
16.776228458,464462962,3.227,-9.098,-0.961,0.000,0.000,0.000,-221760
16.77934025,464466182,3.227,-9.098,-0.961,0.000,0.000,0.000,-221947
16.785462,464472403,3.227,-9.098,-0.961,0.000,0.000,0.000,-221416
16.790711875,464477624,3.227,-9.098,-0.961,0.000,0.000,0.000,-221941
16.796277,464482845,3.227,-9.098,-0.961,0.000,0.000,0.000,-221417
16.800618542,464487065,3.266,-9.137,-0.922,0.000,0.000,0.000,-221810
16.803546833,464490285,3.266,-9.137,-0.922,0.000,0.000,0.000,-221780
16.808639833,464495505,3.266,-9.137,-0.922,0.000,0.000,0.000,-222046
16.814069833,464500726,3.266,-9.137,-0.922,0.000,0.000,0.000,-220488
16.818260833,464504946,3.266,-9.137,-0.922,0.000,0.000,0.000,-220664
16.823484833,464510167,3.266,-9.137,-0.922,0.000,0.000,0.000,-221777
16.828717875,464514372,3.266,-9.137,-0.922,0.000,0.000,0.000,-221777
16.831688042,464518592,3.191,-9.094,-1.000,0.000,0.000,0.000,-221473
16.834905667,464521813,3.191,-9.094,-1.000,0.000,0.000,0.000,-221855
16.841199042,464528034,3.191,-9.094,-1.000,0.000,0.000,0.000,-222758
16.845526333,464532255,3.191,-9.094,-1.000,0.000,0.000,0.000,-222772
16.849548875,464536476,3.191,-9.094,-1.000,0.000,0.000,0.000,-222666
16.853831667,464540697,3.191,-9.094,-1.000,0.000,0.000,0.000,-221456
16.8590475,464545918,3.191,-9.094,-1.000,0.000,0.000,0.000,-221546
16.863329917,464550139,3.191,-9.133,-0.961,0.000,0.000,0.000,-221262
16.866806417,464553359,3.191,-9.133,-0.961,0.000,0.000,0.000,-221447
16.872765542,464559580,3.191,-9.133,-0.961,0.000,0.000,0.000,-221492
16.876978833,464563801,3.191,-9.133,-0.961,0.000,0.000,0.000,-222035
16.8811645,464568022,3.191,-9.133,-0.961,0.000,0.000,0.000,-222028
16.885735625,464572242,3.191,-9.133,-0.961,0.000,0.000,0.000,-221788
16.888625667,464575462,3.191,-9.133,-0.961,0.000,0.000,0.000,-221482
16.892791708,464579683,3.227,-9.137,-1.000,0.000,0.000,0.000,-221644
16.895039583,464581904,3.227,-9.137,-1.000,0.000,0.000,0.000,-222039
16.900258417,464587125,3.227,-9.137,-1.000,0.000,0.000,0.000,-221850
16.904549,464591346,3.227,-9.137,-1.000,0.000,0.000,0.000,-221844
16.908856583,464595566,3.227,-9.137,-1.000,0.000,0.000,0.000,-222065
16.912971167,464599787,3.227,-9.137,-1.000,0.000,0.000,0.000,-221614
16.91613925,464603008,3.227,-9.137,-1.000,0.000,0.000,0.000,-222280
16.921401542,464608228,3.227,-9.137,-0.961,0.000,0.000,0.000,-221774
16.923609917,464610448,3.227,-9.137,-0.961,0.000,0.000,0.000,-222093
16.927866667,464614668,3.227,-9.137,-0.961,0.000,0.000,0.000,-221278
16.932176833,464618889,3.227,-9.137,-0.961,0.000,0.000,0.000,-222261
16.936181542,464623112,3.227,-9.137,-0.961,0.000,0.000,0.000,-221434
16.9438045,464630332,3.227,-9.137,-0.961,0.000,0.000,0.000,-221221
16.947738125,464634552,3.227,-9.137,-0.961,0.000,0.000,0.000,-221645
16.95187125,464638773,3.227,-9.137,-0.961,0.000,0.000,0.000,-221470
16.955503667,464641994,3.227,-9.137,-0.961,0.000,0.000,0.000,-221735
16.96134375,464648215,3.227,-9.137,-0.961,0.000,0.000,0.000,-221775
16.965501667,464652436,3.227,-9.137,-0.961,0.000,0.000,0.000,-221736
16.969739667,464656657,3.227,-9.137,-0.961,0.000,0.000,0.000,-221400
16.974213542,464660878,3.227,-9.137,-0.961,0.000,0.000,0.000,-221844
16.979269583,464666098,3.227,-9.137,-0.961,0.000,0.000,0.000,-222256
16.982412458,464669319,3.227,-9.137,-1.000,0.000,0.000,0.000,-222893
16.984607667,464671540,3.227,-9.137,-1.000,0.000,0.000,0.000,-222267
16.989014875,464675761,3.227,-9.137,-1.000,0.000,0.000,0.000,-221280
16.993070417,464679982,3.227,-9.137,-1.000,0.000,0.000,0.000,-221601
16.996584208,464683203,3.227,-9.137,-1.000,0.000,0.000,0.000,-222036
17.000566417,464687424,3.227,-9.137,-1.000,0.000,0.000,0.000,-221421
17.004028042,464690644,3.266,-9.133,-0.961,0.000,0.000,0.000,-222906
17.00606425,464692865,3.266,-9.133,-0.961,0.000,0.000,0.000,-222839
17.011262042,464698085,3.266,-9.133,-0.961,0.000,0.000,0.000,-221333
17.016439292,464703308,3.266,-9.133,-0.961,0.000,0.000,0.000,-222124
17.020920917,464707529,3.266,-9.133,-0.961,0.000,0.000,0.000,-221868
17.025209708,464711749,3.266,-9.133,-0.961,0.000,0.000,0.000,-222275
17.029119667,464714970,3.266,-9.133,-0.961,0.000,0.000,0.000,-221206
17.032508542,464719190,3.227,-9.098,-0.961,0.000,0.000,0.000,-220715
17.035591792,464722410,3.227,-9.098,-0.961,0.000,0.000,0.000,-221193
17.041766167,464728631,3.227,-9.098,-0.961,0.000,0.000,0.000,-222641
17.046170625,464732852,3.227,-9.098,-0.961,0.000,0.000,0.000,-221820
17.050153208,464737072,3.227,-9.098,-0.961,0.000,0.000,0.000,-222381
17.054402667,464741293,3.227,-9.098,-0.961,0.000,0.000,0.000,-221569
17.058687167,464745513,3.227,-9.098,-0.961,0.000,0.000,0.000,-222008
17.063864833,464750733,3.227,-9.137,-1.000,0.000,0.000,0.000,-221249
17.067092083,464753953,3.227,-9.137,-1.000,0.000,0.000,0.000,-222292
17.073289583,464760174,3.227,-9.137,-1.000,0.000,0.000,0.000,-222573
17.077531917,464764394,3.227,-9.137,-1.000,0.000,0.000,0.000,-220883
17.081769542,464768614,3.227,-9.137,-1.000,0.000,0.000,0.000,-220807
17.085981417,464772834,3.227,-9.137,-1.000,0.000,0.000,0.000,-220856
17.090160125,464777055,3.227,-9.137,-1.000,0.000,0.000,0.000,-221243
17.095562167,464782276,3.266,-9.094,-0.961,0.000,0.000,0.000,-221152
17.098602458,464785496,3.266,-9.094,-0.961,0.000,0.000,0.000,-222137
17.104901875,464791716,3.266,-9.094,-0.961,0.000,0.000,0.000,-222708
17.109121792,464795936,3.266,-9.094,-0.961,0.000,0.000,0.000,-222680
17.11344275,464800156,3.266,-9.094,-0.961,0.000,0.000,0.000,-222347
17.117991167,464804376,3.266,-9.094,-0.961,0.000,0.000,0.000,-221594
17.122749,464809596,3.266,-9.094,-0.961,0.000,0.000,0.000,-222006
17.126933458,464813817,3.266,-9.094,-1.000,0.000,0.000,0.000,-221960
17.130094292,464817038,3.266,-9.094,-1.000,0.000,0.000,0.000,-222554
17.135348875,464822258,3.266,-9.094,-1.000,0.000,0.000,0.000,-221656
17.140576042,464827479,3.266,-9.094,-1.000,0.000,0.000,0.000,-222246
17.144849583,464831699,3.266,-9.094,-1.000,0.000,0.000,0.000,-222101
17.14804025,464834920,3.266,-9.094,-1.000,0.000,0.000,0.000,-220771
17.152300917,464839141,3.227,-9.137,-1.000,0.000,0.000,0.000,-221332
17.155515542,464842361,3.227,-9.137,-1.000,0.000,0.000,0.000,-221960
17.161897208,464848581,3.227,-9.137,-1.000,0.000,0.000,0.000,-221297
17.165878083,464852802,3.227,-9.137,-1.000,0.000,0.000,0.000,-221393
17.17016575,464857023,3.227,-9.137,-1.000,0.000,0.000,0.000,-221713
17.174312667,464861244,3.227,-9.137,-1.000,0.000,0.000,0.000,-221329
17.178587125,464865464,3.227,-9.137,-1.000,0.000,0.000,0.000,-222013
17.183732458,464870685,3.227,-9.098,-1.000,0.000,0.000,0.000,-221631
17.186918833,464873905,3.227,-9.098,-1.000,0.000,0.000,0.000,-222199
17.194201333,464881127,3.227,-9.098,-1.000,0.000,0.000,0.000,-221514
17.199345917,464886347,3.227,-9.098,-1.000,0.000,0.000,0.000,-221686
17.203558542,464890568,3.227,-9.098,-1.000,0.000,0.000,0.000,-222283
17.208809417,464895789,3.227,-9.098,-1.000,0.000,0.000,0.000,-222871
17.213002417,464900010,3.227,-9.098,-1.000,0.000,0.000,0.000,-222005
17.217285417,464904230,3.266,-9.137,-0.922,0.000,0.000,0.000,-222119
17.220484042,464907451,3.266,-9.137,-0.922,0.000,0.000,0.000,-221940
17.226743958,464913672,3.266,-9.137,-0.922,0.000,0.000,0.000,-222366
17.230910083,464917893,3.266,-9.137,-0.922,0.000,0.000,0.000,-222813
17.235186667,464922114,3.266,-9.137,-0.922,0.000,0.000,0.000,-221892
17.240315375,464927335,3.266,-9.137,-0.922,0.000,0.000,0.000,-221509
17.2445955,464931556,3.266,-9.137,-0.922,0.000,0.000,0.000,-222080
17.248803917,464935776,3.266,-9.133,-1.000,0.000,0.000,0.000,-222780
17.252061667,464938997,3.266,-9.133,-1.000,0.000,0.000,0.000,-221632
17.257293375,464944218,3.266,-9.133,-1.000,0.000,0.000,0.000,-221839
17.262495875,464949439,3.266,-9.133,-1.000,0.000,0.000,0.000,-221922
17.266719375,464953660,3.266,-9.133,-1.000,0.000,0.000,0.000,-222361
17.270934708,464957881,3.266,-9.133,-1.000,0.000,0.000,0.000,-221263
17.275187167,464962102,3.266,-9.133,-1.000,0.000,0.000,0.000,-221602
17.28032725,464967323,3.227,-9.098,-0.961,0.000,0.000,0.000,-222034
17.283584917,464970544,3.227,-9.098,-0.961,0.000,0.000,0.000,-222283
17.288848583,464975764,3.227,-9.098,-0.961,0.000,0.000,0.000,-223321
17.29306825,464979985,3.227,-9.098,-0.961,0.000,0.000,0.000,-221535
17.297280083,464984205,3.227,-9.098,-0.961,0.000,0.000,0.000,-222344
17.301511875,464988426,3.227,-9.098,-0.961,0.000,0.000,0.000,-221824
17.305717917,464992647,3.227,-9.098,-0.961,0.000,0.000,0.000,-222783
17.3099685,464996867,3.227,-9.137,-0.961,0.000,0.000,0.000,-222509
17.313175417,465000088,3.227,-9.137,-0.961,0.000,0.000,0.000,-221710
17.319400083,465006310,3.227,-9.137,-0.961,0.000,0.000,0.000,-221227
17.323621333,465010531,3.227,-9.137,-0.961,0.000,0.000,0.000,-221911
17.328864583,465015752,3.227,-9.137,-0.961,0.000,0.000,0.000,-222576
17.333049917,465019972,3.227,-9.137,-0.961,0.000,0.000,0.000,-221998
17.337316542,465024193,3.227,-9.137,-0.961,0.000,0.000,0.000,-221809
17.341597708,465028413,3.191,-9.094,-1.000,0.000,0.000,0.000,-222202
17.343712875,465030634,3.191,-9.094,-1.000,0.000,0.000,0.000,-222066
17.348968292,465035854,3.191,-9.094,-1.000,0.000,0.000,0.000,-222354
17.353178542,465040075,3.191,-9.094,-1.000,0.000,0.000,0.000,-221956
17.356392625,465043296,3.191,-9.094,-1.000,0.000,0.000,0.000,-222422
17.361768417,465048517,3.191,-9.094,-1.000,0.000,0.000,0.000,-221487
17.365882208,465052737,3.191,-9.094,-1.000,0.000,0.000,0.000,-221697
17.3691175,465055958,3.227,-9.098,-0.961,0.000,0.000,0.000,-222288
17.374309667,465061179,3.227,-9.098,-0.961,0.000,0.000,0.000,-221551
17.378550542,465065400,3.227,-9.098,-0.961,0.000,0.000,0.000,-221654
17.38375075,465070621,3.227,-9.098,-0.961,0.000,0.000,0.000,-222250
17.38797125,465074842,3.227,-9.098,-0.961,0.000,0.000,0.000,-222439
17.392154083,465079063,3.227,-9.098,-0.961,0.000,0.000,0.000,-221577
17.396899625,465083284,3.227,-9.098,-0.961,0.000,0.000,0.000,-221567
17.399639625,465086504,3.227,-9.098,-0.961,0.000,0.000,0.000,-221093
17.406001333,465092710,3.227,-9.098,-0.961,0.000,0.000,0.000,-221093
17.410200167,465096930,3.227,-9.098,-0.961,0.000,0.000,0.000,-221355
17.414248042,465101151,3.227,-9.098,-0.961,0.000,0.000,0.000,-222091
17.419875833,465106371,3.227,-9.098,-0.961,0.000,0.000,0.000,-221662
17.424914208,465111592,3.227,-9.098,-0.961,0.000,0.000,0.000,-222601
17.429199167,465115813,3.227,-9.098,-1.000,0.000,0.000,0.000,-222189
17.431895125,465118034,3.227,-9.098,-1.000,0.000,0.000,0.000,-222129
17.43543425,465122254,3.227,-9.098,-1.000,0.000,0.000,0.000,-222414
17.439625375,465126475,3.227,-9.098,-1.000,0.000,0.000,0.000,-223037
17.443823,465130696,3.227,-9.098,-1.000,0.000,0.000,0.000,-221397
17.450025958,465136917,3.227,-9.098,-1.000,0.000,0.000,0.000,-221890
17.453248708,465140138,3.227,-9.098,-1.000,0.000,0.000,0.000,-221933
17.457524333,465144359,3.227,-9.098,-1.000,0.000,0.000,0.000,-221434
17.461355292,465147579,3.227,-9.098,-1.000,0.000,0.000,0.000,-221719
17.466960375,465153800,3.227,-9.098,-1.000,0.000,0.000,0.000,-222264
17.471146083,465158021,3.227,-9.098,-1.000,0.000,0.000,0.000,-221486
17.475488708,465162241,3.227,-9.098,-1.000,0.000,0.000,0.000,-221890
17.480643125,465167462,3.227,-9.098,-1.000,0.000,0.000,0.000,-221647
17.484845042,465171682,3.227,-9.098,-1.000,0.000,0.000,0.000,-221754
17.489277417,465175903,3.227,-9.137,-1.000,0.000,0.000,0.000,-221450
17.492302125,465179124,3.227,-9.137,-1.000,0.000,0.000,0.000,-221819
17.497577458,465184345,3.227,-9.137,-1.000,0.000,0.000,0.000,-222861
17.503129708,465189566,3.227,-9.137,-1.000,0.000,0.000,0.000,-221129
17.507043375,465193787,3.227,-9.137,-1.000,0.000,0.000,0.000,-222553
17.512328958,465199008,3.227,-9.137,-1.000,0.000,0.000,0.000,-221737
17.516459083,465203229,3.227,-9.137,-1.000,0.000,0.000,0.000,-222085
17.521838458,465208450,3.266,-9.133,-0.961,0.000,0.000,0.000,-222482
17.524295208,465210671,3.266,-9.133,-0.961,0.000,0.000,0.000,-222421
17.528148458,465214892,3.266,-9.133,-0.961,0.000,0.000,0.000,-221960
17.53219375,465219115,3.266,-9.133,-0.961,0.000,0.000,0.000,-221882
17.535962125,465222335,3.266,-9.133,-0.961,0.000,0.000,0.000,-222175
17.540728417,465227555,3.266,-9.133,-0.961,0.000,0.000,0.000,-222230
17.544021458,465230776,3.227,-9.098,-1.000,0.000,0.000,0.000,-222495
17.546247208,465232996,3.227,-9.098,-1.000,0.000,0.000,0.000,-222430
17.551596583,465238217,3.227,-9.098,-1.000,0.000,0.000,0.000,-221666
17.5558715,465242438,3.227,-9.098,-1.000,0.000,0.000,0.000,-221217
17.560754417,465247659,3.227,-9.098,-1.000,0.000,0.000,0.000,-222559
17.566058042,465252880,3.227,-9.098,-1.000,0.000,0.000,0.000,-221587
17.56919525,465256103,3.227,-9.098,-1.000,0.000,0.000,0.000,-222070
17.573460583,465260323,3.227,-9.137,-1.000,0.000,0.000,0.000,-221670
17.576700042,465263544,3.227,-9.137,-1.000,0.000,0.000,0.000,-221601
17.582867583,465269765,3.227,-9.137,-1.000,0.000,0.000,0.000,-222733
17.587117333,465273985,3.227,-9.137,-1.000,0.000,0.000,0.000,-221386
17.591297625,465278205,3.227,-9.137,-1.000,0.000,0.000,0.000,-221683
17.596562292,465283425,3.227,-9.137,-1.000,0.000,0.000,0.000,-220615
17.601833583,465288646,3.227,-9.137,-1.000,0.000,0.000,0.000,-221407
17.606192917,465292867,3.227,-9.137,-1.000,0.000,0.000,0.000,-221852
17.608196375,465295088,3.227,-9.137,-1.000,0.000,0.000,0.000,-221509
17.613529042,465300309,3.227,-9.137,-1.000,0.000,0.000,0.000,-222085
17.617663,465304530,3.227,-9.137,-1.000,0.000,0.000,0.000,-221272
17.621916042,465308750,3.227,-9.137,-1.000,0.000,0.000,0.000,-222275
17.626295875,465312971,3.227,-9.137,-1.000,0.000,0.000,0.000,-221620
17.630341708,465317192,3.227,-9.137,-1.000,0.000,0.000,0.000,-221920
17.634588625,465321413,3.227,-9.137,-0.961,0.000,0.000,0.000,-221905
17.637761958,465324633,3.227,-9.137,-0.961,0.000,0.000,0.000,-222320
17.644006583,465330853,3.227,-9.137,-0.961,0.000,0.000,0.000,-221987
17.648187625,465335073,3.227,-9.137,-0.961,0.000,0.000,0.000,-221856
17.651454083,465338294,3.227,-9.137,-0.961,0.000,0.000,0.000,-221587
17.655614833,465342515,3.227,-9.137,-0.961,0.000,0.000,0.000,-222077
17.660875375,465347735,3.227,-9.137,-0.961,0.000,0.000,0.000,-221721
17.664116375,465350956,3.227,-9.137,-1.000,0.000,0.000,0.000,-223495
17.669288167,465356177,3.227,-9.137,-1.000,0.000,0.000,0.000,-223001
17.673509375,465360397,3.227,-9.137,-1.000,0.000,0.000,0.000,-221313
17.677842875,465364618,3.227,-9.137,-1.000,0.000,0.000,0.000,-221874
17.683095125,465369839,3.227,-9.137,-1.000,0.000,0.000,0.000,-222135
17.68725875,465374060,3.227,-9.172,-0.961,0.000,0.000,0.000,-221187
17.689379375,465376281,3.227,-9.172,-0.961,0.000,0.000,0.000,-221754
17.693813042,465380501,3.227,-9.172,-0.961,0.000,0.000,0.000,-220877
17.697877,465384722,3.227,-9.172,-0.961,0.000,0.000,0.000,-220893
17.704100375,465390943,3.227,-9.172,-0.961,0.000,0.000,0.000,-222546
17.708322292,465395163,3.227,-9.172,-0.961,0.000,0.000,0.000,-221962
17.713713417,465400384,3.227,-9.172,-0.961,0.000,0.000,0.000,-221789
17.717779042,465404604,3.266,-9.094,-0.961,0.000,0.000,0.000,-221411
17.7209795,465407824,3.266,-9.094,-0.961,0.000,0.000,0.000,-221598
17.726154125,465413044,3.266,-9.094,-0.961,0.000,0.000,0.000,-222085
17.730406167,465417264,3.266,-9.094,-0.961,0.000,0.000,0.000,-222377
17.734663875,465421484,3.266,-9.094,-0.961,0.000,0.000,0.000,-222386
17.738901792,465425704,3.266,-9.094,-0.961,0.000,0.000,0.000,-222478
17.744231208,465430925,3.227,-9.098,-1.000,0.000,0.000,0.000,-221819
17.746234625,465433146,3.227,-9.098,-1.000,0.000,0.000,0.000,-222453
17.751487458,465438367,3.227,-9.098,-1.000,0.000,0.000,0.000,-221270
17.75588625,465442588,3.227,-9.098,-1.000,0.000,0.000,0.000,-222533
17.761805167,465447809,3.227,-9.098,-1.000,0.000,0.000,0.000,-222507
17.764162417,465451030,3.266,-9.133,-1.000,0.000,0.000,0.000,-221824
17.768512833,465455251,3.266,-9.133,-1.000,0.000,0.000,0.000,-222305
17.7729605,465459472,3.266,-9.133,-1.000,0.000,0.000,0.000,-222384
17.777052792,465463693,3.266,-9.133,-1.000,0.000,0.000,0.000,-221862
17.782053625,465468913,3.266,-9.133,-1.000,0.000,0.000,0.000,-222516
17.786615417,465473134,3.266,-9.133,-1.000,0.000,0.000,0.000,-221780
17.79101625,465477355,3.227,-9.137,-1.000,0.000,0.000,0.000,-222060
17.79297325,465479576,3.227,-9.137,-1.000,0.000,0.000,0.000,-222061
17.797211167,465483796,3.227,-9.137,-1.000,0.000,0.000,0.000,-222030
17.80111825,465488016,3.227,-9.137,-1.000,0.000,0.000,0.000,-221939
17.80445625,465491237,3.227,-9.137,-1.000,0.000,0.000,0.000,-222149
17.808684417,465495458,3.227,-9.137,-1.000,0.000,0.000,0.000,-222563
17.81441725,465500679,3.227,-9.137,-1.000,0.000,0.000,0.000,-222134
17.819228792,465505900,3.266,-9.133,-0.961,0.000,0.000,0.000,-222933
17.821223792,465508121,3.266,-9.133,-0.961,0.000,0.000,0.000,-222342
17.827560208,465513342,3.266,-9.133,-0.961,0.000,0.000,0.000,-221056
17.830818667,465517563,3.266,-9.133,-0.961,0.000,0.000,0.000,-222356
17.8349025,465521783,3.266,-9.133,-0.961,0.000,0.000,0.000,-221887
17.839192875,465526003,3.266,-9.133,-0.961,0.000,0.000,0.000,-221648
17.84440775,465531224,3.227,-9.098,-1.000,0.000,0.000,0.000,-222009
17.846576833,465533445,3.227,-9.098,-1.000,0.000,0.000,0.000,-221668
17.851816458,465538666,3.227,-9.098,-1.000,0.000,0.000,0.000,-221015
17.856095458,465542889,3.227,-9.098,-1.000,0.000,0.000,0.000,-222345
17.861296125,465548109,3.227,-9.098,-1.000,0.000,0.000,0.000,-222329
17.865517,465552330,3.266,-9.133,-1.000,0.000,0.000,0.000,-221837
17.869915708,465556551,3.266,-9.133,-1.000,0.000,0.000,0.000,-221576
17.873944917,465560771,3.266,-9.133,-1.000,0.000,0.000,0.000,-222163
17.878252375,465564992,3.266,-9.133,-1.000,0.000,0.000,0.000,-221891
17.883323,465570214,3.266,-9.133,-1.000,0.000,0.000,0.000,-221802
17.887546042,465574435,3.266,-9.133,-1.000,0.000,0.000,0.000,-222206
17.892783208,465578656,3.227,-9.098,-0.961,0.000,0.000,0.000,-222500
17.894008292,465580876,3.227,-9.098,-0.961,0.000,0.000,0.000,-221621
17.899204,465586099,3.227,-9.098,-0.961,0.000,0.000,0.000,-222528
17.903502542,465590319,3.227,-9.098,-0.961,0.000,0.000,0.000,-222210
17.907686167,465594540,3.227,-9.098,-0.961,0.000,0.000,0.000,-221668
17.913259417,465599760,3.227,-9.098,-0.961,0.000,0.000,0.000,-221292
17.917097917,465603981,3.227,-9.098,-0.961,0.000,0.000,0.000,-221381
17.921333333,465608202,3.227,-9.098,-1.000,0.000,0.000,0.000,-221109
17.924498208,465611423,3.227,-9.098,-1.000,0.000,0.000,0.000,-222365
17.929823083,465616644,3.227,-9.098,-1.000,0.000,0.000,0.000,-222057
17.934112542,465620865,3.227,-9.098,-1.000,0.000,0.000,0.000,-222067
17.937417,465624085,3.227,-9.098,-1.000,0.000,0.000,0.000,-221897
17.943526042,465630305,3.227,-9.098,-1.000,0.000,0.000,0.000,-220542
17.947713875,465634526,3.227,-9.098,-1.000,0.000,0.000,0.000,-221403
17.953956208,465640746,3.191,-9.133,-1.039,0.000,0.000,0.000,-221839
17.956254333,465642966,3.191,-9.133,-1.039,0.000,0.000,0.000,-222605
17.962444208,465649187,3.191,-9.133,-1.039,0.000,0.000,0.000,-222156
17.966529208,465653408,3.191,-9.133,-1.039,0.000,0.000,0.000,-222054
17.970874583,465657629,3.191,-9.133,-1.039,0.000,0.000,0.000,-221643
17.975010125,465661850,3.191,-9.133,-1.039,0.000,0.000,0.000,-222168
17.979325875,465666070,3.191,-9.133,-1.039,0.000,0.000,0.000,-222359
17.98473825,465671291,3.266,-9.133,-1.039,0.000,0.000,0.000,-221522
17.987616167,465674512,3.266,-9.133,-1.039,0.000,0.000,0.000,-221967
17.992827708,465679733,3.266,-9.133,-1.039,0.000,0.000,0.000,-221498
17.997469583,465683954,3.266,-9.133,-1.039,0.000,0.000,0.000,-222582
18.002361333,465689174,3.266,-9.133,-1.039,0.000,0.000,0.000,-222419
18.006538833,465693395,3.266,-9.133,-1.039,0.000,0.000,0.000,-222000
18.01189475,465698616,3.266,-9.133,-1.039,0.000,0.000,0.000,-221727
18.015970708,465702837,3.227,-9.137,-1.000,0.000,0.000,0.000,-222035
18.019269083,465706058,3.227,-9.137,-1.000,0.000,0.000,0.000,-222042
18.025409625,465712279,3.227,-9.137,-1.000,0.000,0.000,0.000,-221881
18.03023825,465716500,3.227,-9.137,-1.000,0.000,0.000,0.000,-221873
18.033851625,465720721,3.227,-9.137,-1.000,0.000,0.000,0.000,-222160
18.039182167,465725942,3.227,-9.137,-1.000,0.000,0.000,0.000,-221377
18.044345708,465731163,3.227,-9.137,-1.000,0.000,0.000,0.000,-223286
18.047575042,465734384,3.227,-9.137,-1.000,0.000,0.000,0.000,-221479
18.050786833,465737604,3.227,-9.137,-1.000,0.000,0.000,0.000,-221324
18.055960792,465742824,3.227,-9.137,-1.000,0.000,0.000,0.000,-220753
18.061146375,465748044,3.227,-9.137,-1.000,0.000,0.000,0.000,-222277
18.06644675,465753265,3.227,-9.137,-1.000,0.000,0.000,0.000,-221358
18.071635417,465758485,3.227,-9.137,-1.000,0.000,0.000,0.000,-221683
18.074800208,465761706,3.266,-9.094,-0.961,0.000,0.000,0.000,-221635
18.077061417,465763927,3.266,-9.094,-0.961,0.000,0.000,0.000,-221882
18.083294333,465770147,3.266,-9.094,-0.961,0.000,0.000,0.000,-221981
18.08751275,465774367,3.266,-9.094,-0.961,0.000,0.000,0.000,-221590
18.09174675,465778588,3.266,-9.094,-0.961,0.000,0.000,0.000,-221890
18.095964583,465782809,3.266,-9.094,-0.961,0.000,0.000,0.000,-222451
18.101173583,465788029,3.266,-9.094,-0.961,0.000,0.000,0.000,-221174
18.104857167,465791249,3.227,-9.098,-1.000,0.000,0.000,0.000,-222029
18.107643042,465794470,3.227,-9.098,-1.000,0.000,0.000,0.000,-222062
18.113917042,465800691,3.227,-9.098,-1.000,0.000,0.000,0.000,-221983
18.118026042,465804912,3.227,-9.098,-1.000,0.000,0.000,0.000,-221062
18.122241042,465809133,3.227,-9.098,-1.000,0.000,0.000,0.000,-221441
18.126448708,465813354,3.227,-9.098,-1.000,0.000,0.000,0.000,-222238
18.130683792,465817575,3.227,-9.098,-1.000,0.000,0.000,0.000,-221426
18.1341875,465820796,3.227,-9.098,-0.961,0.000,0.000,0.000,-222921
18.137116708,465824016,3.227,-9.098,-0.961,0.000,0.000,0.000,-221694
18.143413208,465830236,3.227,-9.098,-0.961,0.000,0.000,0.000,-222257
18.147577167,465834457,3.227,-9.098,-0.961,0.000,0.000,0.000,-221599
18.151806417,465838678,3.227,-9.098,-0.961,0.000,0.000,0.000,-221250
18.156031667,465842898,3.227,-9.098,-0.961,0.000,0.000,0.000,-220979
18.161265583,465848118,3.227,-9.098,-0.961,0.000,0.000,0.000,-221353
18.165444833,465852339,3.266,-9.094,-1.000,0.000,0.000,0.000,-222322
18.16767925,465854560,3.266,-9.094,-1.000,0.000,0.000,0.000,-221314
18.171991167,465858781,3.266,-9.094,-1.000,0.000,0.000,0.000,-222536
18.176135417,465863002,3.266,-9.094,-1.000,0.000,0.000,0.000,-221639
18.181365708,465868223,3.266,-9.094,-1.000,0.000,0.000,0.000,-221555
18.185886708,465872444,3.266,-9.094,-1.000,0.000,0.000,0.000,-221854
18.188817917,465875665,3.266,-9.094,-1.000,0.000,0.000,0.000,-222415
18.192992833,465879886,3.266,-9.094,-1.000,0.000,0.000,0.000,-222216
18.196760042,465883106,3.266,-9.094,-1.000,0.000,0.000,0.000,-221653
18.205043875,465891327,3.266,-9.094,-1.000,0.000,0.000,0.000,-221713
18.208959167,465895548,3.266,-9.094,-1.000,0.000,0.000,0.000,-221404
18.212945458,465899768,3.266,-9.094,-1.000,0.000,0.000,0.000,-221762
18.218214083,465904988,3.266,-9.094,-1.000,0.000,0.000,0.000,-222044
18.223451542,465910209,3.266,-9.094,-1.000,0.000,0.000,0.000,-221588
18.226677042,465913430,3.191,-9.133,-1.000,0.000,0.000,0.000,-222680
18.229893875,465916651,3.191,-9.133,-1.000,0.000,0.000,0.000,-222284
18.236039333,465922872,3.191,-9.133,-1.000,0.000,0.000,0.000,-221925
18.241264833,465928094,3.191,-9.133,-1.000,0.000,0.000,0.000,-222138
18.246576667,465933314,3.191,-9.133,-1.000,0.000,0.000,0.000,-222254
18.250659792,465937535,3.191,-9.133,-1.000,0.000,0.000,0.000,-221019
18.253916167,465940756,3.191,-9.133,-1.000,0.000,0.000,0.000,-222136
18.258119833,465944977,3.191,-9.094,-1.039,0.000,0.000,0.000,-221705
18.261333167,465948198,3.191,-9.094,-1.039,0.000,0.000,0.000,-221931
18.267568833,465954419,3.191,-9.094,-1.039,0.000,0.000,0.000,-221183
18.271745708,465958640,3.191,-9.094,-1.039,0.000,0.000,0.000,-220578
18.276079333,465962861,3.191,-9.094,-1.039,0.000,0.000,0.000,-221367
18.28128475,465968083,3.191,-9.094,-1.039,0.000,0.000,0.000,-221724
18.28544425,465972303,3.191,-9.094,-1.039,0.000,0.000,0.000,-221950
18.289781,465976524,3.266,-9.133,-1.000,0.000,0.000,0.000,-221661
18.292952708,465979745,3.266,-9.133,-1.000,0.000,0.000,0.000,-222214
18.298096542,465984965,3.266,-9.133,-1.000,0.000,0.000,0.000,-220931
18.303361042,465990185,3.266,-9.133,-1.000,0.000,0.000,0.000,-222195
18.307593958,465994406,3.266,-9.133,-1.000,0.000,0.000,0.000,-221991
18.3130205,465999627,3.266,-9.133,-1.000,0.000,0.000,0.000,-220964
18.317236833,466003847,3.266,-9.133,-1.000,0.000,0.000,0.000,-222306
18.322449375,466009068,3.191,-9.059,-1.000,0.000,0.000,0.000,-221891
18.324760958,466011290,3.191,-9.059,-1.000,0.000,0.000,0.000,-221565
18.328889458,466015510,3.191,-9.059,-1.000,0.000,0.000,0.000,-221668
18.333133958,466019731,3.191,-9.059,-1.000,0.000,0.000,0.000,-221560
18.336134833,466022951,3.191,-9.059,-1.000,0.000,0.000,0.000,-221890
18.341351875,466028172,3.191,-9.059,-1.000,0.000,0.000,0.000,-221972
18.344552292,466031393,3.227,-9.098,-1.000,0.000,0.000,0.000,-222459
18.346792792,466033614,3.227,-9.098,-1.000,0.000,0.000,0.000,-221302
18.352097708,466038834,3.227,-9.098,-1.000,0.000,0.000,0.000,-222772
18.356432042,466043055,3.227,-9.098,-1.000,0.000,0.000,0.000,-221359
18.361570042,466048276,3.227,-9.098,-1.000,0.000,0.000,0.000,-221473
18.366664417,466053497,3.227,-9.098,-1.000,0.000,0.000,0.000,-222131
18.369898375,466056718,3.227,-9.098,-1.000,0.000,0.000,0.000,-222087
18.374223,466060939,3.227,-9.137,-0.961,0.000,0.000,0.000,-221622
18.377432792,466064160,3.227,-9.137,-0.961,0.000,0.000,0.000,-221208
18.383776375,466070381,3.227,-9.137,-0.961,0.000,0.000,0.000,-222174
18.388000833,466074602,3.227,-9.137,-0.961,0.000,0.000,0.000,-221416
18.392193042,466078822,3.227,-9.137,-0.961,0.000,0.000,0.000,-221847
18.397412625,466084042,3.227,-9.137,-0.961,0.000,0.000,0.000,-221638
18.401667042,466088262,3.227,-9.137,-0.961,0.000,0.000,0.000,-222405
18.406511875,466092482,3.227,-9.172,-0.961,0.000,0.000,0.000,-223126
18.407846542,466094703,3.227,-9.172,-0.961,0.000,0.000,0.000,-222805
18.412087375,466098924,3.227,-9.172,-0.961,0.000,0.000,0.000,-221453
18.416332042,466103145,3.227,-9.172,-0.961,0.000,0.000,0.000,-221662
18.42164725,466108365,3.227,-9.172,-0.961,0.000,0.000,0.000,-221787
18.425959208,466112586,3.227,-9.172,-0.961,0.000,0.000,0.000,-221135
18.430038958,466116806,3.227,-9.172,-0.961,0.000,0.000,0.000,-223227
18.434128583,466121027,3.227,-9.098,-1.000,0.000,0.000,0.000,-222233
18.436400292,466123248,3.227,-9.098,-1.000,0.000,0.000,0.000,-222104
18.441617458,466128469,3.227,-9.098,-1.000,0.000,0.000,0.000,-222149
18.446921125,466133690,3.227,-9.098,-1.000,0.000,0.000,0.000,-222286
18.453048208,466139911,3.227,-9.094,-0.922,0.000,0.000,0.000,-222357
18.456213167,466143131,3.227,-9.094,-0.922,0.000,0.000,0.000,-221573
18.462568542,466149352,3.227,-9.094,-0.922,0.000,0.000,0.000,-222087
18.466710833,466153573,3.227,-9.094,-0.922,0.000,0.000,0.000,-221914
18.470929833,466157793,3.227,-9.094,-0.922,0.000,0.000,0.000,-222058
18.475148667,466162013,3.227,-9.094,-0.922,0.000,0.000,0.000,-222261
18.481405917,466168219,3.227,-9.094,-0.922,0.000,0.000,0.000,-222261
18.486657958,466173439,3.266,-9.133,-1.000,0.000,0.000,0.000,-221887
18.489866042,466176659,3.266,-9.133,-1.000,0.000,0.000,0.000,-222438
18.497222167,466182880,3.266,-9.133,-1.000,0.000,0.000,0.000,-221597
18.500248917,466187101,3.266,-9.133,-1.000,0.000,0.000,0.000,-221674
18.504454792,466191322,3.266,-9.133,-1.000,0.000,0.000,0.000,-221894
18.509827083,466196542,3.227,-9.137,-1.000,0.000,0.000,0.000,-221981
18.513016833,466199763,3.227,-9.137,-1.000,0.000,0.000,0.000,-222630
18.518464875,466204984,3.227,-9.137,-1.000,0.000,0.000,0.000,-221495
18.52358825,466210205,3.227,-9.137,-1.000,0.000,0.000,0.000,-221938
18.527801917,466214426,3.227,-9.137,-1.000,0.000,0.000,0.000,-222379
18.532034625,466218647,3.227,-9.137,-1.000,0.000,0.000,0.000,-221503
18.53688775,466222867,3.227,-9.137,-1.000,0.000,0.000,0.000,-222401
18.541216792,466228090,3.266,-9.133,-1.000,0.000,0.000,0.000,-222038
18.544468167,466231310,3.266,-9.133,-1.000,0.000,0.000,0.000,-222072
18.549791,466236531,3.266,-9.133,-1.000,0.000,0.000,0.000,-222349
18.554024417,466240751,3.266,-9.133,-1.000,0.000,0.000,0.000,-220793
18.557502667,466243972,3.266,-9.133,-1.000,0.000,0.000,0.000,-222244
18.562611667,466249192,3.266,-9.133,-1.000,0.000,0.000,0.000,-221736
18.566524875,466253413,3.266,-9.133,-1.000,0.000,0.000,0.000,-221799
18.57084975,466257634,3.227,-9.137,-0.961,0.000,0.000,0.000,-221455
18.574043875,466260854,3.227,-9.137,-0.961,0.000,0.000,0.000,-222050
18.580121417,466267074,3.227,-9.137,-0.961,0.000,0.000,0.000,-222235
18.584488542,466271295,3.227,-9.137,-0.961,0.000,0.000,0.000,-221774
18.588665917,466275516,3.227,-9.137,-0.961,0.000,0.000,0.000,-222054
18.593924542,466280736,3.227,-9.137,-0.961,0.000,0.000,0.000,-221232
18.59917675,466285956,3.227,-9.137,-0.961,0.000,0.000,0.000,-222235
18.604396125,466291177,3.266,-9.094,-1.000,0.000,0.000,0.000,-222210
18.607502125,466294397,3.266,-9.094,-1.000,0.000,0.000,0.000,-221797
18.613830917,466300618,3.266,-9.094,-1.000,0.000,0.000,0.000,-222888
18.61796625,466304839,3.266,-9.094,-1.000,0.000,0.000,0.000,-222089
18.622145125,466309059,3.266,-9.094,-1.000,0.000,0.000,0.000,-222046
18.627417083,466314280,3.266,-9.094,-1.000,0.000,0.000,0.000,-221978
18.631560208,466318501,3.266,-9.094,-1.000,0.000,0.000,0.000,-221596
18.635938542,466322722,3.266,-9.133,-0.961,0.000,0.000,0.000,-221745
18.6391055,466325943,3.266,-9.133,-0.961,0.000,0.000,0.000,-223040
18.645318125,466332164,3.266,-9.133,-0.961,0.000,0.000,0.000,-222353
18.649517708,466336384,3.266,-9.133,-0.961,0.000,0.000,0.000,-222316
18.654784208,466341604,3.266,-9.133,-0.961,0.000,0.000,0.000,-221350
18.658980208,466345824,3.266,-9.133,-0.961,0.000,0.000,0.000,-221413
18.6642315,466351045,3.266,-9.133,-0.961,0.000,0.000,0.000,-222941
18.668431167,466355266,3.227,-9.098,-1.000,0.000,0.000,0.000,-222835
18.671761375,466358487,3.227,-9.098,-1.000,0.000,0.000,0.000,-222083
18.676907208,466363708,3.227,-9.098,-1.000,0.000,0.000,0.000,-221351
18.682076958,466368929,3.227,-9.098,-1.000,0.000,0.000,0.000,-221806
18.687290208,466374149,3.227,-9.098,-1.000,0.000,0.000,0.000,-221137
18.692503833,466379370,3.227,-9.137,-1.039,0.000,0.000,0.000,-221602
18.695762042,466382591,3.227,-9.137,-1.039,0.000,0.000,0.000,-221639
18.7022115,466388812,3.227,-9.137,-1.039,0.000,0.000,0.000,-221676
18.706222583,466393033,3.227,-9.137,-1.039,0.000,0.000,0.000,-221874
18.71246325,466399253,3.227,-9.137,-1.039,0.000,0.000,0.000,-222475
18.716663083,466403474,3.227,-9.137,-1.039,0.000,0.000,0.000,-221642
18.721994917,466408695,3.266,-9.133,-1.000,0.000,0.000,0.000,-221489
18.724094042,466410916,3.266,-9.133,-1.000,0.000,0.000,0.000,-222565
18.72839425,466415137,3.266,-9.133,-1.000,0.000,0.000,0.000,-221795
18.7325005,466419358,3.266,-9.133,-1.000,0.000,0.000,0.000,-222537
18.737845,466424578,3.266,-9.133,-1.000,0.000,0.000,0.000,-222217
18.743494208,466429798,3.266,-9.133,-1.000,0.000,0.000,0.000,-221841
18.748317375,466435019,3.266,-9.133,-1.000,0.000,0.000,0.000,-221693
18.752346625,466439240,3.227,-9.137,-1.000,0.000,0.000,0.000,-222411
18.754977667,466441460,3.227,-9.137,-1.000,0.000,0.000,0.000,-222437
18.76012825,466446681,3.227,-9.137,-1.000,0.000,0.000,0.000,-222279
18.765163083,466451901,3.227,-9.137,-1.000,0.000,0.000,0.000,-223211
18.769550583,466456121,3.227,-9.137,-1.000,0.000,0.000,0.000,-221789
18.774618708,466461342,3.227,-9.137,-1.000,0.000,0.000,0.000,-222826
18.779767417,466466563,3.227,-9.137,-1.000,0.000,0.000,0.000,-222075
18.783862583,466470784,3.227,-9.137,-1.000,0.000,0.000,0.000,-222738
18.78626925,466473005,3.227,-9.137,-1.000,0.000,0.000,0.000,-221796
18.791322708,466478226,3.227,-9.137,-1.000,0.000,0.000,0.000,-222302
18.795612667,466482446,3.227,-9.137,-1.000,0.000,0.000,0.000,-222212
18.801768333,466488667,3.227,-9.137,-1.000,0.000,0.000,0.000,-221437
18.806412542,466492888,3.227,-9.137,-1.000,0.000,0.000,0.000,-222298
18.810291833,466497109,3.227,-9.137,-1.000,0.000,0.000,0.000,-222211
18.814527417,466501330,3.305,-9.176,-1.000,0.000,0.000,0.000,-222122
18.817647583,466504551,3.305,-9.176,-1.000,0.000,0.000,0.000,-221756
18.823215292,466509771,3.305,-9.176,-1.000,0.000,0.000,0.000,-222047
18.828679292,466514992,3.305,-9.176,-1.000,0.000,0.000,0.000,-222604
18.832347667,466519213,3.305,-9.176,-1.000,0.000,0.000,0.000,-221779
18.836750083,466523434,3.305,-9.176,-1.000,0.000,0.000,0.000,-221260
18.841851083,466528655,3.305,-9.176,-1.000,0.000,0.000,0.000,-221748
18.846050958,466532876,3.227,-9.098,-0.961,0.000,0.000,0.000,-222009
18.849275292,466536097,3.227,-9.098,-0.961,0.000,0.000,0.000,-222395
18.854485125,466541318,3.227,-9.098,-0.961,0.000,0.000,0.000,-222440
18.858686583,466545538,3.227,-9.098,-0.961,0.000,0.000,0.000,-221827
18.863060583,466549759,3.227,-9.098,-0.961,0.000,0.000,0.000,-222174
18.867129583,466553979,3.227,-9.098,-0.961,0.000,0.000,0.000,-221526
18.871398583,466558199,3.191,-9.133,-0.961,0.000,0.000,0.000,-222859
18.873573542,466560419,3.191,-9.133,-0.961,0.000,0.000,0.000,-221829
18.877820208,466564640,3.191,-9.133,-0.961,0.000,0.000,0.000,-221712
18.883043958,466569860,3.191,-9.133,-0.961,0.000,0.000,0.000,-221558
18.887243583,466574080,3.191,-9.133,-0.961,0.000,0.000,0.000,-221493
18.891395708,466578300,3.191,-9.133,-0.961,0.000,0.000,0.000,-221301
18.895712833,466582520,3.191,-9.133,-0.961,0.000,0.000,0.000,-221483
18.9007505,466586741,3.227,-9.137,-1.039,0.000,0.000,0.000,-221699
18.902303917,466588961,3.227,-9.137,-1.039,0.000,0.000,0.000,-221539
18.907355458,466594182,3.227,-9.137,-1.039,0.000,0.000,0.000,-221345
18.912587167,466599404,3.227,-9.137,-1.039,0.000,0.000,0.000,-221605
18.916756375,466603624,3.227,-9.137,-1.039,0.000,0.000,0.000,-221668
18.9220815,466608845,3.227,-9.137,-1.039,0.000,0.000,0.000,-222074
18.925706458,466612066,3.227,-9.098,-0.961,0.000,0.000,0.000,-222224
18.930426333,466617288,3.227,-9.098,-0.961,0.000,0.000,0.000,-223311
18.934672458,466621508,3.227,-9.098,-0.961,0.000,0.000,0.000,-221654
18.939107333,466625729,3.227,-9.098,-0.961,0.000,0.000,0.000,-222354
18.943194625,466629949,3.227,-9.098,-0.961,0.000,0.000,0.000,-222572
18.946375333,466633169,3.266,-9.133,-1.000,0.000,0.000,0.000,-222239
18.949515708,466636390,3.266,-9.133,-1.000,0.000,0.000,0.000,-222551
18.954919083,466641611,3.266,-9.133,-1.000,0.000,0.000,0.000,-222780
18.960256917,466646832,3.266,-9.133,-1.000,0.000,0.000,0.000,-221635
18.964523,466651052,3.266,-9.133,-1.000,0.000,0.000,0.000,-222048
18.969110917,466655273,3.266,-9.133,-1.000,0.000,0.000,0.000,-222283
18.974810125,466661494,3.266,-9.133,-1.000,0.000,0.000,0.000,-222593
18.979874958,466666715,3.227,-9.137,-1.000,0.000,0.000,0.000,-222576
18.982120958,466668936,3.227,-9.137,-1.000,0.000,0.000,0.000,-221063
18.98736625,466674157,3.227,-9.137,-1.000,0.000,0.000,0.000,-221901
18.991591,466678377,3.227,-9.137,-1.000,0.000,0.000,0.000,-221472
18.994953583,466681598,3.227,-9.137,-1.000,0.000,0.000,0.000,-221386
18.99892675,466685819,3.227,-9.137,-1.000,0.000,0.000,0.000,-222040
19.003345625,466690039,3.266,-9.133,-1.039,0.000,0.000,0.000,-222234
19.005549167,466692260,3.266,-9.133,-1.039,0.000,0.000,0.000,-221909
19.010980042,466697483,3.266,-9.133,-1.039,0.000,0.000,0.000,-222479
19.014942917,466701704,3.266,-9.133,-1.039,0.000,0.000,0.000,-221699
19.019534167,466705925,3.266,-9.133,-1.039,0.000,0.000,0.000,-222013
19.024391042,466711147,3.266,-9.133,-1.039,0.000,0.000,0.000,-222285
19.029814833,466716367,3.266,-9.133,-1.039,0.000,0.000,0.000,-221845
19.03370975,466720588,3.266,-9.133,-1.039,0.000,0.000,0.000,-222643
19.036530333,466722809,3.266,-9.133,-1.039,0.000,0.000,0.000,-222513
19.041377583,466728030,3.266,-9.133,-1.039,0.000,0.000,0.000,-223013
19.045352458,466732250,3.266,-9.133,-1.039,0.000,0.000,0.000,-222194
19.049620375,466736471,3.266,-9.133,-1.039,0.000,0.000,0.000,-222133
19.054913292,466741692,3.266,-9.098,-0.922,0.000,0.000,0.000,-222978
19.058113958,466744913,3.266,-9.098,-0.922,0.000,0.000,0.000,-222373
19.065382167,466751134,3.266,-9.098,-0.922,0.000,0.000,0.000,-222551
19.068544625,466755355,3.266,-9.098,-0.922,0.000,0.000,0.000,-223133
19.072776583,466759575,3.266,-9.098,-0.922,0.000,0.000,0.000,-222434
19.0770625,466763795,3.266,-9.098,-0.922,0.000,0.000,0.000,-222619
19.082204958,466769016,3.266,-9.098,-0.922,0.000,0.000,0.000,-221767
19.086409167,466773237,3.227,-9.098,-1.000,0.000,0.000,0.000,-221953
19.088698542,466775458,3.227,-9.098,-1.000,0.000,0.000,0.000,-221934
19.092858542,466779679,3.227,-9.098,-1.000,0.000,0.000,0.000,-222928
19.097046708,466783900,3.227,-9.098,-1.000,0.000,0.000,0.000,-222360
19.101425042,466788121,3.227,-9.098,-1.000,0.000,0.000,0.000,-221142
19.105526042,466792342,3.227,-9.098,-1.000,0.000,0.000,0.000,-221790
19.109707708,466796563,3.227,-9.098,-1.000,0.000,0.000,0.000,-222087
19.114066458,466800783,3.227,-9.098,-0.961,0.000,0.000,0.000,-221447
19.116160458,466803004,3.227,-9.098,-0.961,0.000,0.000,0.000,-220842
19.120597333,466807225,3.227,-9.098,-0.961,0.000,0.000,0.000,-221978
19.126004625,466812447,3.227,-9.098,-0.961,0.000,0.000,0.000,-222171
19.129813208,466816668,3.227,-9.098,-0.961,0.000,0.000,0.000,-222040
19.134069125,466820889,3.227,-9.098,-0.961,0.000,0.000,0.000,-221979
19.137318542,466824109,3.227,-9.098,-0.961,0.000,0.000,0.000,-221443
19.142468042,466829329,3.227,-9.098,-1.000,0.000,0.000,0.000,-221753
19.144677458,466831549,3.227,-9.098,-1.000,0.000,0.000,0.000,-222013
19.14889525,466835770,3.227,-9.098,-1.000,0.000,0.000,0.000,-222376
19.153121417,466839991,3.227,-9.098,-1.000,0.000,0.000,0.000,-221511
19.15728275,466844212,3.227,-9.098,-1.000,-0.002,0.002,-0.012,-221506
19.163608083,466850433,3.227,-9.098,-1.000,0.004,-0.014,0.008,-221925
19.167835625,466854654,3.227,-9.098,-1.000,0.006,-0.006,-0.012,-222314
19.172098458,466858875,3.266,-9.137,-0.922,0.006,-0.006,-0.012,-221613
19.174238083,466861096,3.266,-9.137,-0.922,0.008,0.002,-0.008,-221523
19.178514875,466865317,3.266,-9.137,-0.922,0.002,0.002,-0.008,-222092
19.182942208,466869538,3.266,-9.137,-0.922,-0.008,0.006,0.004,-221537
19.186926958,466873759,3.266,-9.137,-0.922,0.004,-0.002,0.006,-221921
19.193043542,466878980,3.266,-9.137,-0.922,-0.002,-0.014,0.000,-222257
19.196449333,466883201,3.266,-9.137,-0.922,0.000,0.006,-0.010,-221270
19.201589625,466888422,3.227,-9.137,-1.000,0.000,0.006,-0.010,-222647
19.2037985,466890643,3.227,-9.137,-1.000,-0.002,-0.004,0.000,-223137
19.208003375,466894864,3.227,-9.137,-1.000,0.006,0.000,-0.018,-222479
19.212235083,466899085,3.227,-9.137,-1.000,-0.010,-0.010,0.004,-221449
19.216562667,466903306,3.227,-9.137,-1.000,0.002,0.002,0.010,-222244
19.22169775,466908527,3.227,-9.137,-1.000,0.006,0.012,-0.012,-222647
19.225869958,466912748,3.227,-9.137,-1.000,-0.002,0.006,0.006,-222439
19.230156167,466916972,3.266,-9.133,-0.961,-0.002,0.006,0.006,-222810
19.233319917,466920193,3.266,-9.133,-0.961,-0.004,0.006,0.000,-222412
19.237616708,466924414,3.266,-9.133,-0.961,-0.002,-0.010,-0.006,-222270
19.242834625,466929635,3.266,-9.133,-0.961,-0.006,-0.004,0.002,-221864
19.247003208,466933856,3.266,-9.133,-0.961,0.002,-0.002,-0.006,-222091
19.251247167,466938079,3.266,-9.133,-0.961,0.006,-0.002,-0.012,-221378
19.255455583,466942299,3.266,-9.133,-0.961,-0.006,-0.006,0.002,-222667
19.259765833,466946520,3.227,-9.098,-0.961,-0.006,-0.006,0.002,-221535
19.26251425,466948741,3.227,-9.098,-0.961,-0.012,0.006,0.000,-221871
19.267145417,466953962,3.227,-9.098,-0.961,-0.004,0.000,0.004,-221751
19.271416125,466958183,3.227,-9.098,-0.961,0.000,0.000,-0.002,-221899
19.274570833,466961404,3.227,-9.098,-0.961,-0.010,0.008,-0.002,-221544
19.278751833,466965625,3.227,-9.098,-0.961,0.010,0.012,-0.004,-221240
19.283056958,466969846,3.227,-9.098,-0.961,0.010,-0.006,0.000,-222088
19.286327458,466973069,3.227,-9.098,-1.000,0.010,-0.006,0.000,-221654
19.28864275,466975289,3.227,-9.098,-1.000,-0.010,-0.002,0.000,-222380
19.292733375,466979510,3.227,-9.098,-1.000,0.000,0.002,-0.002,-221930
19.297052667,466983731,3.227,-9.098,-1.000,-0.004,-0.002,-0.004,-222061
19.302366125,466988952,3.227,-9.098,-1.000,-0.002,0.002,-0.004,-222737
19.306320458,466993173,3.227,-9.098,-1.000,-0.008,-0.004,0.008,-221527
19.310523042,466997394,3.227,-9.098,-1.000,0.012,-0.004,-0.012,-221159
19.314840125,467001615,3.266,-9.094,-1.000,0.012,-0.004,-0.012,-221612
19.317131417,467003836,3.266,-9.094,-1.000,0.000,0.000,-0.002,-221972
19.322334167,467009057,3.266,-9.094,-1.000,0.000,-0.002,0.004,-222375
19.327021458,467013279,3.266,-9.094,-1.000,-0.002,0.000,-0.006,-222300
19.329624167,467016500,3.266,-9.094,-1.000,0.002,0.004,-0.004,-222159
19.333888333,467020721,3.266,-9.094,-1.000,-0.014,0.006,0.000,-222377
19.338146,467024942,3.266,-9.094,-1.000,-0.002,-0.002,0.008,-221618
19.343391958,467030163,3.227,-9.137,-0.961,-0.002,-0.002,0.008,-223084
19.347023792,467033384,3.227,-9.137,-0.961,0.004,0.000,-0.006,-223079
19.352023125,467038605,3.227,-9.137,-0.961,0.004,-0.004,0.000,-222449
19.356260833,467042826,3.227,-9.137,-0.961,0.004,-0.008,0.000,-222043
19.361445875,467048047,3.227,-9.137,-0.961,-0.004,0.002,-0.004,-222444
19.365668875,467052268,3.227,-9.137,-0.961,0.004,0.006,0.000,-221569
19.369792958,467056489,3.227,-9.137,-0.961,-0.004,-0.002,-0.002,-222888
19.374893833,467061710,3.191,-9.133,-0.961,-0.004,-0.002,-0.002,-222153
19.377100958,467063931,3.191,-9.133,-0.961,0.014,-0.004,-0.004,-221690
19.382358542,467069152,3.191,-9.133,-0.961,0.000,-0.004,-0.004,-222760
19.386681542,467073373,3.191,-9.133,-0.961,-0.008,-0.002,-0.016,-222063
19.39203725,467078594,3.191,-9.133,-0.961,0.002,-0.006,-0.004,-221043
19.396260042,467082815,3.191,-9.133,-0.961,-0.004,-0.004,0.000,-222050
19.401251208,467088036,3.191,-9.133,-0.961,0.000,-0.006,-0.002,-222027
19.405449708,467092257,3.191,-9.133,-1.039,0.000,-0.006,-0.002,-222536
19.408745458,467095478,3.191,-9.133,-1.039,0.002,0.002,-0.004,-221704
19.414168208,467100699,3.191,-9.133,-1.039,-0.014,-0.008,0.004,-222351
19.418338375,467104920,3.191,-9.094,-1.000,-0.014,-0.008,0.004,-221159
19.421523083,467108141,3.191,-9.094,-1.000,-0.004,0.014,-0.012,-221920
19.427968792,467114362,3.191,-9.094,-1.000,-0.008,0.006,0.004,-221850
19.43307975,467119583,3.191,-9.094,-1.000,0.002,0.002,-0.002,-222750
19.437264,467123804,3.191,-9.094,-1.000,-0.004,-0.004,0.010,-222232
19.442160542,467129025,3.191,-9.094,-1.000,0.004,-0.010,0.000,-222314
19.446411708,467133246,3.191,-9.094,-1.000,0.004,-0.002,-0.006,-221930
19.449633708,467136467,3.227,-9.137,-0.961,0.004,-0.002,-0.006,-221833
19.452932042,467139688,3.227,-9.137,-0.961,0.000,-0.006,-0.002,-221851
19.458081708,467144909,3.227,-9.137,-0.961,0.004,-0.006,-0.016,-222679
19.463504417,467150130,3.227,-9.137,-0.961,0.002,-0.002,0.006,-221710
19.467459625,467154351,3.227,-9.137,-0.961,-0.002,-0.002,-0.008,-222000
19.471760583,467158572,3.227,-9.137,-0.961,-0.002,-0.002,-0.004,-221774
19.476005,467162793,3.227,-9.137,-0.961,-0.002,0.004,0.010,-221826
19.481339167,467168014,3.227,-9.137,-0.961,-0.002,0.004,0.010,-221932
19.484513042,467171235,3.227,-9.137,-0.961,-0.002,0.002,0.004,-222021
19.489751292,467176456,3.227,-9.137,-0.961,-0.002,0.002,0.006,-222579
19.495098917,467181677,3.227,-9.137,-0.961,-0.002,0.006,0.008,-222564
19.499596958,467185898,3.227,-9.137,-0.961,-0.004,0.000,-0.002,-221978
19.504578333,467191119,3.227,-9.137,-0.961,0.002,0.000,0.000,-221378
19.509536917,467196340,3.227,-9.137,-0.961,0.006,-0.004,0.006,-222626
19.514783333,467201561,3.227,-9.137,-1.000,0.006,-0.004,0.006,-222866
19.517024167,467203782,3.227,-9.137,-1.000,0.004,-0.006,-0.010,-222262
19.522272792,467209003,3.227,-9.137,-1.000,-0.002,-0.004,0.000,-221818
19.526523833,467213224,3.227,-9.137,-1.000,0.006,-0.004,0.002,-222041
19.530784833,467217445,3.227,-9.137,-1.000,-0.002,-0.002,-0.010,-221677
19.534843458,467221666,3.227,-9.137,-1.000,0.004,0.000,0.008,-222198
19.5390695,467225887,3.227,-9.137,-0.961,0.004,0.000,0.008,-221968
19.541278292,467228108,3.227,-9.137,-0.961,0.004,0.000,0.000,-221930
19.546604917,467233329,3.227,-9.137,-0.961,-0.004,0.000,0.000,-222630
19.550952917,467237550,3.227,-9.137,-0.961,0.010,-0.004,-0.006,-221735
19.554192917,467240771,3.227,-9.137,-0.961,-0.004,0.002,0.014,-221289
19.558446417,467244992,3.227,-9.137,-0.961,-0.006,0.000,0.002,-222894
19.562335375,467249213,3.227,-9.137,-0.961,0.008,-0.002,-0.002,-222036
19.567514583,467253434,3.266,-9.094,-1.039,0.008,-0.002,-0.002,-222457
19.568909792,467255655,3.266,-9.094,-1.039,0.004,-0.004,0.004,-221617
19.574018417,467260876,3.266,-9.094,-1.039,-0.002,0.008,0.004,-222466
19.578257958,467265097,3.266,-9.094,-1.039,-0.004,-0.002,-0.006,-222524
19.582486083,467269318,3.266,-9.094,-1.039,-0.002,0.006,-0.002,-221796
19.5878365,467274539,3.266,-9.094,-1.039,0.008,0.006,-0.006,-221651
19.591910667,467278760,3.266,-9.094,-1.039,-0.004,-0.002,0.006,-222394
19.596160333,467282981,3.152,-9.098,-1.000,-0.004,-0.002,0.006,-221582
19.599576375,467286202,3.152,-9.098,-1.000,0.000,-0.004,-0.002,-222030
19.605632833,467292423,3.152,-9.098,-1.000,0.014,-0.006,-0.006,-221272
19.609838833,467296644,3.152,-9.098,-1.000,0.004,-0.004,-0.004,-222432
19.61420575,467300865,3.152,-9.098,-1.000,-0.004,-0.006,0.008,-222392
19.617311,467304086,3.266,-9.094,-1.000,-0.004,-0.006,0.008,-222399
19.622726375,467309307,3.266,-9.094,-1.000,-0.004,0.004,0.000,-222528
19.626962708,467313528,3.266,-9.094,-1.000,-0.002,-0.010,0.000,-222065
19.632222375,467318749,3.266,-9.094,-1.000,0.000,-0.004,0.008,-222213
19.636515792,467322970,3.266,-9.094,-1.000,0.010,-0.004,0.004,-223184
19.642365708,467329191,3.266,-9.094,-1.000,0.002,-0.002,0.000,-221928
19.646631583,467333412,3.227,-9.137,-1.000,0.002,-0.002,0.000,-222535
19.649836458,467336635,3.227,-9.137,-1.000,0.008,0.012,0.006,-222482
19.655278083,467341855,3.227,-9.137,-1.000,0.002,0.006,-0.004,-222183
19.660821125,467347076,3.227,-9.137,-1.000,0.004,0.000,0.004,-221920
19.664441958,467351297,3.227,-9.137,-1.000,0.002,-0.002,-0.002,-222455
19.669654625,467356518,3.227,-9.137,-1.000,-0.010,-0.002,0.004,-222321
19.674861375,467361739,3.227,-9.137,-1.000,-0.004,0.006,0.002,-221908
19.679103875,467365960,3.266,-9.133,-1.000,-0.004,0.006,0.002,-221750
19.682272667,467369181,3.266,-9.133,-1.000,-0.002,-0.002,0.006,-222409
19.68764075,467374402,3.266,-9.133,-1.000,-0.006,-0.004,-0.006,-221561
19.691875583,467378623,3.266,-9.133,-1.000,-0.002,0.000,0.000,-221525
19.696056458,467382844,3.266,-9.133,-1.000,-0.004,-0.006,-0.012,-221778
19.701295375,467388065,3.266,-9.133,-1.000,-0.002,0.000,0.000,-221850
19.705549417,467392286,3.266,-9.133,-1.000,-0.004,-0.004,-0.002,-221869
19.708774125,467395507,3.227,-9.137,-1.000,-0.004,-0.004,-0.002,-222103
19.712148167,467398728,3.227,-9.137,-1.000,0.000,0.002,-0.006,-221475
19.717230542,467403949,3.227,-9.137,-1.000,0.004,-0.002,-0.008,-222055
19.7223905,467409170,3.227,-9.137,-1.000,-0.012,-0.002,0.002,-222386
19.726565208,467413391,3.227,-9.137,-1.000,-0.010,-0.008,0.008,-223108
19.730813,467417612,3.227,-9.137,-1.000,-0.006,0.010,-0.008,-222148
19.735127833,467421833,3.266,-9.137,-0.922,-0.006,0.010,-0.008,-222091
19.737223708,467424054,3.266,-9.137,-0.922,-0.006,0.010,0.000,-221896
19.742518208,467429276,3.266,-9.137,-0.922,-0.002,-0.012,0.004,-221951
19.746755208,467433497,3.266,-9.137,-0.922,-0.004,-0.002,-0.014,-221636
19.7508845,467437718,3.266,-9.137,-0.922,-0.006,0.006,0.000,-221195
19.75513925,467441939,3.266,-9.137,-0.922,-0.002,-0.010,0.006,-222607
19.759461417,467446160,3.266,-9.137,-0.922,0.006,0.008,0.008,-221920
19.764862333,467450381,3.227,-9.137,-0.961,0.006,0.008,0.008,-221160
19.767438583,467453602,3.227,-9.137,-0.961,-0.006,0.008,-0.002,-221703
19.771977417,467458823,3.227,-9.137,-0.961,0.014,0.008,-0.016,-221530
19.776545625,467463044,3.227,-9.137,-0.961,-0.010,-0.002,-0.006,-221752
19.780419042,467467265,3.227,-9.137,-0.961,0.014,0.002,-0.004,-221911
19.784639167,467471486,3.227,-9.098,-1.000,0.014,0.002,-0.004,-222466
19.788325292,467474707,3.227,-9.098,-1.000,-0.008,-0.002,-0.002,-221921
19.795554417,467480928,3.227,-9.098,-1.000,0.000,0.002,0.021,-221002
19.79863575,467485149,3.227,-9.098,-1.000,0.004,0.000,-0.008,-222243
19.802524208,467489370,3.227,-9.098,-1.000,0.002,0.010,0.008,-221599
19.807788958,467494591,3.227,-9.098,-1.000,-0.004,0.004,-0.002,-222179
19.812077875,467498812,3.227,-9.098,-1.000,0.016,0.000,-0.006,-222238
19.816194792,467503033,3.227,-9.098,-0.961,0.016,0.000,-0.006,-221332
19.81836575,467505254,3.227,-9.098,-0.961,-0.008,-0.002,-0.002,-222287
19.823570417,467510475,3.227,-9.098,-0.961,0.010,0.004,0.002,-221660
19.828072125,467514696,3.227,-9.098,-0.961,0.006,0.000,-0.004,-222322
19.832026375,467518917,3.227,-9.098,-0.961,-0.014,-0.008,0.006,-221997
19.836420667,467523138,3.227,-9.098,-0.961,0.002,0.000,0.004,-222049
19.840596167,467527359,3.227,-9.098,-0.961,0.004,0.002,0.000,-222411
19.845832125,467532580,3.227,-9.098,-1.000,0.004,0.002,0.000,-222415
19.848995208,467535801,3.227,-9.098,-1.000,-0.004,-0.002,0.000,-221803
19.855185333,467542022,3.227,-9.098,-1.000,0.004,-0.002,0.000,-221796
19.859466083,467546243,3.227,-9.098,-1.000,0.000,-0.002,-0.004,-222322
19.863672833,467550464,3.227,-9.098,-1.000,0.008,-0.014,-0.010,-222181
19.86788525,467554685,3.227,-9.098,-1.000,0.002,0.000,0.004,-222879
19.873229125,467559906,3.227,-9.098,-1.000,-0.006,0.006,-0.008,-221770
19.877355042,467564127,3.227,-9.098,-0.961,-0.006,0.006,-0.008,-221641
19.880913917,467567348,3.227,-9.098,-0.961,-0.010,-0.006,0.014,-222228
19.8867655,467573569,3.227,-9.098,-0.961,-0.004,0.002,0.004,-221922
19.89090975,467577790,3.227,-9.098,-0.961,-0.010,0.002,0.012,-222462
19.895065208,467581011,3.227,-9.098,-0.961,0.002,-0.004,0.000,-222687
19.899403792,467585234,3.227,-9.098,-0.961,0.006,0.000,0.002,-222343
19.902620667,467589454,3.227,-9.098,-0.961,-0.002,-0.004,0.008,-222146
19.906892708,467593675,3.266,-9.133,-1.000,-0.002,-0.004,0.008,-221662
19.910083833,467596896,3.266,-9.133,-1.000,0.004,0.004,-0.006,-222758
19.915393333,467602117,3.266,-9.133,-1.000,-0.008,0.000,-0.006,-222177
19.9195285,467606338,3.266,-9.133,-1.000,-0.006,-0.006,0.010,-222262
19.925942875,467612559,3.266,-9.133,-1.000,0.000,-0.002,0.006,-222588
19.930288458,467616780,3.266,-9.133,-1.000,-0.002,0.008,-0.006,-221730
19.93424925,467621001,3.266,-9.133,-1.000,-0.002,0.008,-0.004,-222493
19.937593208,467624207,3.227,-9.137,-1.000,-0.002,0.008,-0.004,-222493
19.939756667,467626427,3.227,-9.137,-1.000,0.000,0.002,0.008,-221779
19.94500575,467631648,3.227,-9.137,-1.000,-0.002,0.004,0.004,-221368
19.950066833,467636869,3.227,-9.137,-1.000,0.002,-0.010,-0.008,-222062
19.955419792,467642090,3.266,-9.176,-1.000,0.002,-0.010,-0.008,-222260
19.957392167,467644311,3.266,-9.176,-1.000,-0.004,0.002,0.012,-221678
19.963128875,467649532,3.266,-9.176,-1.000,-0.004,-0.002,0.002,-221540
19.966870583,467653753,3.266,-9.176,-1.000,-0.002,0.002,-0.014,-222180
19.972239417,467658976,3.266,-9.176,-1.000,0.002,-0.002,-0.006,-222563
19.976384167,467663197,3.266,-9.176,-1.000,0.002,-0.004,0.000,-222994
19.981787583,467668418,3.266,-9.176,-1.000,0.000,-0.002,0.006,-222539
19.985952,467672639,3.227,-9.137,-1.000,0.000,-0.002,0.006,-222209
19.989276917,467675860,3.227,-9.137,-1.000,0.008,-0.006,0.008,-222029
19.994253875,467681081,3.227,-9.137,-1.000,0.006,0.002,-0.006,-222288
19.998464417,467685302,3.227,-9.137,-1.000,-0.008,0.004,-0.006,-221745
20.003875292,467690523,3.227,-9.137,-1.000,-0.004,0.008,0.010,-222901
20.00794375,467694744,3.227,-9.137,-1.000,0.014,0.002,-0.002,-222228
20.012290667,467698965,3.227,-9.098,-1.000,0.014,0.002,-0.002,-222030
20.014443958,467701186,3.227,-9.098,-1.000,0.004,-0.012,-0.012,-221443
20.018953917,467705407,3.227,-9.098,-1.000,-0.002,0.006,0.004,-221779
20.023100958,467709628,3.227,-9.098,-1.000,-0.010,0.006,-0.002,-221845
20.026959542,467713849,3.227,-9.098,-1.000,0.000,-0.006,0.010,-221833
20.031372125,467718070,3.227,-9.098,-1.000,-0.002,-0.004,-0.014,-222125
20.03693325,467722291,3.227,-9.098,-1.000,-0.008,-0.002,0.006,-222527
20.040695583,467727512,3.227,-9.137,-1.000,-0.008,-0.002,0.006,-221541
20.043879167,467730733,3.227,-9.137,-1.000,-0.012,0.000,0.008,-222262
20.049162583,467735954,3.227,-9.137,-1.000,-0.004,-0.006,0.006,-221629
20.054391458,467741175,3.227,-9.137,-1.000,-0.008,0.010,0.002,-222027
20.058653708,467745396,3.227,-9.137,-1.000,0.000,0.008,0.008,-222057
20.063830375,467750617,3.227,-9.137,-1.000,-0.010,0.006,0.020,-222808
20.067986583,467754838,3.227,-9.137,-1.000,-0.006,0.006,-0.006,-223356
20.072241333,467759059,3.227,-9.098,-0.961,-0.006,0.006,-0.006,-222371
20.074489667,467761280,3.227,-9.098,-0.961,-0.006,-0.006,-0.002,-222370
20.07972025,467766501,3.227,-9.098,-0.961,-0.006,-0.002,-0.002,-222559
20.083867083,467770722,3.227,-9.098,-0.961,0.014,-0.006,-0.004,-222239
20.087159958,467773943,3.227,-9.098,-0.961,-0.002,0.002,0.000,-222500
20.092381542,467779164,3.227,-9.098,-0.961,0.004,-0.004,0.012,-221892
20.096532583,467783385,3.227,-9.098,-0.961,-0.006,0.002,0.012,-221843
20.102827458,467789591,3.227,-9.137,-1.000,-0.006,0.002,0.012,-221843
20.104985292,467791811,3.227,-9.137,-1.000,0.002,-0.004,0.004,-222460
20.109292292,467796032,3.227,-9.137,-1.000,0.000,-0.002,-0.010,-223141
20.113489,467800253,3.227,-9.137,-1.000,-0.004,0.000,0.000,-222008
20.117617042,467804474,3.227,-9.137,-1.000,0.008,0.000,0.012,-222166
20.12312225,467809695,3.227,-9.137,-1.000,0.004,0.006,-0.002,-222377
20.127069042,467813916,3.227,-9.137,-1.000,0.002,-0.002,0.006,-221649
20.130297875,467817137,3.227,-9.098,-0.961,0.002,-0.002,0.006,-221607
20.13252975,467819358,3.227,-9.098,-0.961,-0.004,0.012,-0.006,-222048
20.136775708,467823579,3.227,-9.098,-0.961,-0.006,-0.002,0.010,-221881
20.141068792,467827800,3.227,-9.098,-0.961,-0.008,0.000,0.008,-222566
20.14569075,467832021,3.227,-9.098,-0.961,0.006,-0.002,-0.006,-222230
20.150395708,467837242,3.227,-9.098,-0.961,0.002,-0.004,0.008,-221959
20.154750833,467841463,3.227,-9.098,-0.961,0.000,-0.008,0.010,-222216
20.158042792,467844684,3.266,-9.094,-1.000,0.000,-0.008,0.010,-221909
20.160019667,467846905,3.266,-9.094,-1.000,0.000,0.000,-0.012,-221941
20.165327833,467852126,3.266,-9.094,-1.000,0.006,-0.012,-0.020,-222170
20.169540667,467856347,3.266,-9.094,-1.000,-0.006,-0.006,0.016,-221724
20.174873125,467861568,3.266,-9.094,-1.000,-0.006,-0.004,-0.004,-221187
20.178975958,467865789,3.266,-9.094,-1.000,-0.006,0.004,0.004,-221586
20.184278083,467871010,3.266,-9.094,-1.000,0.006,0.008,-0.006,-222611
20.188452458,467875231,3.266,-9.133,-1.000,0.006,0.008,-0.006,-222400
20.191650458,467878452,3.266,-9.133,-1.000,0.006,0.002,-0.008,-221332
20.196888167,467883673,3.266,-9.133,-1.000,0.004,0.000,0.002,-221608
20.202104625,467888894,3.266,-9.133,-1.000,0.000,0.000,-0.004,-221338
20.205335375,467892115,3.266,-9.133,-1.000,0.004,0.002,0.000,-221898
20.210554167,467897336,3.266,-9.133,-1.000,0.004,0.000,-0.004,-221964
20.215722167,467902557,3.266,-9.133,-1.000,-0.016,0.000,-0.004,-221936
20.21999175,467906778,3.227,-9.098,-1.000,-0.016,0.000,-0.004,-222511
20.223195958,467909999,3.227,-9.098,-1.000,-0.002,0.000,0.004,-222076
20.229569583,467916220,3.227,-9.098,-1.000,0.006,-0.006,-0.012,-222512
20.233619125,467920441,3.227,-9.098,-1.000,-0.002,0.004,-0.006,-221193
20.238076958,467924662,3.227,-9.098,-1.000,-0.006,-0.004,0.000,-222022
20.243131708,467929883,3.227,-9.098,-1.000,-0.002,-0.008,0.008,-222348
20.247246375,467934104,3.227,-9.098,-1.000,0.008,-0.002,0.002,-221761
20.250500167,467937325,3.266,-9.094,-1.000,0.008,-0.002,0.002,-222155
20.2528875,467939546,3.266,-9.094,-1.000,0.004,0.012,0.000,-221947
20.257924833,467944767,3.266,-9.094,-1.000,0.006,-0.006,0.006,-222423
20.262174625,467948988,3.266,-9.094,-1.000,-0.002,0.002,-0.006,-222215
20.267360292,467954209,3.266,-9.094,-1.000,0.002,-0.012,0.000,-221869
20.271510125,467958430,3.266,-9.133,-1.000,0.002,-0.012,0.000,-222438
20.276116,467962651,3.266,-9.133,-1.000,0.002,0.006,0.008,-222071
20.279999417,467966872,3.266,-9.133,-1.000,0.006,0.002,-0.012,-221644
20.284260625,467971093,3.266,-9.133,-1.000,0.004,-0.006,-0.002,-222399
20.28850575,467975314,3.266,-9.133,-1.000,0.004,0.002,-0.012,-222512
20.292710333,467979536,3.266,-9.133,-1.000,0.006,0.004,0.018,-222305
20.295915,467982756,3.266,-9.094,-1.000,0.006,0.004,0.018,-221514
20.299134167,467985977,3.266,-9.094,-1.000,-0.014,-0.004,-0.016,-222226
20.305395042,467992198,3.266,-9.094,-1.000,0.004,-0.004,-0.006,-223584
20.309573417,467996419,3.266,-9.094,-1.000,0.004,-0.002,-0.008,-222027
20.313852333,468000640,3.266,-9.094,-1.000,-0.006,-0.004,0.004,-221811
20.318180083,468004861,3.266,-9.094,-1.000,-0.010,-0.002,-0.002,-222422
20.323389542,468010082,3.266,-9.094,-1.000,-0.002,0.002,-0.016,-222057
20.327427667,468014303,3.266,-9.133,-0.961,-0.002,0.002,-0.016,-222831
20.330692,468017524,3.266,-9.133,-0.961,0.008,0.000,0.008,-223082
20.336972792,468023744,3.266,-9.133,-0.961,0.002,0.002,0.000,-221885
20.3411135,468027965,3.266,-9.133,-0.961,0.004,0.000,0.000,-221802
20.345439833,468032185,3.266,-9.133,-0.961,-0.014,0.016,0.006,-222263
20.349515542,468036406,3.266,-9.133,-0.961,0.002,-0.010,-0.002,-221926
20.354057708,468040627,3.266,-9.133,-0.961,-0.008,-0.010,-0.008,-221361
20.35828725,468044848,3.227,-9.098,-0.961,-0.008,-0.010,-0.008,-221895
20.360466833,468047069,3.227,-9.098,-0.961,-0.008,-0.004,0.012,-221847
20.365757417,468052290,3.227,-9.098,-0.961,0.002,0.002,0.000,-222175
20.371330333,468057511,3.227,-9.098,-0.961,-0.004,0.002,-0.004,-221860
20.3748995,468061732,3.227,-9.098,-0.961,0.004,0.004,0.006,-221837
20.379167417,468065953,3.227,-9.098,-0.961,-0.002,0.002,0.012,-222076
20.384476292,468071174,3.227,-9.098,-0.961,0.006,-0.004,-0.002,-222167
20.388901,468075395,3.227,-9.137,-1.000,0.006,-0.004,-0.002,-222165
20.392136667,468078616,3.227,-9.137,-1.000,-0.014,0.000,0.004,-222257
20.398434042,468084837,3.227,-9.137,-1.000,-0.010,0.012,0.006,-221028
20.403459125,468090058,3.227,-9.137,-1.000,0.010,-0.006,0.008,-222582
20.407563792,468094279,3.227,-9.137,-1.000,0.008,0.000,0.004,-222804
20.412925583,468099500,3.227,-9.137,-1.000,-0.002,0.008,-0.012,-222392
20.41714375,468103721,3.266,-9.094,-1.000,-0.002,0.008,-0.012,-221854
20.41954075,468105942,3.266,-9.094,-1.000,-0.004,0.000,0.004,-222103
20.425566583,468112163,3.266,-9.094,-1.000,-0.004,0.004,0.004,-222361
20.429784083,468116384,3.266,-9.094,-1.000,-0.010,0.008,0.006,-221830
20.434045208,468120605,3.266,-9.094,-1.000,0.004,-0.010,-0.010,-221820
20.43905525,468124826,3.266,-9.094,-1.000,-0.006,0.008,0.021,-221585
20.443196083,468130048,3.266,-9.094,-1.000,0.000,-0.004,0.004,-221848
20.447446708,468134269,3.266,-9.133,-1.000,0.000,-0.004,0.004,-222101
20.450703042,468137490,3.266,-9.133,-1.000,-0.004,0.000,-0.002,-221434
20.455950292,468142711,3.266,-9.133,-1.000,-0.002,-0.004,0.006,-222776
20.460091083,468146932,3.266,-9.133,-1.000,0.002,-0.010,-0.008,-222313
20.465313292,468152153,3.266,-9.133,-1.000,-0.002,0.002,0.010,-222110
20.470591625,468157374,3.266,-9.133,-1.000,-0.002,0.006,-0.012,-222168
20.474880667,468161595,3.266,-9.133,-1.000,0.010,-0.002,-0.012,-222688
20.47903025,468165816,3.227,-9.094,-0.922,0.010,-0.002,-0.012,-222549
20.482232042,468169037,3.227,-9.094,-0.922,-0.006,0.002,0.012,-222350
20.488461833,468175259,3.227,-9.094,-0.922,0.006,-0.002,0.006,-222197
20.492779167,468179480,3.227,-9.094,-0.922,-0.002,-0.002,0.000,-221962
20.497161458,468183701,3.227,-9.094,-0.922,-0.004,-0.008,0.006,-221882
20.50248225,468188922,3.227,-9.094,-0.922,-0.004,0.006,-0.002,-221612
20.507290375,468194143,3.227,-9.094,-0.922,0.000,-0.006,-0.002,-221464
20.51053375,468197364,3.266,-9.098,-0.922,0.000,-0.006,-0.002,-221901
20.513732167,468200585,3.266,-9.098,-0.922,-0.008,0.006,0.020,-222390
20.519034458,468205806,3.266,-9.098,-0.922,-0.006,-0.002,0.008,-221908
20.5242345,468211027,3.266,-9.098,-0.922,-0.012,0.002,-0.014,-220965
20.528465958,468215248,3.266,-9.098,-0.922,0.010,-0.008,0.000,-222386
20.532603292,468219469,3.266,-9.098,-0.922,-0.010,0.004,-0.006,-222857
20.535921875,468222690,3.266,-9.098,-0.922,0.002,0.004,0.004,-222089
20.540231125,468226896,3.227,-9.098,-0.961,0.002,0.004,0.004,-222089
20.543425625,468230116,3.227,-9.098,-0.961,-0.004,0.002,-0.002,-222882
20.54976375,468236337,3.227,-9.098,-0.961,-0.006,0.006,-0.006,-222824
20.55432725,468240558,3.227,-9.098,-0.961,-0.002,-0.002,-0.008,-222308
20.557223417,468243779,3.227,-9.098,-0.961,0.004,0.002,0.004,-222006
20.562174167,468249000,3.227,-9.098,-0.961,0.004,0.004,-0.004,-221818
20.566396917,468253221,3.227,-9.098,-0.961,-0.006,0.004,0.012,-222444
20.570689708,468257442,3.227,-9.137,-1.000,-0.006,0.004,0.012,-221531
20.572891833,468259663,3.227,-9.137,-1.000,0.000,-0.002,-0.010,-221709
20.577105875,468263884,3.227,-9.137,-1.000,-0.002,0.006,0.004,-221979
20.581360083,468268105,3.227,-9.137,-1.000,0.010,0.000,-0.002,-222156
20.585567417,468272326,3.227,-9.137,-1.000,-0.004,0.006,0.014,-222375
20.590817042,468277547,3.227,-9.137,-1.000,-0.002,0.000,0.000,-222482
20.594919167,468281768,3.227,-9.137,-1.000,0.004,0.010,-0.012,-221524
20.599212792,468285989,3.266,-9.094,-0.961,0.004,0.010,-0.012,-222551
20.602353333,468289210,3.266,-9.094,-0.961,0.010,-0.006,-0.014,-222620
20.608722042,468295431,3.266,-9.094,-0.961,0.008,-0.008,-0.004,-221801
20.613153417,468299652,3.266,-9.094,-0.961,-0.002,-0.004,0.010,-221629
20.617278,468303873,3.266,-9.094,-0.961,0.000,-0.010,0.000,-221942
20.622478833,468309079,3.266,-9.094,-0.961,0.002,0.000,0.000,-221942
20.62671825,468313299,3.266,-9.094,-0.961,-0.008,-0.008,0.010,-221667
20.630993542,468317520,3.227,-9.137,-0.961,-0.008,-0.008,0.010,-221931
20.634180792,468320741,3.227,-9.137,-0.961,0.004,0.000,-0.002,-221936
20.639629708,468325962,3.227,-9.137,-0.961,0.002,-0.004,-0.006,-221852
20.644483667,468331183,3.227,-9.137,-0.961,-0.004,0.002,0.006,-222781
20.648607125,468335404,3.227,-9.137,-0.961,0.002,-0.002,0.014,-221590
20.653839875,468340625,3.227,-9.137,-0.961,-0.004,-0.012,-0.012,-223173
20.658063,468344846,3.227,-9.137,-0.961,0.004,-0.002,0.010,-222277
20.662219917,468349067,3.191,-9.059,-0.961,0.004,-0.002,0.010,-221997
20.664469167,468351288,3.191,-9.059,-0.961,0.004,0.000,-0.002,-222425
20.668684833,468355509,3.191,-9.059,-0.961,-0.008,0.002,-0.006,-222109
20.677048917,468363730,3.191,-9.059,-0.961,0.006,-0.002,0.002,-221798
20.682420542,468368951,3.191,-9.059,-0.961,0.000,0.000,0.000,-222469
20.687286917,468374172,3.191,-9.059,-0.961,0.000,0.000,0.000,-221744
20.692502458,468379392,3.191,-9.059,-0.961,0.000,0.000,0.000,-222277
20.69673175,468383612,3.227,-9.098,-1.000,0.000,0.000,0.000,-222743
20.699000167,468385833,3.227,-9.098,-1.000,0.000,0.000,0.000,-221416
20.703231625,468390054,3.227,-9.098,-1.000,0.000,0.000,0.000,-222550
20.707476125,468394274,3.227,-9.098,-1.000,0.000,0.000,0.000,-222354
20.710693833,468397496,3.227,-9.098,-1.000,0.000,0.000,0.000,-221622
20.714915583,468401716,3.227,-9.098,-1.000,0.000,0.000,0.000,-223382
20.719036667,468405937,3.227,-9.098,-1.000,0.000,0.000,0.000,-222127
20.723358208,468410157,3.191,-9.133,-0.961,0.000,0.000,0.000,-221625
20.725596583,468412378,3.191,-9.133,-0.961,0.000,0.000,0.000,-222698
20.730846125,468417598,3.191,-9.133,-0.961,0.000,0.000,0.000,-222468
20.73500725,468421818,3.191,-9.133,-0.961,0.000,0.000,0.000,-222311
20.738466583,468425039,3.191,-9.133,-0.961,0.000,0.000,0.000,-221708
20.743552875,468430261,3.191,-9.133,-0.961,0.000,0.000,0.000,-223036
20.747668875,468434481,3.191,-9.133,-0.961,0.000,0.000,0.000,-221530
20.75082925,468437702,3.266,-9.133,-0.961,0.000,0.000,0.000,-222170
20.756193833,468442923,3.266,-9.133,-0.961,0.000,0.000,0.000,-222400
20.760351375,468447143,3.266,-9.133,-0.961,0.000,0.000,0.000,-222359
20.765717208,468452364,3.266,-9.133,-0.961,0.000,0.000,0.000,-223199
20.770758583,468457585,3.266,-9.133,-0.961,0.000,0.000,0.000,-221582
20.776042125,468462805,3.266,-9.133,-0.961,0.000,0.000,0.000,-221307
20.779609375,468466026,3.266,-9.133,-0.961,0.000,0.000,0.000,-221575
20.785500083,468472246,3.266,-9.133,-0.961,0.000,0.000,0.000,-221735
20.789741667,468476466,3.266,-9.133,-0.961,0.000,0.000,0.000,-222532
20.793868167,468480686,3.266,-9.133,-0.961,0.000,0.000,0.000,-221991
20.798331375,468484907,3.266,-9.133,-0.961,0.000,0.000,0.000,-221656
20.803339833,468490128,3.266,-9.133,-0.961,0.000,0.000,0.000,-221814
20.807854875,468494349,3.191,-9.133,-1.000,0.000,0.000,0.000,-221781
20.810827542,468497570,3.191,-9.133,-1.000,0.000,0.000,0.000,-222411
20.816454375,468502790,3.191,-9.133,-1.000,0.000,0.000,0.000,-222820
20.82153075,468508011,3.191,-9.133,-1.000,0.000,0.000,0.000,-221601
20.825394458,468512231,3.191,-9.133,-1.000,0.000,0.000,0.000,-222536
20.830765708,468517452,3.191,-9.133,-1.000,0.000,0.000,0.000,-222111
20.834859333,468521673,3.191,-9.133,-1.000,0.000,0.000,0.000,-221366
20.839044583,468525893,3.266,-9.094,-0.961,0.000,0.000,0.000,-222043
20.842263208,468529114,3.266,-9.094,-0.961,0.000,0.000,0.000,-221354
20.848503375,468535335,3.266,-9.094,-0.961,0.000,0.000,0.000,-222719
20.852812167,468539556,3.266,-9.094,-0.961,0.000,0.000,0.000,-222052
20.856963375,468543777,3.266,-9.094,-0.961,0.000,0.000,0.000,-220914
20.862331292,468548998,3.266,-9.094,-0.961,0.000,0.000,0.000,-221812
20.866428667,468553220,3.266,-9.094,-0.961,0.000,0.000,0.000,-221908
20.869616375,468556441,3.227,-9.137,-1.000,0.000,0.000,0.000,-222796
20.872915,468559662,3.227,-9.137,-1.000,0.000,0.000,0.000,-220989
20.878212958,468564883,3.227,-9.137,-1.000,0.000,0.000,0.000,-222095
20.883314083,468570104,3.227,-9.137,-1.000,0.000,0.000,0.000,-222517
20.887502333,468574325,3.227,-9.137,-1.000,0.000,0.000,0.000,-222739
20.891659125,468578546,3.227,-9.137,-1.000,0.000,0.000,0.000,-221173
20.896031208,468582767,3.227,-9.137,-1.000,0.000,0.000,0.000,-221301
20.899106083,468585987,3.227,-9.137,-1.000,0.000,0.000,0.000,-221527
20.905380292,468592207,3.227,-9.137,-1.000,0.000,0.000,0.000,-222293
20.909612208,468596428,3.227,-9.137,-1.000,0.000,0.000,0.000,-221253
20.913882375,468600649,3.227,-9.137,-1.000,0.000,0.000,0.000,-221421
20.918291458,468604870,3.227,-9.137,-1.000,0.000,0.000,0.000,-221822
20.925321792,468612091,3.227,-9.137,-1.000,0.000,0.000,0.000,-222380
20.93037325,468616311,3.227,-9.137,-1.000,0.000,0.000,0.000,-221270
20.932738958,468619533,3.227,-9.137,-1.000,0.000,0.000,0.000,-221529
20.938076042,468624753,3.227,-9.137,-1.000,0.000,0.000,0.000,-222665
20.942219958,468628974,3.227,-9.137,-1.000,0.000,0.000,0.000,-221274
20.945518458,468632195,3.227,-9.137,-1.000,0.000,0.000,0.000,-222254
20.949682958,468636415,3.227,-9.137,-1.000,0.000,0.000,0.000,-222037
20.953798,468640635,3.227,-9.137,-1.000,0.000,0.000,0.000,-222564
20.958974708,468645856,3.227,-9.137,-1.000,0.000,0.000,0.000,-222077
20.962643625,468649077,3.227,-9.137,-1.000,0.000,0.000,0.000,-221911
20.968525125,468655298,3.227,-9.137,-1.000,0.000,0.000,0.000,-222442
20.97268925,468659518,3.227,-9.137,-1.000,0.000,0.000,0.000,-222445
20.976052292,468662739,3.227,-9.137,-1.000,0.000,0.000,0.000,-221916
20.980210417,468666960,3.227,-9.137,-1.000,0.000,0.000,0.000,-222537
20.986461458,468673181,3.227,-9.137,-1.000,0.000,0.000,0.000,-221825
20.990844417,468677402,3.227,-9.137,-0.961,0.000,0.000,0.000,-221633
20.994623875,468680622,3.227,-9.137,-0.961,0.000,0.000,0.000,-222434
20.998981167,468685843,3.227,-9.137,-0.961,0.000,0.000,0.000,-222724
21.00438225,468691064,3.227,-9.137,-0.961,0.000,0.000,0.000,-221623
21.008499667,468695285,3.227,-9.137,-0.961,0.000,0.000,0.000,-222390
21.013107375,468699505,3.227,-9.137,-0.961,0.000,0.000,0.000,-222339
21.015943417,468702726,3.227,-9.137,-0.961,0.000,0.000,0.000,-222065
21.020456583,468706946,3.227,-9.137,-1.000,0.000,0.000,0.000,-222640
21.023636125,468710167,3.227,-9.137,-1.000,0.000,0.000,0.000,-221796
21.02906175,468715388,3.227,-9.137,-1.000,0.000,0.000,0.000,-222791
21.032919708,468719609,3.227,-9.137,-1.000,0.000,0.000,0.000,-221806
21.037264917,468723830,3.227,-9.137,-1.000,0.000,0.000,0.000,-222493
21.042234958,468729050,3.227,-9.137,-1.000,0.000,0.000,0.000,-222595
21.0454875,468732271,3.227,-9.137,-1.000,0.000,0.000,0.000,-222576
21.049687667,468736492,3.227,-9.137,-1.000,0.000,0.000,0.000,-222505
21.05297775,468739713,3.227,-9.137,-1.000,0.000,0.000,0.000,-221239
21.059471792,468745934,3.227,-9.137,-1.000,0.000,0.000,0.000,-221318
21.064441208,468751155,3.227,-9.137,-1.000,0.000,0.000,0.000,-221984
21.068556417,468755376,3.227,-9.137,-1.000,0.000,0.000,0.000,-221407
21.072899542,468759597,3.227,-9.137,-1.000,0.000,0.000,0.000,-222250
21.077043667,468763818,3.227,-9.137,-1.000,0.000,0.000,0.000,-222122
21.081343875,468768039,3.152,-9.055,-0.961,0.000,0.000,0.000,-222256
21.083390833,468770260,3.152,-9.055,-0.961,0.000,0.000,0.000,-222452
21.08869275,468775481,3.152,-9.055,-0.961,0.000,0.000,0.000,-221863
21.092841917,468779701,3.152,-9.055,-0.961,0.000,0.000,0.000,-221862
21.096073042,468782922,3.152,-9.055,-0.961,0.000,0.000,0.000,-222145
21.100289625,468787142,3.152,-9.055,-0.961,0.000,0.000,0.000,-221647
21.104544375,468791363,3.152,-9.055,-0.961,0.000,0.000,0.000,-223210
21.108827292,468795583,3.227,-9.137,-0.961,0.000,0.000,0.000,-221756
21.112029708,468798804,3.227,-9.137,-0.961,0.000,0.000,0.000,-222535
21.116375583,468803025,3.227,-9.137,-0.961,0.000,0.000,0.000,-222388
21.120423833,468807246,3.227,-9.137,-0.961,0.000,0.000,0.000,-221683
21.125691583,468812467,3.227,-9.137,-0.961,0.000,0.000,0.000,-222081
21.13089525,468817687,3.227,-9.137,-0.961,0.000,0.000,0.000,-221219
21.136190833,468822908,3.266,-9.133,-1.000,0.000,0.000,0.000,-222648
21.139505833,468826129,3.266,-9.133,-1.000,0.000,0.000,0.000,-222296
21.1456075,468832350,3.266,-9.133,-1.000,0.000,0.000,0.000,-221928
21.149757,468836571,3.266,-9.133,-1.000,0.000,0.000,0.000,-221708
21.154014417,468840792,3.266,-9.133,-1.000,0.000,0.000,0.000,-221625
21.158333,468845013,3.266,-9.133,-1.000,0.000,0.000,0.000,-221991
21.163480417,468850234,3.266,-9.133,-1.000,0.000,0.000,0.000,-221643
21.167588917,468854454,3.227,-9.098,-1.000,0.000,0.000,0.000,-222412
21.170897917,468857675,3.227,-9.098,-1.000,0.000,0.000,0.000,-221468
21.176161417,468862896,3.227,-9.098,-1.000,0.000,0.000,0.000,-222677
21.182268958,468869117,3.227,-9.098,-1.000,0.000,0.000,0.000,-222242
21.186513167,468873338,3.227,-9.098,-1.000,0.000,0.000,0.000,-221884
21.191099833,468877558,3.227,-9.098,-1.000,0.000,0.000,0.000,-221947
21.195623875,468881779,3.227,-9.098,-1.000,0.000,0.000,0.000,-222633
21.199374708,468886000,3.227,-9.098,-0.961,0.000,0.000,0.000,-221992
21.202383167,468889221,3.227,-9.098,-0.961,0.000,0.000,0.000,-223071
21.208639917,468895441,3.227,-9.098,-0.961,0.000,0.000,0.000,-222501
21.212912167,468899662,3.227,-9.098,-0.961,0.000,0.000,0.000,-222596
21.216322792,468902882,3.227,-9.098,-0.961,0.000,0.000,0.000,-222851
21.220308125,468907103,3.227,-9.098,-0.961,0.000,0.000,0.000,-223148
21.22448025,468911324,3.227,-9.098,-0.961,0.000,0.000,0.000,-222902
21.228736042,468915544,3.227,-9.137,-0.961,0.000,0.000,0.000,-220703
21.23187225,468918765,3.227,-9.137,-0.961,0.000,0.000,0.000,-222085
21.237173708,468923986,3.227,-9.137,-0.961,0.000,0.000,0.000,-221676
21.241383667,468928207,3.227,-9.137,-0.961,0.000,0.000,0.000,-222289
21.246633208,468933428,3.227,-9.137,-0.961,0.000,0.000,0.000,-222545
21.251093292,468937648,3.227,-9.137,-0.961,0.000,0.000,0.000,-221823
21.255044583,468941868,3.227,-9.137,-0.961,0.000,0.000,0.000,-221835
21.260256708,468947089,3.266,-9.133,-0.961,0.000,0.000,0.000,-222752
21.26345925,468950309,3.266,-9.133,-0.961,0.000,0.000,0.000,-221683
21.269706333,468956529,3.266,-9.133,-0.961,0.000,0.000,0.000,-222252
21.274268958,468960750,3.266,-9.133,-0.961,0.000,0.000,0.000,-221934
21.278152958,468964971,3.266,-9.133,-0.961,0.000,0.000,0.000,-221516
21.28341275,468970191,3.266,-9.133,-0.961,0.000,0.000,0.000,-222120
21.287593625,468974411,3.266,-9.133,-0.961,0.000,0.000,0.000,-222566
21.290784458,468977632,3.227,-9.137,-1.000,0.000,0.000,0.000,-222039
21.294111083,468980853,3.227,-9.137,-1.000,0.000,0.000,0.000,-222379
21.299245833,468986073,3.227,-9.137,-1.000,0.000,0.000,0.000,-221839
21.304515792,468991294,3.227,-9.137,-1.000,0.000,0.000,0.000,-221123
21.309103792,468995514,3.227,-9.137,-1.000,0.000,0.000,0.000,-222832
21.312986458,468999735,3.227,-9.137,-1.000,0.000,0.000,0.000,-221575
21.317243708,469003955,3.227,-9.137,-1.000,0.000,0.000,0.000,-221976
21.321387125,469008161,3.227,-9.098,-1.039,0.000,0.000,0.000,-221976
21.323558833,469010381,3.227,-9.098,-1.039,0.000,0.000,0.000,-222419
21.328785583,469015602,3.227,-9.098,-1.039,0.000,0.000,0.000,-222311
21.332996125,469019823,3.227,-9.098,-1.039,0.000,0.000,0.000,-222294
21.3362165,469023044,3.227,-9.098,-1.039,0.000,0.000,0.000,-222116
21.340470375,469027265,3.227,-9.098,-1.039,0.000,0.000,0.000,-222464
21.344720167,469031486,3.227,-9.098,-1.039,0.000,0.000,0.000,-222560
21.348853458,469035707,3.227,-9.137,-0.961,0.000,0.000,0.000,-221702
21.351371458,469037927,3.227,-9.137,-0.961,0.000,0.000,0.000,-221837
21.356561417,469043147,3.227,-9.137,-0.961,0.000,0.000,0.000,-221279
21.360786708,469047368,3.227,-9.137,-0.961,0.000,0.000,0.000,-221764
21.365030625,469051589,3.227,-9.137,-0.961,0.000,0.000,0.000,-221674
21.369034792,469055810,3.227,-9.137,-0.961,0.000,0.000,0.000,-221762
21.374266875,469061031,3.227,-9.137,-0.961,0.000,0.000,0.000,-222093
21.378693042,469065253,3.266,-9.133,-1.000,0.000,0.000,0.000,-222054
21.381705375,469068474,3.266,-9.133,-1.000,0.000,0.000,0.000,-222087
21.388028375,469074695,3.266,-9.133,-1.000,0.000,0.000,0.000,-222456
21.392344083,469078916,3.266,-9.133,-1.000,0.000,0.000,0.000,-221720
21.395366917,469082137,3.266,-9.133,-1.000,0.000,0.000,0.000,-221565
21.399574833,469086358,3.266,-9.133,-1.000,0.000,0.000,0.000,-221587
21.403753125,469090578,3.266,-9.133,-1.000,0.000,0.000,0.000,-223156
21.408025208,469094799,3.227,-9.137,-0.961,0.000,0.000,0.000,-222536
21.411317,469098020,3.227,-9.137,-0.961,0.000,0.000,0.000,-222125
21.416675875,469103241,3.227,-9.137,-0.961,0.000,0.000,0.000,-222323
21.420879125,469107461,3.227,-9.137,-0.961,0.000,0.000,0.000,-223524
21.4260795,469112666,3.227,-9.137,-0.961,0.000,0.000,0.000,-223524
21.430298542,469116886,3.227,-9.137,-0.961,0.000,0.000,0.000,-221803
21.436890292,469123107,3.227,-9.137,-0.961,0.000,0.000,0.000,-221894
21.439560167,469126327,3.305,-9.094,-1.000,0.000,0.000,0.000,-222217
21.442676583,469129548,3.305,-9.094,-1.000,0.000,0.000,0.000,-222286
21.448999042,469135769,3.305,-9.094,-1.000,0.000,0.000,0.000,-221343
21.453181042,469139990,3.305,-9.094,-1.000,0.000,0.000,0.000,-222447
21.456346333,469143211,3.305,-9.094,-1.000,0.000,0.000,0.000,-222381
21.460642042,469147432,3.305,-9.094,-1.000,0.000,0.000,0.000,-222336
21.465776333,469152653,3.305,-9.094,-1.000,0.000,0.000,0.000,-222040
21.469078917,469155874,3.227,-9.137,-1.000,0.000,0.000,0.000,-222732
21.473364333,469160095,3.227,-9.137,-1.000,0.000,0.000,0.000,-222256
21.476507292,469163315,3.227,-9.098,-1.000,0.000,0.000,0.000,-221604
21.480770542,469167535,3.227,-9.098,-1.000,0.000,0.000,0.000,-221646
21.48607375,469172757,3.227,-9.098,-1.000,0.000,0.000,0.000,-223142
21.490710125,469176980,3.227,-9.098,-1.000,0.000,0.000,0.000,-221389
21.49520525,469181201,3.227,-9.098,-1.000,0.000,0.000,0.000,-221837
21.498911167,469185422,3.227,-9.098,-1.000,0.000,0.000,0.000,-222106
21.503902,469190643,3.227,-9.098,-1.000,0.000,0.000,0.000,-221960
21.506992792,469193864,3.227,-9.098,-1.000,0.000,0.000,0.000,-221889
21.512261375,469199085,3.227,-9.098,-1.000,0.000,0.000,0.000,-221762
21.51654225,469203306,3.227,-9.098,-1.000,0.000,0.000,0.000,-222766
21.520901917,469207527,3.227,-9.098,-1.000,0.000,0.000,0.000,-221580
21.52624325,469212748,3.227,-9.098,-1.000,0.000,0.000,0.000,-222173
21.531099167,469217969,3.227,-9.098,-1.000,0.000,0.000,0.000,-222788
21.535399083,469222189,3.227,-9.098,-0.961,0.000,0.000,0.000,-222411
21.538568708,469225410,3.227,-9.098,-0.961,0.000,0.000,0.000,-221439
21.544943,469231631,3.227,-9.098,-0.961,0.000,0.000,0.000,-222517
21.549314125,469235852,3.227,-9.098,-0.961,0.000,0.000,0.000,-221747
21.553480042,469240072,3.227,-9.098,-0.961,0.000,0.000,0.000,-221535
21.557762833,469244292,3.227,-9.098,-0.961,0.000,0.000,0.000,-221749
21.561625667,469248512,3.227,-9.098,-0.961,0.000,0.000,0.000,-221505
21.566947375,469253733,3.227,-9.137,-1.039,0.000,0.000,0.000,-221276
21.570082583,469256953,3.227,-9.137,-1.039,0.000,0.000,0.000,-221643
21.576404375,469263174,3.227,-9.137,-1.039,0.000,0.000,0.000,-222411
21.580562375,469267395,3.227,-9.137,-1.039,0.000,0.000,0.000,-222544
21.584825583,469271616,3.227,-9.137,-1.039,0.000,0.000,0.000,-221622
21.589101583,469275837,3.227,-9.137,-1.039,0.000,0.000,0.000,-222417
21.594226,469281058,3.227,-9.137,-1.039,0.000,0.000,0.000,-221967
21.59846675,469285279,3.266,-9.176,-1.000,0.000,0.000,0.000,-222167
21.601683667,469288500,3.266,-9.176,-1.000,0.000,0.000,0.000,-222390
21.607933917,469294721,3.266,-9.176,-1.000,0.000,0.000,0.000,-222413
21.612170583,469298942,3.266,-9.176,-1.000,0.000,0.000,0.000,-222416
21.615483292,469302163,3.266,-9.176,-1.000,0.000,0.000,0.000,-222511
21.619652083,469306383,3.266,-9.176,-1.000,0.000,0.000,0.000,-220890
21.6241195,469310604,3.266,-9.176,-1.000,0.000,0.000,0.000,-222822
21.628271375,469314825,3.266,-9.133,-1.000,0.000,0.000,0.000,-222477
21.631485667,469318047,3.266,-9.133,-1.000,0.000,0.000,0.000,-222797
21.636728625,469323267,3.266,-9.133,-1.000,0.000,0.000,0.000,-221917
21.641683083,469328488,3.266,-9.133,-1.000,0.000,0.000,0.000,-222411
21.645923208,469332708,3.266,-9.133,-1.000,0.000,0.000,0.000,-221818
21.650192208,469336928,3.266,-9.133,-1.000,0.000,0.000,0.000,-222319
21.654503917,469341149,3.266,-9.133,-1.000,0.000,0.000,0.000,-222013
21.658672917,469345370,3.227,-9.137,-0.961,0.000,0.000,0.000,-222017
21.661956,469348590,3.227,-9.137,-0.961,0.000,0.000,0.000,-221772
21.6670045,469353810,3.227,-9.137,-0.961,0.000,0.000,0.000,-222515
21.671236208,469358031,3.227,-9.137,-0.961,0.000,0.000,0.000,-221932
21.675478875,469362251,3.227,-9.137,-0.961,0.000,0.000,0.000,-222559
21.680956083,469367471,3.227,-9.137,-0.961,0.000,0.000,0.000,-222476
21.688132792,469374692,3.227,-9.137,-0.961,0.000,0.000,0.000,-222600
21.692394333,469378913,3.227,-9.137,-0.961,0.000,0.000,0.000,-222362
21.695611167,469382134,3.227,-9.137,-0.961,0.000,0.000,0.000,-222142
21.700819458,469387355,3.227,-9.137,-0.961,0.000,0.000,0.000,-222488
21.706328417,469392576,3.227,-9.137,-0.961,0.000,0.000,0.000,-221905
21.710024708,469396797,3.227,-9.137,-0.961,0.000,0.000,0.000,-222124
21.71413825,469401018,3.227,-9.137,-0.961,0.000,0.000,0.000,-222635
21.718410208,469405238,3.227,-9.137,-0.961,0.000,0.000,0.000,-221951
21.723608083,469410459,3.227,-9.098,-0.961,0.000,0.000,0.000,-222783
21.726488542,469412679,3.227,-9.098,-0.961,0.000,0.000,0.000,-222065
21.729999042,469416899,3.227,-9.098,-0.961,0.000,0.000,0.000,-221740
21.734300625,469421120,3.227,-9.098,-0.961,0.000,0.000,0.000,-222203
21.738893583,469425341,3.227,-9.098,-0.961,0.000,0.000,0.000,-221194
21.743803917,469430561,3.227,-9.098,-0.961,0.000,0.000,0.000,-222680
21.74806875,469434781,3.227,-9.098,-0.961,0.000,0.000,0.000,-222588
21.752209042,469439001,3.266,-9.094,-1.000,0.000,0.000,0.000,-222318
21.755449958,469442222,3.266,-9.094,-1.000,0.000,0.000,0.000,-222148
21.760923917,469447442,3.266,-9.094,-1.000,0.000,0.000,0.000,-223409
21.766050667,469452663,3.266,-9.094,-1.000,0.000,0.000,0.000,-222084
21.770240833,469455884,3.266,-9.094,-1.000,0.000,0.000,0.000,-221712
21.773571167,469460105,3.266,-9.094,-1.000,0.000,0.000,0.000,-222261
21.777755,469464328,3.266,-9.094,-1.000,0.000,0.000,0.000,-223142
21.781965708,469468548,3.191,-9.133,-1.000,0.000,0.000,0.000,-222099
21.784037917,469470769,3.191,-9.133,-1.000,0.000,0.000,0.000,-222320
21.789210833,469475990,3.191,-9.133,-1.000,0.000,0.000,0.000,-222615
21.794019,469480211,3.191,-9.133,-1.000,0.000,0.000,0.000,-223125
21.797370292,469483431,3.191,-9.133,-1.000,0.000,0.000,0.000,-221785
21.800780083,469487651,3.191,-9.133,-1.000,0.000,0.000,0.000,-221656
21.806376917,469492871,3.191,-9.133,-1.000,0.000,0.000,0.000,-222425
21.809251375,469496093,3.227,-9.133,-0.922,0.000,0.000,0.000,-222267
21.814670708,469501313,3.227,-9.133,-0.922,0.000,0.000,0.000,-221771
21.818709625,469505533,3.227,-9.133,-0.922,0.000,0.000,0.000,-221757
21.823945292,469510754,3.227,-9.133,-0.922,0.000,0.000,0.000,-223324
21.828178917,469514974,3.227,-9.133,-0.922,0.000,0.000,0.000,-221901
21.832357792,469519194,3.227,-9.133,-0.922,0.000,0.000,0.000,-221932
21.837900875,469523415,3.266,-9.133,-1.000,0.000,0.000,0.000,-221806
21.840055375,469526636,3.266,-9.133,-1.000,0.000,0.000,0.000,-222432
21.846071875,469532857,3.266,-9.133,-1.000,0.000,0.000,0.000,-222508
21.851268333,469538078,3.266,-9.133,-1.000,0.000,0.000,0.000,-222266
21.855583667,469542299,3.266,-9.133,-1.000,0.000,0.000,0.000,-222299
21.862612875,469546520,3.266,-9.133,-1.000,0.000,0.000,0.000,-222388
21.86416775,469550740,3.266,-9.133,-1.000,0.000,0.000,0.000,-222779
21.868127,469554960,3.227,-9.098,-1.000,0.000,0.000,0.000,-222143
21.8703535,469557181,3.227,-9.098,-1.000,0.000,0.000,0.000,-221760
21.874563333,469561402,3.227,-9.098,-1.000,0.000,0.000,0.000,-222743
21.879854083,469566623,3.227,-9.098,-1.000,0.000,0.000,0.000,-222542
21.883994042,469570844,3.227,-9.098,-1.000,0.000,0.000,0.000,-222543
21.889587333,469576065,3.227,-9.098,-1.000,0.000,0.000,0.000,-223047
21.89345475,469580285,3.227,-9.098,-1.000,0.000,0.000,0.000,-220752
21.897683375,469584506,3.227,-9.098,-0.961,0.000,0.000,0.000,-222446
21.9012855,469587726,3.227,-9.098,-0.961,0.000,0.000,0.000,-222131
21.906434542,469592946,3.227,-9.098,-0.961,0.000,0.000,0.000,-222375
21.9113325,469598166,3.227,-9.098,-0.961,0.000,0.000,0.000,-222209
21.916617417,469603387,3.266,-9.098,-0.922,0.000,0.000,0.000,-221594
21.919093458,469605607,3.266,-9.098,-0.922,0.000,0.000,0.000,-222394
21.924329875,469610828,3.266,-9.098,-0.922,0.000,0.000,0.000,-221942
21.928288042,469615049,3.266,-9.098,-0.922,0.000,0.000,0.000,-221856
21.934445292,469621269,3.266,-9.098,-0.922,0.000,0.000,0.000,-222287
21.938882292,469625489,3.266,-9.098,-0.922,0.000,0.000,0.000,-221678
21.944114417,469630710,3.266,-9.098,-0.922,0.000,0.000,0.000,-222346
21.947699625,469633931,3.266,-9.133,-0.961,0.000,0.000,0.000,-222484
21.951293042,469638151,3.266,-9.133,-0.961,0.000,0.000,0.000,-221883
21.956497167,469643372,3.227,-9.098,-0.961,0.000,0.000,0.000,-222573
21.959773792,469646592,3.227,-9.098,-0.961,0.000,0.000,0.000,-222057
21.966179042,469652812,3.227,-9.098,-0.961,0.000,0.000,0.000,-223025
21.971079625,469657033,3.227,-9.098,-0.961,0.000,0.000,0.000,-221751
21.97460525,469661254,3.227,-9.098,-0.961,0.000,0.000,0.000,-221500
21.978714167,469665474,3.227,-9.098,-0.961,0.000,0.000,0.000,-222204
21.983924917,469670694,3.227,-9.098,-0.961,0.000,0.000,0.000,-222308
21.988293375,469674915,3.266,-9.094,-0.961,0.000,0.000,0.000,-221833
21.991321208,469678136,3.266,-9.094,-0.961,0.000,0.000,0.000,-222091
21.996528333,469683357,3.266,-9.094,-0.961,0.000,0.000,0.000,-222438
22.000701583,469687578,3.266,-9.094,-0.961,0.000,0.000,0.000,-221889
22.006202583,469692799,3.266,-9.094,-0.961,0.000,0.000,0.000,-222935
22.0102395,469697019,3.266,-9.094,-0.961,0.000,0.000,0.000,-222804
22.014640875,469701241,3.266,-9.094,-0.961,0.000,0.000,0.000,-222726
22.018623542,469705461,3.266,-9.098,-0.922,0.000,0.000,0.000,-222612
22.022151583,469708682,3.266,-9.098,-0.922,0.000,0.000,0.000,-223058
22.02716525,469713902,3.266,-9.098,-0.922,0.000,0.000,0.000,-222274
22.031706292,469718123,3.266,-9.098,-0.922,0.000,0.000,0.000,-222628
22.037457458,469723343,3.266,-9.098,-0.922,0.000,0.000,0.000,-222732
22.040754125,469727564,3.266,-9.098,-0.922,0.000,0.000,0.000,-222644
22.046007875,469732785,3.266,-9.098,-0.922,0.000,0.000,0.000,-222520
22.050174333,469737005,3.227,-9.098,-1.000,0.000,0.000,0.000,-223516
22.05393425,469740226,3.227,-9.098,-1.000,0.000,0.000,0.000,-222652
22.058643417,469745447,3.227,-9.098,-1.000,0.000,0.000,0.000,-222219
22.064167458,469750668,3.227,-9.098,-1.000,0.000,0.000,0.000,-221970
22.069019458,469755889,3.227,-9.098,-1.000,0.000,0.000,0.000,-222670
22.074283833,469761110,3.266,-9.133,-0.961,0.000,0.000,0.000,-221497
22.077528333,469764330,3.266,-9.133,-0.961,0.000,0.000,0.000,-222122
22.083752625,469770550,3.266,-9.133,-0.961,0.000,0.000,0.000,-223271
22.087988458,469774771,3.266,-9.133,-0.961,0.000,0.000,0.000,-223170
22.092208458,469778991,3.266,-9.133,-0.961,0.000,0.000,0.000,-222719
22.096442208,469783212,3.266,-9.133,-0.961,0.000,0.000,0.000,-222035
22.10138975,469787432,3.266,-9.133,-0.961,0.000,0.000,0.000,-221676
22.105858708,469792653,3.227,-9.098,-1.000,0.000,0.000,0.000,-222629
22.10906125,469795874,3.227,-9.098,-1.000,0.000,0.000,0.000,-222135
22.114491167,469801095,3.227,-9.098,-1.000,0.000,0.000,0.000,-221176
22.119590667,469806315,3.227,-9.098,-1.000,0.000,0.000,0.000,-222419
22.125274208,469810536,3.227,-9.098,-1.000,0.000,0.000,0.000,-222460
22.128965542,469815757,3.227,-9.098,-1.000,0.000,0.000,0.000,-221977
22.133464375,469819978,3.227,-9.098,-0.961,0.000,0.000,0.000,-222303
22.135387708,469822198,3.227,-9.098,-0.961,0.000,0.000,0.000,-221993
22.139866458,469826418,3.227,-9.098,-0.961,0.000,0.000,0.000,-221973
22.145055375,469831639,3.227,-9.098,-0.961,0.000,0.000,0.000,-222207
22.149178458,469835860,3.227,-9.098,-0.961,0.000,0.000,0.000,-222098
22.154254167,469841081,3.227,-9.098,-0.961,0.000,0.000,0.000,-222466
22.158420292,469845302,3.227,-9.098,-0.961,0.000,0.000,0.000,-222625
22.16266725,469849523,3.227,-9.055,-1.000,0.000,0.000,0.000,-222163
22.164895292,469851744,3.227,-9.055,-1.000,0.000,0.000,0.000,-222872
22.169313417,469855965,3.227,-9.055,-1.000,0.000,0.000,0.000,-222072
22.17436725,469861186,3.227,-9.055,-1.000,0.000,0.000,0.000,-222190
22.178598792,469865407,3.227,-9.055,-1.000,0.000,0.000,0.000,-223027
22.185818042,469872628,3.227,-9.055,-1.000,0.000,0.000,0.000,-222909
22.190362625,469876849,3.227,-9.055,-1.000,0.000,0.000,0.000,-222340
22.194184458,469881070,3.191,-9.094,-0.961,0.000,0.000,0.000,-222348
22.197371375,469884291,3.191,-9.094,-0.961,0.000,0.000,0.000,-221039
22.203601375,469890511,3.191,-9.094,-0.961,0.000,0.000,0.000,-222113
22.20779025,469894732,3.191,-9.094,-0.961,0.000,0.000,0.000,-222569
22.212078083,469898953,3.191,-9.094,-0.961,0.000,0.000,0.000,-221694
22.21624475,469903174,3.191,-9.094,-0.961,0.000,0.000,0.000,-221853
22.220443542,469907395,3.266,-9.133,-0.961,0.000,0.000,0.000,-221943
22.223637458,469910615,3.266,-9.133,-0.961,0.000,0.000,0.000,-222109
22.230008417,469916835,3.266,-9.133,-0.961,0.000,0.000,0.000,-222570
22.2341545,469921055,3.266,-9.133,-0.961,0.000,0.000,0.000,-221852
22.23840325,469925275,3.266,-9.133,-0.961,0.000,0.000,0.000,-222384
22.243534167,469930495,3.266,-9.133,-0.961,0.000,0.000,0.000,-222485
22.247840875,469934715,3.266,-9.133,-0.961,0.000,0.000,0.000,-222395
22.250968125,469937936,3.266,-9.133,-0.961,0.000,0.000,0.000,-221655
22.257281917,469944157,3.266,-9.133,-0.961,0.000,0.000,0.000,-221929
22.261445667,469948377,3.266,-9.133,-0.961,0.000,0.000,0.000,-221845
22.265690208,469952598,3.266,-9.133,-0.961,0.000,0.000,0.000,-222008
22.270952167,469957819,3.266,-9.133,-0.961,0.000,0.000,0.000,-222085
22.276207792,469963039,3.266,-9.133,-0.961,0.000,0.000,0.000,-222278
22.279380458,469966259,3.227,-9.098,-1.039,0.000,0.000,0.000,-222078
22.284612417,469971480,3.227,-9.098,-1.039,0.000,0.000,0.000,-222491
22.288844125,469975701,3.227,-9.098,-1.039,0.000,0.000,0.000,-221553
22.29409475,469980922,3.227,-9.098,-1.039,0.000,0.000,0.000,-221721
22.298259833,469985142,3.227,-9.098,-1.039,0.000,0.000,0.000,-222129
22.303490583,469990363,3.227,-9.098,-1.039,0.000,0.000,0.000,-221653
22.305698208,469992584,3.227,-9.098,-1.039,0.000,0.000,0.000,-222918
22.3109245,469997804,3.227,-9.098,-1.039,0.000,0.000,0.000,-221922
22.314139,470001026,3.227,-9.098,-1.039,0.000,0.000,0.000,-222012
22.318408583,470005247,3.227,-9.098,-1.039,0.000,0.000,0.000,-222285
22.323625833,470010468,3.227,-9.098,-1.039,0.000,0.000,0.000,-223094
22.328853625,470015689,3.227,-9.098,-1.039,0.000,0.000,0.000,-221797
22.332064542,470018910,3.266,-9.133,-0.961,0.000,0.000,0.000,-221423
22.335265625,470022131,3.266,-9.133,-0.961,0.000,0.000,0.000,-221712
22.341476917,470028352,3.266,-9.133,-0.961,0.000,0.000,0.000,-221546
22.346718708,470033572,3.266,-9.133,-0.961,0.000,0.000,0.000,-222120
22.3509585,470037792,3.266,-9.133,-0.961,0.000,0.000,0.000,-222860
22.355155917,470042012,3.266,-9.133,-0.961,0.000,0.000,0.000,-222021
22.359402167,470046234,3.266,-9.133,-0.961,0.000,0.000,0.000,-222661
22.362592333,470049454,3.266,-9.133,-0.961,0.000,0.000,0.000,-222898
22.367837,470054675,3.266,-9.133,-0.961,0.000,0.000,0.000,-222022
22.372081917,470058896,3.266,-9.133,-0.961,0.000,0.000,0.000,-222340
22.377381375,470064116,3.266,-9.133,-0.961,0.000,0.000,0.000,-222381
22.382552292,470069337,3.266,-9.133,-0.961,0.000,0.000,0.000,-221864
22.387745,470074557,3.266,-9.133,-0.961,0.000,0.000,0.000,-222086
22.390977583,470077777,3.266,-9.133,-0.961,0.000,0.000,0.000,-222358
22.394178792,470080997,3.266,-9.133,-0.961,0.000,0.000,0.000,-221318
22.399493042,470086217,3.266,-9.133,-0.961,0.000,0.000,0.000,-221767
22.40464925,470091438,3.266,-9.133,-0.961,0.000,0.000,0.000,-222111
22.408865792,470095658,3.266,-9.133,-0.961,0.000,0.000,0.000,-221892
22.414283667,470100879,3.266,-9.133,-0.961,0.000,0.000,0.000,-222360
22.419373667,470106099,3.266,-9.133,-0.961,0.000,0.000,0.000,-221844
22.424550583,470111319,3.227,-9.137,-1.000,0.000,0.000,0.000,-222755
22.427759,470114540,3.227,-9.137,-1.000,0.000,0.000,0.000,-222685
22.432955625,470119761,3.227,-9.137,-1.000,0.000,0.000,0.000,-222312
22.437210625,470123982,3.227,-9.137,-1.000,0.000,0.000,0.000,-222438
22.444417458,470131203,3.227,-9.137,-1.000,0.000,0.000,0.000,-222492
22.44862625,470135409,3.227,-9.137,-1.000,0.000,0.000,0.000,-222492
22.45282125,470139629,3.227,-9.137,-1.000,0.000,0.000,0.000,-221954
22.457064833,470143849,3.227,-9.137,-1.000,0.000,0.000,0.000,-222737
22.459283458,470146070,3.227,-9.137,-1.000,0.000,0.000,0.000,-221468
22.46454425,470151291,3.227,-9.137,-1.000,0.000,0.000,0.000,-222529
22.468850792,470155511,3.227,-9.137,-1.000,0.000,0.000,0.000,-222401
22.472113917,470158732,3.227,-9.137,-1.000,0.000,0.000,0.000,-221417
22.477139083,470163953,3.227,-9.137,-1.000,0.000,0.000,0.000,-221765
22.481613167,470168174,3.227,-9.137,-1.000,0.000,0.000,0.000,-222093
22.485621958,470172395,3.191,-9.133,-1.000,0.000,0.000,0.000,-221809
22.488859292,470175616,3.191,-9.133,-1.000,0.000,0.000,0.000,-222962
22.494076083,470180837,3.191,-9.133,-1.000,0.000,0.000,0.000,-222000
22.498170667,470185058,3.191,-9.133,-1.000,0.000,0.000,0.000,-221933
22.503448875,470190279,3.191,-9.133,-1.000,0.000,0.000,0.000,-222772
22.507715417,470194500,3.191,-9.133,-1.000,0.000,0.000,0.000,-221465
22.511955458,470198721,3.191,-9.133,-1.000,0.000,0.000,0.000,-222372
22.516644833,470202942,3.191,-9.094,-1.000,0.000,0.000,0.000,-222449
22.5186065,470205163,3.191,-9.094,-1.000,0.000,0.000,0.000,-221301
22.522876375,470209384,3.191,-9.094,-1.000,0.000,0.000,0.000,-221544
22.527039083,470213605,3.191,-9.094,-1.000,0.000,0.000,0.000,-221814
22.531246333,470217826,3.191,-9.094,-1.000,0.000,0.000,0.000,-222633
22.536036167,470222047,3.191,-9.094,-1.000,0.000,0.000,0.000,-222798
22.539623208,470226268,3.191,-9.094,-1.000,0.000,0.000,0.000,-221361
22.54469575,470231489,3.266,-9.133,-1.000,0.000,0.000,0.000,-222755
22.547928125,470234710,3.266,-9.133,-1.000,0.000,0.000,0.000,-222140
22.553248667,470239916,3.266,-9.133,-1.000,0.000,0.000,0.000,-222140
22.557622333,470244136,3.266,-9.133,-1.000,0.000,0.000,0.000,-222067
22.562911042,470249356,3.266,-9.133,-1.000,0.000,0.000,0.000,-221432
22.566752625,470253576,3.266,-9.133,-1.000,0.000,0.000,0.000,-221834
22.570967042,470257796,3.266,-9.133,-1.000,0.000,0.000,0.000,-221949
22.576388708,470263018,3.227,-9.098,-1.000,0.000,0.000,0.000,-221882
22.579638083,470266239,3.227,-9.098,-1.000,0.000,0.000,0.000,-222779
22.586002458,470272460,3.227,-9.098,-1.000,0.000,0.000,0.000,-221384
22.589858458,470276680,3.227,-9.098,-1.000,0.000,0.000,0.000,-222054
22.594155208,470280900,3.227,-9.098,-1.000,0.000,0.000,0.000,-222717
22.598439167,470285121,3.227,-9.098,-1.000,0.000,0.000,0.000,-222810
22.603566708,470290342,3.227,-9.098,-1.000,0.000,0.000,0.000,-222550
22.606740083,470293563,3.191,-9.094,-1.000,0.000,0.000,0.000,-222201
22.609281917,470295783,3.191,-9.094,-1.000,0.000,0.000,0.000,-222150
22.614217667,470301004,3.191,-9.094,-1.000,0.000,0.000,0.000,-222140
22.619568208,470306225,3.191,-9.094,-1.000,0.000,0.000,0.000,-221850
22.623863,470310446,3.191,-9.094,-1.000,0.000,0.000,0.000,-222148
22.628173792,470314667,3.191,-9.094,-1.000,0.000,0.000,0.000,-222305
22.632157417,470318888,3.191,-9.094,-1.000,0.000,0.000,0.000,-222218
22.636262792,470323109,3.227,-9.059,-0.922,0.000,0.000,0.000,-221924
22.638522958,470325330,3.227,-9.059,-0.922,0.000,0.000,0.000,-221802
22.644088125,470330552,3.227,-9.059,-0.922,0.000,0.000,0.000,-222525
22.649055458,470335772,3.227,-9.059,-0.922,0.000,0.000,0.000,-222600
22.65318125,470339993,3.227,-9.059,-0.922,0.000,0.000,0.000,-221702
22.657373125,470344214,3.227,-9.059,-0.922,0.000,0.000,0.000,-221341
22.662660375,470349435,3.227,-9.059,-0.922,0.000,0.000,0.000,-221827
22.6671465,470353656,3.227,-9.172,-1.078,0.000,0.000,0.000,-221801
22.67011375,470356877,3.227,-9.172,-1.078,0.000,0.000,0.000,-222623
22.676319292,470363098,3.227,-9.172,-1.078,0.000,0.000,0.000,-222151
22.680556458,470367319,3.227,-9.172,-1.078,0.000,0.000,0.000,-222261
22.684855958,470371539,3.227,-9.172,-1.078,0.000,0.000,0.000,-221670
22.690400333,470376760,3.227,-9.172,-1.078,0.000,0.000,0.000,-222560
22.69644675,470382981,3.227,-9.172,-1.078,0.000,0.000,0.000,-222797
22.699398083,470386202,3.266,-9.094,-1.000,0.000,0.000,0.000,-221962
22.702585458,470389423,3.266,-9.094,-1.000,0.000,0.000,0.000,-221982
22.707829542,470394644,3.266,-9.094,-1.000,0.000,0.000,0.000,-222028
22.71208975,470398864,3.266,-9.094,-1.000,0.000,0.000,0.000,-222428
22.717335958,470404085,3.266,-9.094,-1.000,0.000,0.000,0.000,-221721
22.721559042,470408306,3.266,-9.094,-1.000,0.000,0.000,0.000,-221492
22.726857875,470413526,3.266,-9.094,-1.000,0.000,0.000,0.000,-222978
22.729975083,470416747,3.227,-9.137,-1.000,0.000,0.000,0.000,-222520
22.735715292,470421968,3.227,-9.137,-1.000,0.000,0.000,0.000,-222323
22.739449417,470426191,3.227,-9.137,-1.000,0.000,0.000,0.000,-222189
22.743572792,470430412,3.227,-9.137,-1.000,0.000,0.000,0.000,-220827
22.747927583,470434632,3.227,-9.137,-1.000,0.000,0.000,0.000,-221940
22.752040417,470438853,3.227,-9.137,-1.000,0.000,0.000,0.000,-221545
22.755255833,470442074,3.266,-9.133,-1.039,0.000,0.000,0.000,-222254
22.757922042,470444295,3.266,-9.133,-1.039,0.000,0.000,0.000,-221661
22.762752542,470449516,3.266,-9.133,-1.039,0.000,0.000,0.000,-222540
22.766931958,470453737,3.266,-9.133,-1.039,0.000,0.000,0.000,-221542
22.770230042,470456957,3.266,-9.133,-1.039,0.000,0.000,0.000,-222432
22.774496958,470461178,3.266,-9.133,-1.039,0.000,0.000,0.000,-222207
22.778926333,470465399,3.266,-9.133,-1.039,0.000,0.000,0.000,-221461
22.782842167,470469620,3.266,-9.094,-1.000,0.000,0.000,0.000,-221772
22.786108125,470472841,3.266,-9.094,-1.000,0.000,0.000,0.000,-221996
22.792348375,470479062,3.266,-9.094,-1.000,0.000,0.000,0.000,-221876
22.796874708,470483283,3.266,-9.094,-1.000,0.000,0.000,0.000,-222729
22.799672458,470486504,3.266,-9.094,-1.000,0.000,0.000,0.000,-222223
22.804993875,470491725,3.266,-9.094,-1.000,0.000,0.000,0.000,-221696
22.810257167,470496946,3.266,-9.094,-1.000,0.000,0.000,0.000,-221765
22.814467042,470501166,3.227,-9.098,-1.000,0.000,0.000,0.000,-222092
22.81781725,470504386,3.227,-9.098,-1.000,0.000,0.000,0.000,-221558
22.823898167,470510607,3.227,-9.098,-1.000,0.000,0.000,0.000,-221546
22.828223875,470514828,3.227,-9.098,-1.000,0.000,0.000,0.000,-222194
22.831308333,470518048,3.227,-9.098,-1.000,0.000,0.000,0.000,-222516
22.836469917,470523269,3.227,-9.098,-1.000,0.000,0.000,0.000,-222204
22.841756792,470528490,3.227,-9.098,-1.000,0.000,0.000,0.000,-221456
22.84697175,470533711,3.266,-9.176,-1.000,0.000,0.000,0.000,-222233
22.849072708,470535932,3.266,-9.176,-1.000,0.000,0.000,0.000,-222206
22.85448275,470541153,3.266,-9.176,-1.000,0.000,0.000,0.000,-222329
22.85856075,470545374,3.266,-9.176,-1.000,0.000,0.000,0.000,-222025
22.864930708,470551594,3.266,-9.176,-1.000,0.000,0.000,0.000,-222765
22.869084792,470555815,3.266,-9.176,-1.000,0.000,0.000,0.000,-221642
22.873194042,470560036,3.266,-9.176,-1.000,0.000,0.000,0.000,-222287
22.877479708,470564257,3.227,-9.137,-1.000,0.000,0.000,0.000,-222572
22.879685917,470566478,3.227,-9.137,-1.000,0.000,0.000,0.000,-222942
22.884878375,470571699,3.227,-9.137,-1.000,0.000,0.000,0.000,-222369
22.889100958,470575920,3.227,-9.137,-1.000,0.000,0.000,0.000,-221964
22.893442708,470580141,3.227,-9.137,-1.000,0.000,0.000,0.000,-222742
22.897559625,470584362,3.227,-9.137,-1.000,0.000,0.000,0.000,-221924
22.90278125,470589582,3.227,-9.137,-1.000,0.000,0.000,0.000,-220975
22.90711575,470593803,3.191,-9.094,-1.000,0.000,0.000,0.000,-221791
22.910330125,470597023,3.191,-9.094,-1.000,0.000,0.000,0.000,-221940
22.9165005,470603244,3.191,-9.094,-1.000,0.000,0.000,0.000,-222550
22.920639125,470607465,3.191,-9.094,-1.000,0.000,0.000,0.000,-222710
22.924829792,470611686,3.191,-9.094,-1.000,0.000,0.000,0.000,-222908
22.930257542,470616907,3.191,-9.094,-1.000,0.000,0.000,0.000,-222952
22.935147958,470621128,3.191,-9.094,-1.000,0.000,0.000,0.000,-222518
22.938612375,470625349,3.191,-9.094,-0.961,0.000,0.000,0.000,-221634
22.940902042,470627570,3.191,-9.094,-0.961,0.000,0.000,0.000,-222525
22.946101333,470632790,3.191,-9.094,-0.961,0.000,0.000,0.000,-222636
22.950454042,470637012,3.191,-9.094,-0.961,0.000,0.000,0.000,-222204
22.956545833,470643233,3.191,-9.094,-0.961,0.000,0.000,0.000,-222271
22.96024425,470646454,3.227,-9.098,-0.961,0.000,0.000,0.000,-221885
22.963882333,470650675,3.227,-9.098,-0.961,0.000,0.000,0.000,-222291
22.968038458,470654895,3.227,-9.098,-0.961,0.000,0.000,0.000,-222747
22.972602667,470659115,3.227,-9.098,-0.961,0.000,0.000,0.000,-222554
22.977835875,470664336,3.227,-9.098,-0.961,0.000,0.000,0.000,-221856
22.98181775,470668556,3.227,-9.098,-0.961,0.000,0.000,0.000,-221673
22.987404625,470673776,3.227,-9.098,-1.000,0.000,0.000,0.000,-221801
22.989386125,470675997,3.227,-9.098,-1.000,0.000,0.000,0.000,-222774
22.995580167,470681218,3.227,-9.098,-1.000,0.000,0.000,0.000,-221786
22.998650542,470685439,3.227,-9.098,-1.000,0.000,0.000,0.000,-221072
23.004418292,470690660,3.227,-9.098,-1.000,0.000,0.000,0.000,-222900
23.007132667,470693881,3.266,-9.133,-1.000,0.000,0.000,0.000,-222323
23.009275083,470696101,3.266,-9.133,-1.000,0.000,0.000,0.000,-222397
23.014743417,470701322,3.266,-9.133,-1.000,0.000,0.000,0.000,-221949
23.018739625,470705543,3.266,-9.133,-1.000,0.000,0.000,0.000,-222227
23.024229375,470710764,3.266,-9.133,-1.000,0.000,0.000,0.000,-221927
23.029579167,470715985,3.266,-9.133,-1.000,0.000,0.000,0.000,-222396
23.033390333,470720206,3.266,-9.133,-1.000,0.000,0.000,0.000,-221304
23.03772825,470724427,3.227,-9.098,-1.000,0.000,0.000,0.000,-222727
23.039851458,470726648,3.227,-9.098,-1.000,0.000,0.000,0.000,-221920
23.045148708,470731869,3.227,-9.098,-1.000,0.000,0.000,0.000,-221937
23.04935525,470736090,3.227,-9.098,-1.000,0.000,0.000,0.000,-222810
23.054491167,470741311,3.227,-9.098,-1.000,0.000,0.000,0.000,-222184
23.059730208,470746532,3.227,-9.098,-1.000,0.000,0.000,0.000,-221811
23.065037125,470751752,3.227,-9.098,-1.000,0.000,0.000,0.000,-222735
23.069137875,470755973,3.227,-9.137,-1.000,0.000,0.000,0.000,-221979
23.071492708,470758194,3.227,-9.137,-1.000,0.000,0.000,0.000,-222855
23.07562775,470762414,3.227,-9.137,-1.000,0.000,0.000,0.000,-221775
23.079847792,470766635,3.227,-9.137,-1.000,0.000,0.000,0.000,-221601
23.085399917,470771856,3.227,-9.137,-1.000,0.000,0.000,0.000,-222310
23.089250708,470776078,3.227,-9.137,-1.000,0.000,0.000,0.000,-222095
23.093565542,470780298,3.227,-9.137,-1.000,0.000,0.000,0.000,-221400
23.097744667,470784519,3.227,-9.098,-1.000,0.000,0.000,0.000,-223213
23.100916708,470787740,3.227,-9.098,-1.000,0.000,0.000,0.000,-222090
23.107375583,470793961,3.227,-9.098,-1.000,0.000,0.000,0.000,-221660
23.111499792,470798182,3.227,-9.098,-1.000,0.000,0.000,0.000,-221353
23.11476925,470801403,3.227,-9.098,-1.000,0.000,0.000,0.000,-221505
23.120404292,470806623,3.227,-9.098,-1.000,0.000,0.000,0.000,-222507
23.125004167,470811844,3.227,-9.098,-1.000,0.000,0.000,0.000,-221899
23.128281875,470815065,3.227,-9.098,-1.000,0.000,0.000,0.000,-222265
23.134199083,470820285,3.227,-9.098,-1.000,0.000,0.000,0.000,-221474
23.137695167,470824506,3.227,-9.098,-1.000,0.000,0.000,0.000,-221854
23.1429695,470829727,3.227,-9.098,-1.000,0.000,0.000,0.000,-222482
23.147275417,470833948,3.227,-9.098,-1.000,0.000,0.000,0.000,-222265
23.1513255,470838168,3.227,-9.098,-1.000,0.000,0.000,0.000,-222707
23.156536875,470843389,3.227,-9.137,-0.961,0.000,0.000,0.000,-222344
23.160533917,470846609,3.227,-9.137,-0.961,0.000,0.000,0.000,-222368
23.166136208,470852830,3.227,-9.137,-0.961,0.000,0.000,0.000,-222494
23.170394583,470857050,3.227,-9.137,-0.961,0.000,0.000,0.000,-222667
23.174655333,470861271,3.227,-9.137,-0.961,0.000,0.000,0.000,-222604
23.179176625,470865492,3.227,-9.137,-0.961,0.000,0.000,0.000,-222947
23.182937333,470869713,3.227,-9.137,-0.961,0.000,0.000,0.000,-221785
23.188077917,470874934,3.227,-9.137,-1.000,0.000,0.000,0.000,-222460
23.191337708,470878155,3.227,-9.137,-1.000,0.000,0.000,0.000,-221904
23.19773925,470884376,3.227,-9.137,-1.000,0.000,0.000,0.000,-222220
23.202946042,470888597,3.227,-9.137,-1.000,0.000,0.000,0.000,-221312
23.206303167,470892818,3.227,-9.137,-1.000,0.000,0.000,0.000,-221715
23.210343625,470897039,3.227,-9.137,-1.000,0.000,0.000,0.000,-221652
23.217472958,470904260,3.227,-9.137,-1.000,0.000,0.000,0.000,-222168
23.221937625,470908481,3.266,-9.094,-1.000,0.000,0.000,0.000,-222452
23.223856792,470910702,3.266,-9.094,-1.000,0.000,0.000,0.000,-222200
23.229438,470915923,3.266,-9.094,-1.000,0.000,0.000,0.000,-222640
23.233364625,470920144,3.266,-9.094,-1.000,0.000,0.000,0.000,-223096
23.236631417,470923364,3.266,-9.094,-1.000,0.000,0.000,0.000,-221530
23.2409325,470927585,3.266,-9.094,-1.000,0.000,0.000,0.000,-222407
23.24503225,470931806,3.266,-9.094,-1.000,0.000,0.000,0.000,-222365
23.249275417,470936027,3.227,-9.098,-1.000,0.000,0.000,0.000,-222681
23.25241875,470939248,3.227,-9.098,-1.000,0.000,0.000,0.000,-221939
23.257613208,470944469,3.227,-9.098,-1.000,0.000,0.000,0.000,-221581
23.261845542,470948690,3.227,-9.098,-1.000,0.000,0.000,0.000,-220929
23.267079625,470953911,3.227,-9.098,-1.000,0.000,0.000,0.000,-222319
23.271498375,470958132,3.227,-9.098,-1.000,0.000,0.000,0.000,-222401
23.27554975,470962353,3.227,-9.098,-1.000,0.000,0.000,0.000,-221642
23.279768625,470966574,3.227,-9.137,-0.961,0.000,0.000,0.000,-222609
23.283076,470969795,3.227,-9.137,-0.961,0.000,0.000,0.000,-222653
23.288197875,470975015,3.227,-9.137,-0.961,0.000,0.000,0.000,-222604
23.292435458,470979235,3.227,-9.137,-0.961,0.000,0.000,0.000,-222064
23.297670792,470984455,3.227,-9.137,-0.961,0.000,0.000,0.000,-221575
23.301944125,470988676,3.227,-9.137,-0.961,0.000,0.000,0.000,-222268
23.307356,470993896,3.227,-9.137,-0.961,0.000,0.000,0.000,-222063
23.310486292,470997117,3.227,-9.172,-1.039,0.000,0.000,0.000,-221799
23.315632458,471002338,3.227,-9.172,-1.039,0.000,0.000,0.000,-221335
23.319722458,471006558,3.227,-9.172,-1.039,0.000,0.000,0.000,-221842
23.3249715,471011778,3.227,-9.172,-1.039,0.000,0.000,0.000,-222086
23.329270708,471015999,3.227,-9.172,-1.039,0.000,0.000,0.000,-222460
23.333406,471020221,3.227,-9.172,-1.039,0.000,0.000,0.000,-222331
23.337641042,471024442,3.266,-9.094,-1.039,0.000,0.000,0.000,-222836
23.341085125,471027663,3.266,-9.094,-1.039,0.000,0.000,0.000,-221783
23.347108833,471033884,3.266,-9.094,-1.039,0.000,0.000,0.000,-222049
23.351316333,471038105,3.266,-9.094,-1.039,0.000,0.000,0.000,-221407
23.355539875,471042326,3.266,-9.094,-1.039,0.000,0.000,0.000,-222249
23.360089542,471046547,3.266,-9.094,-1.039,0.000,0.000,0.000,-221842
23.364921125,471051768,3.266,-9.094,-1.039,0.000,0.000,0.000,-221522
23.369136917,471055989,3.227,-9.137,-1.000,0.000,0.000,0.000,-221616
23.37247175,471059210,3.227,-9.137,-1.000,0.000,0.000,0.000,-222129
23.377764083,471064430,3.227,-9.137,-1.000,0.000,0.000,0.000,-221557
23.382095667,471068651,3.227,-9.137,-1.000,0.000,0.000,0.000,-222277
23.3874765,471073872,3.227,-9.137,-1.000,0.000,0.000,0.000,-221703
23.39151625,471078093,3.227,-9.137,-1.000,0.000,0.000,0.000,-221508
23.395745833,471082314,3.227,-9.137,-1.000,0.000,0.000,0.000,-222554
23.399971542,471086535,3.227,-9.098,-1.000,0.000,0.000,0.000,-222274
23.403119833,471089755,3.227,-9.098,-1.000,0.000,0.000,0.000,-222112
23.409141583,471095976,3.227,-9.098,-1.000,0.000,0.000,0.000,-222041
23.413443875,471100197,3.227,-9.098,-1.000,0.000,0.000,0.000,-222107
23.417713125,471104418,3.227,-9.098,-1.000,0.000,0.000,0.000,-222646
23.42218075,471108638,3.227,-9.098,-1.000,0.000,0.000,0.000,-222222
23.427333792,471113859,3.227,-9.098,-1.000,0.000,0.000,0.000,-222421
23.430343875,471117080,3.266,-9.133,-0.961,0.000,0.000,0.000,-222252
23.435479458,471122301,3.266,-9.133,-0.961,0.000,0.000,0.000,-222256
23.439684417,471126521,3.266,-9.133,-0.961,0.000,0.000,0.000,-222168
23.445082625,471131742,3.266,-9.133,-0.961,0.000,0.000,0.000,-222070
23.449225375,471135962,3.266,-9.133,-0.961,0.000,0.000,0.000,-222241
23.453391667,471140183,3.227,-9.137,-1.039,0.000,0.000,0.000,-222741
23.456761583,471143404,3.227,-9.137,-1.039,0.000,0.000,0.000,-221952
23.461864167,471148625,3.227,-9.137,-1.039,0.000,0.000,0.000,-221374
23.467086792,471153846,3.227,-9.137,-1.039,0.000,0.000,0.000,-221227
23.47240425,471159067,3.227,-9.137,-1.039,0.000,0.000,0.000,-221665
23.47951925,471166273,3.227,-9.137,-1.039,0.000,0.000,0.000,-221665
23.483737583,471170493,3.227,-9.137,-1.039,0.000,0.000,0.000,-222063
23.488053958,471174714,3.191,-9.094,-1.039,0.000,0.000,0.000,-222082
23.490254333,471176934,3.191,-9.094,-1.039,0.000,0.000,0.000,-222066
23.495615417,471182155,3.191,-9.094,-1.039,0.000,0.000,0.000,-222238
23.500592417,471187376,3.191,-9.094,-1.039,0.000,0.000,0.000,-221881
23.504829625,471191597,3.191,-9.094,-1.039,0.000,0.000,0.000,-221702
23.5101625,471196818,3.191,-9.094,-1.039,0.000,0.000,0.000,-222408
23.5156625,471202039,3.191,-9.094,-1.039,0.000,0.000,0.000,-221956
23.520702458,471207260,3.227,-9.137,-0.961,0.000,0.000,0.000,-222558
23.523915667,471210481,3.227,-9.137,-0.961,0.000,0.000,0.000,-222506
23.530136167,471216701,3.227,-9.137,-0.961,0.000,0.000,0.000,-222446
23.534707917,471220922,3.227,-9.137,-0.961,0.000,0.000,0.000,-221840
23.538250583,471224143,3.227,-9.137,-0.961,0.000,0.000,0.000,-222464
23.542569083,471229363,3.227,-9.137,-0.961,0.000,0.000,0.000,-221552
23.546811833,471233583,3.266,-9.094,-0.961,0.000,0.000,0.000,-221616
23.549051083,471235803,3.266,-9.094,-0.961,0.000,0.000,0.000,-222230
23.554363458,471241023,3.266,-9.094,-0.961,0.000,0.000,0.000,-222116
23.558639417,471245243,3.266,-9.094,-0.961,0.000,0.000,0.000,-221943
23.56362675,471250464,3.266,-9.094,-0.961,0.000,0.000,0.000,-222025
23.567896125,471254685,3.266,-9.094,-0.961,0.000,0.000,0.000,-221469
23.572122917,471258906,3.266,-9.094,-0.961,0.000,0.000,0.000,-221363
23.575292125,471262127,3.227,-9.098,-1.000,0.000,0.000,0.000,-221853
23.578497083,471265348,3.227,-9.098,-1.000,0.000,0.000,0.000,-222147
23.584746,471271569,3.227,-9.098,-1.000,0.000,0.000,0.000,-222968
23.588828083,471275790,3.227,-9.098,-1.000,0.000,0.000,0.000,-223132
23.5932025,471280013,3.227,-9.098,-1.000,0.000,0.000,0.000,-221899
23.597453875,471284233,3.227,-9.098,-1.000,0.000,0.000,0.000,-221289
23.6026535,471289454,3.227,-9.137,-1.000,0.000,0.000,0.000,-221557
23.605957792,471292675,3.227,-9.137,-1.000,0.000,0.000,0.000,-222729
23.611148542,471297896,3.227,-9.137,-1.000,0.000,0.000,0.000,-221730
23.615312292,471302117,3.227,-9.137,-1.000,0.000,0.000,0.000,-222420
23.620571417,471307338,3.227,-9.137,-1.000,0.000,0.000,0.000,-221767
23.626881792,471312559,3.227,-9.137,-1.000,0.000,0.000,0.000,-221151
23.631045708,471317779,3.227,-9.137,-1.000,0.000,0.000,0.000,-222677
23.635199292,471322000,3.227,-9.098,-1.000,0.000,0.000,0.000,-222625
23.637484542,471324222,3.227,-9.098,-1.000,0.000,0.000,0.000,-221449
23.642907333,471329443,3.227,-9.098,-1.000,0.000,0.000,0.000,-222181
23.647936542,471334665,3.227,-9.098,-1.000,0.000,0.000,0.000,-221221
23.652108917,471338886,3.227,-9.098,-1.000,0.000,0.000,0.000,-221958
23.657318375,471344106,3.227,-9.098,-1.000,0.000,0.000,0.000,-221953
23.662558958,471349328,3.227,-9.098,-1.000,0.000,0.000,0.000,-222218
23.666836792,471353548,3.227,-9.098,-1.000,0.000,0.000,0.000,-221834
23.67008275,471356769,3.227,-9.098,-1.000,0.000,0.000,0.000,-222468
23.675189583,471361990,3.227,-9.098,-1.000,0.000,0.000,0.000,-221697
23.679437,471366211,3.227,-9.098,-1.000,0.000,0.000,0.000,-221599
23.684611583,471371432,3.227,-9.098,-1.000,0.000,0.000,0.000,-223281
23.689864125,471376653,3.227,-9.137,-0.961,0.000,0.000,0.000,-221825
23.693073,471379873,3.227,-9.137,-0.961,0.000,0.000,0.000,-223075
23.698293292,471385094,3.227,-9.137,-0.961,0.000,0.000,0.000,-221348
23.703545042,471390315,3.227,-9.137,-0.961,0.000,0.000,0.000,-222069
23.70783425,471394536,3.227,-9.137,-0.961,0.000,0.000,0.000,-221706
23.713075375,471399757,3.227,-9.137,-0.961,0.000,0.000,0.000,-223228
23.717419625,471403977,3.227,-9.137,-0.961,0.000,0.000,0.000,-221619
23.721695667,471408197,3.227,-9.172,-1.000,0.000,0.000,0.000,-221316
23.724899,471411418,3.227,-9.172,-1.000,0.000,0.000,0.000,-222013
23.733101792,471419639,3.227,-9.172,-1.000,0.000,0.000,0.000,-222113
23.737330375,471423860,3.227,-9.172,-1.000,0.000,0.000,0.000,-221474
23.740218667,471427080,3.227,-9.172,-1.000,0.000,0.000,0.000,-222046
23.745449792,471432301,3.227,-9.172,-1.000,0.000,0.000,0.000,-222368
23.749747917,471436522,3.227,-9.172,-1.000,0.000,0.000,0.000,-221396
23.752976792,471439743,3.266,-9.133,-1.000,0.000,0.000,0.000,-222424
23.758712125,471444964,3.266,-9.133,-1.000,0.000,0.000,0.000,-221850
23.762368167,471449185,3.266,-9.133,-1.000,0.000,0.000,0.000,-222026
23.76749975,471454405,3.266,-9.133,-1.000,0.000,0.000,0.000,-222306
23.7728975,471459625,3.266,-9.133,-1.000,0.000,0.000,0.000,-221943
23.778144292,471464846,3.227,-9.172,-0.961,0.000,0.000,0.000,-222461
23.781414542,471468067,3.227,-9.172,-0.961,0.000,0.000,0.000,-221812
23.78756075,471474288,3.227,-9.172,-0.961,0.000,0.000,0.000,-222670
23.791820917,471478509,3.227,-9.172,-0.961,0.000,0.000,0.000,-221782
23.79626325,471482730,3.227,-9.172,-0.961,0.000,0.000,0.000,-222582
23.801086583,471486950,3.227,-9.172,-0.961,0.000,0.000,0.000,-222297
23.805447167,471492171,3.227,-9.172,-0.961,0.000,0.000,0.000,-221823
23.809609833,471496392,3.266,-9.094,-1.039,0.000,0.000,0.000,-222879
23.812858458,471499613,3.266,-9.094,-1.039,0.000,0.000,0.000,-222405
23.818043125,471504834,3.266,-9.094,-1.039,0.000,0.000,0.000,-221855
23.823191333,471510054,3.266,-9.094,-1.039,0.000,0.000,0.000,-222323
23.82748975,471514274,3.266,-9.094,-1.039,0.000,0.000,0.000,-220993
23.831667875,471518495,3.266,-9.094,-1.039,0.000,0.000,0.000,-222106
23.835911042,471522716,3.266,-9.094,-1.039,0.000,0.000,0.000,-221790
23.840111333,471526936,3.266,-9.133,-1.000,0.000,0.000,0.000,-222681
23.843359333,471530157,3.266,-9.133,-1.000,0.000,0.000,0.000,-220959
23.849633917,471536378,3.266,-9.133,-1.000,0.000,0.000,0.000,-222142
23.852835208,471539598,3.266,-9.133,-1.000,0.000,0.000,0.000,-221730
23.857049542,471543819,3.266,-9.133,-1.000,0.000,0.000,0.000,-222133
23.861413625,471548039,3.266,-9.133,-1.000,0.000,0.000,0.000,-221866
23.866456042,471553259,3.266,-9.133,-1.000,0.000,0.000,0.000,-221336
23.87077175,471557479,3.227,-9.137,-1.000,0.000,0.000,0.000,-223066
23.873894167,471560700,3.227,-9.137,-1.000,0.000,0.000,0.000,-221787
23.880294208,471566921,3.227,-9.137,-1.000,0.000,0.000,0.000,-222248
23.884440375,471571142,3.227,-9.137,-1.000,0.000,0.000,0.000,-221930
23.888642125,471575363,3.227,-9.137,-1.000,0.000,0.000,0.000,-221302
23.892818,471579584,3.227,-9.137,-1.000,0.000,0.000,0.000,-221880
23.898164583,471584805,3.227,-9.137,-1.000,0.000,0.000,0.000,-222393
23.902230792,471589025,3.227,-9.137,-0.961,0.000,0.000,0.000,-221342
23.905481208,471592246,3.227,-9.137,-0.961,0.000,0.000,0.000,-222518
23.910749792,471597467,3.227,-9.137,-0.961,0.000,0.000,0.000,-222476
23.915964417,471602688,3.227,-9.137,-0.961,0.000,0.000,0.000,-221921
23.920316333,471606909,3.227,-9.137,-0.961,0.000,0.000,0.000,-222531
23.925322333,471612130,3.227,-9.137,-0.961,0.000,0.000,0.000,-222911
23.92983825,471616350,3.227,-9.137,-0.961,0.000,0.000,0.000,-223677
23.933982167,471620570,3.227,-9.137,-0.961,0.000,0.000,0.000,-221983
23.937142792,471623791,3.227,-9.137,-0.961,0.000,0.000,0.000,-221672
23.942300125,471629014,3.227,-9.137,-0.961,0.000,0.000,0.000,-222829
23.94642525,471633234,3.227,-9.137,-0.961,0.000,0.000,0.000,-221989
23.950726792,471637455,3.227,-9.137,-0.961,0.000,0.000,0.000,-222190
23.95484525,471641675,3.227,-9.137,-0.961,0.000,0.000,0.000,-221545
23.959094125,471645895,3.227,-9.137,-0.961,0.000,0.000,0.000,-222079
23.963493292,471650115,3.227,-9.137,-0.961,0.000,0.000,0.000,-222627
23.965467333,471652336,3.227,-9.137,-0.961,0.000,0.000,0.000,-222052
23.970818708,471657556,3.227,-9.137,-0.961,0.000,0.000,0.000,-222085
23.977131125,471663776,3.227,-9.137,-0.961,0.000,0.000,0.000,-222941
23.980247042,471666998,3.227,-9.137,-0.961,0.000,0.000,0.000,-221314
23.985674292,471672218,3.227,-9.137,-0.961,0.000,0.000,0.000,-222977
23.989627917,471676439,3.227,-9.137,-0.961,0.000,0.000,0.000,-222236
23.992808125,471679660,3.227,-9.098,-1.000,0.000,0.000,0.000,-221840
23.998632833,471684881,3.227,-9.098,-1.000,0.000,0.000,0.000,-222914
24.003987042,471689102,3.227,-9.098,-1.000,0.000,0.000,0.000,-221471
24.007516417,471694322,3.227,-9.098,-1.000,0.000,0.000,0.000,-222760
24.011777375,471698543,3.227,-9.098,-1.000,0.000,0.000,0.000,-222476
24.015925,471702764,3.266,-9.133,-1.000,0.000,0.000,0.000,-222293
24.018228667,471704984,3.266,-9.133,-1.000,0.000,0.000,0.000,-221625
24.022448708,471709205,3.266,-9.133,-1.000,0.000,0.000,0.000,-222305
24.026578083,471713425,3.266,-9.133,-1.000,0.000,0.000,0.000,-222156
24.03006625,471716646,3.266,-9.133,-1.000,0.000,0.000,0.000,-221430
24.035156333,471721867,3.266,-9.133,-1.000,0.000,0.000,0.000,-222403
24.040470125,471727088,3.266,-9.133,-1.000,0.000,0.000,0.000,-222883
24.045578583,471732309,3.191,-9.133,-1.000,0.000,0.000,0.000,-222250
24.047745708,471734530,3.191,-9.133,-1.000,0.000,0.000,0.000,-222815
24.052983583,471739751,3.191,-9.133,-1.000,0.000,0.000,0.000,-222047
24.05723375,471743971,3.191,-9.133,-1.000,0.000,0.000,0.000,-222160
24.061362708,471748191,3.191,-9.133,-1.000,0.000,0.000,0.000,-221526
24.066615125,471753411,3.191,-9.133,-1.000,0.000,0.000,0.000,-222160
24.070822833,471757632,3.191,-9.133,-1.000,0.000,0.000,0.000,-223169
24.075069792,471761853,3.227,-9.137,-1.000,0.000,0.000,0.000,-221239
24.078215208,471765074,3.227,-9.137,-1.000,0.000,0.000,0.000,-221658
24.084496875,471771294,3.227,-9.137,-1.000,0.000,0.000,0.000,-222294
24.088693375,471775515,3.227,-9.137,-1.000,0.000,0.000,0.000,-222785
24.093003083,471779736,3.227,-9.137,-1.000,0.000,0.000,0.000,-221867
24.097122333,471783957,3.227,-9.137,-1.000,0.000,0.000,0.000,-221566
24.100378792,471787178,3.227,-9.137,-1.000,0.000,0.000,0.000,-221298
24.105663417,471792399,3.227,-9.098,-1.000,0.000,0.000,0.000,-222141
24.107871667,471794619,3.227,-9.098,-1.000,0.000,0.000,0.000,-221651
24.1130425,471799840,3.227,-9.098,-1.000,0.000,0.000,0.000,-222507
24.118801125,471805061,3.227,-9.098,-1.000,0.000,0.000,0.000,-222042
24.122528958,471809281,3.227,-9.098,-1.000,0.000,0.000,0.000,-221940
24.127818708,471814502,3.227,-9.098,-1.000,0.000,0.000,0.000,-222279
24.131904958,471818723,3.266,-9.133,-1.000,0.000,0.000,0.000,-222823
24.135166958,471821944,3.266,-9.133,-1.000,0.000,0.000,0.000,-222542
24.140326625,471827165,3.266,-9.133,-1.000,0.000,0.000,0.000,-222307
24.145592292,471832386,3.266,-9.133,-1.000,0.000,0.000,0.000,-222421
24.149754125,471836607,3.266,-9.133,-1.000,0.000,0.000,0.000,-222199
24.155200708,471841827,3.266,-9.133,-1.000,0.000,0.000,0.000,-222867
24.16025125,471847048,3.266,-9.133,-1.000,0.000,0.000,0.000,-221988
24.165456917,471852269,3.227,-9.137,-0.961,0.000,0.000,0.000,-222378
24.167645792,471854489,3.227,-9.137,-0.961,0.000,0.000,0.000,-221766
24.173155833,471859710,3.227,-9.137,-0.961,0.000,0.000,0.000,-222134
24.177211292,471863931,3.227,-9.137,-0.961,0.000,0.000,0.000,-221959
24.181518542,471868151,3.227,-9.137,-0.961,0.000,0.000,0.000,-221677
24.1865795,471873371,3.191,-9.094,-1.000,0.000,0.000,0.000,-222357
24.19024875,471876592,3.191,-9.094,-1.000,0.000,0.000,0.000,-221559
24.195393375,471881812,3.191,-9.094,-1.000,0.000,0.000,0.000,-222253
24.1992745,471886033,3.191,-9.094,-1.000,0.000,0.000,0.000,-222147
24.203970708,471890254,3.191,-9.094,-1.000,0.000,0.000,0.000,-222663
24.207696333,471894475,3.191,-9.094,-1.000,0.000,0.000,0.000,-222122
24.210967875,471897696,3.191,-9.094,-1.000,0.000,0.000,0.000,-221941
24.2152035,471901917,3.266,-9.094,-1.000,0.000,0.000,0.000,-221836
24.218527167,471905138,3.266,-9.094,-1.000,0.000,0.000,0.000,-222243
24.224874417,471911361,3.266,-9.094,-1.000,0.000,0.000,0.000,-221293
24.228912792,471915581,3.266,-9.094,-1.000,0.000,0.000,0.000,-222377
24.23307725,471919802,3.266,-9.094,-1.000,0.000,0.000,0.000,-221579
24.240324917,471927023,3.266,-9.094,-1.000,0.000,0.000,0.000,-222105
24.246482042,471933244,3.266,-9.094,-1.000,0.000,0.000,0.000,-222023
24.250660083,471937465,3.227,-9.098,-1.000,0.000,0.000,0.000,-221823
24.252925083,471939685,3.227,-9.098,-1.000,0.000,0.000,0.000,-221733
24.258128167,471944906,3.227,-9.098,-1.000,0.000,0.000,0.000,-221671
24.262352667,471949126,3.227,-9.098,-1.000,0.000,0.000,0.000,-222145
24.26660625,471953347,3.227,-9.098,-1.000,0.000,0.000,0.000,-221908
24.270855375,471957570,3.227,-9.098,-1.000,0.000,0.000,0.000,-221336
24.276017042,471962791,3.227,-9.098,-1.000,0.000,0.000,0.000,-221861
24.28023875,471967011,3.266,-9.133,-0.961,0.000,0.000,0.000,-221415
24.283460042,471970232,3.266,-9.133,-0.961,0.000,0.000,0.000,-222953
24.289661958,471976453,3.266,-9.133,-0.961,0.000,0.000,0.000,-222015
24.293856917,471980673,3.266,-9.133,-0.961,0.000,0.000,0.000,-222002
24.29809425,471984894,3.266,-9.133,-0.961,0.000,0.000,0.000,-221625
24.303270375,471990114,3.266,-9.133,-0.961,0.000,0.000,0.000,-222118
24.30853125,471995334,3.266,-9.133,-0.961,0.000,0.000,0.000,-221822
24.312768,471999554,3.266,-9.094,-0.961,0.000,0.000,0.000,-221758
24.316368833,472002774,3.266,-9.094,-0.961,0.000,0.000,0.000,-221937
24.321219375,472007994,3.266,-9.094,-0.961,0.000,0.000,0.000,-221875
24.326458167,472013215,3.266,-9.094,-0.961,0.000,0.000,0.000,-221985
24.330656792,472017436,3.266,-9.094,-0.961,0.000,0.000,0.000,-222356
24.334878875,472021657,3.266,-9.094,-0.961,0.000,0.000,0.000,-221894
24.339488625,472025878,3.266,-9.094,-0.961,0.000,0.000,0.000,-221505
24.343289833,472030099,3.227,-9.137,-0.961,0.000,0.000,0.000,-221961
24.345536667,472032319,3.227,-9.137,-0.961,0.000,0.000,0.000,-221277
24.350915958,472037540,3.227,-9.137,-0.961,0.000,0.000,0.000,-221474
24.355004,472041761,3.227,-9.137,-0.961,0.000,0.000,0.000,-222323
24.358227375,472044982,3.227,-9.137,-0.961,0.000,0.000,0.000,-222033
24.362769375,472049202,3.227,-9.137,-0.961,0.000,0.000,0.000,-222292
24.367647167,472054422,3.227,-9.137,-0.961,0.000,0.000,0.000,-222601
24.37186175,472058642,3.266,-9.133,-1.039,0.000,0.000,0.000,-221459
24.37506125,472061863,3.266,-9.133,-1.039,0.000,0.000,0.000,-222817
24.380292042,472067084,3.266,-9.133,-1.039,0.000,0.000,0.000,-221225
24.385685,472072304,3.266,-9.133,-1.039,0.000,0.000,0.000,-221981
24.389678625,472076525,3.266,-9.133,-1.039,0.000,0.000,0.000,-222119
24.3939295,472080747,3.266,-9.133,-1.039,0.000,0.000,0.000,-222548
24.398136542,472084967,3.227,-9.098,-1.000,0.000,0.000,0.000,-221327
24.400446,472087188,3.227,-9.098,-1.000,0.000,0.000,0.000,-221926
24.405637208,472092409,3.227,-9.098,-1.000,0.000,0.000,0.000,-221978
24.409837125,472096630,3.227,-9.098,-1.000,0.000,0.000,0.000,-222154
24.413119208,472099851,3.227,-9.098,-1.000,0.000,0.000,0.000,-222626
24.417300667,472104072,3.227,-9.098,-1.000,0.000,0.000,0.000,-222321
24.421619167,472108293,3.227,-9.098,-1.000,0.000,0.000,0.000,-221162
24.427066958,472113514,3.227,-9.094,-0.922,0.000,0.000,0.000,-222755
24.430072375,472116735,3.227,-9.094,-0.922,0.000,0.000,0.000,-221274
24.435159208,472121956,3.227,-9.094,-0.922,0.000,0.000,0.000,-221763
24.43941975,472126176,3.227,-9.094,-0.922,0.000,0.000,0.000,-221790
24.443920417,472130396,3.227,-9.094,-0.922,0.000,0.000,0.000,-222185
24.447939833,472134617,3.227,-9.094,-0.922,0.000,0.000,0.000,-222511
24.451000833,472137838,3.227,-9.094,-0.922,0.000,0.000,0.000,-222080
24.455427292,472142058,3.227,-9.137,-1.000,0.000,0.000,0.000,-221873
24.457500625,472144278,3.227,-9.137,-1.000,0.000,0.000,0.000,-222129
24.46168575,472148499,3.227,-9.137,-1.000,0.000,0.000,0.000,-221929
24.467029,472153720,3.227,-9.137,-1.000,0.000,0.000,0.000,-221873
24.470171708,472156941,3.227,-9.137,-1.000,0.000,0.000,0.000,-221750
24.47539575,472162162,3.227,-9.137,-1.000,0.000,0.000,0.000,-222391
24.478772125,472165383,3.227,-9.098,-1.039,0.000,0.000,0.000,-222524
24.481847458,472168604,3.227,-9.098,-1.039,0.000,0.000,0.000,-222372
24.490209083,472176824,3.227,-9.098,-1.039,0.000,0.000,0.000,-221762
24.494735792,472181045,3.227,-9.098,-1.039,0.000,0.000,0.000,-221978
24.498494167,472185266,3.227,-9.098,-1.039,0.000,0.000,0.000,-221867
24.502718417,472189487,3.227,-9.098,-1.039,0.000,0.000,0.000,-222276
24.507017292,472193707,3.227,-9.098,-1.039,0.000,0.000,0.000,-222138
24.51117975,472197927,3.266,-9.094,-1.000,0.000,0.000,0.000,-221098
24.513515542,472200148,3.266,-9.094,-1.000,0.000,0.000,0.000,-222233
24.517645125,472204369,3.266,-9.094,-1.000,0.000,0.000,0.000,-222683
24.521911167,472208590,3.266,-9.094,-1.000,0.000,0.000,0.000,-222232
24.526313458,472212812,3.266,-9.094,-1.000,0.000,0.000,0.000,-222163
24.530494875,472217033,3.266,-9.094,-1.000,0.000,0.000,0.000,-221813
24.533702083,472220254,3.266,-9.094,-1.000,0.000,0.000,0.000,-221868
24.537825167,472224475,3.227,-9.098,-0.961,0.000,0.000,0.000,-223038
24.540860292,472227696,3.227,-9.098,-0.961,0.000,0.000,0.000,-222746
24.547154042,472233917,3.227,-9.098,-0.961,0.000,0.000,0.000,-221872
24.551482875,472238138,3.227,-9.098,-0.961,0.000,0.000,0.000,-222304
24.555715083,472242358,3.227,-9.098,-0.961,0.000,0.000,0.000,-221632
24.561124542,472246579,3.227,-9.098,-0.961,0.000,0.000,0.000,-222323
24.565009458,472251800,3.227,-9.098,-0.961,0.000,0.000,0.000,-222302
24.56822775,472255020,3.266,-9.094,-1.039,0.000,0.000,0.000,-222023
24.570397375,472257241,3.266,-9.094,-1.039,0.000,0.000,0.000,-221766
24.575632583,472262461,3.266,-9.094,-1.039,0.000,0.000,0.000,-222039
24.579880708,472266682,3.266,-9.094,-1.039,0.000,0.000,0.000,-222788
24.585156875,472271903,3.266,-9.094,-1.039,0.000,0.000,0.000,-222436
24.589301417,472276124,3.266,-9.094,-1.039,0.000,0.000,0.000,-221973
24.593529,472280330,3.266,-9.094,-1.039,0.000,0.000,0.000,-221973
24.59785,472284550,3.227,-9.137,-1.000,0.000,0.000,0.000,-222388
24.599972417,472286770,3.227,-9.137,-1.000,0.000,0.000,0.000,-221797
24.604345542,472290991,3.227,-9.137,-1.000,0.000,0.000,0.000,-221824
24.608439708,472295212,3.227,-9.137,-1.000,0.000,0.000,0.000,-221750
24.612585458,472299433,3.227,-9.137,-1.000,0.000,0.000,0.000,-221839
24.616881667,472303653,3.227,-9.137,-1.000,0.000,0.000,0.000,-222062
24.6211475,472307874,3.227,-9.137,-1.000,0.000,0.000,0.000,-222215
24.62626325,472313094,3.305,-9.059,-0.961,0.000,0.000,0.000,-221755
24.629637208,472316315,3.305,-9.059,-0.961,0.000,0.000,0.000,-222182
24.635738,472322535,3.305,-9.059,-0.961,0.000,0.000,0.000,-222579
24.639922792,472326755,3.305,-9.059,-0.961,0.000,0.000,0.000,-221946
24.6451325,472331975,3.305,-9.059,-0.961,0.000,0.000,0.000,-221840
24.649511,472336196,3.305,-9.059,-0.961,0.000,0.000,0.000,-222987
24.653585458,472340416,3.266,-9.094,-0.961,0.000,0.000,0.000,-222411
24.656867292,472343636,3.266,-9.094,-0.961,0.000,0.000,0.000,-222296
24.662267292,472348856,3.266,-9.094,-0.961,0.000,0.000,0.000,-221957
24.6673315,472354077,3.266,-9.094,-0.961,0.000,0.000,0.000,-221890
24.67187625,472358298,3.266,-9.094,-0.961,0.000,0.000,0.000,-222230
24.676236125,472362519,3.266,-9.094,-0.961,0.000,0.000,0.000,-221716
24.680060125,472366739,3.266,-9.094,-0.961,0.000,0.000,0.000,-222215
24.685251375,472371960,3.266,-9.059,-1.000,0.000,0.000,0.000,-222175
24.688447917,472375181,3.266,-9.059,-1.000,0.000,0.000,0.000,-222830
24.693667042,472380401,3.266,-9.059,-1.000,0.000,0.000,0.000,-222222
24.699256125,472385622,3.266,-9.059,-1.000,0.000,0.000,0.000,-221907
24.703363917,472389843,3.266,-9.059,-1.000,0.000,0.000,0.000,-222480
24.708570625,472395064,3.266,-9.059,-1.000,0.000,0.000,0.000,-222702
24.712768625,472399285,3.266,-9.059,-1.000,0.000,0.000,0.000,-221701
24.71700375,472403506,3.227,-9.137,-0.961,0.000,0.000,0.000,-222018
24.720202083,472406727,3.227,-9.137,-0.961,0.000,0.000,0.000,-222156
24.726508875,472412947,3.227,-9.137,-0.961,0.000,0.000,0.000,-222110
24.730454542,472417167,3.227,-9.137,-0.961,0.000,0.000,0.000,-222097
24.736702583,472423388,3.227,-9.137,-0.961,0.000,0.000,0.000,-221707
24.741140208,472427611,3.227,-9.137,-0.961,0.000,0.000,0.000,-222826
24.746325917,472432832,3.227,-9.137,-0.961,0.000,0.000,0.000,-221803
24.750505417,472437052,3.227,-9.098,-0.961,0.000,0.000,0.000,-222035
24.753709417,472440272,3.227,-9.098,-0.961,0.000,0.000,0.000,-221336
24.758949625,472445492,3.227,-9.098,-0.961,0.000,0.000,0.000,-221801
24.763186667,472449713,3.227,-9.098,-0.961,0.000,0.000,0.000,-221934
24.769782917,472454934,3.227,-9.098,-0.961,0.000,0.000,0.000,-222253
24.772384292,472459155,3.227,-9.098,-0.961,0.000,0.000,0.000,-221721
24.776609708,472463375,3.227,-9.098,-0.961,0.000,0.000,0.000,-221914
24.780775167,472467596,3.227,-9.098,-1.000,0.000,0.000,0.000,-222532
24.783962792,472470817,3.227,-9.098,-1.000,0.000,0.000,0.000,-222548
24.789253,472476038,3.227,-9.098,-1.000,0.000,0.000,0.000,-222599
24.793485958,472480259,3.227,-9.098,-1.000,0.000,0.000,0.000,-222284
24.797614583,472484480,3.227,-9.098,-1.000,0.000,0.000,0.000,-222622
24.801915833,472488701,3.227,-9.098,-1.000,0.000,0.000,0.000,-221620
24.807158625,472493922,3.227,-9.098,-1.000,0.000,0.000,0.000,-221246
24.811703583,472498143,3.266,-9.094,-0.961,0.000,0.000,0.000,-221803
24.814681833,472501363,3.266,-9.094,-0.961,0.000,0.000,0.000,-223420
24.821048042,472507584,3.266,-9.094,-0.961,0.000,0.000,0.000,-222451
24.8252075,472511804,3.266,-9.094,-0.961,0.000,0.000,0.000,-222140
24.829332625,472516025,3.266,-9.094,-0.961,0.000,0.000,0.000,-222469
24.834721625,472521245,3.266,-9.094,-0.961,0.000,0.000,0.000,-221915
24.838716375,472525465,3.266,-9.094,-0.961,0.000,0.000,0.000,-222699
24.842959833,472529686,3.191,-9.133,-1.039,0.000,0.000,0.000,-221728
24.846249958,472532906,3.191,-9.133,-1.039,0.000,0.000,0.000,-221922
24.853587208,472539127,3.191,-9.133,-1.039,0.000,0.000,0.000,-221987
24.85657825,472543348,3.191,-9.133,-1.039,0.000,0.000,0.000,-222599
24.860807208,472547569,3.191,-9.133,-1.039,0.000,0.000,0.000,-222396
24.866013667,472552790,3.191,-9.133,-1.039,0.000,0.000,0.000,-222589
24.870196708,472557010,3.191,-9.133,-1.039,0.000,0.000,0.000,-222228
24.873694917,472560231,3.227,-9.098,-1.000,0.000,0.000,0.000,-222370
24.876681167,472563452,3.227,-9.098,-1.000,0.000,0.000,0.000,-220854
24.882024875,472568673,3.227,-9.098,-1.000,0.000,0.000,0.000,-222009
24.887427625,472573894,3.227,-9.098,-1.000,0.000,0.000,0.000,-221732
24.891310625,472578115,3.227,-9.098,-1.000,0.000,0.000,0.000,-222549
24.89562875,472582336,3.227,-9.098,-1.000,0.000,0.000,0.000,-221991
24.900290917,472586556,3.227,-9.098,-1.000,0.000,0.000,0.000,-222261
24.905056333,472591777,3.227,-9.137,-1.000,0.000,0.000,0.000,-221584
24.908283,472594999,3.227,-9.137,-1.000,0.000,0.000,0.000,-222606
24.913504708,472600219,3.227,-9.137,-1.000,0.000,0.000,0.000,-222419
24.918673708,472605440,3.227,-9.137,-1.000,0.000,0.000,0.000,-222662
24.923064708,472609661,3.227,-9.137,-1.000,0.000,0.000,0.000,-221805
24.928548167,472614882,3.227,-9.137,-1.000,0.000,0.000,0.000,-222482
24.933305833,472620103,3.227,-9.137,-1.000,0.000,0.000,0.000,-222147
24.938637375,472625309,3.266,-9.133,-1.000,0.000,0.000,0.000,-222147
24.940937083,472627529,3.266,-9.133,-1.000,0.000,0.000,0.000,-222518
24.946080667,472632750,3.266,-9.133,-1.000,0.000,0.000,0.000,-221807
24.950261792,472636970,3.266,-9.133,-1.000,0.000,0.000,0.000,-222322
24.954843333,472641190,3.266,-9.133,-1.000,0.000,0.000,0.000,-221895
24.958630958,472645411,3.266,-9.133,-1.000,0.000,0.000,0.000,-221921
24.963027333,472649632,3.227,-9.098,-1.000,0.000,0.000,0.000,-222253
24.966282708,472652853,3.227,-9.098,-1.000,0.000,0.000,0.000,-221763
24.972009333,472658074,3.227,-9.098,-1.000,0.000,0.000,0.000,-221699
24.975552167,472662294,3.227,-9.098,-1.000,0.000,0.000,0.000,-222033
24.979771833,472666515,3.227,-9.098,-1.000,0.000,0.000,0.000,-222827
24.984992458,472671735,3.227,-9.098,-1.000,0.000,0.000,0.000,-222984
24.989585125,472675956,3.227,-9.098,-1.000,0.000,0.000,0.000,-221964
24.99488225,472681177,3.227,-9.137,-1.000,0.000,0.000,0.000,-221916
24.997812292,472684397,3.227,-9.137,-1.000,0.000,0.000,0.000,-221799
25.003092458,472689618,3.227,-9.137,-1.000,0.000,0.000,0.000,-222600
25.0072725,472693839,3.227,-9.137,-1.000,0.000,0.000,0.000,-222047
25.011595708,472698059,3.227,-9.137,-1.000,0.000,0.000,0.000,-221933
25.015491583,472702280,3.227,-9.137,-1.000,0.000,0.000,0.000,-221668
25.020325917,472706501,3.227,-9.137,-1.000,0.000,0.000,0.000,-221780
25.025320292,472711722,3.266,-9.133,-1.000,0.000,0.000,0.000,-222009
25.027385792,472713942,3.266,-9.133,-1.000,0.000,0.000,0.000,-222233
25.032696792,472718163,3.266,-9.133,-1.000,0.000,0.000,0.000,-222523
25.037315792,472722383,3.266,-9.133,-1.000,0.000,0.000,0.000,-222371
25.039309083,472725604,3.266,-9.133,-1.000,0.000,0.000,0.000,-220927
25.0430775,472729810,3.266,-9.133,-1.000,0.000,0.000,0.000,-220927
25.047856542,472734030,3.266,-9.094,-1.000,0.000,0.000,0.000,-222288
25.050536375,472737251,3.266,-9.094,-1.000,0.000,0.000,0.000,-222401
25.056728375,472743472,3.266,-9.094,-1.000,0.000,0.000,0.000,-221499
25.060932208,472747693,3.266,-9.094,-1.000,0.000,0.000,0.000,-222221
25.066067542,472752914,3.266,-9.094,-1.000,0.000,0.000,0.000,-220871
25.070735458,472757135,3.266,-9.094,-1.000,0.000,0.000,0.000,-222572
25.07466525,472761356,3.266,-9.094,-1.000,0.000,0.000,0.000,-222158
25.078844333,472765576,3.305,-9.133,-1.000,0.000,0.000,0.000,-221816
25.082268625,472768797,3.305,-9.133,-1.000,0.000,0.000,0.000,-221437
25.088309,472775017,3.305,-9.133,-1.000,0.000,0.000,0.000,-222079
25.092576042,472779238,3.305,-9.133,-1.000,0.000,0.000,0.000,-221705
25.096675667,472783460,3.305,-9.133,-1.000,0.000,0.000,0.000,-221911
25.101973083,472788683,3.305,-9.133,-1.000,0.000,0.000,0.000,-221924
25.107207667,472793903,3.305,-9.133,-1.000,0.000,0.000,0.000,-222268
25.1119105,472798124,3.266,-9.176,-1.000,0.000,0.000,0.000,-223542
25.113634417,472800345,3.266,-9.176,-1.000,0.000,0.000,0.000,-222281
25.118237083,472804566,3.266,-9.176,-1.000,0.000,0.000,0.000,-221456
25.122036167,472808787,3.266,-9.176,-1.000,0.000,0.000,0.000,-221283
25.127250667,472814008,3.266,-9.176,-1.000,0.000,0.000,0.000,-222147
25.131374458,472818229,3.266,-9.176,-1.000,0.000,0.000,0.000,-221283
25.135851208,472822450,3.266,-9.176,-1.000,0.000,0.000,0.000,-221672
25.140234708,472826671,3.227,-9.098,-1.000,0.000,0.000,0.000,-221824
25.143043833,472829891,3.227,-9.098,-1.000,0.000,0.000,0.000,-222706
25.149649333,472836112,3.227,-9.098,-1.000,0.000,0.000,0.000,-221306
25.153957375,472840333,3.227,-9.098,-1.000,0.000,0.000,0.000,-222141
25.158792833,472845556,3.227,-9.098,-1.000,0.000,0.000,0.000,-221577
25.163996375,472849776,3.227,-9.098,-1.000,0.000,0.000,0.000,-222329
25.168283625,472854997,3.227,-9.098,-1.000,0.000,0.000,0.000,-222593
25.172592,472859218,3.227,-9.137,-1.000,0.000,0.000,0.000,-221044
25.175598333,472862439,3.227,-9.137,-1.000,0.000,0.000,0.000,-221864
25.181146833,472867660,3.227,-9.137,-1.000,0.000,0.000,0.000,-222484
25.187196958,472872881,3.227,-9.137,-1.000,0.000,0.000,0.000,-221835
25.191297167,472878102,3.227,-9.137,-1.000,0.000,0.000,0.000,-221603
25.196872333,472883323,3.191,-9.094,-0.961,0.000,0.000,0.000,-222020
25.1998315,472886543,3.191,-9.094,-0.961,0.000,0.000,0.000,-221878
25.206508,472892764,3.191,-9.094,-0.961,0.000,0.000,0.000,-221939
25.2102015,472896984,3.191,-9.094,-0.961,0.000,0.000,0.000,-221963
25.214562375,472901205,3.191,-9.094,-0.961,0.000,0.000,0.000,-222115
25.218820667,472905425,3.191,-9.094,-0.961,0.000,0.000,0.000,-221528
25.223929417,472910646,3.191,-9.094,-0.961,0.000,0.000,0.000,-222823
25.228651,472914867,3.266,-9.094,-0.961,0.000,0.000,0.000,-222145
25.231310917,472918087,3.266,-9.094,-0.961,0.000,0.000,0.000,-221667
25.236623583,472923307,3.266,-9.094,-0.961,0.000,0.000,0.000,-222301
25.241723667,472928527,3.266,-9.094,-0.961,0.000,0.000,0.000,-222589
25.248001292,472934748,3.266,-9.094,-0.961,0.000,0.000,0.000,-221746
25.252203417,472938968,3.266,-9.094,-0.961,0.000,0.000,0.000,-221344
25.257384167,472944189,3.266,-9.094,-0.961,0.000,0.000,0.000,-221664
25.261633417,472948409,3.227,-9.098,-1.000,0.000,0.000,0.000,-222388
25.264907875,472951630,3.227,-9.098,-1.000,0.000,0.000,0.000,-221618
25.270300792,472956851,3.227,-9.098,-1.000,0.000,0.000,0.000,-222793
25.274303792,472961071,3.227,-9.098,-1.000,0.000,0.000,0.000,-221620
25.2785065,472965291,3.227,-9.098,-1.000,0.000,0.000,0.000,-222159
25.283736167,472970512,3.227,-9.098,-1.000,0.000,0.000,0.000,-222651
25.288984333,472975733,3.227,-9.137,-1.039,0.000,0.000,0.000,-221577
25.29215575,472978953,3.227,-9.137,-1.039,0.000,0.000,0.000,-222516
25.297424375,472984174,3.227,-9.137,-1.039,0.000,0.000,0.000,-221616
25.301653417,472988395,3.227,-9.137,-1.039,0.000,0.000,0.000,-222218
25.306886375,472993616,3.227,-9.137,-1.039,0.000,0.000,0.000,-222071
25.311090167,472997837,3.227,-9.137,-1.039,0.000,0.000,0.000,-221495
25.315311958,473002058,3.227,-9.137,-1.039,0.000,0.000,0.000,-222124
25.31850425,473005279,3.191,-9.094,-1.039,0.000,0.000,0.000,-221687
25.321738542,473008499,3.191,-9.094,-1.039,0.000,0.000,0.000,-221845
25.327950042,473014720,3.191,-9.094,-1.039,0.000,0.000,0.000,-221012
25.332156292,473018940,3.191,-9.094,-1.039,0.000,0.000,0.000,-222149
25.336938417,473023161,3.191,-9.094,-1.039,0.000,0.000,0.000,-221871
25.340639583,473027381,3.191,-9.094,-1.039,0.000,0.000,0.000,-222381
25.34587375,473032602,3.191,-9.094,-1.039,0.000,0.000,0.000,-222307
25.35121025,473037823,3.266,-9.133,-1.000,0.000,0.000,0.000,-221620
25.353250125,473040043,3.266,-9.133,-1.000,0.000,0.000,0.000,-222136
25.358559375,473045264,3.266,-9.133,-1.000,0.000,0.000,0.000,-222580
25.362765333,473049485,3.266,-9.133,-1.000,0.000,0.000,0.000,-221814
25.367962833,473054706,3.266,-9.133,-1.000,0.000,0.000,0.000,-222777
25.372913292,473058927,3.266,-9.133,-1.000,0.000,0.000,0.000,-222317
25.376552833,473063147,3.266,-9.133,-1.000,0.000,0.000,0.000,-222071
25.380721917,473067368,3.227,-9.137,-1.000,0.000,0.000,0.000,-221090
25.382775875,473069589,3.227,-9.137,-1.000,0.000,0.000,0.000,-221643
25.386984875,473073810,3.227,-9.137,-1.000,0.000,0.000,0.000,-222231
25.391265958,473078031,3.227,-9.137,-1.000,0.000,0.000,0.000,-222141
25.396020292,473082252,3.227,-9.137,-1.000,0.000,0.000,0.000,-222208
25.399676625,473086472,3.227,-9.137,-1.000,0.000,0.000,0.000,-222268
25.404018875,473090693,3.227,-9.137,-1.000,0.000,0.000,0.000,-222735
25.4091235,473095914,3.266,-9.094,-1.000,0.000,0.000,0.000,-221709
25.412358292,473099135,3.266,-9.094,-1.000,0.000,0.000,0.000,-222514
25.418819708,473105355,3.266,-9.094,-1.000,0.000,0.000,0.000,-222063
25.42282,473109575,3.266,-9.094,-1.000,0.000,0.000,0.000,-221579
25.426996958,473113797,3.266,-9.094,-1.000,0.000,0.000,0.000,-222743
25.43128075,473118018,3.266,-9.094,-1.000,0.000,0.000,0.000,-222394
25.436442833,473123239,3.266,-9.094,-1.000,0.000,0.000,0.000,-222013
25.440800042,473127459,3.227,-9.137,-1.000,0.000,0.000,0.000,-222806
25.44395475,473130680,3.227,-9.137,-1.000,0.000,0.000,0.000,-221056
25.450205292,473136900,3.227,-9.137,-1.000,0.000,0.000,0.000,-222511
25.454359667,473141121,3.227,-9.137,-1.000,0.000,0.000,0.000,-221514
25.458594333,473145342,3.227,-9.137,-1.000,0.006,-0.010,0.006,-221258
25.463848,473150563,3.227,-9.137,-1.000,-0.002,-0.002,0.008,-222232
25.468181667,473154784,3.227,-9.137,-1.000,0.006,-0.006,0.004,-221170
25.472654917,473159005,3.266,-9.094,-1.000,0.006,-0.006,0.004,-222292
25.475410458,473162226,3.266,-9.094,-1.000,-0.014,-0.006,-0.004,-222378
25.480625583,473167447,3.266,-9.094,-1.000,-0.004,-0.002,-0.008,-221853
25.484929333,473171668,3.266,-9.094,-1.000,-0.006,0.000,-0.002,-221757
25.489190625,473175889,3.266,-9.094,-1.000,0.004,0.008,0.004,-221730
25.493368708,473180110,3.266,-9.094,-1.000,0.006,-0.006,0.002,-222619
25.497497292,473184331,3.266,-9.094,-1.000,0.002,0.006,-0.002,-221378
25.501774292,473188552,3.227,-9.098,-1.000,0.002,0.006,-0.002,-223027
25.50503125,473191773,3.227,-9.098,-1.000,0.010,-0.002,-0.006,-221724
25.511533875,473197994,3.227,-9.098,-1.000,0.006,0.006,-0.006,-222658
25.515545167,473202215,3.227,-9.098,-1.000,-0.004,0.006,0.008,-221925
25.519908125,473206436,3.227,-9.098,-1.000,0.004,-0.008,0.010,-222627
25.524125792,473210657,3.227,-9.098,-1.000,0.004,0.000,-0.008,-222088
25.529337167,473215878,3.227,-9.098,-1.000,0.002,0.000,0.008,-222060
25.533564792,473220099,3.227,-9.098,-0.961,0.002,0.000,0.008,-222818
25.536900458,473223320,3.227,-9.098,-0.961,-0.004,-0.002,-0.002,-221972
25.54279425,473229541,3.227,-9.098,-0.961,0.010,0.002,0.002,-222021
25.548042708,473234762,3.227,-9.098,-0.961,-0.002,-0.006,0.004,-222669
25.552307958,473238983,3.227,-9.098,-0.961,0.006,0.000,0.000,-223014
25.556732542,473243206,3.227,-9.098,-0.961,0.006,-0.004,0.000,-222336
25.561756125,473247427,3.227,-9.098,-0.961,0.002,-0.006,-0.006,-221788
25.565861083,473252648,3.227,-9.137,-1.000,0.002,-0.006,-0.006,-222063
25.568075083,473254869,3.227,-9.137,-1.000,-0.010,-0.004,0.000,-221538
25.572297333,473259090,3.227,-9.137,-1.000,-0.008,0.000,-0.002,-222430
25.576695667,473263311,3.227,-9.137,-1.000,-0.002,0.010,0.004,-222435
25.580847375,473267532,3.227,-9.137,-1.000,0.008,-0.006,-0.006,-222307
25.586035917,473272753,3.227,-9.137,-1.000,-0.006,0.000,0.012,-222286
25.590275958,473276975,3.227,-9.137,-1.000,-0.004,-0.010,0.004,-221349
25.593495458,473280196,3.266,-9.094,-1.000,-0.004,-0.010,0.004,-222156
25.596809375,473283417,3.266,-9.094,-1.000,0.004,-0.002,0.002,-221866
25.602076083,473288638,3.266,-9.094,-1.000,0.008,0.000,0.000,-222284
25.607079417,473293859,3.266,-9.094,-1.000,0.004,0.002,0.006,-222047
25.611314167,473298080,3.266,-9.094,-1.000,0.002,-0.006,-0.002,-221071
25.615603542,473302301,3.266,-9.094,-1.000,0.002,0.010,0.008,-222280
25.619888542,473306522,3.266,-9.094,-1.000,0.004,-0.002,-0.008,-221696
25.6242705,473310743,3.266,-9.059,-0.961,0.004,-0.002,-0.008,-222498
25.626442792,473312964,3.266,-9.059,-0.961,-0.002,-0.004,0.004,-221803
25.631370083,473318187,3.266,-9.059,-0.961,-0.008,0.010,0.010,-221772
25.635634167,473322408,3.266,-9.059,-0.961,0.008,0.002,-0.008,-221523
25.638878833,473325629,3.266,-9.059,-0.961,-0.008,-0.002,0.020,-221786
25.643181417,473329850,3.266,-9.059,-0.961,0.006,-0.002,-0.010,-222126
25.647327625,473334070,3.266,-9.059,-0.961,0.004,0.006,-0.008,-221721
25.650517583,473337291,3.227,-9.098,-0.961,0.004,0.006,-0.008,-221534
25.652744083,473339512,3.227,-9.098,-0.961,0.002,0.010,0.004,-221670
25.657041333,473343733,3.227,-9.098,-0.961,-0.004,0.000,-0.002,-222065
25.661131042,473347954,3.227,-9.098,-0.961,-0.008,0.006,-0.006,-221195
25.666488792,473353175,3.227,-9.098,-0.961,-0.002,0.000,-0.012,-222186
25.670665,473357396,3.227,-9.098,-0.961,-0.006,0.006,-0.002,-222545
25.6748695,473361617,3.227,-9.098,-0.961,0.008,0.002,0.000,-221878
25.678129292,473364838,3.227,-9.172,-1.000,0.008,0.002,0.000,-221776
25.680234,473367059,3.227,-9.172,-1.000,-0.006,-0.004,0.004,-222588
25.685721917,473372280,3.227,-9.172,-1.000,0.004,-0.002,-0.012,-222279
25.690765125,473377501,3.227,-9.172,-1.000,-0.006,-0.004,-0.002,-221534
25.695010083,473381722,3.227,-9.098,-1.000,-0.006,-0.004,-0.002,-222762
25.697275167,473383943,3.227,-9.098,-1.000,0.004,-0.002,0.004,-221743
25.701409833,473388164,3.227,-9.098,-1.000,0.016,-0.006,0.008,-222048
25.706692958,473393385,3.227,-9.098,-1.000,0.008,0.004,0.004,-221836
25.71105025,473397606,3.227,-9.098,-1.000,-0.004,-0.010,-0.004,-221717
25.715468458,473401827,3.305,-9.094,-1.000,-0.004,-0.010,-0.004,-222823
25.720781167,473407048,3.305,-9.094,-1.000,0.004,0.008,-0.002,-222706
25.725805958,473412269,3.305,-9.094,-1.000,0.006,0.002,0.000,-222020
25.729983583,473416490,3.305,-9.094,-1.000,0.006,-0.002,-0.002,-222134
25.735009583,473421711,3.305,-9.094,-1.000,0.006,-0.002,-0.004,-221670
25.739212375,473425932,3.305,-9.094,-1.000,-0.012,0.010,0.016,-221634
25.74338225,473430153,3.266,-9.133,-1.039,-0.012,0.010,0.016,-221838
25.746601958,473433374,3.266,-9.133,-1.039,0.008,0.002,-0.006,-221797
25.751940125,473438595,3.266,-9.133,-1.039,-0.004,-0.002,0.006,-222637
25.757096542,473443816,3.266,-9.133,-1.039,0.010,-0.012,-0.002,-221982
25.761630417,473448037,3.266,-9.133,-1.039,-0.008,0.000,-0.004,-222706
25.766502625,473453243,3.266,-9.133,-1.039,0.004,0.002,0.000,-222706
25.771716,473458463,3.266,-9.133,-1.039,0.016,0.002,-0.018,-222919
25.776042917,473462684,3.266,-9.133,-1.039,0.016,0.002,-0.018,-222093
25.77866375,473464905,3.266,-9.133,-1.039,-0.002,0.004,0.006,-221244
25.782685208,473469126,3.266,-9.133,-1.039,0.002,0.008,-0.008,-222479
25.786838333,473473347,3.266,-9.133,-1.039,-0.002,-0.002,0.002,-222495
25.791077375,473477568,3.266,-9.133,-1.039,-0.006,0.000,0.000,-222035
25.7962765,473482789,3.266,-9.133,-1.039,-0.002,-0.004,0.008,-222495
25.801470708,473488010,3.266,-9.133,-1.039,0.004,0.014,-0.008,-221956
25.806534667,473493231,3.266,-9.133,-1.000,0.004,0.014,-0.008,-222406
25.809622458,473496452,3.266,-9.133,-1.000,-0.004,-0.002,0.000,-222205
25.814909292,473501673,3.266,-9.133,-1.000,-0.004,0.004,0.004,-222748
25.819225042,473505894,3.266,-9.133,-1.000,0.000,0.000,-0.006,-222419
25.824317167,473511115,3.266,-9.133,-1.000,-0.002,0.004,0.010,-222004
25.828932333,473515336,3.266,-9.133,-1.000,0.004,0.002,-0.006,-221520
25.833780375,473520557,3.266,-9.133,-1.000,0.006,-0.004,0.006,-221771
25.838050833,473524778,3.266,-9.133,-1.000,0.006,-0.004,0.006,-222164
25.841233875,473527999,3.266,-9.133,-1.000,0.002,0.008,-0.006,-221665
25.847555458,473534220,3.266,-9.133,-1.000,0.002,-0.002,0.004,-221855
25.851751125,473538441,3.266,-9.133,-1.000,0.002,0.002,0.012,-221856
25.855894,473542662,3.266,-9.133,-1.000,0.002,0.002,-0.004,-222237
25.860297042,473546883,3.266,-9.133,-1.000,0.002,-0.012,0.008,-221870
25.865415958,473552104,3.266,-9.133,-1.000,0.006,0.002,0.012,-222380
25.869571375,473556325,3.227,-9.098,-0.961,0.006,0.002,0.012,-222700
25.872864333,473559546,3.227,-9.098,-0.961,-0.002,-0.006,-0.006,-221689
25.878980208,473565767,3.227,-9.098,-0.961,0.008,0.004,-0.002,-221823
25.883642667,473569988,3.227,-9.098,-0.961,-0.004,0.000,0.000,-221916
25.887534042,473574209,3.227,-9.098,-0.961,-0.006,0.002,0.006,-221839
25.891700708,473578430,3.227,-9.098,-0.961,0.002,0.000,-0.002,-222153
25.895873583,473582652,3.227,-9.098,-0.961,-0.012,-0.004,-0.002,-222463
25.899135625,473585873,3.227,-9.133,-0.922,-0.012,-0.004,-0.002,-222200
25.902330542,473589094,3.227,-9.133,-0.922,0.006,0.010,0.002,-222022
25.908657833,473595315,3.227,-9.133,-0.922,-0.014,0.000,0.006,-221943
25.912972125,473599536,3.227,-9.133,-0.922,0.004,0.002,-0.004,-222377
25.917072458,473603757,3.227,-9.133,-0.922,-0.012,0.010,0.008,-222230
25.92121,473607978,3.227,-9.133,-0.922,0.010,-0.008,-0.014,-222282
25.92649375,473613199,3.227,-9.133,-0.922,-0.004,-0.012,0.004,-222469
25.930946917,473617420,3.266,-9.133,-1.039,-0.004,-0.012,0.004,-221649
25.93414725,473620641,3.266,-9.133,-1.039,-0.008,0.008,0.008,-221997
25.939186125,473625862,3.266,-9.133,-1.039,-0.004,-0.004,0.006,-222660
25.9434905,473630083,3.266,-9.133,-1.039,0.008,-0.012,-0.008,-222526
25.94762725,473634304,3.266,-9.133,-1.039,0.002,0.010,-0.002,-222551
25.951874417,473638525,3.266,-9.133,-1.039,0.014,0.006,0.000,-222196
25.956145458,473642746,3.266,-9.133,-1.039,-0.002,0.004,0.004,-221414
25.960170208,473646967,3.266,-9.133,-0.961,-0.002,0.004,0.004,-222500
25.962438542,473649189,3.266,-9.133,-0.961,0.004,-0.006,0.008,-222492
25.967610333,473654410,3.266,-9.133,-0.961,0.004,0.008,-0.006,-222126
25.971993417,473658631,3.266,-9.133,-0.961,0.008,-0.002,-0.018,-222713
25.977242875,473663852,3.266,-9.133,-0.961,0.002,-0.002,0.008,-222146
25.98153975,473668073,3.266,-9.133,-0.961,-0.006,-0.006,-0.004,-221154
25.985815458,473672294,3.266,-9.133,-0.961,-0.002,-0.006,0.008,-222276
25.988685458,473675515,3.266,-9.094,-1.000,-0.002,-0.006,0.008,-223250
25.990896583,473677736,3.266,-9.094,-1.000,-0.002,-0.002,0.000,-222222
25.996474708,473682957,3.266,-9.094,-1.000,-0.004,-0.002,-0.004,-221865
26.00039775,473687178,3.266,-9.094,-1.000,0.004,0.000,-0.002,-222914
26.005738458,473692399,3.266,-9.094,-1.000,-0.006,-0.006,0.000,-222914
26.00996225,473696620,3.266,-9.094,-1.000,0.006,0.002,-0.006,-222668
26.014321333,473700841,3.266,-9.094,-1.000,-0.010,-0.004,-0.002,-222070
26.018397917,473705062,3.266,-9.094,-0.961,-0.010,-0.004,-0.002,-221859
26.020660583,473707283,3.266,-9.094,-0.961,0.002,-0.004,0.000,-221021
26.024703667,473711504,3.266,-9.094,-0.961,-0.008,0.006,0.004,-222475
26.029623167,473715725,3.266,-9.094,-0.961,-0.008,-0.004,0.006,-222299
26.033218,473719946,3.266,-9.094,-0.961,0.008,-0.006,0.004,-222164
26.037472917,473724152,3.266,-9.094,-0.961,-0.002,0.004,0.006,-222164
26.041667375,473728372,3.266,-9.094,-0.961,-0.006,-0.004,-0.006,-222338
26.046942875,473733593,3.227,-9.098,-1.000,-0.006,-0.004,-0.006,-222434
26.050030375,473736814,3.227,-9.098,-1.000,0.002,-0.004,0.010,-221772
26.056368625,473743035,3.227,-9.098,-1.000,-0.002,-0.004,0.014,-221677
26.061492667,473748256,3.227,-9.098,-1.000,0.004,-0.002,-0.002,-222694
26.066679208,473753477,3.227,-9.098,-1.000,-0.004,0.004,0.000,-221854
26.071953583,473758698,3.227,-9.098,-1.000,0.002,0.000,-0.004,-222571
26.076118292,473762921,3.227,-9.098,-1.000,0.004,0.004,-0.012,-222670
26.080355417,473767142,3.227,-9.098,-0.961,0.004,0.004,-0.012,-220930
26.082580583,473769363,3.227,-9.098,-0.961,0.002,0.014,-0.004,-222465
26.087810125,473774584,3.227,-9.098,-0.961,-0.012,0.006,-0.002,-221301
26.092305708,473778805,3.227,-9.098,-0.961,0.002,-0.004,-0.012,-222716
26.096250542,473783026,3.227,-9.098,-0.961,0.006,0.000,0.006,-222605
26.100461708,473787247,3.227,-9.098,-0.961,0.008,-0.006,-0.002,-222426
26.105754458,473792468,3.227,-9.098,-0.961,-0.008,0.004,-0.004,-222580
26.108942833,473795689,3.227,-9.137,-1.078,-0.008,0.004,-0.004,-221886
26.111202125,473797910,3.227,-9.137,-1.078,-0.002,-0.016,0.000,-222005
26.116397208,473803131,3.227,-9.137,-1.078,0.006,0.012,-0.006,-222159
26.121647083,473808352,3.227,-9.137,-1.078,0.004,0.000,0.012,-221807
26.12729425,473813572,3.227,-9.137,-1.078,-0.006,-0.004,-0.004,-221719
26.131057833,473817793,3.227,-9.137,-1.078,0.004,0.004,0.008,-222224
26.136731917,473823014,3.227,-9.137,-1.078,-0.002,0.000,0.004,-221881
26.140480667,473827235,3.227,-9.098,-1.000,-0.002,0.000,0.004,-221782
26.142732625,473829456,3.227,-9.098,-1.000,-0.008,-0.004,0.004,-220841
26.146919,473833677,3.227,-9.098,-1.000,0.004,0.004,0.002,-221582
26.151174292,473837898,3.227,-9.098,-1.000,0.004,-0.006,-0.006,-221917
26.155358,473842119,3.227,-9.098,-1.000,0.004,0.010,0.018,-221345
26.159743625,473846340,3.227,-9.098,-1.000,0.004,-0.004,-0.006,-222252
26.165940792,473852561,3.227,-9.098,-1.000,0.002,0.010,-0.012,-222387
26.171188333,473857782,3.266,-9.133,-0.961,0.002,0.010,-0.012,-222595
26.174463458,473861003,3.266,-9.133,-0.961,0.002,0.002,-0.002,-221642
26.180643208,473867209,3.266,-9.133,-0.961,-0.004,-0.002,-0.006,-221642
26.184935917,473871429,3.266,-9.133,-0.961,0.004,0.006,0.012,-222414
26.189850042,473876650,3.266,-9.133,-0.961,-0.008,0.004,-0.002,-222454
26.194594083,473880871,3.266,-9.133,-0.961,0.002,0.004,0.000,-221913
26.198711792,473885092,3.266,-9.133,-0.961,0.004,-0.008,-0.008,-221647
26.201963,473888313,3.266,-9.094,-1.000,0.004,-0.008,-0.008,-221593
26.204373125,473890534,3.266,-9.094,-1.000,0.006,0.008,0.002,-221553
26.208957667,473895755,3.266,-9.094,-1.000,0.008,-0.012,-0.008,-222366
26.21319675,473899976,3.266,-9.094,-1.000,-0.023,0.002,0.010,-221331
26.21837375,473905197,3.266,-9.094,-1.000,0.004,0.004,0.006,-221691
26.222771792,473909418,3.266,-9.094,-1.000,0.000,0.000,-0.014,-221242
26.229014792,473914639,3.266,-9.094,-1.000,0.004,-0.008,0.012,-221575
26.232087167,473918860,3.266,-9.133,-1.000,0.004,-0.008,0.012,-222549
26.2353005,473922081,3.266,-9.133,-1.000,0.008,0.000,0.006,-222185
26.240552917,473927302,3.266,-9.133,-1.000,-0.006,0.004,0.006,-222131
26.244708,473931523,3.266,-9.133,-1.000,0.006,0.002,-0.004,-221666
26.249989917,473936744,3.266,-9.133,-1.000,-0.002,-0.002,0.012,-221915
26.255205,473941966,3.266,-9.133,-1.000,-0.004,0.008,0.000,-221544
26.259401708,473946187,3.266,-9.133,-1.000,0.004,-0.002,-0.006,-221653
26.263681292,473950408,3.227,-9.137,-0.961,0.004,-0.002,-0.006,-221746
26.266858083,473953629,3.227,-9.137,-0.961,-0.008,0.000,0.008,-222252
26.273128042,473959850,3.227,-9.137,-0.961,0.006,0.002,-0.006,-221405
26.277319125,473964071,3.227,-9.137,-0.961,0.008,0.002,-0.002,-222345
26.281496792,473968292,3.227,-9.137,-0.961,-0.004,-0.004,0.006,-222188
26.286737917,473973513,3.227,-9.137,-0.961,0.004,0.002,0.016,-222010
26.291027333,473977734,3.227,-9.137,-0.961,0.006,0.004,-0.002,-221532
26.294348125,473980955,3.266,-9.098,-0.922,0.006,0.004,-0.002,-221754
26.297444792,473984178,3.266,-9.098,-0.922,-0.006,0.010,-0.014,-222694
26.303652667,473990399,3.266,-9.098,-0.922,-0.008,0.014,0.000,-221600
26.308003958,473994620,3.266,-9.098,-0.922,-0.006,0.006,-0.004,-221940
26.312215458,473998841,3.266,-9.098,-0.922,-0.006,0.002,-0.004,-222023
26.317374958,474004062,3.266,-9.098,-0.922,0.021,0.014,-0.014,-221582
26.322586417,474009283,3.266,-9.098,-0.922,0.006,0.000,-0.008,-222303
26.32827575,474014504,3.227,-9.098,-1.000,0.006,0.000,-0.008,-221747
26.331255042,474017725,3.227,-9.098,-1.000,0.008,-0.002,-0.004,-221906
26.336274875,474022946,3.227,-9.098,-1.000,0.002,0.000,-0.002,-221832
26.340398375,474027167,3.227,-9.098,-1.000,0.000,0.006,0.012,-222774
26.344677208,474031388,3.227,-9.098,-1.000,0.000,-0.004,-0.014,-222853
26.350066042,474036609,3.227,-9.098,-1.000,0.010,0.006,-0.004,-222480
26.353106625,474039830,3.227,-9.098,-1.000,-0.006,-0.006,0.006,-221694
26.357278417,474044051,3.305,-9.094,-0.961,-0.006,-0.006,0.006,-221706
26.36050725,474047272,3.305,-9.094,-0.961,0.004,0.002,0.002,-221316
26.3667575,474053493,3.305,-9.094,-0.961,0.002,0.000,0.008,-221879
26.371294833,474057714,3.305,-9.094,-0.961,0.006,0.000,0.008,-221984
26.375165042,474061935,3.305,-9.094,-0.961,0.010,-0.002,0.000,-221953
26.380437417,474067156,3.305,-9.094,-0.961,-0.008,0.012,0.010,-222004
26.384670583,474071377,3.305,-9.094,-0.961,0.006,-0.002,0.004,-222030
26.388862542,474075598,3.227,-9.137,-0.961,0.006,-0.002,0.004,-222361
26.392069417,474078819,3.227,-9.137,-0.961,0.004,-0.006,-0.002,-222265
26.397324875,474084040,3.227,-9.137,-0.961,-0.004,-0.002,0.018,-222150
26.402218625,474088261,3.227,-9.137,-0.961,0.004,0.002,-0.002,-222382
26.40673475,474093482,3.227,-9.137,-0.961,0.002,-0.002,-0.006,-222733
26.411079542,474097703,3.227,-9.137,-0.961,0.010,0.006,-0.004,-221773
26.415193292,474101924,3.227,-9.137,-0.961,0.004,-0.006,0.000,-222886
26.419361292,474106145,3.266,-9.094,-1.000,0.004,-0.006,0.000,-222207
26.42160175,474108366,3.266,-9.094,-1.000,-0.004,0.000,0.002,-222779
26.427846583,474114587,3.266,-9.094,-1.000,0.008,-0.004,-0.002,-222313
26.431990708,474118808,3.266,-9.094,-1.000,0.000,-0.004,0.010,-221789
26.436263417,474123029,3.266,-9.094,-1.000,0.006,0.002,0.008,-221782
26.440711333,474127250,3.266,-9.094,-1.000,0.004,-0.004,-0.002,-221986
26.445686583,474132471,3.266,-9.094,-1.000,-0.008,0.002,0.004,-221786
26.449946667,474136692,3.191,-9.133,-1.000,-0.008,0.002,0.004,-221457
26.453144208,474139913,3.191,-9.133,-1.000,0.006,0.000,0.000,-221549
26.459388667,474146134,3.191,-9.133,-1.000,-0.004,-0.010,0.000,-221732
26.463842708,474150355,3.191,-9.133,-1.000,-0.002,-0.002,-0.006,-220931
26.467794958,474154576,3.191,-9.133,-1.000,-0.006,-0.002,-0.006,-222014
26.47228925,474158799,3.191,-9.133,-1.000,-0.006,-0.002,0.000,-221909
26.477280375,474164020,3.191,-9.133,-1.000,-0.002,0.002,0.000,-221809
26.481460458,474168241,3.227,-9.137,-1.000,-0.002,0.002,0.000,-222270
26.484694,474171462,3.227,-9.137,-1.000,0.006,-0.004,0.004,-221833
26.491778375,474177683,3.227,-9.137,-1.000,-0.002,0.002,-0.012,-222501
26.496169917,474182904,3.227,-9.137,-1.000,-0.002,-0.008,-0.008,-221982
26.500441208,474187125,3.227,-9.137,-1.000,0.008,0.004,-0.006,-221974
26.505745458,474192346,3.227,-9.137,-1.000,0.014,-0.012,-0.016,-222505
26.510178375,474196567,3.227,-9.137,-1.000,-0.008,0.012,-0.010,-222554
26.515162917,474201788,3.266,-9.133,-1.000,-0.008,0.012,-0.010,-222327
26.518302875,474205009,3.266,-9.133,-1.000,0.004,0.006,0.000,-222556
26.523665292,474210230,3.266,-9.133,-1.000,-0.004,0.006,-0.002,-222068
26.52808125,474214451,3.266,-9.133,-1.000,0.004,0.018,0.004,-221654
26.532904125,474218672,3.266,-9.133,-1.000,0.004,0.006,0.000,-222179
26.536110292,474222893,3.266,-9.133,-1.000,0.006,0.002,0.004,-221742
26.540359833,474227114,3.266,-9.133,-1.000,0.000,-0.006,0.000,-221382
26.544590125,474231335,3.227,-9.098,-0.961,0.000,-0.006,0.000,-222150
26.54681975,474233556,3.227,-9.098,-0.961,0.006,-0.006,-0.006,-222149
26.552078375,474238777,3.227,-9.098,-0.961,0.006,-0.002,-0.008,-222625
26.556904542,474242998,3.227,-9.098,-0.961,-0.002,-0.002,0.000,-223127
26.559435375,474246219,3.227,-9.098,-0.961,0.016,-0.004,-0.016,-221333
26.563662333,474250440,3.227,-9.098,-0.961,-0.004,0.006,0.004,-222243
26.568068417,474254661,3.227,-9.098,-0.961,0.006,0.002,-0.012,-221527
26.572138292,474258882,3.227,-9.098,-0.961,0.006,0.002,-0.012,-222450
26.57526825,474262103,3.227,-9.098,-0.961,-0.002,0.000,-0.006,-222452
26.58157125,474268324,3.227,-9.098,-0.961,0.008,-0.004,-0.010,-221560
26.585782833,474272545,3.227,-9.098,-0.961,-0.014,0.002,0.014,-222533
26.589860042,474276766,3.227,-9.098,-0.961,0.012,0.002,0.004,-223210
26.595255292,474281986,3.227,-9.098,-0.961,0.002,0.002,0.006,-223398
26.599513,474286207,3.227,-9.098,-0.961,0.002,-0.006,0.008,-222461
26.603784458,474290428,3.191,-9.094,-1.000,0.002,-0.006,0.008,-222625
26.606893958,474293649,3.191,-9.094,-1.000,-0.004,0.006,0.004,-222675
26.613154875,474299870,3.191,-9.094,-1.000,0.004,-0.002,0.000,-221730
26.617415042,474304091,3.191,-9.094,-1.000,0.004,0.002,-0.016,-221779
26.621601958,474308312,3.191,-9.094,-1.000,0.008,0.004,0.008,-222049
26.627767792,474313533,3.191,-9.094,-1.000,0.010,0.002,-0.012,-222463
26.630993292,474317754,3.191,-9.094,-1.000,-0.008,0.000,-0.002,-222560
26.634198958,474320977,3.227,-9.137,-1.000,-0.008,0.000,-0.002,-222778
26.637431333,474324197,3.227,-9.137,-1.000,-0.002,-0.002,-0.004,-222098
26.642702083,474329418,3.227,-9.137,-1.000,-0.014,-0.010,0.006,-222243
26.646875458,474333639,3.227,-9.137,-1.000,-0.008,0.000,0.006,-221814
26.651155208,474337860,3.227,-9.137,-1.000,0.002,0.000,-0.004,-222495
26.655338083,474342081,3.227,-9.137,-1.000,-0.010,-0.006,-0.008,-222474
26.65954075,474346302,3.227,-9.137,-1.000,0.002,0.008,0.006,-222807
26.664755333,474351523,3.227,-9.098,-1.039,0.002,0.008,0.006,-222738
26.668075083,474354744,3.227,-9.098,-1.039,-0.004,0.000,-0.004,-222452
26.674011583,474359967,3.227,-9.098,-1.039,0.020,0.004,0.002,-221881
26.678386958,474365188,3.227,-9.098,-1.039,-0.006,0.000,-0.006,-222093
26.682640583,474369409,3.227,-9.098,-1.039,-0.004,0.000,0.002,-222959
26.688037208,474374630,3.227,-9.098,-1.039,0.000,0.006,0.000,-222222
26.692134292,474378851,3.227,-9.098,-1.039,0.002,-0.008,0.004,-221798
26.697027667,474383072,3.227,-9.137,-1.039,0.002,-0.008,0.004,-221767
26.698524708,474385293,3.227,-9.137,-1.039,-0.002,0.008,0.000,-222473
26.703683125,474390514,3.227,-9.137,-1.039,0.000,0.002,0.006,-222768
26.7090015,474395735,3.227,-9.137,-1.039,-0.002,0.004,-0.010,-221538
26.713268167,474399956,3.227,-9.137,-1.039,0.006,-0.002,0.000,-222140
26.717535583,474404178,3.227,-9.137,-1.039,0.008,0.008,-0.002,-221948
26.72189375,474408399,3.227,-9.137,-1.039,0.002,0.010,-0.012,-221750
26.727109833,474413620,3.227,-9.137,-0.961,0.002,0.010,-0.012,-222778
26.729322958,474415841,3.227,-9.137,-0.961,0.008,-0.002,-0.008,-222272
26.734569333,474421062,3.227,-9.137,-0.961,-0.002,0.002,-0.006,-222847
26.7393495,474425283,3.227,-9.137,-0.961,0.000,0.002,-0.004,-222080
26.74278675,474429504,3.227,-9.137,-0.961,0.008,-0.006,-0.010,-221478
26.751036333,474437725,3.227,-9.137,-0.961,-0.002,-0.004,0.000,-223187
26.755587292,474441946,3.227,-9.137,-0.961,-0.006,-0.006,0.006,-223050
26.759675875,474446167,3.227,-9.098,-1.000,-0.006,-0.006,0.006,-222277
26.762870542,474448388,3.227,-9.098,-1.000,0.006,-0.002,-0.014,-222359
26.767848625,474454609,3.227,-9.098,-1.000,0.000,-0.004,0.002,-221825
26.772072583,474458830,3.227,-9.098,-1.000,-0.006,-0.006,-0.004,-223279
26.7763005,474463051,3.227,-9.098,-1.000,0.000,0.000,0.000,-222258
26.781563708,474468272,3.227,-9.098,-1.000,0.000,0.000,0.000,-221874
26.786847208,474473492,3.227,-9.098,-1.000,0.000,0.000,0.000,-222336
26.791219125,474477713,3.305,-9.176,-0.961,0.000,0.000,0.000,-222720
26.793384333,474479933,3.305,-9.176,-0.961,0.000,0.000,0.000,-222451
26.797621583,474484153,3.305,-9.176,-0.961,0.000,0.000,0.000,-222999
26.801877417,474488373,3.305,-9.176,-0.961,0.000,0.000,0.000,-222297
26.806235125,474492594,3.305,-9.176,-0.961,0.000,0.000,0.000,-222252
26.810111542,474496815,3.305,-9.176,-0.961,0.000,0.000,0.000,-223472
26.814379875,474501036,3.305,-9.176,-0.961,0.000,0.000,0.000,-222234
26.818741875,474505257,3.227,-9.098,-1.000,0.000,0.000,0.000,-221701
26.820983667,474507478,3.227,-9.098,-1.000,0.000,0.000,0.000,-223062
26.827212708,474513699,3.227,-9.098,-1.000,0.000,0.000,0.000,-222882
26.831968708,474517920,3.227,-9.098,-1.000,0.000,0.000,0.000,-222037
26.835642875,474522140,3.227,-9.098,-1.000,0.000,0.000,0.000,-222540
26.8406415,474527361,3.227,-9.098,-1.000,0.000,0.000,0.000,-221847
26.844782458,474531582,3.227,-9.098,-1.000,0.000,0.000,0.000,-222545
26.849037,474535803,3.266,-9.133,-0.961,0.000,0.000,0.000,-222025
26.852281167,474539023,3.266,-9.133,-0.961,0.000,0.000,0.000,-221756
26.857434708,474544244,3.266,-9.133,-0.961,0.000,0.000,0.000,-222329
26.861677,474548465,3.266,-9.133,-0.961,0.000,0.000,0.000,-221280
26.867014917,474553686,3.266,-9.133,-0.961,0.000,0.000,0.000,-221849
26.871559042,474557906,3.266,-9.133,-0.961,0.000,0.000,0.000,-222451
26.875401375,474562126,3.266,-9.133,-0.961,0.000,0.000,0.000,-222224
26.879593333,474566347,3.227,-9.172,-1.039,0.000,0.000,0.000,-222626
26.8820715,474568567,3.227,-9.172,-1.039,0.000,0.000,0.000,-221837
26.886986583,474573788,3.227,-9.172,-1.039,0.000,0.000,0.000,-222364
26.891239667,474578009,3.227,-9.172,-1.039,0.000,0.000,0.000,-222642
26.894445042,474581230,3.227,-9.172,-1.039,0.000,0.000,0.000,-222525
26.899710083,474586450,3.227,-9.172,-1.039,0.000,0.000,0.000,-222069
26.904086625,474590670,3.227,-9.172,-1.039,0.000,0.000,0.000,-221995
26.909258667,474595891,3.191,-9.094,-1.000,0.000,0.000,0.000,-222133
26.911575875,474598112,3.191,-9.094,-1.000,0.000,0.000,0.000,-221730
26.91689275,474603333,3.191,-9.094,-1.000,0.000,0.000,0.000,-222348
26.919904333,474606554,3.191,-9.094,-1.000,0.000,0.000,0.000,-221980
26.924471958,474610775,3.191,-9.094,-1.000,0.000,0.000,0.000,-223072
26.929862583,474615996,3.191,-9.094,-1.000,0.000,0.000,0.000,-222680
26.934528167,474621217,3.191,-9.094,-1.000,0.000,0.000,0.000,-222295
26.94042525,474626438,3.266,-9.094,-1.000,0.000,0.000,0.000,-222508
26.942897042,474629658,3.266,-9.094,-1.000,0.000,0.000,0.000,-222717
26.949309042,474635879,3.266,-9.094,-1.000,0.000,0.000,0.000,-223101
26.954814042,474640100,3.266,-9.094,-1.000,0.000,0.000,0.000,-222954
26.957968583,474644321,3.266,-9.094,-1.000,0.000,0.000,0.000,-222121
26.963169625,474648542,3.266,-9.094,-1.000,0.000,0.000,0.000,-222003
26.966986833,474653763,3.266,-9.094,-1.000,0.000,0.000,0.000,-222680
26.971311458,474657984,3.191,-9.176,-0.961,0.000,0.000,0.000,-222354
26.974958833,474661205,3.191,-9.176,-0.961,0.000,0.000,0.000,-222509
26.979781708,474666425,3.191,-9.176,-0.961,0.000,0.000,0.000,-222556
26.985044542,474671646,3.191,-9.176,-0.961,0.000,0.000,0.000,-222115
26.989178833,474675866,3.191,-9.176,-0.961,0.000,0.000,0.000,-221530
26.993398792,474680087,3.191,-9.176,-0.961,0.000,0.000,0.000,-222561
26.999604042,474686308,3.191,-9.176,-0.961,0.000,0.000,0.000,-223696
27.003935,474690528,3.266,-9.133,-1.039,0.000,0.000,0.000,-222560
27.007018208,474693749,3.266,-9.133,-1.039,0.000,0.000,0.000,-221966
27.012240125,474698972,3.266,-9.133,-1.039,0.000,0.000,0.000,-222360
27.016768917,474703192,3.266,-9.133,-1.039,0.000,0.000,0.000,-221682
27.020038792,474706413,3.266,-9.133,-1.039,0.000,0.000,0.000,-221916
27.0239915,474710633,3.266,-9.133,-1.039,0.000,0.000,0.000,-223205
27.030777417,474715854,3.266,-9.133,-1.039,0.000,0.000,0.000,-222203
27.033587,474719074,3.266,-9.133,-0.961,0.000,0.000,0.000,-222512
27.037615,474724295,3.266,-9.133,-0.961,0.000,0.000,0.000,-222298
27.04198425,474728516,3.266,-9.133,-0.961,0.000,0.000,0.000,-221508
27.046339292,474732737,3.266,-9.133,-0.961,0.000,0.000,0.000,-221758
27.05044025,474736958,3.266,-9.133,-0.961,0.000,0.000,0.000,-221824
27.054639292,474741178,3.266,-9.133,-0.961,0.000,0.000,0.000,-222172
27.058650833,474745399,3.227,-9.098,-1.039,0.000,0.000,0.000,-221674
27.060847125,474747620,3.227,-9.098,-1.039,0.000,0.000,0.000,-221989
27.067108292,474753841,3.227,-9.098,-1.039,0.000,0.000,0.000,-222301
27.071411708,474758062,3.227,-9.098,-1.039,0.000,0.000,0.000,-222935
27.075492667,474762283,3.227,-9.098,-1.039,0.000,0.000,0.000,-221215
27.079715167,474766504,3.227,-9.098,-1.039,0.000,0.000,0.000,-222129
27.084988375,474771725,3.227,-9.098,-1.039,0.000,0.000,0.000,-222561
27.089200458,474775946,3.227,-9.098,-1.000,0.000,0.000,0.000,-222277
27.092412917,474779168,3.227,-9.098,-1.000,0.000,0.000,0.000,-222117
27.097645542,474784389,3.227,-9.098,-1.000,0.000,0.000,0.000,-222591
27.101830542,474788610,3.227,-9.098,-1.000,0.000,0.000,0.000,-222517
27.107105458,474793831,3.227,-9.098,-1.000,0.000,0.000,0.000,-222497
27.111278083,474798052,3.227,-9.098,-1.000,0.000,0.000,0.000,-223157
27.115530625,474802273,3.227,-9.098,-1.000,0.000,0.000,0.000,-222053
27.119745125,474806494,3.227,-9.098,-1.000,0.000,0.000,0.000,-222029
27.122029375,474808714,3.227,-9.098,-1.000,0.000,0.000,0.000,-222439
27.127192208,474813935,3.227,-9.098,-1.000,0.000,0.000,0.000,-222033
27.13146575,474818156,3.227,-9.098,-1.000,0.000,0.000,0.000,-223125
27.134674917,474821377,3.227,-9.098,-1.000,0.000,0.000,0.000,-222562
27.139863333,474826598,3.227,-9.098,-1.000,0.000,0.000,0.000,-221791
27.144152083,474830819,3.227,-9.098,-1.000,0.000,0.000,0.000,-222438
27.14943975,474836039,3.266,-9.133,-1.000,0.000,0.000,0.000,-222441
27.1514375,474838260,3.266,-9.133,-1.000,0.000,0.000,0.000,-222210
27.158055833,474843481,3.266,-9.133,-1.000,0.000,0.000,0.000,-221844
27.161103833,474846702,3.266,-9.133,-1.000,0.000,0.000,0.000,-222586
27.164184542,474850923,3.266,-9.133,-1.000,0.000,0.000,0.000,-222609
27.1694365,474856143,3.266,-9.133,-1.000,0.000,0.000,0.000,-222734
27.174743958,474861364,3.266,-9.133,-1.000,0.000,0.000,0.000,-222152
27.178858708,474865585,3.266,-9.094,-1.000,0.000,0.000,0.000,-222296
27.181016542,474867806,3.266,-9.094,-1.000,0.000,0.000,0.000,-221720
27.185229917,474872027,3.266,-9.094,-1.000,0.000,0.000,0.000,-223387
27.189430708,474876248,3.266,-9.094,-1.000,0.000,0.000,0.000,-221876
27.193637083,474880469,3.266,-9.094,-1.000,0.000,0.000,0.000,-221901
27.1978175,474884690,3.266,-9.094,-1.000,0.000,0.000,0.000,-222530
27.20211275,474888912,3.266,-9.094,-1.000,0.000,0.000,0.000,-222197
27.207255583,474894133,3.227,-9.137,-1.000,0.000,0.000,0.000,-222040
27.210524792,474897353,3.227,-9.137,-1.000,0.000,0.000,0.000,-221732
27.21566,474902574,3.227,-9.137,-1.000,0.000,0.000,0.000,-222717
27.21989625,474906795,3.227,-9.137,-1.000,0.000,0.000,0.000,-222239
27.225096542,474912016,3.227,-9.137,-1.000,0.000,0.000,0.000,-222303
27.23050275,474917237,3.227,-9.137,-1.000,0.000,0.000,0.000,-221827
27.23460975,474921458,3.227,-9.137,-1.000,0.000,0.000,0.000,-222461
27.238855042,474925679,3.227,-9.137,-0.961,0.000,0.000,0.000,-221537
27.242003333,474928899,3.227,-9.137,-0.961,0.000,0.000,0.000,-222485
27.250220708,474937120,3.227,-9.137,-0.961,0.000,0.000,0.000,-222653
27.254558333,474941341,3.227,-9.137,-0.961,0.000,0.000,0.000,-222069
27.258700042,474945561,3.227,-9.137,-0.961,0.000,0.000,0.000,-222583
27.262954625,474949782,3.227,-9.137,-0.961,0.000,0.000,0.000,-222496
27.267131083,474954003,3.227,-9.137,-0.961,0.000,0.000,0.000,-222612
27.270411292,474957224,3.266,-9.094,-0.961,0.000,0.000,0.000,-222188
27.2725815,474959444,3.266,-9.094,-0.961,0.000,0.000,0.000,-223285
27.277807792,474964664,3.266,-9.094,-0.961,0.000,0.000,0.000,-221587
27.281979833,474968885,3.266,-9.094,-0.961,0.000,0.000,0.000,-222190
27.286237167,474973106,3.266,-9.094,-0.961,0.000,0.000,0.000,-221958
27.29047875,474977327,3.266,-9.094,-0.961,0.000,0.000,0.000,-222094
27.294678917,474981548,3.266,-9.094,-0.961,0.000,0.000,0.000,-221999
27.298921167,474985769,3.266,-9.059,-0.961,0.000,0.000,0.000,-222101
27.301148042,474987989,3.266,-9.059,-0.961,0.000,0.000,0.000,-222009
27.305410167,474992209,3.266,-9.059,-0.961,0.000,0.000,0.000,-222627
27.309585167,474996429,3.266,-9.059,-0.961,0.000,0.000,0.000,-222259
27.313833458,475000650,3.266,-9.059,-0.961,0.000,0.000,0.000,-221443
27.319057208,475005871,3.266,-9.059,-0.961,0.000,0.000,0.000,-222692
27.324286583,475011092,3.266,-9.059,-0.961,0.000,0.000,0.000,-222298
27.329470667,475016312,3.266,-9.094,-1.000,0.000,0.000,0.000,-222461
27.332657458,475019533,3.266,-9.094,-1.000,0.000,0.000,0.000,-222402
27.338988375,475025754,3.266,-9.094,-1.000,0.000,0.000,0.000,-222224
27.34318475,475029975,3.266,-9.094,-1.000,0.000,0.000,0.000,-222349
27.347389542,475034196,3.266,-9.094,-1.000,0.000,0.000,0.000,-221941
27.352558958,475039417,3.266,-9.094,-1.000,0.000,0.000,0.000,-222527
27.356810875,475043638,3.266,-9.094,-1.000,0.000,0.000,0.000,-222427
27.361047583,475047859,3.266,-9.094,-0.961,0.000,0.000,0.000,-221251
27.364262208,475051080,3.266,-9.094,-0.961,0.000,0.000,0.000,-221642
27.370532458,475057301,3.266,-9.094,-0.961,0.000,0.000,0.000,-222245
27.374748708,475061522,3.266,-9.094,-0.961,0.000,0.000,0.000,-221126
27.3799475,475066742,3.266,-9.094,-0.961,0.000,0.000,0.000,-221780
27.38412725,475070964,3.266,-9.094,-0.961,0.000,0.000,0.000,-222594
27.38939475,475076185,3.266,-9.094,-0.961,0.000,0.000,0.000,-221769
27.392918292,475079405,3.227,-9.137,-1.000,0.000,0.000,0.000,-221889
27.397827667,475084626,3.227,-9.137,-1.000,0.000,0.000,0.000,-221346
27.402038833,475088847,3.227,-9.137,-1.000,0.000,0.000,0.000,-222023
27.407288875,475094067,3.227,-9.137,-1.000,0.000,0.000,0.000,-221779
27.4114925,475098288,3.227,-9.137,-1.000,0.000,0.000,0.000,-222790
27.416103583,475102509,3.227,-9.137,-1.000,0.000,0.000,0.000,-221549
27.419945792,475106730,3.227,-9.098,-0.961,0.000,0.000,0.000,-221646
27.423128708,475109951,3.227,-9.098,-0.961,0.000,0.000,0.000,-222459
27.429411292,475116171,3.227,-9.098,-0.961,0.000,0.000,0.000,-222296
27.433575,475120392,3.227,-9.098,-0.961,0.000,0.000,0.000,-221651
27.437859833,475124613,3.227,-9.098,-0.961,0.000,0.000,0.000,-221373
27.442025667,475128834,3.227,-9.098,-0.961,0.000,0.000,0.000,-222031
27.447310458,475134054,3.227,-9.098,-0.961,0.000,0.000,0.000,-222075
27.45148825,475138275,3.227,-9.137,-1.000,0.000,0.000,0.000,-221982
27.454725708,475141496,3.227,-9.137,-1.000,0.000,0.000,0.000,-222842
27.45995025,475146716,3.227,-9.137,-1.000,0.000,0.000,0.000,-221727
27.464165333,475150937,3.227,-9.137,-1.000,0.000,0.000,0.000,-221901
27.469428167,475156158,3.227,-9.137,-1.000,0.000,0.000,0.000,-221454
27.474030125,475160379,3.227,-9.137,-1.000,0.000,0.000,0.000,-222165
27.477877125,475164599,3.227,-9.137,-1.000,0.000,0.000,0.000,-221731
27.482052708,475168819,3.227,-9.098,-1.000,0.000,0.000,0.000,-221258
27.48552525,475172024,3.227,-9.098,-1.000,0.000,0.000,0.000,-221258
27.490488,475177244,3.227,-9.098,-1.000,0.000,0.000,0.000,-222885
27.494710417,475181465,3.227,-9.098,-1.000,0.000,0.000,0.000,-221407
27.499933458,475186685,3.227,-9.098,-1.000,0.000,0.000,0.000,-222681
27.50415,475190906,3.227,-9.098,-1.000,0.000,0.000,0.000,-222088
27.51048525,475197127,3.227,-9.098,-1.000,0.000,0.000,0.000,-222054
27.514612417,475201348,3.227,-9.098,-0.961,0.000,0.000,0.000,-221715
27.517884542,475204569,3.227,-9.098,-0.961,0.000,0.000,0.000,-221561
27.524104125,475210790,3.227,-9.098,-0.961,0.000,0.000,0.000,-221782
27.529373375,475216010,3.227,-9.098,-0.961,0.000,0.000,0.000,-221990
27.533634667,475220231,3.227,-9.098,-0.961,0.000,0.000,0.000,-221668
27.537715167,475224452,3.227,-9.098,-0.961,0.000,0.000,0.000,-222538
27.541991,475228672,3.227,-9.098,-0.961,0.000,0.000,0.000,-221484
27.547178667,475233892,3.266,-9.094,-0.961,0.000,0.000,0.000,-222621
27.549421333,475236113,3.266,-9.094,-0.961,0.000,0.000,0.000,-221933
27.55369925,475240333,3.266,-9.094,-0.961,0.000,0.000,0.000,-222057
27.558243542,475244554,3.266,-9.094,-0.961,0.000,0.000,0.000,-222730
27.562671958,475248774,3.266,-9.094,-0.961,0.000,0.000,0.000,-221956
27.567182667,475253995,3.266,-9.094,-0.961,0.000,0.000,0.000,-221976
27.571472167,475258215,3.266,-9.094,-0.961,0.000,0.000,0.000,-222555
27.575609625,475262436,3.266,-9.133,-1.000,0.000,0.000,0.000,-221155
27.578864917,475265657,3.266,-9.133,-1.000,0.000,0.000,0.000,-222482
27.584150292,475270878,3.266,-9.133,-1.000,0.000,0.000,0.000,-221598
27.588394083,475275099,3.266,-9.133,-1.000,0.000,0.000,0.000,-221873
27.592576708,475279320,3.266,-9.133,-1.000,0.000,0.000,0.000,-221640
27.596774583,475283541,3.266,-9.133,-1.000,0.000,0.000,0.000,-221605
27.601042292,475287762,3.266,-9.133,-1.000,0.000,0.000,0.000,-220755
27.604218042,475290982,3.266,-9.133,-0.961,0.000,0.000,0.000,-222023
27.607454792,475294203,3.266,-9.133,-0.961,0.000,0.000,0.000,-222431
27.612721042,475299424,3.266,-9.133,-0.961,0.000,0.000,0.000,-221612
27.616912417,475303645,3.266,-9.133,-0.961,0.000,0.000,0.000,-221802
27.620087875,475306865,3.266,-9.133,-0.961,0.000,0.000,0.000,-222518
27.626281333,475312088,3.266,-9.133,-0.961,0.000,0.000,0.000,-222053
27.630584083,475317309,3.266,-9.133,-0.961,0.000,0.000,0.000,-221672
27.634741625,475321529,3.227,-9.137,-0.961,0.000,0.000,0.000,-221604
27.638024208,475324750,3.227,-9.137,-0.961,0.000,0.000,0.000,-220909
27.644260917,475330970,3.227,-9.137,-0.961,0.000,0.000,0.000,-221746
27.649470792,475336191,3.227,-9.137,-0.961,0.000,0.000,0.000,-222211
27.653655208,475340412,3.227,-9.137,-0.961,0.000,0.000,0.000,-221785
27.657978792,475344633,3.227,-9.137,-0.961,0.000,0.000,0.000,-221368
27.662248583,475348854,3.227,-9.137,-0.961,0.000,0.000,0.000,-221411
27.667312917,475354074,3.266,-9.133,-0.961,0.000,0.000,0.000,-221589
27.66956125,475356294,3.266,-9.133,-0.961,0.000,0.000,0.000,-222218
27.674794083,475361515,3.266,-9.133,-0.961,0.000,0.000,0.000,-222920
27.678997875,475365735,3.266,-9.133,-0.961,0.000,0.000,0.000,-221479
27.683265792,475369956,3.266,-9.133,-0.961,0.000,0.000,0.000,-221113
27.6874845,475374176,3.227,-9.098,-0.961,0.000,0.000,0.000,-221118
27.68960575,475376396,3.227,-9.098,-0.961,0.000,0.000,0.000,-221997
27.694827917,475381617,3.227,-9.098,-0.961,0.000,0.000,0.000,-223033
27.699079042,475385837,3.227,-9.098,-0.961,0.000,0.000,0.000,-221946
27.702319667,475389057,3.227,-9.098,-0.961,0.000,0.000,0.000,-221936
27.707649917,475394277,3.227,-9.098,-1.000,0.000,0.000,0.000,-221891
27.709797958,475396498,3.227,-9.098,-1.000,0.000,0.000,0.000,-222767
27.71506875,475401719,3.227,-9.098,-1.000,0.000,0.000,0.000,-221677
27.719274417,475405940,3.227,-9.098,-1.000,0.000,0.000,0.000,-222141
27.722616708,475409162,3.227,-9.098,-1.000,0.000,0.000,0.000,-222125
27.727903833,475414383,3.227,-9.098,-1.000,0.000,0.000,0.000,-221504
27.732098292,475418604,3.227,-9.098,-1.000,0.000,0.000,0.000,-222221
27.735390542,475421825,3.227,-9.137,-1.000,0.000,0.000,0.000,-221664
27.739537458,475426046,3.227,-9.137,-1.000,0.000,0.000,0.000,-221740
27.742548958,475429267,3.227,-9.137,-1.000,0.000,0.000,0.000,-222214
27.747797208,475434487,3.227,-9.137,-1.000,0.000,0.000,0.000,-221479
27.752111042,475438707,3.227,-9.137,-1.000,0.000,0.000,0.000,-222090
27.758410917,475444928,3.227,-9.137,-1.000,0.000,0.000,0.000,-222246
27.763707667,475450148,3.227,-9.137,-1.000,0.000,0.000,0.000,-221982
27.768635083,475455369,3.227,-9.137,-1.000,0.000,0.000,0.000,-222024
27.772846125,475459590,3.266,-9.133,-1.039,0.000,0.000,0.000,-221791
27.776098708,475462810,3.266,-9.133,-1.039,0.000,0.000,0.000,-222014
27.781386542,475468031,3.266,-9.133,-1.039,0.000,0.000,0.000,-221768
27.786739625,475473252,3.266,-9.133,-1.039,0.000,0.000,0.000,-221940
27.792019417,475478473,3.191,-9.133,-0.961,0.000,0.000,0.000,-221960
27.795168667,475481694,3.191,-9.133,-0.961,0.010,0.006,-0.002,-222207
27.800401167,475486915,3.191,-9.133,-0.961,0.000,0.008,0.006,-221846
27.805205625,475491136,3.191,-9.133,-0.961,-0.010,0.000,0.010,-222745
27.808630583,475495357,3.191,-9.133,-0.961,0.006,-0.002,-0.004,-221448
27.812834292,475499578,3.191,-9.133,-0.961,-0.002,-0.006,-0.002,-221882
27.817059792,475503799,3.191,-9.133,-0.961,-0.008,0.002,0.004,-222368
27.821286708,475508020,3.266,-9.133,-1.000,-0.008,0.002,0.004,-221991
27.824497375,475511241,3.266,-9.133,-1.000,-0.004,0.004,0.004,-222614
27.830765958,475517462,3.266,-9.133,-1.000,0.004,0.002,0.002,-221747
27.834928708,475521683,3.266,-9.133,-1.000,-0.008,0.000,0.004,-221824
27.83924725,475525904,3.266,-9.133,-1.000,0.000,0.000,0.012,-221583
27.843518917,475530125,3.266,-9.133,-1.000,0.004,0.006,0.010,-220882
27.848683833,475535346,3.266,-9.133,-1.000,0.002,-0.004,-0.002,-221980
27.852837167,475539567,3.227,-9.098,-1.000,0.002,-0.004,-0.002,-222181
27.855971208,475542788,3.227,-9.098,-1.000,-0.004,0.008,0.006,-221459
27.861286875,475548009,3.227,-9.098,-1.000,-0.004,0.014,0.000,-221620
27.866589375,475553230,3.227,-9.098,-1.000,-0.004,-0.002,0.000,-221986
27.871439583,475557451,3.227,-9.098,-1.000,0.014,-0.002,-0.004,-222088
27.873955792,475560672,3.227,-9.098,-1.000,0.002,0.002,0.004,-221670
27.878198583,475564893,3.266,-9.094,-0.961,0.002,0.002,0.004,-222175
27.880612083,475567114,3.266,-9.094,-0.961,-0.004,-0.004,0.006,-221896
27.884677292,475571335,3.266,-9.094,-0.961,-0.002,-0.006,-0.004,-221842
27.889656375,475576556,3.266,-9.094,-0.961,0.000,-0.004,0.010,-221757
27.894689708,475580777,3.266,-9.094,-0.961,0.000,0.006,-0.012,-221639
27.89826475,475584998,3.266,-9.094,-0.961,0.004,0.006,0.010,-221414
27.902475,475589219,3.266,-9.094,-0.961,-0.002,-0.008,0.000,-221101
27.907779875,475594440,3.227,-9.137,-0.961,-0.002,-0.008,0.000,-222947
27.911075167,475597661,3.227,-9.137,-0.961,-0.008,-0.002,-0.006,-222628
27.916167167,475602882,3.227,-9.137,-0.961,0.008,0.002,0.004,-221906
27.920384958,475607103,3.227,-9.137,-0.961,0.012,-0.002,-0.010,-221868
27.925758875,475612324,3.227,-9.137,-0.961,0.004,-0.002,0.010,-221756
27.929921458,475616545,3.227,-9.137,-0.961,-0.004,0.000,-0.002,-222113
27.935128917,475621766,3.227,-9.137,-0.961,0.000,0.002,-0.002,-222185
27.939329208,475625987,3.152,-9.133,-0.922,0.000,0.002,-0.002,-221795
27.942459083,475629208,3.152,-9.133,-0.922,0.008,-0.006,0.012,-221453
27.94881675,475635429,3.152,-9.133,-0.922,0.002,-0.008,-0.004,-221962
27.95308975,475639650,3.152,-9.133,-0.922,0.002,-0.006,0.000,-221045
27.957618958,475643871,3.152,-9.133,-0.922,0.000,0.004,-0.014,-222119
27.962447292,475649092,3.152,-9.133,-0.922,0.002,0.000,-0.008,-222033
27.966583458,475653313,3.152,-9.133,-0.922,0.006,-0.006,-0.006,-221815
27.96983175,475656534,3.266,-9.133,-1.000,0.006,-0.006,-0.006,-222388
27.972026125,475658755,3.266,-9.133,-1.000,0.002,0.004,0.004,-221674
27.977251125,475663976,3.266,-9.133,-1.000,-0.002,0.000,-0.012,-221618
27.982476417,475669197,3.266,-9.133,-1.000,0.002,0.014,-0.002,-222050
27.986727833,475673418,3.266,-9.133,-1.000,0.004,0.008,-0.002,-221913
27.990891375,475677639,3.266,-9.133,-1.000,0.002,-0.004,0.008,-221136
27.994135625,475680860,3.266,-9.133,-1.000,-0.004,0.006,-0.002,-221477
27.998394833,475685081,3.305,-9.137,-0.922,-0.004,0.006,-0.002,-222104
28.000560375,475687302,3.305,-9.137,-0.922,-0.002,0.006,0.000,-221650
28.008794375,475695523,3.305,-9.137,-0.922,0.006,0.002,0.006,-222572
28.014119833,475700744,3.305,-9.137,-0.922,-0.010,0.008,0.006,-221773
28.017189917,475703965,3.305,-9.137,-0.922,0.000,0.002,0.000,-221663
28.021690042,475708186,3.305,-9.137,-0.922,0.000,-0.002,-0.014,-222500
28.027080833,475713407,3.305,-9.137,-0.922,0.002,0.000,-0.006,-222419
28.031315792,475716628,3.227,-9.137,-0.961,0.002,0.000,-0.006,-221598
28.03826875,475724849,3.227,-9.137,-0.961,0.006,-0.004,0.002,-222025
28.043352292,475730070,3.227,-9.137,-0.961,0.002,0.006,-0.002,-222206
28.047655333,475734291,3.227,-9.137,-0.961,-0.008,0.002,0.016,-221757
28.051829417,475738512,3.227,-9.137,-0.961,0.008,0.006,-0.004,-222498
28.055064583,475741733,3.227,-9.137,-0.961,-0.002,0.006,0.000,-222855
28.060211833,475746956,3.266,-9.133,-1.000,-0.002,0.006,0.000,-222782
28.062402042,475749176,3.266,-9.133,-1.000,0.002,-0.006,-0.014,-221953
28.068644125,475755397,3.266,-9.133,-1.000,-0.004,-0.004,0.002,-222546
28.072866542,475759618,3.266,-9.133,-1.000,0.004,-0.008,-0.008,-222076
28.077088167,475763839,3.266,-9.133,-1.000,0.008,0.008,0.008,-221373
28.08231525,475769060,3.266,-9.133,-1.000,-0.002,0.012,-0.010,-222183
28.086560667,475773281,3.266,-9.133,-1.000,0.002,-0.004,-0.002,-221931
28.08973825,475776502,3.227,-9.098,-1.039,0.002,-0.004,-0.002,-221949
28.091983917,475778723,3.227,-9.098,-1.039,-0.006,-0.006,-0.012,-221631
28.096167167,475782946,3.227,-9.098,-1.039,-0.014,0.006,-0.010,-221837
28.10040725,475787166,3.227,-9.098,-1.039,0.004,-0.002,0.004,-221742
28.104706042,475791387,3.227,-9.098,-1.039,-0.002,0.002,0.004,-221508
28.109950083,475796608,3.227,-9.098,-1.039,0.012,0.000,0.006,-222034
28.114136917,475800829,3.227,-9.098,-1.039,-0.002,0.010,0.000,-222264
28.118300292,475805050,3.227,-9.137,-1.039,-0.002,0.010,0.000,-222228
28.121560083,475808271,3.227,-9.137,-1.039,-0.004,0.000,0.006,-222195
28.127746,475814492,3.227,-9.137,-1.039,-0.006,-0.006,0.000,-221937
28.131978708,475818713,3.227,-9.137,-1.039,-0.004,0.006,-0.008,-221813
28.137959167,475823934,3.227,-9.137,-1.039,-0.004,0.006,0.004,-221550
28.1423985,475829156,3.227,-9.137,-1.039,-0.006,0.002,-0.002,-221149
28.147628042,475834377,3.227,-9.055,-1.000,-0.006,0.002,-0.002,-221986
28.150913333,475837598,3.227,-9.055,-1.000,0.000,-0.010,-0.006,-222609
28.156063167,475842819,3.227,-9.055,-1.000,0.004,-0.006,0.000,-222047
28.1613795,475847040,3.227,-9.055,-1.000,0.006,0.010,0.000,-222053
28.1654855,475852261,3.227,-9.055,-1.000,0.002,0.008,-0.002,-221890
28.169754417,475856482,3.227,-9.055,-1.000,-0.002,-0.006,0.000,-222426
28.175121792,475861703,3.227,-9.055,-1.000,0.002,-0.012,-0.012,-222721
28.179371958,475865924,3.266,-9.133,-1.000,0.002,-0.012,-0.012,-221736
28.182430333,475869145,3.266,-9.133,-1.000,-0.010,0.010,-0.006,-222719
28.188832333,475875366,3.266,-9.133,-1.000,-0.004,-0.002,0.008,-221438
28.192831208,475879587,3.266,-9.133,-1.000,-0.004,0.006,0.006,-222031
28.197351833,475883808,3.266,-9.133,-1.000,-0.006,-0.002,-0.004,-221902
28.201849083,475888029,3.266,-9.133,-1.000,-0.004,-0.004,0.004,-222633
28.205502542,475892250,3.266,-9.133,-1.000,0.004,0.000,-0.004,-222356
28.210721958,475897471,3.227,-9.137,-1.000,0.004,0.000,-0.004,-222603
28.213984083,475900692,3.227,-9.137,-1.000,-0.002,-0.002,-0.006,-221720
28.220752708,475906913,3.227,-9.137,-1.000,-0.008,0.008,0.006,-221766
28.224379375,475911134,3.227,-9.137,-1.000,0.006,0.002,0.004,-222404
28.228990875,475915355,3.227,-9.137,-1.000,-0.002,-0.002,-0.002,-222042
28.232844667,475919576,3.227,-9.137,-1.000,-0.002,0.004,0.008,-221688
28.237086625,475923797,3.227,-9.137,-1.000,-0.008,-0.006,0.000,-222448
28.240542667,475927018,3.266,-9.094,-1.039,-0.008,-0.006,0.000,-222655
28.245470833,475932239,3.266,-9.094,-1.039,0.006,0.008,-0.012,-222898
28.250775167,475937460,3.266,-9.094,-1.039,0.000,-0.002,-0.010,-222391
28.254895625,475941681,3.266,-9.094,-1.039,0.002,-0.002,0.006,-222179
28.26012575,475946902,3.266,-9.094,-1.039,-0.014,0.000,-0.002,-222945
28.264386042,475951123,3.266,-9.094,-1.039,0.004,-0.004,-0.006,-222525
28.270217417,475956329,3.266,-9.094,-1.000,0.004,-0.004,-0.006,-222525
28.272916917,475959549,3.266,-9.094,-1.000,-0.008,0.006,0.000,-221564
28.278163833,475964770,3.266,-9.094,-1.000,0.002,0.006,-0.004,-222419
28.282228958,475968991,3.266,-9.094,-1.000,-0.008,0.002,0.020,-221107
28.287619958,475974212,3.266,-9.094,-1.000,0.000,-0.010,-0.004,-222326
28.292866792,475978433,3.266,-9.094,-1.000,-0.010,0.000,-0.006,-221542
28.295963583,475982654,3.266,-9.094,-1.000,0.014,-0.002,-0.004,-221707
28.300217792,475986875,3.227,-9.098,-0.961,0.014,-0.002,-0.004,-222564
28.302377667,475989096,3.227,-9.098,-0.961,-0.008,-0.004,0.008,-221671
28.308620625,475995317,3.227,-9.098,-0.961,0.004,0.002,-0.006,-221524
28.312958083,475999538,3.227,-9.098,-0.961,-0.002,-0.004,-0.006,-221904
28.317053667,476003759,3.227,-9.098,-0.961,-0.006,0.006,0.008,-221731
28.321707292,476007980,3.227,-9.098,-0.961,0.002,0.004,-0.008,-221552
28.325443917,476012201,3.227,-9.098,-0.961,0.004,0.006,0.010,-221545
28.33071625,476017422,3.227,-9.098,-1.000,0.004,0.006,0.010,-222362
28.33387375,476020644,3.227,-9.098,-1.000,-0.006,0.006,0.006,-222053
28.340118792,476026867,3.227,-9.098,-1.000,0.004,0.000,0.006,-222027
28.344871708,476031088,3.227,-9.098,-1.000,0.006,0.008,-0.012,-221666
28.348641333,476035309,3.227,-9.098,-1.000,0.004,0.002,-0.004,-221577
28.353041667,476039530,3.227,-9.098,-1.000,0.004,0.006,-0.008,-222132
28.358180042,476044751,3.227,-9.098,-1.000,0.006,0.002,0.000,-221802
28.362239708,476048972,3.191,-9.133,-0.961,0.006,0.002,0.000,-221868
28.365419792,476052193,3.191,-9.133,-0.961,0.002,0.002,0.014,-221995
28.372023125,476058414,3.191,-9.133,-0.961,0.004,0.014,-0.006,-221993
28.375936208,476062635,3.191,-9.133,-0.961,-0.004,-0.014,-0.016,-221964
28.379553167,476065856,3.191,-9.133,-0.961,-0.006,0.010,0.016,-221914
28.38339775,476070077,3.191,-9.133,-0.961,-0.012,-0.008,0.000,-221617
28.387634792,476074298,3.191,-9.133,-0.961,-0.004,0.008,-0.006,-221613
28.391755042,476078519,3.266,-9.133,-0.961,-0.004,0.008,-0.006,-221509
28.394973042,476081740,3.266,-9.133,-0.961,-0.008,-0.008,0.010,-222079
28.400243917,476086961,3.266,-9.133,-0.961,-0.002,0.002,0.004,-221922
28.40460675,476091182,3.266,-9.133,-0.961,-0.010,0.002,0.008,-221524
28.409716625,476096403,3.266,-9.133,-0.961,0.004,-0.002,0.004,-222581
28.413901833,476100624,3.266,-9.133,-0.961,0.004,0.000,0.008,-221658
28.418132458,476104845,3.266,-9.133,-0.961,-0.010,-0.002,0.004,-222094
28.422317292,476109066,3.266,-9.133,-1.000,-0.010,-0.002,0.004,-222179
28.425523208,476112287,3.266,-9.133,-1.000,-0.002,0.012,0.000,-222059
28.430767292,476117508,3.266,-9.133,-1.000,-0.002,0.012,-0.002,-221911
28.4349225,476121714,3.266,-9.133,-1.000,0.008,0.000,-0.006,-221911
28.439145667,476125935,3.266,-9.133,-1.000,-0.004,-0.012,-0.002,-222043
28.444445167,476131156,3.266,-9.133,-1.000,0.002,0.002,-0.016,-221727
28.450073375,476136377,3.266,-9.133,-1.000,0.014,-0.002,0.004,-222370
28.452858333,476139598,3.227,-9.137,-0.961,0.014,-0.002,0.004,-222241
28.457994542,476144819,3.227,-9.137,-0.961,0.002,-0.006,0.004,-222449
28.46221675,476149040,3.227,-9.137,-0.961,0.000,0.006,-0.004,-222517
28.466405292,476153261,3.227,-9.137,-0.961,0.004,-0.004,-0.012,-223263
28.47063425,476157481,3.227,-9.137,-0.961,-0.002,-0.004,-0.006,-222014
28.474885292,476161702,3.227,-9.137,-0.961,-0.004,-0.004,0.006,-222010
28.479044542,476165923,3.227,-9.137,-1.000,-0.004,-0.004,0.006,-221464
28.481229208,476168144,3.227,-9.137,-1.000,0.006,0.000,0.008,-222253
28.487482542,476174365,3.227,-9.137,-1.000,0.004,0.006,0.010,-221530
28.491713292,476178586,3.227,-9.137,-1.000,0.004,-0.004,0.004,-222159
28.494894292,476181807,3.227,-9.137,-1.000,0.002,-0.002,0.016,-221077
28.499137708,476186028,3.227,-9.137,-1.000,-0.008,0.002,0.004,-221624
28.504392083,476191249,3.227,-9.137,-1.000,0.008,0.004,-0.008,-222082
28.509674417,476196470,3.266,-9.094,-1.039,0.008,0.004,-0.008,-222865
28.512813958,476199691,3.266,-9.094,-1.039,-0.004,0.000,0.004,-222755
28.51911,476205912,3.266,-9.094,-1.039,0.006,-0.008,0.018,-222136
28.524272875,476211133,3.266,-9.094,-1.039,0.006,-0.010,-0.006,-222365
28.529549,476216354,3.266,-9.094,-1.039,-0.002,0.006,0.004,-222092
28.533770208,476220575,3.266,-9.094,-1.039,0.008,-0.010,0.000,-221849
28.537951542,476224796,3.266,-9.094,-1.039,0.006,-0.006,-0.008,-222495
28.542203,476229017,3.227,-9.098,-1.000,0.006,-0.006,-0.008,-221970
28.54539125,476232238,3.227,-9.098,-1.000,-0.006,-0.004,0.004,-222147
28.55066925,476237459,3.227,-9.098,-1.000,-0.016,0.004,0.010,-222324
28.5548535,476241680,3.227,-9.098,-1.000,0.008,-0.004,0.006,-221500
28.559092833,476245901,3.227,-9.098,-1.000,-0.008,-0.004,0.008,-222540
28.563276625,476250122,3.227,-9.098,-1.000,0.006,0.000,0.008,-221503
28.568531208,476255343,3.227,-9.098,-1.000,0.010,-0.008,-0.006,-222704
28.572814167,476259564,3.227,-9.137,-0.961,0.010,-0.008,-0.006,-221356
28.5759915,476262785,3.227,-9.137,-0.961,0.006,-0.004,-0.004,-222127
28.581198875,476268006,3.227,-9.137,-0.961,0.006,0.000,0.004,-222155
28.585433333,476272226,3.227,-9.137,-0.961,-0.004,-0.006,-0.002,-221880
28.589692708,476276447,3.227,-9.137,-0.961,-0.002,-0.002,0.000,-222396
28.594887417,476281668,3.227,-9.137,-0.961,0.006,-0.006,0.006,-221939
28.600238667,476286889,3.191,-9.094,-0.961,0.006,-0.006,0.006,-222210
28.603377417,476290112,3.191,-9.094,-0.961,-0.006,-0.010,0.010,-222406
28.608600292,476295332,3.191,-9.094,-0.961,-0.006,0.002,-0.008,-222727
28.612812708,476299553,3.191,-9.094,-0.961,-0.004,0.000,0.004,-221246
28.616997583,476303774,3.191,-9.094,-0.961,0.000,0.000,-0.006,-221671
28.621235125,476307995,3.191,-9.094,-0.961,0.002,0.006,0.010,-222620
28.625452792,476312216,3.227,-9.098,-1.000,0.002,0.006,0.010,-222474
28.627652542,476314437,3.227,-9.098,-1.000,0.002,0.002,0.006,-221925
28.632849667,476319658,3.227,-9.098,-1.000,0.006,-0.002,0.010,-222516
28.637094458,476323879,3.227,-9.098,-1.000,0.000,-0.002,-0.004,-222158
28.640341125,476327101,3.227,-9.098,-1.000,0.002,-0.010,-0.008,-222941
28.64458925,476331321,3.227,-9.098,-1.000,0.002,-0.006,-0.002,-222065
28.6497665,476336542,3.227,-9.098,-1.000,0.008,-0.004,-0.002,-222331
28.652965792,476339763,3.227,-9.098,-1.000,0.008,-0.004,-0.002,-222347
28.6551925,476341984,3.227,-9.098,-1.000,0.004,-0.006,-0.002,-222242
28.660417042,476347205,3.227,-9.098,-1.000,0.000,-0.002,-0.010,-222172
28.664665958,476351426,3.227,-9.098,-1.000,0.002,-0.004,-0.012,-222101
28.668864542,476355647,3.227,-9.098,-1.000,0.010,0.006,0.004,-222040
28.673095333,476359868,3.227,-9.098,-1.000,0.002,-0.008,-0.002,-221222
28.677340458,476364089,3.227,-9.098,-1.000,-0.002,0.006,-0.004,-222830
28.680578375,476367310,3.227,-9.137,-0.961,-0.002,0.006,-0.004,-221698
28.682792458,476369531,3.227,-9.137,-0.961,0.002,0.004,0.000,-221673
28.688006333,476374751,3.227,-9.137,-0.961,-0.004,-0.002,-0.004,-222222
28.6922255,476378972,3.227,-9.137,-0.961,0.002,0.000,-0.006,-222582
28.695452542,476382193,3.227,-9.137,-0.961,0.006,0.000,0.000,-221623
28.69970275,476386414,3.227,-9.137,-0.961,0.004,-0.002,-0.004,-221284
28.702896417,476389635,3.227,-9.098,-0.961,0.004,-0.002,-0.004,-221271
28.7081485,476394856,3.227,-9.098,-0.961,-0.010,0.000,0.004,-223112
28.712359417,476399077,3.227,-9.098,-0.961,0.002,0.000,0.002,-221595
28.716557167,476403297,3.227,-9.098,-0.961,-0.010,0.000,0.000,-221204
28.720808875,476407518,3.227,-9.098,-0.961,-0.002,-0.008,0.006,-222439
28.7250555,476411739,3.227,-9.098,-0.961,-0.002,0.004,0.008,-221969
28.729321375,476415960,3.227,-9.137,-0.961,-0.002,0.004,0.008,-221417
28.731373958,476418181,3.227,-9.137,-0.961,0.002,0.006,0.008,-221920
28.735656542,476422402,3.227,-9.137,-0.961,-0.002,0.002,0.012,-222181
28.739904167,476426623,3.227,-9.137,-0.961,0.010,0.000,0.000,-222872
28.744148417,476430843,3.227,-9.137,-0.961,0.010,0.002,0.008,-222676
28.749454125,476436063,3.227,-9.137,-0.961,-0.002,-0.002,-0.018,-222642
28.753805833,476440284,3.227,-9.098,-1.039,-0.002,-0.002,-0.018,-222186
28.756046292,476442506,3.227,-9.098,-1.039,-0.004,-0.006,0.000,-222520
28.761234042,476447729,3.227,-9.098,-1.039,-0.002,0.002,0.000,-221446
28.76546225,476451950,3.227,-9.098,-1.039,-0.010,-0.010,-0.006,-222773
28.770780167,476456171,3.227,-9.098,-1.039,-0.006,0.006,0.004,-222016
28.774032,476460392,3.227,-9.098,-1.039,0.016,-0.002,0.006,-221998
28.77791,476464613,3.227,-9.098,-1.039,-0.012,-0.002,0.006,-222074
28.782244583,476468834,3.266,-9.133,-1.000,-0.012,-0.002,0.006,-222315
28.784361875,476471055,3.266,-9.133,-1.000,-0.004,0.006,-0.012,-221466
28.789762917,476476276,3.266,-9.133,-1.000,-0.002,0.002,0.000,-221944
28.793826208,476480497,3.266,-9.133,-1.000,-0.010,0.010,0.000,-222275
28.797975458,476484718,3.266,-9.133,-1.000,0.002,-0.002,0.004,-221591
28.80221075,476488940,3.266,-9.133,-1.000,-0.010,0.006,0.006,-221768
28.807476,476494160,3.266,-9.133,-1.000,-0.004,0.000,0.004,-222292
28.810680958,476497381,3.227,-9.137,-0.961,-0.004,0.000,0.004,-222013
28.813961,476500602,3.227,-9.137,-0.961,0.004,0.002,-0.002,-222029
28.820697292,476506823,3.227,-9.137,-0.961,0.014,0.002,-0.014,-222019
28.824597,476511044,3.227,-9.137,-0.961,-0.010,0.002,0.010,-222164
28.828756375,476515265,3.227,-9.137,-0.961,0.002,0.002,-0.008,-221702
28.833028042,476519486,3.227,-9.137,-0.961,-0.006,-0.002,-0.010,-221878
28.838273875,476524707,3.227,-9.137,-0.961,-0.008,-0.004,0.004,-222266
28.842221958,476528930,3.227,-9.137,-1.039,-0.008,-0.004,0.004,-221837
28.845343625,476532150,3.227,-9.137,-1.039,-0.002,0.002,-0.002,-221022
28.850576458,476537371,3.227,-9.137,-1.039,-0.002,0.000,-0.004,-222145
28.85584925,476542592,3.227,-9.137,-1.039,0.012,0.002,0.004,-222224
28.860065792,476546813,3.227,-9.137,-1.039,-0.012,-0.006,-0.008,-222155
28.864493667,476551034,3.227,-9.137,-1.039,0.004,-0.006,0.010,-222493
28.868441917,476555255,3.227,-9.137,-1.039,0.004,0.004,0.006,-222592
28.872732667,476559476,3.227,-9.098,-0.961,0.004,0.004,0.006,-222110
28.874926875,476561696,3.227,-9.098,-0.961,-0.006,-0.006,0.006,-221922
28.879171542,476565917,3.227,-9.098,-0.961,-0.008,-0.006,0.008,-222672
28.883420583,476570138,3.227,-9.098,-0.961,0.000,-0.008,-0.004,-221772
28.88759975,476574359,3.227,-9.098,-0.961,0.004,-0.002,0.002,-222696
28.89287625,476579580,3.227,-9.098,-0.961,0.002,0.000,0.012,-221800
28.897983,476584801,3.227,-9.098,-0.961,0.006,-0.004,0.004,-222206
28.902301958,476589022,3.191,-9.133,-1.000,0.006,-0.004,0.004,-222445
28.905505667,476592243,3.191,-9.133,-1.000,0.006,0.006,-0.010,-222933
28.910719,476597464,3.191,-9.133,-1.000,0.000,-0.006,-0.006,-222971
28.91495275,476601685,3.191,-9.133,-1.000,-0.008,0.006,-0.004,-222359
28.919075708,476605906,3.191,-9.133,-1.000,0.010,-0.006,0.000,-220858
28.923246542,476610127,3.191,-9.133,-1.000,-0.006,0.008,-0.008,-222460
28.928818083,476615348,3.191,-9.133,-1.000,0.004,0.010,-0.006,-222474
28.932731292,476619569,3.227,-9.098,-0.961,0.004,0.010,-0.006,-221336
28.936111625,476622790,3.227,-9.098,-0.961,0.000,-0.008,0.004,-221499
28.9414105,476628011,3.227,-9.098,-0.961,0.006,-0.010,0.000,-221093
28.945615583,476632232,3.227,-9.098,-0.961,0.004,-0.006,-0.006,-221688
28.949697833,476636453,3.227,-9.098,-0.961,-0.006,-0.006,0.000,-221621
28.95399375,476640674,3.227,-9.098,-0.961,0.006,-0.004,-0.002,-221782
28.958387,476644895,3.266,-9.094,-1.000,0.006,-0.004,-0.002,-222307
28.961384458,476648116,3.266,-9.094,-1.000,-0.006,0.000,-0.004,-222388
28.967702,476654337,3.266,-9.094,-1.000,0.004,0.004,-0.002,-221868
28.971874958,476658558,3.266,-9.094,-1.000,0.000,-0.004,-0.008,-221780
28.97622,476662779,3.266,-9.094,-1.000,0.006,0.002,0.012,-221340
28.980293708,476667000,3.266,-9.094,-1.000,0.002,0.002,-0.004,-222635
28.985940417,476672221,3.227,-9.137,-1.000,0.002,0.002,-0.004,-221762
28.987764042,476674442,3.227,-9.137,-1.000,-0.002,0.000,-0.004,-220935
28.992914458,476679663,3.227,-9.137,-1.000,0.002,0.006,0.000,-221404
28.997155708,476683884,3.227,-9.137,-1.000,-0.006,-0.008,0.006,-222095
29.001389333,476688106,3.227,-9.137,-1.000,-0.004,-0.002,-0.004,-220928
29.005649875,476692327,3.227,-9.137,-1.000,-0.014,0.000,-0.004,-222784
29.00992325,476696548,3.227,-9.137,-1.000,-0.002,0.000,0.002,-221762
29.013119458,476699769,3.191,-9.133,-1.000,-0.002,0.000,0.002,-221845
29.0152705,476701990,3.191,-9.133,-1.000,-0.012,0.000,-0.012,-221395
29.020464292,476707211,3.191,-9.133,-1.000,-0.004,0.002,0.004,-222007
29.024759042,476711432,3.191,-9.133,-1.000,0.014,0.006,0.002,-222481
29.030205917,476716653,3.191,-9.133,-1.000,-0.010,-0.006,0.018,-221890
29.034703333,476720874,3.227,-9.098,-1.000,-0.010,-0.006,0.018,-222725
29.038369125,476725095,3.227,-9.098,-1.000,-0.004,-0.008,-0.004,-221922
29.042577417,476729316,3.227,-9.098,-1.000,0.002,0.006,-0.018,-222148
29.046821708,476733537,3.227,-9.098,-1.000,-0.012,-0.014,0.004,-222304
29.051194875,476737758,3.227,-9.098,-1.000,0.002,0.000,-0.006,-222222
29.055407875,476741979,3.227,-9.098,-1.000,-0.008,0.002,0.002,-222162
29.05851525,476745200,3.227,-9.137,-1.000,-0.008,0.002,0.002,-221436
29.060723,476747421,3.227,-9.137,-1.000,0.008,-0.004,-0.002,-221512
29.066014333,476752642,3.227,-9.137,-1.000,-0.004,0.000,0.002,-221930
29.070160625,476756863,3.227,-9.137,-1.000,-0.002,0.002,-0.006,-221930
29.073383667,476760084,3.227,-9.137,-1.000,0.008,0.008,0.006,-221434
29.077621458,476764305,3.227,-9.137,-1.000,0.000,0.006,0.000,-222249
29.080825667,476767526,3.227,-9.137,-1.039,0.000,0.006,0.000,-221952
29.086007958,476772747,3.227,-9.137,-1.039,-0.002,0.006,-0.010,-222230
29.090279333,476776968,3.227,-9.137,-1.039,0.012,-0.002,-0.002,-222443
29.094431417,476781189,3.227,-9.137,-1.039,-0.004,0.002,0.008,-222090
29.098995792,476785410,3.227,-9.137,-1.039,0.002,0.002,-0.004,-222436
29.103139,476789631,3.227,-9.137,-1.039,-0.004,0.008,0.020,-222869
29.108190292,476794852,3.266,-9.094,-0.961,-0.004,0.008,0.020,-221991
29.110377667,476797073,3.266,-9.094,-0.961,-0.004,0.000,0.004,-222127
29.115657542,476802294,3.266,-9.094,-0.961,0.004,-0.002,-0.002,-222167
29.119972792,476806515,3.266,-9.094,-0.961,0.000,-0.012,-0.002,-221472
29.1230905,476809736,3.266,-9.094,-0.961,-0.008,0.006,0.004,-222268
29.128786667,476814957,3.266,-9.094,-0.961,0.010,0.000,-0.014,-222351
29.132506833,476819178,3.227,-9.137,-1.000,0.010,0.000,-0.014,-221650
29.134595667,476821399,3.227,-9.137,-1.000,-0.008,-0.006,-0.010,-222128
29.138916583,476825620,3.227,-9.137,-1.000,-0.006,0.000,-0.010,-221946
29.143031625,476829841,3.227,-9.137,-1.000,0.006,-0.006,0.000,-221737
29.147410583,476834062,3.227,-9.137,-1.000,0.000,-0.002,0.008,-222101
29.151481542,476838283,3.227,-9.137,-1.000,-0.016,0.008,-0.004,-221278
29.155040042,476841504,3.227,-9.137,-1.000,0.008,-0.004,0.000,-222469
29.159325792,476845725,3.266,-9.133,-1.000,0.008,-0.004,0.000,-222645
29.162555417,476848946,3.266,-9.133,-1.000,-0.002,-0.002,0.002,-222001
29.169309792,476855167,3.266,-9.133,-1.000,-0.006,0.002,-0.002,-222425
29.172648792,476859388,3.266,-9.133,-1.000,-0.006,0.004,0.004,-221614
29.176983417,476863609,3.266,-9.133,-1.000,-0.010,-0.004,0.008,-222286
29.181224125,476867830,3.266,-9.133,-1.000,-0.008,0.008,0.002,-222084
29.185430375,476872051,3.266,-9.133,-1.000,-0.008,0.000,0.000,-221724
29.190482875,476877272,3.227,-9.098,-0.961,-0.008,0.000,0.000,-222553
29.194260708,476880493,3.227,-9.098,-0.961,0.002,-0.002,0.000,-221579
29.198951125,476885714,3.227,-9.098,-0.961,-0.010,0.002,0.006,-221679
29.204229542,476890935,3.227,-9.098,-0.961,0.002,-0.002,0.002,-222697
29.208511083,476895156,3.227,-9.098,-0.961,-0.012,0.004,0.002,-221465
29.212717083,476899377,3.227,-9.098,-0.961,0.004,0.002,0.004,-222426
29.215833583,476902598,3.227,-9.098,-0.961,-0.006,-0.002,-0.008,-222172
29.220177542,476906819,3.227,-9.137,-1.000,-0.006,-0.002,-0.008,-223045
29.223231667,476910040,3.227,-9.137,-1.000,-0.002,0.002,-0.004,-222127
29.230062042,476916261,3.227,-9.137,-1.000,-0.008,0.006,0.004,-222265
29.233719542,476920482,3.227,-9.137,-1.000,-0.006,-0.002,-0.002,-222068
29.238506833,476924703,3.227,-9.137,-1.000,0.002,-0.008,-0.014,-222423
29.243218792,476929925,3.227,-9.137,-1.000,0.004,-0.006,-0.004,-221735
29.247453625,476934146,3.227,-9.137,-1.000,-0.002,0.002,-0.006,-221278
29.25056825,476937367,3.305,-9.133,-0.961,-0.002,0.002,-0.006,-221568
29.252948083,476939588,3.305,-9.133,-0.961,0.006,0.012,-0.006,-222065
29.258241417,476944809,3.305,-9.133,-0.961,-0.002,0.000,0.004,-221427
29.263652042,476950030,3.305,-9.133,-0.961,0.002,-0.002,-0.002,-222450
29.26829225,476954251,3.305,-9.133,-0.961,0.008,0.000,0.006,-221925
29.271804667,476958471,3.305,-9.133,-0.961,0.010,0.006,-0.002,-222245
29.2760215,476962692,3.305,-9.133,-0.961,-0.006,0.002,-0.008,-221848
29.280299625,476966913,3.266,-9.133,-1.039,-0.006,0.002,-0.008,-222344
29.282350833,476969136,3.266,-9.133,-1.039,-0.004,0.006,0.000,-222134
29.287591458,476974357,3.266,-9.133,-1.039,0.008,-0.002,0.006,-221624
29.293002375,476979578,3.266,-9.133,-1.039,0.002,0.000,-0.008,-221989
29.297051333,476983799,3.227,-9.137,-0.961,0.002,0.000,-0.008,-221790
29.299377167,476986020,3.227,-9.137,-0.961,-0.006,0.004,0.002,-221914
29.303636875,476990226,3.227,-9.137,-0.961,-0.002,-0.006,-0.002,-221914
29.308711542,476995446,3.227,-9.137,-0.961,-0.004,-0.006,-0.008,-222568
29.312991542,476999667,3.227,-9.137,-0.961,0.008,0.004,-0.016,-222390
29.320315917,477006888,3.227,-9.137,-0.961,0.010,-0.004,-0.012,-221745
29.324335292,477011109,3.227,-9.137,-0.961,-0.004,0.002,-0.004,-221940
29.3288335,477015330,3.227,-9.098,-1.039,-0.004,0.002,-0.004,-221859
29.331742292,477018551,3.227,-9.098,-1.039,0.006,0.006,-0.006,-221956
29.336144708,477022772,3.227,-9.098,-1.039,0.006,0.000,-0.006,-222269
29.340356167,477026993,3.227,-9.098,-1.039,-0.008,0.004,0.008,-221073
29.343472167,477030214,3.227,-9.098,-1.039,0.000,0.000,0.000,-222088
29.347872,477034435,3.227,-9.098,-1.039,0.000,0.000,0.000,-222023
29.351851792,477038656,3.227,-9.098,-1.039,0.000,0.000,0.000,-222098
29.356148875,477042876,3.227,-9.137,-0.961,0.000,0.000,0.000,-221780
29.359306667,477046096,3.227,-9.137,-0.961,0.000,0.000,0.000,-222668
29.363878875,477050316,3.227,-9.137,-0.961,0.000,0.000,0.000,-222574
29.36893425,477055537,3.227,-9.137,-0.961,0.000,0.000,0.000,-222101
29.373076542,477059757,3.227,-9.137,-0.961,0.000,0.000,0.000,-221949
29.377243083,477063978,3.227,-9.137,-0.961,0.000,0.000,0.000,-221882
29.381503958,477068199,3.227,-9.137,-0.961,0.000,0.000,0.000,-221845
29.385858833,477072420,3.191,-9.133,-1.000,0.000,0.000,0.000,-222226
29.388120083,477074641,3.191,-9.133,-1.000,0.000,0.000,0.000,-221753
29.393539,477079862,3.191,-9.133,-1.000,0.000,0.000,0.000,-221494
29.398636542,477084083,3.191,-9.133,-1.000,0.000,0.000,0.000,-222296
29.400558125,477087304,3.191,-9.133,-1.000,0.000,0.000,0.000,-222580
29.404949208,477091525,3.191,-9.133,-1.000,0.000,0.000,0.000,-222028
29.409046583,477095746,3.191,-9.133,-1.000,0.000,0.000,0.000,-221191
29.413260167,477099966,3.227,-9.098,-1.039,0.000,0.000,0.000,-222767
29.415493458,477102187,3.227,-9.098,-1.039,0.000,0.000,0.000,-221960
29.42073075,477107408,3.227,-9.098,-1.039,0.000,0.000,0.000,-222626
29.4248435,477111628,3.227,-9.098,-1.039,0.000,0.000,0.000,-221969
29.429118458,477115849,3.227,-9.098,-1.039,0.000,-0.004,0.000,-222744
29.434325708,477121070,3.227,-9.098,-1.039,-0.016,0.000,-0.002,-222662
29.438693292,477125291,3.227,-9.098,-1.039,0.002,0.000,-0.006,-221828
29.442801542,477129512,3.266,-9.098,-0.922,0.002,0.000,-0.006,-221352
29.445951333,477132733,3.266,-9.098,-0.922,-0.004,0.004,-0.006,-222280
29.451231458,477137954,3.266,-9.098,-0.922,-0.006,0.000,0.000,-222731
29.455400208,477142175,3.266,-9.098,-0.922,0.010,0.008,0.008,-223186
29.459626792,477146396,3.266,-9.098,-0.922,0.004,-0.002,-0.006,-223472
29.464235875,477150617,3.266,-9.098,-0.922,0.008,0.000,0.004,-222808
29.468011583,477154838,3.227,-9.137,-1.000,0.008,0.000,0.004,-222618
29.470250667,477157059,3.227,-9.137,-1.000,-0.002,0.012,0.000,-222671
29.475520958,477162280,3.227,-9.137,-1.000,0.000,0.002,0.000,-222368
29.479834625,477166501,3.227,-9.137,-1.000,-0.004,0.004,-0.008,-222313
29.483973,477170722,3.227,-9.137,-1.000,0.004,0.006,0.004,-221747
29.490194167,477176943,3.227,-9.137,-1.000,0.002,-0.002,-0.002,-222055
29.495405875,477182164,3.227,-9.137,-1.000,-0.002,0.000,-0.004,-221916
29.499632125,477186385,3.227,-9.098,-1.000,-0.002,0.000,-0.004,-222496
29.501893958,477188606,3.227,-9.098,-1.000,-0.004,-0.002,-0.006,-222872
29.506085333,477192827,3.227,-9.098,-1.000,-0.002,0.002,0.012,-222646
29.51132875,477198048,3.227,-9.098,-1.000,0.010,0.002,0.010,-222871
29.515535375,477202269,3.227,-9.098,-1.000,0.008,0.002,-0.014,-222432
29.520757083,477207490,3.227,-9.098,-1.000,-0.002,-0.008,-0.002,-222452
29.525000333,477211711,3.227,-9.098,-1.000,-0.002,-0.010,0.000,-222279
29.52920875,477215932,3.227,-9.055,-0.961,-0.002,-0.010,0.000,-222927
29.531389083,477218153,3.227,-9.055,-0.961,0.004,0.006,0.004,-222061
29.535693667,477222375,3.227,-9.055,-0.961,-0.002,-0.006,-0.004,-222884
29.5410515,477227596,3.227,-9.137,-1.039,-0.002,-0.006,-0.004,-223006
29.544187917,477230817,3.227,-9.137,-1.039,-0.004,0.000,0.004,-222715
29.550378917,477237039,3.227,-9.137,-1.039,0.006,0.010,0.006,-222266
29.554589417,477241259,3.227,-9.137,-1.039,-0.008,0.012,0.012,-221956
29.558783792,477245480,3.227,-9.137,-1.039,-0.002,0.004,-0.008,-222939
29.563429958,477249701,3.227,-9.137,-1.039,0.004,-0.002,0.006,-222156
29.568347875,477254922,3.227,-9.137,-1.039,0.006,0.002,0.010,-223403
29.572446833,477259143,3.227,-9.137,-0.961,0.006,0.002,0.010,-222294
29.575667458,477262364,3.227,-9.137,-0.961,-0.006,0.002,0.006,-222138
29.5818305,477268585,3.227,-9.137,-0.961,-0.002,-0.004,0.010,-221644
29.586044083,477272806,3.227,-9.137,-0.961,0.006,0.008,0.008,-222342
29.590380042,477277027,3.227,-9.137,-0.961,-0.006,-0.004,0.004,-222695
29.595320208,477281248,3.227,-9.137,-0.961,-0.008,-0.004,0.000,-222763
29.598688167,477285469,3.227,-9.137,-0.961,-0.002,0.002,-0.018,-223130
29.602933625,477289690,3.266,-9.137,-0.922,-0.002,0.002,-0.018,-222345
29.606223958,477292911,3.266,-9.137,-0.922,-0.002,0.006,0.006,-222300
29.6114315,477298133,3.266,-9.137,-0.922,-0.008,0.004,-0.004,-222709
29.615813208,477302354,3.266,-9.137,-0.922,0.000,-0.004,-0.002,-222445
29.621116458,477307575,3.266,-9.137,-0.922,-0.002,-0.006,0.010,-222750
29.6253035,477311796,3.266,-9.137,-0.922,0.008,-0.006,0.012,-223322
29.63056025,477317017,3.266,-9.137,-0.922,0.004,0.006,0.004,-222360
29.634740625,477321238,3.227,-9.098,-1.000,0.004,0.006,0.004,-222530
29.637840542,477324459,3.227,-9.098,-1.000,0.006,-0.004,-0.004,-222244
29.642975083,477329680,3.227,-9.098,-1.000,0.006,-0.004,-0.012,-222992
29.648193625,477334901,3.227,-9.098,-1.000,-0.004,-0.002,-0.004,-222863
29.653383833,477340122,3.227,-9.098,-1.000,-0.006,0.006,-0.006,-222279
29.658619917,477345343,3.227,-9.094,-0.922,-0.006,0.006,-0.006,-222544
29.661864708,477348564,3.227,-9.094,-0.922,0.000,0.008,-0.004,-222846
29.668337208,477354785,3.227,-9.094,-0.922,0.004,0.002,-0.008,-222091
29.672327583,477359006,3.227,-9.094,-0.922,-0.008,-0.002,0.010,-222906
29.676542208,477363227,3.227,-9.094,-0.922,0.002,-0.008,-0.002,-222454
29.680699875,477367448,3.227,-9.094,-0.922,0.002,-0.006,-0.008,-221596
29.685957625,477372669,3.227,-9.094,-0.922,-0.002,0.002,0.006,-222534
29.690166,477376890,3.227,-9.137,-0.961,-0.002,0.002,0.006,-221898
29.693406708,477380111,3.227,-9.137,-0.961,0.008,-0.016,-0.006,-221449
29.698718125,477385332,3.227,-9.137,-0.961,-0.004,0.002,-0.006,-221986
29.7039465,477390553,3.227,-9.137,-0.961,-0.004,0.002,0.002,-222773
29.708070333,477394774,3.227,-9.137,-0.961,0.004,0.000,-0.004,-222337
29.712276417,477398995,3.227,-9.137,-0.961,0.006,0.008,0.012,-221035
29.71657125,477403216,3.227,-9.137,-0.961,-0.004,-0.004,-0.008,-222375
29.720858917,477407437,3.266,-9.133,-1.000,-0.004,-0.004,-0.008,-222619
29.723083375,477409658,3.266,-9.133,-1.000,-0.010,-0.010,-0.006,-222943
29.7285785,477414879,3.266,-9.133,-1.000,0.004,-0.006,-0.004,-222694
29.733374125,477420100,3.227,-9.137,-0.961,0.004,-0.006,-0.004,-222409
29.736611125,477423321,3.227,-9.137,-0.961,-0.010,-0.004,-0.008,-221831
29.741884167,477428542,3.227,-9.137,-0.961,-0.002,-0.012,-0.006,-222780
29.746154583,477432763,3.227,-9.137,-0.961,-0.004,-0.004,0.010,-222759
29.751488542,477437984,3.227,-9.137,-0.961,0.002,0.000,0.002,-222966
29.755718833,477442205,3.227,-9.137,-0.961,0.002,-0.004,-0.006,-222774
29.759958208,477446426,3.227,-9.137,-0.961,-0.002,-0.006,0.000,-222237
29.763177292,477449647,3.227,-9.137,-1.000,-0.002,-0.006,0.000,-222574
29.766417958,477452868,3.227,-9.137,-1.000,0.002,0.002,-0.008,-222280
29.772763042,477459089,3.227,-9.137,-1.000,0.000,0.002,-0.006,-222511
29.776603375,477463310,3.227,-9.137,-1.000,0.014,0.006,-0.004,-222844
29.780826333,477467531,3.227,-9.137,-1.000,-0.004,-0.002,0.006,-221958
29.786153875,477472752,3.227,-9.137,-1.000,0.006,-0.004,-0.004,-221904
29.791508667,477477973,3.227,-9.137,-1.000,-0.012,-0.006,0.008,-222354
29.79639775,477482194,3.227,-9.098,-0.961,-0.012,-0.006,0.008,-222141
29.798704625,477485415,3.227,-9.098,-0.961,-0.008,-0.006,0.008,-223282
29.80394125,477490636,3.227,-9.098,-0.961,0.004,0.000,-0.012,-221899
29.808185167,477494857,3.227,-9.098,-0.961,0.008,-0.002,0.006,-222446
29.812494708,477499078,3.227,-9.098,-0.961,-0.014,-0.002,0.012,-222652
29.817847083,477504299,3.227,-9.098,-0.961,-0.004,0.010,-0.004,-222815
29.822080292,477508520,3.227,-9.098,-0.961,0.004,-0.012,0.000,-222419
29.826275792,477512741,3.227,-9.098,-1.000,0.004,-0.012,0.000,-222757
29.82848,477514962,3.227,-9.098,-1.000,-0.002,-0.004,-0.008,-221943
29.833766292,477520183,3.227,-9.098,-1.000,-0.008,-0.010,0.002,-222310
29.837718667,477524404,3.227,-9.098,-1.000,0.000,-0.004,0.006,-222723
29.840839083,477527625,3.227,-9.098,-1.000,0.006,0.012,-0.006,-222735
29.845160542,477531846,3.227,-9.098,-1.000,0.006,-0.002,-0.008,-222154
29.849337083,477536067,3.227,-9.055,-0.961,0.006,-0.002,-0.008,-222005
29.851584583,477538288,3.227,-9.055,-0.961,-0.004,0.006,0.006,-222682
29.856797417,477543509,3.227,-9.055,-0.961,-0.006,-0.004,0.002,-222522
29.861010292,477547730,3.227,-9.055,-0.961,-0.006,0.002,-0.002,-222505
29.865698542,477551951,3.227,-9.055,-0.961,0.002,-0.002,-0.002,-221136
29.870473958,477557172,3.227,-9.055,-0.961,0.004,0.002,0.004,-221967
29.875694875,477562393,3.227,-9.055,-0.961,0.006,0.004,0.000,-221928
29.87986475,477566614,3.227,-9.098,-1.000,0.006,0.004,0.000,-222378
29.8821175,477568835,3.227,-9.098,-1.000,0.004,0.010,-0.006,-221818
29.888537375,477575056,3.227,-9.098,-1.000,-0.002,0.000,-0.002,-222244
29.892623333,477579277,3.227,-9.098,-1.000,-0.004,-0.004,0.000,-222154
29.896899583,477583498,3.227,-9.098,-1.000,-0.006,0.000,0.002,-221954
29.901244,477587719,3.227,-9.098,-1.000,0.004,-0.014,-0.002,-221994
29.906192583,477592940,3.266,-9.133,-1.000,0.004,-0.014,-0.002,-222684
29.908534,477595161,3.266,-9.133,-1.000,-0.004,-0.002,-0.002,-221871
29.913660792,477600382,3.266,-9.133,-1.000,-0.006,0.006,0.010,-222752
29.91788525,477604603,3.266,-9.133,-1.000,0.006,-0.002,0.006,-221919
29.922132875,477608824,3.266,-9.133,-1.000,-0.006,-0.002,0.008,-222417
29.928109167,477614045,3.266,-9.133,-1.000,-0.004,0.000,0.010,-221973
29.931534042,477618266,3.266,-9.133,-1.000,0.004,0.000,-0.002,-221465
29.935748292,477622487,3.266,-9.133,-0.961,0.004,0.000,-0.002,-221973
29.939093792,477625708,3.266,-9.133,-0.961,-0.008,-0.002,-0.016,-222100
29.944302292,477630931,3.266,-9.133,-0.961,0.004,0.002,-0.004,-222966
29.949453167,477636151,3.266,-9.133,-0.961,-0.002,-0.008,0.000,-222524
29.953647167,477640372,3.266,-9.133,-0.961,0.002,-0.004,-0.008,-222169
29.958564333,477644593,3.266,-9.133,-0.961,0.004,0.002,0.012,-222037
29.96221375,477648814,3.266,-9.133,-0.961,-0.004,0.004,0.012,-222288
29.966419,477653035,3.227,-9.137,-1.000,-0.004,0.004,0.012,-222480
29.968798083,477655256,3.227,-9.137,-1.000,-0.002,0.008,0.012,-221939
29.973935292,477660477,3.227,-9.137,-1.000,0.008,0.002,-0.008,-221844
29.97815325,477664698,3.227,-9.137,-1.000,-0.010,-0.006,0.000,-222387
29.981542792,477667919,3.227,-9.137,-1.000,-0.006,0.010,0.010,-222450
29.98661225,477673140,3.227,-9.137,-1.000,-0.008,0.004,-0.002,-221757
29.991671833,477678361,3.227,-9.137,-1.000,0.012,-0.002,0.000,-222028
29.996000083,477682582,3.266,-9.094,-0.961,0.012,-0.002,0.000,-222144
29.999023625,477685803,3.266,-9.094,-0.961,0.008,0.006,0.002,-221888
30.005415083,477692024,3.266,-9.094,-0.961,-0.002,-0.004,0.000,-222842
30.009544542,477696245,3.266,-9.094,-0.961,0.006,-0.006,0.010,-222012
30.012817,477699451,3.266,-9.094,-0.961,0.006,-0.008,0.000,-222012
30.016978167,477703671,3.266,-9.094,-0.961,-0.006,0.004,-0.002,-222103
30.021170292,477707892,3.266,-9.094,-0.961,0.006,-0.002,0.000,-222741
30.026481833,477713113,3.227,-9.172,-0.961,0.006,-0.002,0.000,-221689
30.029636333,477716334,3.227,-9.172,-0.961,0.004,0.002,0.008,-223159
30.036101083,477722555,3.227,-9.172,-0.961,0.002,0.000,-0.006,-222276
30.041936667,477726776,3.227,-9.172,-0.961,0.006,0.000,-0.016,-222706
30.04428875,477730997,3.227,-9.172,-0.961,0.008,-0.002,-0.008,-222023
