sample_start,frames,pc_time_s_callback,input_buffer_adc_time,current_time
0,512,0.011092875,100062.23190950789,100062.2467745
512,512,0.022534125,100062.24351950789,100062.258310916
1024,512,0.03416275,100062.25512946589,100062.269932958
1536,512,0.045777792,100062.2667394659,100062.281547583
2048,512,0.062336042,100062.27834942489,100062.293122083
2560,512,0.068908208,100062.28995942489,100062.304718041
3072,512,0.080538,100062.3015693829,100062.3163305
3584,512,0.097221083,100062.3131793829,100062.32799995801
4096,512,0.103755167,100062.3247893409,100062.339558416
4608,512,0.115442875,100062.3363992999,100062.351210583
5120,512,0.132027792,100062.3480092999,100062.36281408301
5632,512,0.138560458,100062.3596192579,100062.37435791601
6144,512,0.150216708,100062.37122925789,100062.38600254101
6656,512,0.166866042,100062.38283921589,100062.39765175001
7168,512,0.173447042,100062.39444921589,100062.40923916601
7680,512,0.185057333,100062.40605917489,100062.42084116601
8192,512,0.200407708,100062.41766917489,100062.432477583
8704,512,0.208269,100062.42927913289,100062.44405958301
9216,512,0.219865792,100062.4408891329,100062.455654791
9728,512,0.233736375,100062.4524990909,100062.46730925
10240,512,0.243069333,100062.46410904989,100062.47887158301
10752,512,0.259709417,100062.4757190499,100062.49049629101
11264,512,0.267066167,100062.4873290079,100062.502129875
11776,512,0.27791775,100062.4989390079,100062.513709833
12288,512,0.294563833,100062.51054896589,100062.52535308301
12800,512,0.301031833,100062.52215896589,100062.536876583
13312,512,0.31276875,100062.5337689249,100062.548549
13824,512,0.329405125,100062.54537892489,100062.560193083
14336,512,0.33596,100062.55698888289,100062.57175420801
14848,512,0.347608417,100062.56859888289,100062.5833865
15360,512,0.364199333,100062.5802088409,100062.594994583
15872,512,0.370805625,100062.59181879989,100062.606599708
16384,512,0.382423208,100062.60342879989,100062.618211541
16896,512,0.399049333,100062.6150387579,100062.629844083
17408,512,0.405610125,100062.6266487579,100062.64141120801
17920,512,0.417289333,100062.63825871589,100062.65306095801
18432,512,0.433704958,100062.64986871589,100062.66464512501
18944,512,0.440428333,100062.6614786749,100062.676232458
19456,512,0.452040625,100062.6730886749,100062.687843458
19968,512,0.467077292,100062.68469863289,100062.6994845
20480,512,0.475307542,100062.69630863289,100062.71109212501
20992,512,0.48693975,100062.7079185909,100062.72271604101
21504,512,0.500409333,100062.7195232159,100062.734321625
22016,512,0.510173583,100062.73113309089,100062.74594262501
22528,512,0.526759833,100062.74274296589,100062.75753512501
23040,512,0.533726625,100062.75435284089,100062.769129916
23552,512,0.544939083,100062.76596271589,100062.78072895801
24064,512,0.561857,100062.77757259089,100062.79240020801
24576,512,0.568144042,100062.78918246589,100062.80394816601
25088,512,0.579842792,100062.80079234089,100062.815607333
25600,512,0.596445625,100062.8124021749,100062.82722275001
26112,512,0.603004708,100062.8240120499,100062.83878525
26624,512,0.614640583,100062.8356219249,100062.85041229101
27136,512,0.631234292,100062.8472317999,100062.86202
27648,512,0.637858,100062.8588416749,100062.873636958
28160,512,0.649476542,100062.8704515499,100062.88525208301
28672,512,0.666035208,100062.8820614249,100062.896828833
29184,512,0.672709875,100062.8936712999,100062.908471375
29696,512,0.684303875,100062.90528113289,100062.92008145801
30208,512,0.700352125,100062.91689100789,100062.931698
30720,512,0.707517167,100062.92850088289,100062.943281333
31232,512,0.719114708,100062.94011075789,100062.95488554101
31744,512,0.733731333,100062.95172063289,100062.966506458
32256,512,0.742311542,100062.96333050789,100062.978106291
32768,512,0.753927208,100062.9749414249,100062.989714166
33280,512,0.767066208,100062.9865512999,100063.001326583
33792,512,0.777166208,100062.99816121589,100063.012950125
34304,512,0.78875425,100063.00977109089,100063.02455579101
34816,512,0.800392458,100063.02138100789,100063.036150916
35328,512,0.812016708,100063.03299088289,100063.04778875
35840,512,0.823567917,100063.04460075789,100063.05935516601
36352,512,0.8352055,100063.0562106749,100063.07098875001
36864,512,0.846857792,100063.0678205499,100063.08262850001
37376,512,0.863434833,100063.07943042488,100063.094217791
37888,512,0.870043417,100063.09104034089,100063.105818416
38400,512,0.8816845,100063.1026502159,100063.11744775
38912,512,0.898238958,100063.11426013289,100063.129035791
39424,512,0.904853583,100063.12587000789,100063.140633791
39936,512,0.916467083,100063.13747988289,100063.152255458
40448,512,0.933067667,100063.14908979989,100063.163861666
40960,512,0.939738792,100063.16069967489,100063.17549866601
41472,512,0.95127375,100063.1723095909,100063.187064208
41984,512,0.967039458,100063.1839194659,100063.19871975001
42496,512,0.974568042,100063.1955293409,100063.21033075001
43008,512,0.986126625,100063.2071392579,100063.22190929101
43520,512,1.000420542,100063.21874946589,100063.23353425
44032,512,1.009375125,100063.2303593829,100063.245149666
44544,512,1.020963667,100063.2419692579,100063.25675287501
45056,512,1.033722458,100063.2535791749,100063.26839695801
45568,512,1.044151875,100063.26518909089,100063.279947958
46080,512,1.055742667,100063.27679896589,100063.29154391601
46592,512,1.067414125,100063.28840888289,100063.303197375
47104,512,1.07896375,100063.30001875789,100063.31476895801
47616,512,1.09561375,100063.3116286749,100063.326387583
48128,512,1.102155375,100063.32323854988,100063.33798733301
48640,512,1.113872167,100063.33484846589,100063.34964470801
49152,512,1.130460417,100063.3464583409,100063.361248375
49664,512,1.13710975,100063.35806825789,100063.372876333
50176,512,1.148708125,100063.36967813289,100063.384476
50688,512,1.165321917,100063.38128804989,100063.396099666
51200,512,1.171961708,100063.39289792489,100063.40772925
51712,512,1.183541917,100063.4045078409,100063.41930875
52224,512,1.200147583,100063.4161177159,100063.43093445801
52736,512,1.206748958,100063.4277276329,100063.44251125
53248,512,1.218417,100063.4393375079,100063.45416987501
53760,512,1.233744625,100063.45094742489,100063.46576
54272,512,1.241614375,100063.46255729989,100063.477392791
54784,512,1.2532325,100063.47416829989,100063.488993833
55296,512,1.267069667,100063.4857782159,100063.50056137501
55808,512,1.276347792,100063.49738813289,100063.51215275
56320,512,1.287978792,100063.50899804989,100063.523773666
56832,512,1.300400667,100063.5206079659,100063.53538433301
57344,512,1.311203667,100063.5322178829,100063.54699887501
57856,512,1.322816125,100063.54382779989,100063.558604791
58368,512,1.334411417,100063.5554377159,100063.570199416
58880,512,1.346019,100063.5670476329,100063.581816416
59392,512,1.357590583,100063.5786575499,100063.59340175001
59904,512,1.369299125,100063.59026746589,100063.60506816601
60416,512,1.380885042,100063.6018773829,100063.616668083
60928,512,1.397521667,100063.6134872999,100063.62830525001
61440,512,1.4041805,100063.6250971749,100063.63991320801
61952,512,1.415730583,100063.63670709089,100063.651500583
62464,512,1.4273705,100063.64831700789,100063.66311200001
62976,512,1.439010167,100063.6599269249,100063.67475275001
63488,512,1.450507167,100063.67153684089,100063.68630475001
64000,512,1.4621965,100063.68314675789,100063.69795887501
64512,512,1.473831292,100063.69475667489,100063.70958012501
65024,512,1.485335667,100063.7063665909,100063.721134791
65536,512,1.497021375,100063.71797667489,100063.732789083
66048,512,1.508748417,100063.7295865909,100063.74448750001
66560,512,1.520289167,100063.7411965079,100063.7560265
67072,512,1.5319705,100063.75280642489,100063.767688583
67584,512,1.543565333,100063.7644163409,100063.779293375
68096,512,1.555145958,100063.7760262579,100063.790868875
68608,512,1.566790167,100063.7876361749,100063.802512333
69120,512,1.578443583,100063.79924609089,100063.814076708
69632,512,1.590020583,100063.8108560079,100063.825733791
70144,512,1.601658458,100063.8224659249,100063.837359708
70656,512,1.613208667,100063.83407584089,100063.84898866601
71168,512,1.624835167,100063.84568575789,100063.860570833
71680,512,1.636468208,100063.8572956749,100063.87218620801
72192,512,1.647960333,100063.86890559089,100063.883723791
72704,512,1.659579583,100063.88051550789,100063.895334916
73216,512,1.671210958,100063.89212542489,100063.906987625
73728,512,1.682846083,100063.9037353409,100063.91859270801
74240,512,1.694477708,100063.91534525789,100063.930208791
74752,512,1.706017375,100063.92695517489,100063.941801708
75264,512,1.717664583,100063.9385650909,100063.953416916
75776,512,1.729243167,100063.95017500789,100063.964995083
76288,512,1.740950667,100063.96178492489,100063.97666825
76800,512,1.752439333,100063.97339492489,100063.988202333
77312,512,1.764192292,100063.9850048409,100063.99990387501
77824,512,1.775700917,100063.9966147579,100064.011448
78336,512,1.7873465,100064.0082246749,100064.02308254101
78848,512,1.799008417,100064.01983459089,100064.034717
79360,512,1.8105755,100064.0314445079,100064.046317875
79872,512,1.82215225,100064.0430544249,100064.05789333301
80384,512,1.833761417,100064.05466434089,100064.06950875
80896,512,1.845407375,100064.0662742999,100064.081143791
81408,512,1.856939667,100064.07788421589,100064.09269637501
81920,512,1.868538417,100064.08949413289,100064.10430191601
82432,512,1.880176958,100064.10110404989,100064.11593508301
82944,512,1.891831083,100064.1127139659,100064.12756741601
83456,512,1.903359542,100064.12432388289,100064.139122958
83968,512,1.914978667,100064.13593379989,100064.150750625
84480,512,1.92667325,100064.1475437159,100064.16239229101
84992,512,1.938229667,100064.15915363289,100064.17397645801
85504,512,1.949829042,100064.17076354989,100064.185592833
86016,512,1.961523875,100064.1823734659,100064.197244583
86528,512,1.973086125,100064.1939833829,100064.208822083
87040,512,1.984605375,100064.20559329989,100064.220387666
87552,512,1.99636375,100064.2172032999,100064.232085041
88064,512,2.007958417,100064.22881321589,100064.24369137501
88576,512,2.0194455,100064.2404231329,100064.255230875
89088,512,2.031075417,100064.2520330499,100064.26685058301
89600,512,2.042733083,100064.26364296589,100064.27849525001
90112,512,2.054300292,100064.27525288289,100064.290071708
90624,512,2.065916792,100064.2868627999,100064.301673458
91136,512,2.077611458,100064.29847271589,100064.31335291601
91648,512,2.089246208,100064.31008263289,100064.324961791
92160,512,2.100667125,100064.32169254989,100064.336460291
92672,512,2.112324542,100064.33330250789,100064.34810250001
93184,512,2.128997958,100064.34491242489,100064.35976325
93696,512,2.135529542,100064.3565223409,100064.371317708
94208,512,2.147137208,100064.36813225789,100064.382923375
94720,512,2.158831375,100064.37974217489,100064.39459412501
95232,512,2.170350583,100064.3913520909,100064.40613804101
95744,512,2.182021333,100064.4029620079,100064.417778
96256,512,2.193534958,100064.41457192489,100064.42932962501
96768,512,2.20520025,100064.42618184088,100064.4409825
97280,512,2.216836458,100064.4377917579,100064.45260404101
97792,512,2.228430708,100064.4494016749,100064.464207208
98304,512,2.24013175,100064.46101159089,100064.475864875
98816,512,2.251604083,100064.4726215079,100064.487400041
99328,512,2.267087375,100064.48423146589,100064.4990565
99840,512,2.274836917,100064.49584138289,100064.51062670801
100352,512,2.286483875,100064.5074512999,100064.52226066601
100864,512,2.298091292,100064.51906121589,100064.53385916601
101376,512,2.309777333,100064.53067113289,100064.545540666
101888,512,2.321350875,100064.54228104989,100064.557110583
102400,512,2.332927542,100064.5538909659,100064.5687015
102912,512,2.344549167,100064.56550088289,100064.58031020801
103424,512,2.356147417,100064.57711079989,100064.59191083301
103936,512,2.367818333,100064.5887207159,100064.603558083
104448,512,2.379428333,100064.6003306329,100064.61517366601
104960,512,2.3909735,100064.61194054989,100064.62674212501
105472,512,2.402606292,100064.6235504659,100064.6383515
105984,512,2.414293167,100064.6351603829,100064.650017166
106496,512,2.425833667,100064.64677029989,100064.66158775
107008,512,2.437523792,100064.65838021589,100064.673248166
107520,512,2.449040583,100064.6699901329,100064.68480429101
108032,512,2.460974958,100064.6816000499,100064.696584125
108544,512,2.472407333,100064.69320996589,100064.708122416
109056,512,2.483825125,100064.7048199249,100064.719619625
109568,512,2.495529042,100064.71642984089,100064.731289791
110080,512,2.507065042,100064.72803975789,100064.7428435
110592,512,2.518784833,100064.7396496749,100064.75445412501
111104,512,2.530381917,100064.75125959089,100064.766121583
111616,512,2.541973833,100064.76286950789,100064.77772925001
112128,512,2.553527375,100064.77447942489,100064.78930420801
112640,512,2.565316583,100064.7860893409,100064.80101454101
113152,512,2.5768035,100064.79769925789,100064.812547208
113664,512,2.588352917,100064.80930917489,100064.82411204101
114176,512,2.600076375,100064.8209190909,100064.83581637501
114688,512,2.611649875,100064.8325290079,100064.847395375
115200,512,2.623322625,100064.84413892489,100064.85902179101
115712,512,2.634835708,100064.8557488829,100064.870578791
116224,512,2.646609958,100064.8673587999,100064.882297
116736,512,2.658125625,100064.87896871589,100064.893850791
117248,512,2.669676083,100064.8905786329,100064.90542329101
117760,512,2.681267333,100064.9021885499,100064.917018791
118272,512,2.693172417,100064.91379846589,100064.928783708
118784,512,2.704547417,100064.92540838289,100064.94028533301
119296,512,2.716199,100064.9370182999,100064.95190937501
119808,512,2.727821708,100064.94862821589,100064.963499791
120320,512,2.73940525,100064.96023813289,100064.975138666
120832,512,2.750849208,100064.97184804989,100064.98664250001
121344,512,2.762689208,100064.9834579659,100064.998398041
121856,512,2.774198208,100064.99506788289,100065.009939166
122368,512,2.785754625,100065.00667779989,100065.02152412501
122880,512,2.797518875,100065.0182877159,100065.03321958301
123392,512,2.809023292,100065.02989767489,100065.044761708
123904,512,2.820533583,100065.0415075909,100065.056299916
124416,512,2.832316875,100065.0531175079,100065.06801595801
124928,512,2.843813042,100065.06472742489,100065.07957875001
125440,512,2.855360583,100065.0763373409,100065.091143208
125952,512,2.867151042,100065.0879472579,100065.102767125
126464,512,2.878766792,100065.0995571749,100065.114481458
126976,512,2.890413125,100065.11116709089,100065.126087291
127488,512,2.901831333,100065.1227770079,100065.137601416
128000,512,2.913575417,100065.1343869249,100065.149299416
128512,512,2.925053625,100065.14599684089,100065.16082033301
129024,512,2.936659583,100065.15760675789,100065.172427458
129536,512,2.948186625,100065.1692166749,100065.183993583
130048,512,2.959901667,100065.18082659089,100065.19565091601
130560,512,2.971477125,100065.19243650789,100065.207251125
131072,512,2.983136958,100065.20404642489,100065.218901125
131584,512,2.994804,100065.21565642489,100065.2305305
132096,512,3.00637325,100065.2272663409,100065.242122833
132608,512,3.017970375,100065.23887625789,100065.253724416
133120,512,3.029532958,100065.25048617489,100065.26530508301
133632,512,3.041111208,100065.2620960909,100065.276901125
134144,512,3.052655042,100065.2737060079,100065.28846316601
134656,512,3.064383167,100065.28531592489,100065.300150875
135168,512,3.075936625,100065.29692584088,100065.31172991601
135680,512,3.087518958,100065.3085357579,100065.32332116601
136192,512,3.099198167,100065.3201456749,100065.334970958
136704,512,3.110840667,100065.3317556329,100065.346598416
137216,512,3.122485208,100065.3433655499,100065.358211041
137728,512,3.134075542,100065.35497546589,100065.369816666
138240,512,3.145705167,100065.36658538289,100065.38143962501
138752,512,3.157244625,100065.3781952999,100065.393006875
139264,512,3.168873875,100065.38980521589,100065.404642833
139776,512,3.180480583,100065.40141513289,100065.41624325
140288,512,3.192109917,100065.41302504989,100065.42786291601
140800,512,3.203703333,100065.4246349659,100065.43945412501
141312,512,3.215424833,100065.43624488289,100065.4511365
141824,512,3.227000958,100065.44785479989,100065.4627245
142336,512,3.238438125,100065.4594647159,100065.47423945801
142848,512,3.250065708,100065.4710746329,100065.485867291
143360,512,3.261719042,100065.48268454989,100065.497498458
143872,512,3.273296292,100065.4942944659,100065.50909
144384,512,3.2849985,100065.5059043829,100065.520763708
144896,512,3.296601375,100065.51751429989,100065.532369041
145408,512,3.308191333,100065.5291242579,100065.54395945801
145920,512,3.319782708,100065.5407341749,100065.555558041
146432,512,3.331354542,100065.55234409089,100065.56714562501
146944,512,3.343167917,100065.5639540079,100065.57874137501
147456,512,3.354573833,100065.5755639249,100065.590364125
147968,512,3.366197833,100065.58717384089,100065.601979208
148480,512,3.377803792,100065.59878375789,100065.61359250001
148992,512,3.389455083,100065.6103936749,100065.62521841601
149504,512,3.400998167,100065.62200359089,100065.636788541
150016,512,3.412595708,100065.63361350789,100065.648387333
150528,512,3.424211917,100065.64522342489,100065.660008416
151040,512,3.435820417,100065.6568333409,100065.67161579101
151552,512,3.447438208,100065.66844325789,100065.683233791
152064,512,3.459045125,100065.68005317489,100065.694836666
152576,512,3.470681583,100065.6916630909,100065.706462208
153088,512,3.482252833,100065.70327304989,100065.71805291601
153600,512,3.493909583,100065.7148829659,100065.72969237501
154112,512,3.505552667,100065.72649725789,100065.741319958
154624,512,3.517106542,100065.73810721589,100065.752898291
155136,512,3.5287495,100065.7497171749,100065.764528083
155648,512,3.540359792,100065.76132713289,100065.776138916
156160,512,3.551936208,100065.7729370909,100065.78772262501
156672,512,3.563591542,100065.78454704989,100065.799367333
157184,512,3.575142167,100065.79615700789,100065.810941541
157696,512,3.586785708,100065.8077669659,100065.82256512501
158208,512,3.598464875,100065.81937692489,100065.834217708
158720,512,3.610178417,100065.8309868829,100065.845928541
159232,512,3.621689958,100065.8425968409,100065.857435708
159744,512,3.633882458,100065.8542067999,100065.869013375
160256,512,3.644943667,100065.8658167579,100065.88066562501
160768,512,3.656519375,100065.87742671589,100065.892278
161280,512,3.668039,100065.8890366749,100065.903830166
161792,512,3.679730667,100065.90064663289,100065.915492083
162304,512,3.691369125,100065.91225659089,100065.927116708
162816,512,3.70296975,100065.92386654989,100065.93871458301
163328,512,3.714525333,100065.93547650789,100065.95029970801
163840,512,3.726085667,100065.9470864659,100065.96187845801
164352,512,3.737939833,100065.95869642489,100065.973508625
164864,512,3.749337917,100065.9703054249,100065.98512725001
165376,512,3.760984542,100065.98191538289,100065.99675262501
165888,512,3.7725135,100065.9935252999,100066.00831541601
166400,512,3.784113708,100066.00513525789,100066.019915833
166912,512,3.79576825,100066.0167452159,100066.031551416
167424,512,3.807663542,100066.02835517489,100066.043329666
167936,512,3.819086667,100066.03996513289,100066.05483116601
168448,512,3.830559125,100066.05157504989,100066.066358208
168960,512,3.842203458,100066.0631850079,100066.077983166
169472,512,3.853845917,100066.0747949659,100066.08962270801
169984,512,3.865389875,100066.08640492489,100066.101182458
170496,512,3.876996417,100066.0980148829,100066.11279737501
171008,512,3.88862875,100066.10962484089,100066.12441045801
171520,512,3.90025475,100066.1212347579,100066.136037
172032,512,3.91192875,100066.13284471589,100066.14768266601
172544,512,3.923533667,100066.1444546749,100066.159292875
173056,512,3.9350585,100066.15606463289,100066.170850291
173568,512,3.946726208,100066.16767459089,100066.18249262501
174080,512,3.958374833,100066.17928450789,100066.194143625
174592,512,3.969902167,100066.1908944659,100066.20569083301
175104,512,3.981548875,100066.20250442489,100066.217310958
175616,512,3.993385833,100066.21411371589,100066.229006458
176128,512,4.004791375,100066.2257236749,100066.240546916
176640,512,4.016517875,100066.23733363289,100066.252232625
177152,512,4.028011875,100066.2489435909,100066.26377637501
177664,512,4.039594417,100066.26055350789,100066.27537175
178176,512,4.051181542,100066.2721634659,100066.286966
178688,512,4.062803167,100066.28377342489,100066.29858137501
179200,512,4.074429917,100066.2953833829,100066.31020716601
179712,512,4.086035792,100066.30699329989,100066.32181158301
180224,512,4.097624708,100066.3186032579,100066.33340566601
180736,512,4.10932875,100066.33021321589,100066.345077
181248,512,4.120907292,100066.3418231749,100066.35664962501
181760,512,4.132676375,100066.35343309089,100066.368366875
182272,512,4.144182542,100066.3650430499,100066.379924583
182784,512,4.155756833,100066.37665300789,100066.391498375
183296,512,4.167293667,100066.38826296589,100066.40306675
183808,512,4.178905208,100066.39987288289,100066.41467925001
184320,512,4.190638333,100066.4114828409,100066.426367416
184832,512,4.202195333,100066.42309279989,100066.43793912501
185344,512,4.213759583,100066.43470275789,100066.449519375
185856,512,4.225385583,100066.44631267489,100066.461137666
186368,512,4.236915042,100066.4579226329,100066.47270804101
186880,512,4.248473792,100066.4695319659,100066.48428820801
187392,512,4.260164875,100066.48114188289,100066.49594962501
187904,512,4.271826333,100066.4927518409,100066.507598291
188416,512,4.283351792,100066.50436179989,100066.519148833
188928,512,4.295064708,100066.5159717159,100066.53082591601
189440,512,4.306666875,100066.52758167489,100066.54243275001
189952,512,4.318197208,100066.5391916329,100066.553986875
190464,512,4.329820792,100066.55080154989,100066.565605958
190976,512,4.341392917,100066.5624115079,100066.577200041
191488,512,4.353010583,100066.57402146589,100066.58880320801
192000,512,4.364608292,100066.5856314249,100066.60040870801
192512,512,4.376277625,100066.59724134089,100066.61206083301
193024,512,4.387882583,100066.6088512999,100066.623661666
193536,512,4.399492083,100066.62046125789,100066.635273916
194048,512,4.411157083,100066.63207117488,100066.646912208
194560,512,4.422751625,100066.64368113289,100066.658519
195072,512,4.434302458,100066.6552910909,100066.67008962501
195584,512,4.445914042,100066.66690100789,100066.681700375
196096,512,4.457548167,100066.6785109659,100066.69332566601
196608,512,4.469114917,100066.69012092489,100066.70491083301
197120,512,4.480747083,100066.7017308409,100066.71653675001
197632,512,4.492350625,100066.71334079989,100066.728138166
198144,512,4.503979,100066.7249502159,100066.739757541
198656,512,4.51554,100066.73656017489,100066.75134166601
199168,512,4.527213,100066.7481700909,100066.762986791
199680,512,4.5388425,100066.75978004989,100066.77461741601
200192,512,4.550335625,100066.7713900079,100066.78614725001
200704,512,4.562048708,100066.7829999249,100066.797822458
201216,512,4.573630375,100066.7946098829,100066.809407541
201728,512,4.585244917,100066.80621984089,100066.82102450001
202240,512,4.596947875,100066.81782975789,100066.83268516601
202752,512,4.608503875,100066.82943971589,100066.84426816601
203264,512,4.620146667,100066.84104963289,100066.855890583
203776,512,4.63189625,100066.85265959089,100066.867581041
204288,512,4.643359167,100066.86426954989,100066.879128875
204800,512,4.654895625,100066.8758794659,100066.89067129101
205312,512,4.666536292,100066.88748942489,100066.902300375
205824,512,4.678099625,100066.89909938289,100066.913891375
206336,512,4.689765375,100066.91070929989,100066.925530166
206848,512,4.70136225,100066.9223192579,100066.93713595801
207360,512,4.712995125,100066.9339292159,100066.94876337501
207872,512,4.7246115,100066.9455391329,100066.9603765
208384,512,4.736201458,100066.95714909089,100066.971969416
208896,512,4.747750875,100066.96875854989,100066.98355016601
209408,512,4.759430292,100066.9803685079,100066.9951975
209920,512,4.771035458,100066.99197842489,100067.00680245801
210432,512,4.782602708,100067.0035883829,100067.0183905
210944,512,4.794240708,100067.0151982999,100067.03000604101
211456,512,4.805889458,100067.0268082579,100067.04164504101
211968,512,4.817450167,100067.03841821589,100067.053229708
212480,512,4.829093125,100067.05002813289,100067.06485475
212992,512,4.840683458,100067.06163809089,100067.07646333301
213504,512,4.85224175,100067.07324800789,100067.08803
214016,512,4.863925417,100067.08485796589,100067.09968825
214528,512,4.875500458,100067.09646792489,100067.11128479101
215040,512,4.887114333,100067.1080778409,100067.122888041
215552,512,4.898879833,100067.11968779989,100067.13461720801
216064,512,4.91034175,100067.1312977159,100067.14612325
216576,512,4.92197675,100067.14290767489,100067.15774050001
217088,512,4.933615292,100067.1545176329,100067.16936175001
217600,512,4.945124542,100067.16612754989,100067.180917125
218112,512,4.956787458,100067.1777375079,100067.19255904101
218624,512,4.968419875,100067.1893474249,100067.204181791
219136,512,4.979969625,100067.2009573829,100067.21575900001
219648,512,4.991680458,100067.2125668829,100067.227423833
220160,512,5.003246125,100067.22417684089,100067.239014166
220672,512,5.014863125,100067.2357867579,100067.250627125
221184,512,5.026495292,100067.24739671589,100067.26222825001
221696,512,5.038095292,100067.25900663288,100067.273848166
222208,512,5.049634417,100067.27061659089,100067.285421916
222720,512,5.061330708,100067.2822265499,100067.297077541
223232,512,5.072904667,100067.29383646589,100067.308661916
223744,512,5.084449625,100067.30544642489,100067.320237541
224256,512,5.096111667,100067.3170563409,100067.33187916601
224768,512,5.107725958,100067.32866629989,100067.343503166
225280,512,5.119345958,100067.3402762159,100067.355103708
225792,512,5.13098425,100067.35188617489,100067.366736416
226304,512,5.142627292,100067.3634960909,100067.378373625
226816,512,5.154136,100067.37510604989,100067.389904583
227328,512,5.165851292,100067.3867159659,100067.40158237501
227840,512,5.177486792,100067.39832592489,100067.413212333
228352,512,5.189099333,100067.4099358829,100067.4248105
228864,512,5.200664042,100067.4215457999,100067.43639579101
229376,512,5.212277458,100067.4331557579,100067.44801166601
229888,512,5.22390475,100067.4447656749,100067.45963025
230400,512,5.235395458,100067.45637563289,100067.471171291
230912,512,5.247021417,100067.4679851329,100067.482797666
231424,512,5.2586105,100067.4795950499,100067.49439679101
231936,512,5.270177,100067.49120500789,100067.505979208
232448,512,5.281818083,100067.5028149249,100067.51761145801
232960,512,5.293439875,100067.51442488289,100067.529224333
233472,512,5.305092667,100067.5260347999,100067.54085620801
233984,512,5.316592833,100067.53764475789,100067.55240337501
234496,512,5.328318208,100067.54925467489,100067.56408504101
235008,512,5.339911833,100067.56086463289,100067.575688708
235520,512,5.35141825,100067.57247454989,100067.587231208
236032,512,5.363042583,100067.5840845079,100067.598847791
236544,512,5.374697333,100067.59569442489,100067.61048191601
237056,512,5.386357458,100067.6073043829,100067.62212845801
237568,512,5.39802925,100067.61891429989,100067.63377083301
238080,512,5.409601917,100067.6305242579,100067.64536737501
238592,512,5.421136792,100067.64213421589,100067.65692708301
239104,512,5.432778083,100067.6537441329,100067.668555083
239616,512,5.444319333,100067.66535409089,100067.680128958
240128,512,5.455968667,100067.67696400789,100067.69176150001
240640,512,5.467581333,100067.68857396589,100067.70337262501
241152,512,5.479135375,100067.70018388289,100067.714947
241664,512,5.490796083,100067.71179384089,100067.72658408301
242176,512,5.502414,100067.7234034249,100067.73820183301
242688,512,5.513989958,100067.73501334089,100067.749787875
243200,512,5.525613708,100067.74662329988,100067.761412708
243712,512,5.537262167,100067.75823321589,100067.77304308301
244224,512,5.548783042,100067.76984317489,100067.78460708301
244736,512,5.560449833,100067.7814530909,100067.796242333
245248,512,5.572047917,100067.79306304989,100067.80784583301
245760,512,5.583628,100067.8046729659,100067.81943566601
246272,512,5.595308917,100067.81628292489,100067.83109008301
246784,512,5.607071083,100067.8278928409,100067.8427795
247296,512,5.6186725,100067.8395027579,100067.854393083
247808,512,5.630284417,100067.85111271589,100067.86600195801
248320,512,5.64187575,100067.8627226329,100067.877604416
248832,512,5.653371833,100067.87433259089,100067.889134208
249344,512,5.665060208,100067.8859425079,100067.900801208
249856,512,5.676572542,100067.89755246589,100067.912355166
250368,512,5.688196708,100067.90916238289,100067.923967166
250880,512,5.699850042,100067.92077234089,100067.935611833
251392,512,5.711422833,100067.93238225789,100067.947202083
251904,512,5.723104083,100067.94399221589,100067.958856583
252416,512,5.73463275,100067.95560213289,100067.970410583
252928,512,5.746266125,100067.96721521589,100067.98203975
253440,512,5.7579425,100067.97882513289,100067.993660791
253952,512,5.769447958,100067.99043509089,100068.005228416
254464,512,5.781350833,100068.00204504989,100068.016899666
254976,512,5.792772667,100068.01365500789,100068.02851775
255488,512,5.804306333,100068.02526492489,100068.04007458301
256000,512,5.815960125,100068.03687488289,100068.051716208
256512,512,5.827595875,100068.0484848409,100068.063330916
257024,512,5.839173792,100068.06009479989,100068.074936125
257536,512,5.8507325,100068.0717047579,100068.08651904101
258048,512,5.862403542,100068.08331467489,100068.098160666
258560,512,5.874026167,100068.0949246329,100068.109777541
259072,512,5.885526917,100068.10653459089,100068.121313333
259584,512,5.897177292,100068.1181445499,100068.132957208
260096,512,5.90890875,100068.12975446589,100068.14463745801
260608,512,5.920400292,100068.1413644249,100068.15616975
261120,512,5.932022125,100068.15297438289,100068.167793375
261632,512,5.943639333,100068.16458434089,100068.179415166
262144,512,5.95523,100068.17619429989,100068.191001125
262656,512,5.966854042,100068.1878042159,100068.202634208
263168,512,5.978436875,100068.19941417489,100068.21422000001
263680,512,5.990118167,100068.21102413289,100068.225864458
264192,512,6.001697458,100068.22263350789,100068.237463083
264704,512,6.013340917,100068.2342434659,100068.24908625001
265216,512,6.02499975,100068.24585338289,100068.2607275
265728,512,6.036528042,100068.2574633409,100068.27229116601
266240,512,6.04817175,100068.26907329989,100068.283934791
266752,512,6.059736292,100068.2806832579,100068.295504833
267264,512,6.071380667,100068.29229317489,100068.307114875
267776,512,6.082935875,100068.3039031329,100068.318718708
268288,512,6.094690333,100068.31551309089,100068.330359375
268800,512,6.106130917,100068.3271230499,100068.34190295801
269312,512,6.117713292,100068.33873296589,100068.35351083301
269824,512,6.129519875,100068.3503429249,100068.36522733301
270336,512,6.141081208,100068.36195288289,100068.376817291
270848,512,6.152541,100068.3735627999,100068.388328
271360,512,6.164268458,100068.38517275789,100068.400012125
271872,512,6.175956208,100068.39678271589,100068.41168620801
272384,512,6.187400292,100068.40839267489,100068.42317375001
272896,512,6.199153833,100068.4200025909,100068.434863
273408,512,6.210795958,100068.43161254989,100068.44650775
273920,512,6.22231675,100068.44322250789,100068.458059375
274432,512,6.233869458,100068.4548324659,100068.46963637501
274944,512,6.24546825,100068.4664423829,100068.48123966601
275456,512,6.257051333,100068.4780518409,100068.49282687501
275968,512,6.268626708,100068.48966175789,100068.504428333
276480,512,6.280304917,100068.5012717159,100068.516056916
276992,512,6.291908833,100068.51288167489,100068.527686375
277504,512,6.303504083,100068.5244915909,100068.539285291
278016,512,6.315117417,100068.5361015499,100068.55090979101
278528,512,6.326729375,100068.5477115079,100068.56251579101
279040,512,6.338392,100068.5593214249,100068.57415337501
279552,512,6.349931917,100068.5709313829,100068.585735
280064,512,6.361595417,100068.58254134089,100068.59736712501
280576,512,6.37320925,100068.59415125789,100068.60897579101
281088,512,6.384828417,100068.60576121589,100068.62059716601
281600,512,6.396441542,100068.61737117489,100068.63220208301
282112,512,6.408017458,100068.6289810909,100068.643786625
282624,512,6.419646917,100068.64059104989,100068.65541725
283136,512,6.431202417,100068.65220100789,100068.66699054101
283648,512,6.442811042,100068.66381092489,100068.678598083
284160,512,6.4544045,100068.6754208829,100068.690204208
284672,512,6.466074333,100068.6870308409,100068.70184962501
285184,512,6.477638,100068.6986407579,100068.713432
285696,512,6.489265125,100068.71025071589,100068.725052708
286208,512,6.500900667,100068.7218602159,100068.736674458
286720,512,6.512505583,100068.7334701329,100068.748295458
287232,512,6.52411025,100068.7450800909,100068.75988845801
287744,512,6.535739125,100068.7566900079,100068.77151516601
288256,512,6.547281667,100068.76829996589,100068.78308020801
288768,512,6.558936417,100068.7799099249,100068.79471670801
289280,512,6.570532667,100068.79151984089,100068.80632425
289792,512,6.582224167,100068.8031297999,100068.817994083
290304,512,6.593917833,100068.81473975789,100068.829634666
290816,512,6.605529583,100068.8263496749,100068.84124079101
291328,512,6.61705825,100068.83795963289,100068.85280837501
291840,512,6.628770417,100068.84956954989,100068.864476125
292352,512,6.640338792,100068.86117950789,100068.87606162501
292864,512,6.651760125,100068.8727894659,100068.88755258301
293376,512,6.663597792,100068.88439938289,100068.89928920801
293888,512,6.675134458,100068.8960093409,100068.91086633301
294400,512,6.68663775,100068.90761929989,100068.92240454101
294912,512,6.698248792,100068.9192292159,100068.934031833
295424,512,6.710347625,100068.9308391749,100068.945677958
295936,512,6.721444917,100068.94244909089,100068.957231916
296448,512,6.733083125,100068.9540590499,100068.96886387501
296960,512,6.744701167,100068.96566859088,100068.98048054101
297472,512,6.756338625,100068.9772785079,100068.992108166
297984,512,6.767895958,100068.98888846589,100069.00368129101
298496,512,6.779511125,100069.0004983829,100069.01529675
299008,512,6.791307292,100069.01210834089,100069.027007333
299520,512,6.802817375,100069.0237182999,100069.03856575
300032,512,6.814446333,100069.03532821589,100069.050198083
300544,512,6.825992083,100069.0469381749,100069.06176225
301056,512,6.83764075,100069.05854809089,100069.073377666
301568,512,6.849397208,100069.07015804989,100069.08499804101
302080,512,6.860814167,100069.08176800789,100069.096584625
302592,512,6.872445042,100069.09337792489,100069.108212708
303104,512,6.884066167,100069.10498788289,100069.119830333
303616,512,6.895656542,100069.11659779989,100069.131425208
304128,512,6.907267917,100069.1282077579,100069.143036541
304640,512,6.91885675,100069.13981767489,100069.154633083
305152,512,6.930502083,100069.1514276329,100069.16626454101
305664,512,6.942110917,100069.16303759089,100069.17788175
306176,512,6.953674375,100069.1746475079,100069.18945383301
306688,512,6.965344708,100069.18625746589,100069.201104958
307200,512,6.976911167,100069.19786738289,100069.21268816601
307712,512,6.988544208,100069.20947734089,100069.22430712501
308224,512,7.000253958,100069.2210868829,100069.23598295801
308736,512,7.011848417,100069.23269684089,100069.247575791
309248,512,7.023375458,100069.2443067999,100069.259132958
309760,512,7.03503825,100069.25591671589,100069.27073941601
310272,512,7.046635167,100069.2675266749,100069.282402208
310784,512,7.058286042,100069.27913659089,100069.294017666
311296,512,7.069791458,100069.29074654989,100069.305566166
311808,512,7.0814565,100069.3023564659,100069.31721450001
312320,512,7.093062708,100069.31396642489,100069.328812916
312832,512,7.104725708,100069.3255763409,100069.34044350001
313344,512,7.116186167,100069.33718629989,100069.35197554101
313856,512,7.127768167,100069.3487962159,100069.363565166
314368,512,7.139423458,100069.36040617489,100069.375205541
314880,512,7.151161417,100069.3720161329,100069.38688037501
315392,512,7.167098042,100069.3836260499,100069.39843791601
315904,512,7.17437875,100069.3952360079,100069.41009825001
316416,512,7.185855875,100069.4068459249,100069.421628458
316928,512,7.197516667,100069.41845588289,100069.43328283301
317440,512,7.209188208,100069.4300657999,100069.444914458
317952,512,7.220705833,100069.44167575789,100069.456472166
318464,512,7.232231292,100069.4532856749,100069.468036166
318976,512,7.243884375,100069.46489563289,100069.479678375
319488,512,7.25560875,100069.47650521589,100069.491348458
320000,512,7.267077875,100069.48811517489,100069.50287683301
320512,512,7.27875075,100069.4997250909,100069.514525791
321024,512,7.290412,100069.51133504989,100069.52616008301
321536,512,7.302005167,100069.5229449659,100069.537760666
322048,512,7.313551458,100069.53455492489,100069.549342625
322560,512,7.325215,100069.5461648409,100069.560975875
323072,512,7.336792917,100069.55777479989,100069.57257820801
323584,512,7.348403333,100069.5693847159,100069.58417391601
324096,512,7.360141708,100069.58099467489,100069.595790916
324608,512,7.371768125,100069.59260459089,100069.60747979101
325120,512,7.383299083,100069.6042145499,100069.619045041
325632,512,7.394907167,100069.61582446589,100069.630656208
326144,512,7.406509417,100069.6274344249,100069.64224675001
326656,512,7.418169792,100069.63904438289,100069.653902916
327168,512,7.4297275,100069.6506542999,100069.66549429101
327680,512,7.441326583,100069.66226425789,100069.677094041
328192,512,7.452922667,100069.67387417488,100069.68869962501
328704,512,7.464533833,100069.68548413289,100069.70030145801
329216,512,7.476115042,100069.69709404989,100069.711897625
329728,512,7.487706708,100069.70870400789,100069.72349375
330240,512,7.499405375,100069.72031363289,100069.73516520801
330752,512,7.510939792,100069.73192354989,100069.74671983301
331264,512,7.522547375,100069.74353350789,100069.75833266601
331776,512,7.534164167,100069.75514342489,100069.769949166
332288,512,7.545732917,100069.7667533829,100069.78153200001
332800,512,7.55737225,100069.77836329989,100069.793157666
333312,512,7.568978792,100069.7899732579,100069.804766916
333824,512,7.580599375,100069.80158317489,100069.81638825001
334336,512,7.59226625,100069.8131931329,100069.82802325001
334848,512,7.603850417,100069.8248030499,100069.839618166
335360,512,7.615452125,100069.8364130079,100069.851226583
335872,512,7.627179833,100069.8480229249,100069.86290575001
336384,512,7.638687958,100069.85963288289,100069.874447416
336896,512,7.650395625,100069.8712427999,100069.88611925
337408,512,7.6619545,100069.88285271589,100069.89768987501
337920,512,7.673635125,100069.89446267489,100069.90936045801
338432,512,7.6850655,100069.9060725909,100069.920850208
338944,512,7.696717042,100069.91768254989,100069.932488958
339456,512,7.708390958,100069.9292924659,100069.944138125
339968,512,7.719903833,100069.94090242489,100069.955695375
340480,512,7.731552667,100069.9525123409,100069.967327833
340992,512,7.74337375,100069.96412200789,100069.9789155
341504,512,7.754799083,100069.9757319659,100069.990559125
342016,512,7.76636625,100069.9873418829,100070.00215070801
342528,512,7.77800925,100069.9989518409,100070.013761666
343040,512,7.789739833,100070.0105617579,100070.025455083
343552,512,7.801293125,100070.02217171589,100070.037017958
344064,512,7.812947167,100070.0337816329,100070.048610458
344576,512,7.82449475,100070.0453915499,100070.06024208301
345088,512,7.836097458,100070.0570015079,100070.071854625
345600,512,7.8476815,100070.0686114249,100070.083450541
346112,512,7.859290542,100070.08022138289,100070.095056125
346624,512,7.870901417,100070.0918312999,100070.106662541
347136,512,7.882470833,100070.10344125789,100070.118253333
347648,512,7.894123792,100070.11505117489,100070.12988333301
348160,512,7.905704708,100070.12666113289,100070.14147604101
348672,512,7.9173785,100070.13827104989,100070.15313408301
349184,512,7.928936625,100070.14988100789,100070.164705666
349696,512,7.940552167,100070.16149092489,100070.17631854101
350208,512,7.952084,100070.1731008409,100070.18787866601
350720,512,7.963826208,100070.18471079989,100070.19957066601
351232,512,7.975402792,100070.1963207159,100070.21116166601
351744,512,7.987009167,100070.2079306749,100070.22277145801
352256,512,7.9987175,100070.21954313289,100070.234444375
352768,512,8.010250083,100070.23115309089,100070.246003791
353280,512,8.021870333,100070.24276304989,100070.257612
353792,512,8.033477917,100070.2543729659,100070.269225291
354304,512,8.045053917,100070.26598292489,100070.28082225
354816,512,8.056626458,100070.27759288289,100070.292402666
355328,512,8.06821125,100070.2892028409,100070.30399820801
355840,512,8.07983075,100070.3008127579,100070.31561541601
356352,512,8.091536167,100070.3124227159,100070.327288875
356864,512,8.103075125,100070.3240326749,100070.33884562501
357376,512,8.114668958,100070.33564259089,100070.35045312501
357888,512,8.1263685,100070.3472525499,100070.362104083
358400,512,8.137903583,100070.3588625079,100070.37367041601
358912,512,8.149475542,100070.37047246589,100070.38526975001
359424,512,8.161169458,100070.38208238289,100070.39691987501
359936,512,8.172816792,100070.39369234089,100070.408551625
360448,512,8.1843485,100070.40530229989,100070.420118208
360960,512,8.196057958,100070.4169122159,100070.43176608301
361472,512,8.207553083,100070.42852217489,100070.44331512501
361984,512,8.219173042,100070.44013213289,100070.45493316601
362496,512,8.230865917,100070.45174204989,100070.46658945801
363008,512,8.242544667,100070.4633520079,100070.47824654101
363520,512,8.254036292,100070.47496150789,100070.489788041
364032,512,8.265684708,100070.4865714659,100070.50141691601
364544,512,8.277217167,100070.49818138289,100070.512994791
365056,512,8.288781417,100070.5097913409,100070.524570791
365568,512,8.300387333,100070.52140129989,100070.53617958301
366080,512,8.312004708,100070.5330112159,100070.5478045
366592,512,8.3235755,100070.5446211749,100070.55938020801
367104,512,8.335265875,100070.5562311329,100070.571038208
367616,512,8.34683475,100070.5678410499,100070.582628125
368128,512,8.358419042,100070.57945100788,100070.594214333
368640,512,8.370062917,100070.59106096589,100070.60584741601
369152,512,8.381700417,100070.60267088289,100070.61748087501
369664,512,8.393449292,100070.61428084089,100070.629168625
370176,512,8.405029292,100070.62589079989,100070.64075620801
370688,512,8.416690417,100070.6375007159,100070.652398166
371200,512,8.428243875,100070.64911067489,100070.66398333301
371712,512,8.439732917,100070.66072063289,100070.67551900001
372224,512,8.451293875,100070.67233054989,100070.68710570801
372736,512,8.463009083,100070.6839405079,100070.698772666
373248,512,8.474572625,100070.6955504659,100070.71035533301
373760,512,8.486123958,100070.7071603829,100070.721937208
374272,512,8.497872375,100070.71876992489,100070.733600583
374784,512,8.509526333,100070.7303798829,100070.745235958
375296,512,8.521011,100070.74198979989,100070.756795041
375808,512,8.532650292,100070.7535997579,100070.76842516601
376320,512,8.544300833,100070.76520971589,100070.78006875001
376832,512,8.555897375,100070.7768196329,100070.79165525001
377344,512,8.567463708,100070.78842959089,100070.803238583
377856,512,8.579034542,100070.80003950789,100070.814828
378368,512,8.590718833,100070.81164946589,100070.826483833
378880,512,8.602309,100070.8232594249,100070.8380745
379392,512,8.613901292,100070.83486934089,100070.849678583
379904,512,8.625571167,100070.84647929989,100070.86132145801
380416,512,8.63718725,100070.85808925789,100070.87292962501
380928,512,8.648749583,100070.86969917489,100070.884519458
381440,512,8.66037625,100070.88130913289,100070.896125041
381952,512,8.672126542,100070.89291904989,100070.90782166601
382464,512,8.683718542,100070.9045290079,100070.91942179101
382976,512,8.695259375,100070.9161389659,100070.93099787501
383488,512,8.706892875,100070.9277488829,100070.942627333
384000,512,8.718387458,100070.93935884089,100070.95416929101
384512,512,8.730054708,100070.9509687999,100070.96581250001
385024,512,8.7417025,100070.96257871589,100070.977446291
385536,512,8.753243792,100070.9741882579,100070.98901825001
386048,512,8.764906125,100070.9857981749,100071.00065658301
386560,512,8.776443917,100070.9974081329,100071.012220666
387072,512,8.788126167,100071.00901809089,100071.02387025
387584,512,8.799803542,100071.02062800789,100071.035528541
388096,512,8.81133775,100071.03223796589,100071.047096166
388608,512,8.822910167,100071.04384788289,100071.058671583
389120,512,8.834533125,100071.05545784089,100071.070290375
389632,512,8.84609325,100071.06706775789,100071.08188012501
390144,512,8.8577365,100071.0786777159,100071.09350016601
390656,512,8.869323417,100071.09028767489,100071.10510120801
391168,512,8.880942125,100071.1018975909,100071.11671725
391680,512,8.892588833,100071.11350754989,100071.128361333
392192,512,8.904144375,100071.1251174659,100071.139919791
392704,512,8.915826708,100071.13672742489,100071.151588291
393216,512,8.927371167,100071.1483373829,100071.16314916601
393728,512,8.938984417,100071.1599472999,100071.17476358301
394240,512,8.950574542,100071.1715572579,100071.18636179101
394752,512,8.9622585,100071.1831671749,100071.198020416
395264,512,8.973852583,100071.19477713289,100071.209613083
395776,512,8.985422833,100071.2063870499,100071.221198583
396288,512,8.997115208,100071.2179966749,100071.232874958
396800,512,9.0087425,100071.22960663289,100071.244486708
397312,512,9.020270875,100071.2412165499,100071.25603275001
397824,512,9.031883708,100071.25282650789,100071.26765383301
398336,512,9.043527375,100071.2644364249,100071.279293458
398848,512,9.055061917,100071.27604638289,100071.29084633301
399360,512,9.066724958,100071.28765629989,100071.302487958
399872,512,9.078274417,100071.29926625789,100071.314064916
400384,512,9.089899208,100071.3108762159,100071.325678541
400896,512,9.101490625,100071.32248613289,100071.33727820801
401408,512,9.113087833,100071.3340960909,100071.34888179101
401920,512,9.124922625,100071.3457060079,100071.360616833
402432,512,9.136386792,100071.3573159659,100071.372145083
402944,512,9.14797575,100071.3689258829,100071.383754208
403456,512,9.159621917,100071.38053584089,100071.395379541
403968,512,9.171229792,100071.3921457579,100071.406984791
404480,512,9.182836292,100071.40375571589,100071.418596958
404992,512,9.194495792,100071.41536563289,100071.43023416601
405504,512,9.206103875,100071.42697559089,100071.44183495801
406016,512,9.217657208,100071.4385855499,100071.45341670801
406528,512,9.229378792,100071.45019546589,100071.46509158301
407040,512,9.24099175,100071.46180542489,100071.476699416
407552,512,9.2524715,100071.4734150499,100071.48822654101
408064,512,9.264137667,100071.48502500789,100071.499871916
408576,512,9.275773542,100071.49663492489,100071.51149791601
409088,512,9.287437708,100071.50824488289,100071.52312266601
409600,512,9.299092083,100071.51985479989,100071.53477791601
410112,512,9.310589417,100071.53146475789,100071.546282291
410624,512,9.322109708,100071.54307467489,100071.557892208
411136,512,9.333734708,100071.5546846329,100071.569505958
411648,512,9.345302208,100071.56629454989,100071.58109304101
412160,512,9.356889458,100071.5779045079,100071.592683875
412672,512,9.368527458,100071.5895144249,100071.60431383301
413184,512,9.380129917,100071.6011243829,100071.615919666
413696,512,9.391786542,100071.6127342999,100071.627555583
414208,512,9.403323917,100071.62434425789,100071.639120916
414720,512,9.415065917,100071.6359541749,100071.65080791601
415232,512,9.426598583,100071.64756413289,100071.662384291
415744,512,9.438146458,100071.6591740499,100071.673948583
416256,512,9.449759708,100071.67078400789,100071.68556508301
416768,512,9.461443167,100071.68239392489,100071.697219208
417280,512,9.473011958,100071.69400388289,100071.70880145801
417792,512,9.484573625,100071.70561379989,100071.72038279101
418304,512,9.496257917,100071.71722350789,100071.732033291
418816,512,9.50789475,100071.72883342489,100071.743661916
419328,512,9.519405958,100071.74044338289,100071.75521
419840,512,9.531154292,100071.75205329989,100071.766858666
420352,512,9.542749792,100071.7636632579,100071.778509875
420864,512,9.554269708,100071.77527317489,100071.790034416
421376,512,9.565915417,100071.7868831329,100071.801693625
421888,512,9.577541875,100071.7984930499,100071.81331308301
422400,512,9.589124708,100071.8101030079,100071.824906458
422912,512,9.600823375,100071.8217129249,100071.83652000001
423424,512,9.612408042,100071.83332288289,100071.848170375
423936,512,9.624103958,100071.8449327999,100071.85979833301
424448,512,9.635711708,100071.85654275789,100071.87142925001
424960,512,9.647214833,100071.8681526749,100071.882988458
425472,512,9.658826333,100071.87976263289,100071.89459295801
425984,512,9.671188625,100071.89137254989,100071.90624325
426496,512,9.682052792,100071.9029824659,100071.917823291
427008,512,9.693639625,100071.91459242489,100071.92941291601
427520,512,9.705353458,100071.9262023409,100071.94107700001
428032,512,9.7169675,100071.93781229989,100071.952704208
428544,512,9.728545,100071.9494222159,100071.964278083
429056,512,9.740147583,100071.96103217489,100071.97589775
429568,512,9.751756083,100071.9726418829,100071.98751191601
430080,512,9.763348333,100071.98425179989,100071.999101583
430592,512,9.775005958,100071.9958617579,100072.010741541
431104,512,9.786662917,100072.0074716749,100072.022372041
431616,512,9.798275333,100072.0190816329,100072.033985208
432128,512,9.80979775,100072.0306915499,100072.045550541
432640,512,9.821521417,100072.04230150788,100072.05721266601
433152,512,9.833032625,100072.0539114249,100072.068776458
433664,512,9.844558917,100072.06552134089,100072.08034433301
434176,512,9.856223125,100072.0771312999,100072.091979125
434688,512,9.86780725,100072.08874121589,100072.10358525
435200,512,9.8794505,100072.10035117489,100072.11521204101
435712,512,9.891049667,100072.1119610909,100072.12680900001
436224,512,9.902673667,100072.12357104989,100072.13843225001
436736,512,9.9142395,100072.1351809659,100072.15001854101
437248,512,9.925911083,100072.14679092489,100072.16166641601
437760,512,9.937488,100072.1584008409,100072.17325625001
438272,512,9.949004458,100072.17001079989,100072.18480487501
438784,512,9.960720375,100072.1816207159,100072.19647291601
439296,512,9.972303292,100072.1932306749,100072.208070833
439808,512,9.983833292,100072.20484059089,100072.219630541
440320,512,9.99550225,100072.2164502579,100072.231270958
440832,512,10.007190833,100072.22806021589,100072.24293729101
441344,512,10.018747125,100072.2396701329,100072.254504416
441856,512,10.030349708,100072.25128009089,100072.266112291
442368,512,10.041972042,100072.26289000789,100072.27773658301
442880,512,10.053500833,100072.2744999249,100072.289283416
443392,512,10.065124625,100072.28610988289,100072.30091250001
443904,512,10.076720042,100072.2977197999,100072.31252116601
444416,512,10.088324958,100072.30932975789,100072.32411425
444928,512,10.099989333,100072.32093967489,100072.335761875
445440,512,10.111623042,100072.33254963289,100072.347367458
445952,512,10.123339958,100072.34415954989,100072.359048333
446464,512,10.134820708,100072.35576950789,100072.37060516601
446976,512,10.146364458,100072.36737942489,100072.382156916
447488,512,10.158005292,100072.3789893409,100072.393786625
448000,512,10.169568042,100072.39059929989,100072.40536941601
448512,512,10.181279333,100072.40220921588,100072.417051083
449024,512,10.192901833,100072.4138191749,100072.42866062501
449536,512,10.204467792,100072.42542909089,100072.44024775001
450048,512,10.216067917,100072.4370390499,100072.45185525001
450560,512,10.227693042,100072.44864896589,100072.46346604101
451072,512,10.2392735,100072.46025888289,100072.475057666
451584,512,10.250878875,100072.4718704249,100072.48667791601
452096,512,10.262645333,100072.48348038289,100072.49836425
452608,512,10.274177417,100072.4950902999,100072.50993300001
453120,512,10.285722792,100072.50670025789,100072.521506958
453632,512,10.29740325,100072.51831021589,100072.53315
454144,512,10.308983375,100072.52992013289,100072.544763083
454656,512,10.3205825,100072.5415300909,100072.556355583
455168,512,10.332156875,100072.55314000789,100072.56793583301
455680,512,10.343813333,100072.5647499659,100072.57958425001
456192,512,10.355377417,100072.57635992489,100072.591164458
456704,512,10.366961333,100072.5879698409,100072.60275754101
457216,512,10.378606083,100072.59957979989,100072.614394666
457728,512,10.390261167,100072.6111897159,100072.626022708
458240,512,10.401778208,100072.6227996749,100072.63757904101
458752,512,10.413421125,100072.6344096329,100072.64921445801
459264,512,10.425117583,100072.6460195499,100072.66087325
459776,512,10.436654208,100072.65762950788,100072.672436041
460288,512,10.44826675,100072.6692394249,100072.684060916
460800,512,10.459860167,100072.68084938289,100072.69564825001
461312,512,10.471495042,100072.69245934089,100072.707273
461824,512,10.483046667,100072.70406925789,100072.718850833
462336,512,10.494730833,100072.7156792159,100072.730506166
462848,512,10.506378,100072.7272887999,100072.74214462501
463360,512,10.517966417,100072.73889875789,100072.75373400001
463872,512,10.529563958,100072.75050867489,100072.765339916
464384,512,10.541116833,100072.76211863289,100072.77690350001
464896,512,10.552729542,100072.77372854989,100072.788523833
465408,512,10.564334792,100072.78533850789,100072.800129958
465920,512,10.576015292,100072.7969484659,100072.81174779101
466432,512,10.587612,100072.8085583829,100072.82338645801
466944,512,10.599297542,100072.8201683409,100072.83502950001
467456,512,10.61102175,100072.8317782579,100072.846689625
467968,512,10.622486417,100072.84338821589,100072.85822987501
468480,512,10.634205708,100072.8549981329,100072.86991025001
468992,512,10.645609542,100072.86660809089,100072.881403291
469504,512,10.657279208,100072.87821800789,100072.893045
470016,512,10.66882575,100072.88982796589,100072.904619583
470528,512,10.680420333,100072.9014379249,100072.916220333
471040,512,10.692230667,100072.91304784089,100072.927824375
471552,512,10.703669542,100072.92465779989,100072.939454791
472064,512,10.715398917,100072.9362677159,100072.95115158301
472576,512,10.727105583,100072.94787767489,100072.96271554101
473088,512,10.738573,100072.9594875909,100072.974327416
473600,512,10.75010125,100072.9710972159,100072.985896083
474112,512,10.761846125,100072.98270717489,100072.997578541
474624,512,10.7734175,100072.99431713289,100073.00913925
475136,512,10.784987125,100073.00592704989,100073.020767625
475648,512,10.796737917,100073.0175370079,100073.03244425001
476160,512,10.808301833,100073.02914692489,100073.044037375
476672,512,10.819776625,100073.0407568829,100073.05555754101
477184,512,10.831419083,100073.0523667999,100073.067190375
477696,512,10.843065458,100073.0639767579,100073.07883241601
478208,512,10.854586,100073.0755866749,100073.090371166
478720,512,10.8662565,100073.08719663289,100073.102026041
479232,512,10.877882042,100073.0988065499,100073.11360875
479744,512,10.889451,100073.11041650789,100073.125226791
480256,512,10.901078917,100073.1220264249,100073.13685562501
480768,512,10.912697125,100073.13363638289,100073.14847425
481280,512,10.924277917,100073.14524629989,100073.16005933301
481792,512,10.935924375,100073.15685625789,100073.17169112501
482304,512,10.94745175,100073.1684662159,100073.183255375
482816,512,10.959112667,100073.18007613289,100073.194889583
483328,512,10.970708708,100073.1916860909,100073.20648725
483840,512,10.982331417,100073.2032960079,100073.218111583
484352,512,10.993959375,100073.2149057159,100073.22973125
484864,512,11.005636333,100073.22651567489,100073.24137925
485376,512,11.017246833,100073.2381255909,100073.252990875
485888,512,11.028813792,100073.24973554989,100073.264569791
486400,512,11.040445125,100073.26134546589,100073.27614862501
486912,512,11.05193125,100073.2729554249,100073.2877285
487424,512,11.063608417,100073.28456534089,100073.299363333
487936,512,11.075188875,100073.2961752999,100073.31097541601
488448,512,11.086875833,100073.30778521589,100073.32263162501
488960,512,11.098494208,100073.3193951749,100073.33424495801
489472,512,11.110342375,100073.33100509089,100073.34584145801
489984,512,11.121739708,100073.34261504989,100073.35747525
490496,512,11.133437667,100073.3542249659,100073.369150458
491008,512,11.144895917,100073.36583492489,100073.38067604101
491520,512,11.156498167,100073.3774448409,100073.392274583
492032,512,11.168076417,100073.38905479989,100073.403861041
492544,512,11.179669125,100073.4006647159,100073.41546445801
493056,512,11.19132275,100073.41227467489,100073.427082625
493568,512,11.202966125,100073.4238845909,100073.438720666
494080,512,11.214558875,100073.43549454989,100073.450334541
494592,512,11.226208083,100073.44710446589,100073.461962625
495104,512,11.23782975,100073.4587144249,100073.47357241601
495616,512,11.2494025,100073.47032409089,100073.48516666601
496128,512,11.261050125,100073.4819340499,100073.49679087501
496640,512,11.272598833,100073.49354396589,100073.50836275001
497152,512,11.284211583,100073.5051539249,100073.519989708
497664,512,11.295877958,100073.51676384089,100073.53161966601
498176,512,11.307555875,100073.5283737999,100073.54329216601
498688,512,11.319029667,100073.53998371589,100073.554805583
499200,512,11.330641375,100073.55159363289,100073.566412875
499712,512,11.34234025,100073.5632035909,100073.57807420801
500224,512,11.3538225,100073.57481350789,100073.58961012501
500736,512,11.365410833,100073.5864234659,100073.601208291
501248,512,11.377051125,100073.59803338289,100073.612822583
501760,512,11.388818083,100073.6096433409,100073.62454383301
502272,512,11.400323625,100073.6212532579,100073.636092083
502784,512,11.411878625,100073.6328632159,100073.647661083
503296,512,11.423601208,100073.6444731329,100073.659346125
503808,512,11.43514075,100073.65608309089,100073.67090733301
504320,512,11.446656458,100073.6676930079,100073.682465708
504832,512,11.458329167,100073.67930296589,100073.694108833
505344,512,11.469966667,100073.6909128829,100073.70573858301
505856,512,11.481496417,100073.70252284089,100073.717301625
506368,512,11.493122542,100073.71413275789,100073.72891966601
506880,512,11.50476625,100073.72574246589,100073.74055041601
507392,512,11.516400875,100073.7373524249,100073.752182166
507904,512,11.527985583,100073.74896234089,100073.763763708
508416,512,11.53957125,100073.76057229989,100073.77536216601
508928,512,11.55115525,100073.7721822159,100073.78695970801
509440,512,11.562818458,100073.78379213289,100073.798602041
509952,512,11.574393667,100073.7954020909,100073.810189708
510464,512,11.586112917,100073.80701200789,100073.82186175001
510976,512,11.597826333,100073.8186219659,100073.83352483301
511488,512,11.609404,100073.8302318829,100073.84511158301
512000,512,11.620893167,100073.8418418409,100073.85665312501
512512,512,11.632561375,100073.8534517579,100073.86830487501
513024,512,11.644100542,100073.86506171589,100073.87988291601
513536,512,11.655667875,100073.8766716329,100073.89145387501
514048,512,11.667244417,100073.88828159089,100073.903046666
514560,512,11.678909667,100073.8998915079,100073.914697208
515072,512,11.690559833,100073.91150146589,100073.92632266601
515584,512,11.70214525,100073.92311138289,100073.93792316601
516096,512,11.713722208,100073.9347212999,100073.949518875
516608,512,11.725361417,100073.94633125789,100073.96114029101
517120,512,11.737091375,100073.95794117489,100073.97281250001
517632,512,11.748675958,100073.96955092488,100073.984426875
518144,512,11.7603055,100073.98116084089,100073.99603800001
518656,512,11.771869417,100073.99277079989,100074.00762408301
519168,512,11.783463375,100074.0043807159,100074.019229166
519680,512,11.795191667,100074.01599067489,100074.03089958301
520192,512,11.806792083,100074.0276005909,100074.042509791
520704,512,11.818295167,100074.0392105079,100074.05405050001
521216,512,11.82995525,100074.0508204659,100074.0656845
521728,512,11.841578292,100074.0624303829,100074.07731129101
522240,512,11.853033792,100074.07404034089,100074.088820125
522752,512,11.864650667,100074.0856502579,100074.10044104101
523264,512,11.876309667,100074.09726021589,100074.112082708
523776,512,11.888030542,100074.1088701329,100074.12375083301
524288,512,11.899554292,100074.12048009089,100074.13531629101
524800,512,11.911108625,100074.13209000789,100074.14689445801
525312,512,11.922732125,100074.1436999249,100074.158512875
525824,512,11.934373,100074.15530988289,100074.1701475
526336,512,11.945935125,100074.16691979989,100074.18172541601
526848,512,11.957568458,100074.17852975789,100074.19335033301
527360,512,11.969186,100074.19013967489,100074.204956208
527872,512,11.980778917,100074.20174963289,100074.21656087501
528384,512,11.992556083,100074.21335942489,100074.22826262501
528896,512,12.004085125,100074.2249693409,100074.23982041601
529408,512,12.015661958,100074.2365792579,100074.251431416
529920,512,12.02729375,100074.2481892159,100074.263046291
530432,512,12.03884,100074.2597991329,100074.27460687501
530944,512,12.050470625,100074.27140909088,100074.28624391601
531456,512,12.06209725,100074.2830190079,100074.29785887501
531968,512,12.073650625,100074.29462896589,100074.309433083
532480,512,12.085222458,100074.3062388829,100074.32102300001
532992,512,12.096957833,100074.3178487999,100074.33270495801
533504,512,12.108541167,100074.32945875789,100074.34430841601
534016,512,12.12000675,100074.3410686749,100074.35581733301
534528,512,12.133738833,100074.35267863289,100074.36748095801
535040,512,12.143244292,100074.36428854988,100074.37904825
535552,512,12.154867292,100074.37589850789,100074.39066391601
536064,512,12.167087875,100074.38750842489,100074.40231287501
536576,512,12.178107667,100074.3991183409,100074.413884791
537088,512,12.189902083,100074.41072829989,100074.42561433301
537600,512,12.201293417,100074.4223382159,100074.43709341601
538112,512,12.213060375,100074.43394817489,100074.44880091601
538624,512,12.224633542,100074.4455580909,100074.460382666
539136,512,12.236242083,100074.45716804989,100074.47199287501
539648,512,12.247863417,100074.46877779989,100074.483614708
540160,512,12.259441625,100074.4803877159,100074.495201208
540672,512,12.271097042,100074.4919976749,100074.506846833
541184,512,12.282661292,100074.50360759089,100074.518424625
541696,512,12.294173208,100074.5152175079,100074.52997425
542208,512,12.305912833,100074.52682746589,100074.54166500001
542720,512,12.3174715,100074.53843738289,100074.55325400001
543232,512,12.32915825,100074.55004734089,100074.56489854101
543744,512,12.340760083,100074.56165725789,100074.57652554101
544256,512,12.352380792,100074.5732671749,100074.58811320801
544768,512,12.363968208,100074.58487713289,100074.599718583
545280,512,12.375468292,100074.59648704989,100074.611252083
545792,512,12.387166458,100074.60809700789,100074.62292866601
546304,512,12.39872625,100074.61970692489,100074.634499291
546816,512,12.410347292,100074.6313168409,100074.64613125
547328,512,12.421885208,100074.64292679989,100074.65768966601
547840,512,12.433618042,100074.6545367159,100074.669376
548352,512,12.445207583,100074.66614667489,100074.68094741601
548864,512,12.456772917,100074.67775659089,100074.692556541
549376,512,12.468367958,100074.6893665499,100074.70416037501
549888,512,12.479971042,100074.70097646589,100074.715765083
550400,512,12.491637583,100074.7125863829,100074.727416583
550912,512,12.5032175,100074.72420021589,100074.73900191601
551424,512,12.514911292,100074.7358101749,100074.75067825001
551936,512,12.52646775,100074.74742009089,100074.762247833
552448,512,12.538041,100074.75903004989,100074.773830125
552960,512,12.549636292,100074.77064000789,100074.78543487501
553472,512,12.561323958,100074.7822499659,100074.797087875
553984,512,12.572885333,100074.79385992489,100074.80866950001
554496,512,12.584516833,100074.8054698409,100074.82028645801
555008,512,12.596301417,100074.81707979989,100074.83199812501
555520,512,12.607908542,100074.8286897579,100074.84359287501
556032,512,12.61940175,100074.8402997159,100074.85512625001
556544,512,12.631067042,100074.8519096749,100074.866799041
557056,512,12.642654917,100074.86351959089,100074.87840254101
557568,512,12.654207625,100074.8751295499,100074.889975333
558080,512,12.665795042,100074.88673950789,100074.90156762501
558592,512,12.677394458,100074.89834946589,100074.9131575
559104,512,12.688990958,100074.9099594249,100074.924771541
559616,512,12.700682833,100074.92156934089,100074.936366625
560128,512,12.712160542,100074.93317929989,100074.94796445801
560640,512,12.723814375,100074.94478925789,100074.959592333
561152,512,12.735487375,100074.9563992159,100074.971198583
561664,512,12.746984667,100074.96800867488,100074.98279025001
562176,512,12.758638583,100074.97961859089,100074.994419833
562688,512,12.770330917,100074.99122854989,100075.00608125
563200,512,12.781979167,100075.00283850789,100075.01771525001
563712,512,12.793672167,100075.0144484659,100075.029377083
564224,512,12.805147833,100075.0260583829,100075.0409015
564736,512,12.816814,100075.0376683409,100075.052545083
565248,512,12.828427,100075.04927829989,100075.064153
565760,512,12.839970292,100075.0608882579,100075.07573320801
566272,512,12.851545667,100075.0724981749,100075.087322541
566784,512,12.863196417,100075.0841081329,100075.09896645801
567296,512,12.874776417,100075.09571809089,100075.110547
567808,512,12.886402792,100075.1073280499,100075.12216479101
568320,512,12.898040417,100075.11893796589,100075.133796166
568832,512,12.909612792,100075.1305479249,100075.14538175
569344,512,12.921234208,100075.14215788289,100075.15699983301
569856,512,12.932924125,100075.1537678409,100075.16861583301
570368,512,12.944453417,100075.16537775789,100075.180223
570880,512,12.956051708,100075.1769877159,100075.19182637501
571392,512,12.967605542,100075.18859767489,100075.20340604101
571904,512,12.979265542,100075.2002076329,100075.21502354101
572416,512,12.990969417,100075.21181754989,100075.226699416
572928,512,13.002550375,100075.22342704989,100075.23828595801
573440,512,13.014195333,100075.2350370079,100075.24993625001
573952,512,13.02575575,100075.2466469659,100075.26150916601
574464,512,13.037424958,100075.2582568829,100075.273152416
574976,512,13.0488725,100075.26986684088,100075.28466837501
575488,512,13.06057525,100075.2814767999,100075.29633225
576000,512,13.072146417,100075.2930867579,100075.307917875
576512,512,13.08374075,100075.3046966749,100075.319517333
577024,512,13.09544125,100075.31630663289,100075.331179791
577536,512,13.107019708,100075.32791659089,100075.34277637501
578048,512,13.118518625,100075.33952650789,100075.35430733301
578560,512,13.130199125,100075.35113646589,100075.36597816601
579072,512,13.141857542,100075.36274642489,100075.377612708
579584,512,13.153340958,100075.3743563409,100075.38914308301
580096,512,13.165004917,100075.38596629989,100075.4007825
580608,512,13.176573542,100075.39757625789,100075.41236575
581120,512,13.188328,100075.4091862159,100075.424051875
581632,512,13.200017083,100075.4207961329,100075.43570850001
582144,512,13.2115195,100075.4324060909,100075.447268541
582656,512,13.223189667,100075.44401604989,100075.458907791
583168,512,13.23471075,100075.45562596589,100075.470465833
583680,512,13.24629225,100075.4672359249,100075.482085416
584192,512,13.257896125,100075.4788454659,100075.493667083
584704,512,13.269625333,100075.4904554249,100075.505346791
585216,512,13.281125458,100075.50206534089,100075.51688987501
585728,512,13.292776333,100075.5136752999,100075.52852175
586240,512,13.304373917,100075.52528525789,100075.540132208
586752,512,13.316013042,100075.5368951749,100075.551766125
587264,512,13.3275765,100075.54850513289,100075.56333783301
587776,512,13.339174042,100075.56011509089,100075.57493645801
588288,512,13.350795208,100075.57172500789,100075.586553333
588800,512,13.362345708,100075.5833349659,100075.598132333
589312,512,13.373919625,100075.59494492489,100075.60971925
589824,512,13.385602667,100075.6065548409,100075.62137425001
590336,512,13.397267875,100075.61816479989,100075.633018583
590848,512,13.4088165,100075.6297747579,100075.644584416
591360,512,13.420445375,100075.64138467489,100075.656204125
591872,512,13.432039542,100075.6529946329,100075.66781350001
592384,512,13.443693292,100075.66460459089,100075.67945279101
592896,512,13.455221292,100075.6762145079,100075.691012083
593408,512,13.466849333,100075.68782446589,100075.70263658301
593920,512,13.4784675,100075.6994344249,100075.7142575
594432,512,13.49005825,100075.71104434089,100075.72584404101
594944,512,13.501681458,100075.72265396589,100075.737466166
595456,512,13.513276958,100075.7342639249,100075.749069333
595968,512,13.524894458,100075.74587388289,100075.760680291
596480,512,13.536506333,100075.7574837999,100075.772290958
596992,512,13.548066708,100075.76909375789,100075.783876916
597504,512,13.5597195,100075.7807037159,100075.795502333
598016,512,13.571338875,100075.79231363289,100075.807123958
598528,512,13.582896292,100075.8039235909,100075.818698791
599040,512,13.594578458,100075.81553350789,100075.830349291
599552,512,13.606198417,100075.8271434659,100075.841968708
600064,512,13.617769375,100075.83875342489,100075.85355312501
600576,512,13.629419792,100075.8503633409,100075.865201166
601088,512,13.641135125,100075.86197329989,100075.876863458
601600,512,13.652607167,100075.8735832579,100075.88839408301
602112,512,13.664247833,100075.8851931749,100075.900020208
602624,512,13.6758665,100075.8968031329,100075.911631333
603136,512,13.687457917,100075.90841309089,100075.92323266601
603648,512,13.699056542,100075.92002300789,100075.934836375
604160,512,13.710662458,100075.93163296589,100075.946444208
604672,512,13.722272833,100075.94324288289,100075.958053416
605184,512,13.733959125,100075.95485284089,100075.96966983301
605696,512,13.745738958,100075.96646246589,100075.98124000001
606208,512,13.757055875,100075.97807238289,100075.992851083
606720,512,13.76888775,100075.98968234089,100076.004583666
607232,512,13.780450792,100076.00129229989,100076.01617191601
607744,512,13.792042042,100076.0129022159,100076.027743083
608256,512,13.803636417,100076.02451217489,100076.039362083
608768,512,13.815274583,100076.0361220909,100076.05099437501
609280,512,13.826873375,100076.04773204989,100076.062600291
609792,512,13.838383458,100076.0593420079,100076.074152625
610304,512,13.8500215,100076.07095192489,100076.085793166
610816,512,13.861635625,100076.0825618829,100076.097404625
611328,512,13.873233875,100076.0941717999,100076.10900066601
611840,512,13.884758042,100076.1057817579,100076.120557916
612352,512,13.896522625,100076.11739171589,100076.132268083
612864,512,13.908140833,100076.12900163289,100076.14382866601
613376,512,13.919573417,100076.14061159089,100076.15537600001
613888,512,13.931263583,100076.15222150789,100076.167039958
614400,512,13.942912,100076.16383146589,100076.17867729101
614912,512,13.954481042,100076.17544138289,100076.19026033301
615424,512,13.966096917,100076.1870513409,100076.201874
615936,512,13.977719583,100076.19866129989,100076.213490958
616448,512,13.989471417,100076.2102712159,100076.225179375
616960,512,14.000992458,100076.22188088289,100076.236736708
617472,512,14.012548542,100076.23349079989,100076.248329708
617984,512,14.024179,100076.2451007579,100076.25993712501
618496,512,14.035695667,100076.25671067489,100076.271489708
619008,512,14.047377917,100076.2683206329,100076.283154
619520,512,14.05897775,100076.2799305909,100076.29474550001
620032,512,14.070559417,100076.2915405079,100076.30634358301
620544,512,14.0822115,100076.30315046589,100076.31798370801
621056,512,14.093829458,100076.3147603829,100076.3295935
621568,512,14.105426333,100076.32637034089,100076.341193375
622080,512,14.116991208,100076.33798025789,100076.35276758301
622592,512,14.128700958,100076.34959021589,100076.36444300001
623104,512,14.140356333,100076.3612001749,100076.376096583
623616,512,14.151811708,100076.37281009089,100076.3876055
624128,512,14.163545917,100076.38442004989,100076.39929645801
624640,512,14.175000458,100076.3960299659,100076.410804041
625152,512,14.186686667,100076.40763992489,100076.42245908301
625664,512,14.198389875,100076.4192498409,100076.434116416
626176,512,14.209830292,100076.43085979989,100076.44563591601
626688,512,14.22165725,100076.4424697159,100076.45733383301
627200,512,14.233214292,100076.45407967489,100076.468953
627712,512,14.244757958,100076.4656896329,100076.48053041601
628224,512,14.256367458,100076.47729929989,100076.492135333
628736,512,14.268022125,100076.4889092159,100076.503771666
629248,512,14.279734958,100076.5005191749,100076.515432333
629760,512,14.291343208,100076.51212909089,100076.527041541
630272,512,14.302821625,100076.5237390499,100076.53858187501
630784,512,14.314436375,100076.53534896589,100076.55020308301
631296,512,14.326004458,100076.5469589249,100076.561780791
631808,512,14.337621,100076.55856888289,100076.57339
632320,512,14.349247625,100076.5701787999,100076.58501550001
632832,512,14.360851792,100076.58178875789,100076.596615666
633344,512,14.372404375,100076.59339867489,100076.60818704101
633856,512,14.384066917,100076.60500863289,100076.619828625
634368,512,14.395765042,100076.61661854989,100076.63149279101
634880,512,14.407299,100076.62822850789,100076.643061666
635392,512,14.418842917,100076.63983842489,100076.65463408301
635904,512,14.430522708,100076.6514483829,100076.66628650001
636416,512,14.442135042,100076.66305829989,100076.67789875
636928,512,14.453682417,100076.6746682579,100076.68946975001
637440,512,14.4652965,100076.6862781749,100076.701078208
637952,512,14.476925958,100076.6978881329,100076.712704541
638464,512,14.488511833,100076.70949809089,100076.72429962501
638976,512,14.500107917,100076.7211077999,100076.735904208
639488,512,14.5118055,100076.7327177579,100076.747563625
640000,512,14.523341958,100076.7443276749,100076.75912925
640512,512,14.534926292,100076.75593763289,100076.770723458
641024,512,14.546758167,100076.7675475499,100076.782301583
641536,512,14.558206792,100076.77915750789,100076.793983708
642048,512,14.569772292,100076.79076746589,100076.8055655
642560,512,14.58138675,100076.80237738289,100076.81718345801
643072,512,14.59314675,100076.8139873409,100076.82887137501
643584,512,14.604802625,100076.82559725789,100076.84050287501
644096,512,14.616283875,100076.8372072159,100076.852043125
644608,512,14.627995333,100076.8488171329,100076.863708375
645120,512,14.639548333,100076.8604270909,100076.875278666
645632,512,14.65109925,100076.8720370079,100076.886865291
646144,512,14.662666458,100076.88364696589,100076.898448458
646656,512,14.674240958,100076.8952568829,100076.910038666
647168,512,14.685906875,100076.90686684089,100076.92169016601
647680,512,14.697517167,100076.9184767579,100076.933295833
648192,512,14.709143958,100076.93008671589,100076.944914166
648704,512,14.720709,100076.94169663289,100076.956494875
649216,512,14.732362167,100076.95330659089,100076.968132833
649728,512,14.743915875,100076.96491996589,100076.97970520801
650240,512,14.755526833,100076.9765299249,100076.99131866601
650752,512,14.767352792,100076.98813984089,100077.003048333
651264,512,14.779031792,100076.9997497999,100077.01463462501
651776,512,14.790519042,100077.01135975789,100077.026239625
652288,512,14.802136542,100077.0229697159,100077.037849208
652800,512,14.813757125,100077.03457967489,100077.0494685
653312,512,14.825334583,100077.04618963289,100077.061057375
653824,512,14.836834083,100077.0577995909,100077.07260512501
654336,512,14.848497792,100077.0694095079,100077.08425695801
654848,512,14.860118875,100077.0810194659,100077.09586862501
655360,512,14.871669708,100077.0926294249,100077.107425625
655872,512,14.883309708,100077.1042393829,100077.119075083
656384,512,14.894882083,100077.11584934089,100077.13065600001
656896,512,14.906463083,100077.1274592999,100077.142249041
657408,512,14.918100667,100077.13906925789,100077.153886375
657920,512,14.929804583,100077.15067921589,100077.16554837501
658432,512,14.941390417,100077.16228913289,100077.17714804101
658944,512,14.952893708,100077.17389909089,100077.18868775001
659456,512,14.964480542,100077.18550904989,100077.200280666
659968,512,14.976247667,100077.19711900789,100077.2119925
660480,512,14.987856042,100077.2087289659,100077.22359545801
660992,512,14.999463833,100077.22033838289,100077.235195791
661504,512,15.010994917,100077.2319483409,100077.246764083
662016,512,15.022774417,100077.24355829989,100077.25847779101
662528,512,15.0342605,100077.25516825789,100077.27001916601
663040,512,15.04583075,100077.2667782159,100077.281615333
663552,512,15.0575805,100077.2783881329,100077.29330941601
664064,512,15.069100042,100077.2899980909,100077.30485775
664576,512,15.080606375,100077.3016080499,100077.31640158301
665088,512,15.092273583,100077.3132180079,100077.3280415
665600,512,15.103908375,100077.32482796589,100077.339673583
666112,512,15.115428792,100077.3364378829,100077.351224166
666624,512,15.127125292,100077.34804784089,100077.362884666
667136,512,15.138739792,100077.3596577999,100077.37449629101
667648,512,15.150289417,100077.37126775789,100077.386078333
668160,512,15.161977042,100077.38287771589,100077.397736083
668672,512,15.173523458,100077.39448767489,100077.409299583
669184,512,15.185242417,100077.4060975909,100077.420967375
669696,512,15.196905417,100077.41770754989,100077.432612375
670208,512,15.20839225,100077.4293175079,100077.444136833
670720,512,15.220014208,100077.4409274659,100077.455766041
671232,512,15.231730708,100077.45253742489,100077.467434916
671744,512,15.243180875,100077.4641473409,100077.47897170801
672256,512,15.254776917,100077.4757568409,100077.490559166
672768,512,15.266464417,100077.48736679989,100077.502214958
673280,512,15.278033792,100077.4989767579,100077.51378387501
673792,512,15.289720333,100077.51058667489,100077.525453416
674304,512,15.301311792,100077.5221966329,100077.537059708
674816,512,15.312956,100077.53380659089,100077.548673583
675328,512,15.3245195,100077.5454165499,100077.560259416
675840,512,15.336147208,100077.55702646589,100077.571889458
676352,512,15.347734875,100077.5686364249,100077.583496291
676864,512,15.359343083,100077.58024638289,100077.595094541
677376,512,15.370904875,100077.59185634089,100077.60667341601
677888,512,15.382494833,100077.60346625789,100077.618270833
678400,512,15.394137083,100077.6150762159,100077.629894583
678912,512,15.405697333,100077.62668617489,100077.641478541
679424,512,15.417357167,100077.63829613289,100077.653122916
679936,512,15.428995375,100077.6499060909,100077.664745916
680448,512,15.440564958,100077.6615160079,100077.6763415
680960,512,15.452114042,100077.6731259659,100077.687912958
681472,512,15.463766208,100077.6847359249,100077.6995475
681984,512,15.475454583,100077.6963458829,100077.711205375
682496,512,15.486974625,100077.7079557999,100077.722760958
683008,512,15.498605458,100077.71956534089,100077.7343845
683520,512,15.510232375,100077.7311752999,100077.74600095801
684032,512,15.521848417,100077.74278521589,100077.757632416
684544,512,15.533442792,100077.7543951749,100077.769229208
685056,512,15.545034458,100077.76600513289,100077.78082295801
685568,512,15.556649875,100077.77761509089,100077.792407125
686080,512,15.568243042,100077.78922500789,100077.804034083
686592,512,15.579876083,100077.80083496589,100077.815645958
687104,512,15.591580667,100077.81244492489,100077.827310041
687616,512,15.603200417,100077.82405488289,100077.83891379101
688128,512,15.614837,100077.83566479989,100077.85055070801
688640,512,15.626453792,100077.84727475789,100077.862166291
689152,512,15.637946,100077.8588847159,100077.873715416
689664,512,15.64957775,100077.8704946329,100077.885337625
690176,512,15.661156125,100077.8821045909,100077.89691175001
690688,512,15.672697292,100077.8937145499,100077.908490666
691200,512,15.684327083,100077.9053245079,100077.92011354101
691712,512,15.695968333,100077.9169344249,100077.931754666
692224,512,15.707543375,100077.92854438288,100077.94333304101
692736,512,15.71913375,100077.94015434089,100077.954940625
693248,512,15.730792958,100077.9517642999,100077.966577
693760,512,15.74239875,100077.96337421589,100077.978179375
694272,512,15.753926708,100077.9749837999,100077.98974016601
694784,512,15.765605917,100077.98659375789,100078.00139
695296,512,15.7772465,100077.9982036749,100078.013021583
695808,512,15.788892125,100078.00981363289,100078.02465758301
696320,512,15.800529,100078.0214235909,100078.036278
696832,512,15.812237417,100078.03303350789,100078.047946291
697344,512,15.823829,100078.0446434659,100078.059534375
697856,512,15.835192208,100078.05625342489,100078.071000875
698368,512,15.846954208,100078.0678633409,100078.08272
698880,512,15.858501375,100078.07947329989,100078.094276375
699392,512,15.87010125,100078.0910832579,100078.10589637501
699904,512,15.881730042,100078.1026931749,100078.117489458
700416,512,15.893337125,100078.1143031329,100078.12911170801
700928,512,15.90490925,100078.12591309089,100078.14069695801
701440,512,15.916504167,100078.1375230499,100078.152309333
701952,512,15.928162458,100078.14913296589,100078.16394266601
702464,512,15.93981275,100078.1607429249,100078.175576208
702976,512,15.951353958,100078.17235288289,100078.18714950001
703488,512,15.962975583,100078.18396279989,100078.19876041601
704000,512,15.974621958,100078.19557275789,100078.210386416
704512,512,15.986207583,100078.2071827159,100078.221987083
705024,512,15.997773083,100078.21879229989,100078.233574333
705536,512,16.009478125,100078.23040225789,100078.245239875
706048,512,16.021028708,100078.24201217489,100078.256806708
706560,512,16.032668208,100078.25362213289,100078.26844537501
707072,512,16.0443415,100078.2652320909,100078.280030208
707584,512,16.055899958,100078.2768420079,100078.29167237501
708096,512,16.067481792,100078.2884519659,100078.30326108301
708608,512,16.079137125,100078.30006192489,100078.314902708
709120,512,16.090731958,100078.31167184089,100078.326500166
709632,512,16.102379375,100078.3232817999,100078.338130416
710144,512,16.1139045,100078.3348917579,100078.349697291
710656,512,16.125549875,100078.3465016749,100078.36132400001
711168,512,16.137183833,100078.35811163289,100078.372947875
711680,512,16.148849542,100078.36972159089,100078.384605458
712192,512,16.160422625,100078.38133150789,100078.396178583
712704,512,16.172035,100078.39294146589,100078.40778987501
713216,512,16.183761333,100078.40455142489,100078.41946245801
713728,512,16.1953005,100078.4161613409,100078.43102437501
714240,512,16.206810125,100078.42777129989,100078.44257137501
714752,512,16.218436292,100078.4393812579,100078.454198666
715264,512,16.230204625,100078.45099117489,100078.46590158301
715776,512,16.241654833,100078.4626011329,100078.47742675
716288,512,16.253206167,100078.4742107579,100078.489005458
716800,512,16.264899667,100078.4858207159,100078.50066379101
717312,512,16.276494542,100078.4974306329,100078.512263833
717824,512,16.288061292,100078.50904059088,100078.523844708
718336,512,16.299750125,100078.5206505499,100078.53550320801
718848,512,16.311403667,100078.53226046589,100078.54714529101
719360,512,16.322979167,100078.5438704249,100078.558718
719872,512,16.334613167,100078.55548034089,100078.57035237501
720384,512,16.346208833,100078.5670902999,100078.58196308301
720896,512,16.357778417,100078.57870025789,100078.593555041
721408,512,16.369349292,100078.5903101749,100078.60512195801
721920,512,16.381152833,100078.60192013289,100078.6168635
722432,512,16.392696333,100078.6135300909,100078.628419875
722944,512,16.404177375,100078.62514000789,100078.639938791
723456,512,16.415772833,100078.6367499659,100078.651538291
723968,512,16.427453875,100078.64835988289,100078.663198625
724480,512,16.438972417,100078.6599698409,100078.67475812501
724992,512,16.450578375,100078.67157979989,100078.68636733301
725504,512,16.462186708,100078.6831897159,100078.69797570801
726016,512,16.473865042,100078.6947996749,100078.709622583
726528,512,16.485395708,100078.7064096329,100078.721192333
727040,512,16.497079625,100078.7180192999,100078.732845
727552,512,16.508630792,100078.72962921589,100078.74441912501
728064,512,16.520233083,100078.7412391749,100078.756022
728576,512,16.531834375,100078.75284909089,100078.767629041
729088,512,16.5435105,100078.7644590499,100078.779279166
729600,512,16.555124542,100078.77606900789,100078.79088979101
730112,512,16.5668355,100078.7876789249,100078.80257029101
730624,512,16.578337375,100078.79928888289,100078.814107708
731136,512,16.58998075,100078.81089879989,100078.825739
731648,512,16.601617458,100078.82250875789,100078.837372958
732160,512,16.613301208,100078.83411867489,100078.849004958
732672,512,16.624827167,100078.84572863289,100078.860565958
733184,512,16.636435083,100078.8573385909,100078.87217233301
733696,512,16.648023375,100078.8689485079,100078.883777708
734208,512,16.659616958,100078.8805584659,100078.89537675
734720,512,16.6712525,100078.8921683829,100078.906991375
735232,512,16.6828935,100078.90377834089,100078.918645166
735744,512,16.694414583,100078.9153882999,100078.930194333
736256,512,16.705967542,100078.92699821589,100078.941771583
736768,512,16.717594458,100078.9386081749,100078.95339400001
737280,512,16.72930575,100078.95021809089,100078.96506191601
737792,512,16.740838167,100078.9618280499,100078.97662537501
738304,512,16.752442833,100078.97343775789,100078.988236125
738816,512,16.764145417,100078.9850476749,100078.999899916
739328,512,16.775733417,100078.99665763289,100079.011495625
739840,512,16.787364125,100079.00826754989,100079.02312475
740352,512,16.79906125,100079.01987750789,100079.034769
740864,512,16.810680542,100079.03148742489,100079.04639366601
741376,512,16.822191833,100079.04309738289,100079.057922875
741888,512,16.833827583,100079.0547073409,100079.06956016601
742400,512,16.845343792,100079.0663172579,100079.08112662501
742912,512,16.856974625,100079.0779272159,100079.09274225001
743424,512,16.868581583,100079.0895371329,100079.104355791
743936,512,16.880159917,100079.10114709089,100079.115958208
744448,512,16.891869625,100079.1127570079,100079.12761933301
744960,512,16.903449875,100079.12436696589,100079.139211125
745472,512,16.915008875,100079.1359769249,100079.150794208
745984,512,16.926649542,100079.14758684089,100079.16241775
746496,512,16.938276167,100079.1591967999,100079.17403775001
747008,512,16.949783875,100079.17080671589,100079.18558633301
747520,512,16.961451708,100079.1824166749,100079.19723354101
748032,512,16.973105375,100079.19402659089,100079.208861541
748544,512,16.984706667,100079.20563654989,100079.22047095801
749056,512,16.996336292,100079.21724838289,100079.232101916
749568,512,17.00789375,100079.22885829989,100079.24366691601
750080,512,17.019552625,100079.24046825789,100079.25531945801
750592,512,17.031157833,100079.2520782159,100079.266922833
751104,512,17.042797583,100079.26368817489,100079.278546083
751616,512,17.054337667,100079.2752980909,100079.290118125
752128,512,17.065949375,100079.2869080499,100079.301723416
752640,512,17.077562083,100079.2985180079,100079.31333975
753152,512,17.089223167,100079.31012796589,100079.324974083
753664,512,17.1008565,100079.32173788288,100079.33660125
754176,512,17.112518542,100079.33334784089,100079.348255958
754688,512,17.123928667,100079.3449577999,100079.35972891601
755200,512,17.135530625,100079.35656775789,100079.371333666
755712,512,17.147197417,100079.36817771589,100079.38297716601
756224,512,17.16705175,100079.37978763289,100079.39460350001
756736,512,17.170453208,100079.3913975909,100079.406207791
757248,512,17.182074,100079.40300754989,100079.41782241601
757760,512,17.193655042,100079.4146175079,100079.42944341601
758272,512,17.205229292,100079.42622742489,100079.44100650001
758784,512,17.21684725,100079.4378373829,100079.452625291
759296,512,17.228521583,100079.44944734088,100079.464258
759808,512,17.240225083,100079.4610572999,100079.47594154101
760320,512,17.251626,100079.47266679989,100079.48742625001
760832,512,17.263436708,100079.4842767579,100079.49913866601
761344,512,17.275079458,100079.49588671589,100079.510787458
761856,512,17.286501042,100079.5074966749,100079.52227575
762368,512,17.298189292,100079.51910659089,100079.533933083
762880,512,17.309827333,100079.5307165499,100079.545564333
763392,512,17.321430958,100079.54232650789,100079.55716545801
763904,512,17.333116417,100079.55393646589,100079.56882066601
764416,512,17.344749708,100079.56554638289,100079.580457666
764928,512,17.356248792,100079.57715634089,100079.59198900001
765440,512,17.367903083,100079.58876629989,100079.603627416
765952,512,17.37951575,100079.6003762159,100079.61525287501
766464,512,17.391199583,100079.61198617489,100079.62689445801
766976,512,17.402685208,100079.6235961329,100079.63841854101
767488,512,17.414350292,100079.6352060909,100079.650075166
768000,512,17.425990708,100079.6468160079,100079.661711458
768512,512,17.437682625,100079.65842596588,100079.67337966601
769024,512,17.449113125,100079.6700359249,100079.684861791
769536,512,17.460694542,100079.68164584089,100079.696459041
770048,512,17.472297417,100079.6932557999,100079.708065875
770560,512,17.483848875,100079.70486575789,100079.719649833
771072,512,17.495563458,100079.7164753829,100079.73132620801
771584,512,17.507092625,100079.7280852999,100079.742879875
772096,512,17.518839375,100079.73969525789,100079.754594333
772608,512,17.530392458,100079.75130521589,100079.766161041
773120,512,17.541938167,100079.76291513289,100079.77772483301
773632,512,17.553515417,100079.77452509089,100079.78931225001
774144,512,17.565132625,100079.78613504989,100079.800927541
774656,512,17.576762667,100079.79774500789,100079.812551541
775168,512,17.588377125,100079.80935492489,100079.824161583
775680,512,17.600037875,100079.82096488289,100079.835803208
776192,512,17.611716917,100079.8325748409,100079.847458916
776704,512,17.62333275,100079.8441847579,100079.85906075001
777216,512,17.634895167,100079.8557947159,100079.870653291
777728,512,17.646432375,100079.8674046749,100079.88221987501
778240,512,17.65803075,100079.87901459089,100079.893825583
778752,512,17.669599875,100079.8906245499,100079.905395541
779264,512,17.681288,100079.9022345079,100079.91707329101
779776,512,17.692877333,100079.9138444249,100079.92866050001
780288,512,17.704475208,100079.92545438289,100079.94025887501
780800,512,17.716007583,100079.93706434089,100079.9518225
781312,512,17.727751042,100079.94867425789,100079.96351245801
781824,512,17.73931,100079.9602842159,100079.97509212501
782336,512,17.750841958,100079.97189384089,100079.986655333
782848,512,17.762564375,100079.98350375789,100079.99833191601
783360,512,17.774181875,100079.9951137159,100080.009948583
783872,512,17.785766125,100080.00672367489,100080.0215445
784384,512,17.797485375,100080.0183335909,100080.033208958
784896,512,17.809058333,100080.02994354989,100080.044806416
785408,512,17.820577458,100080.0415535079,100080.056357416
785920,512,17.832273333,100080.05316342489,100080.06801845801
786432,512,17.844043458,100080.0647733829,100080.079687833
786944,512,17.855353667,100080.07638334089,100080.091162291
787456,512,17.867106792,100080.0879932579,100080.10285133301
787968,512,17.878600417,100080.09960321589,100080.114396125
788480,512,17.8902635,100080.1112131749,100080.126032125
788992,512,17.901777708,100080.12282309089,100080.13758362501
789504,512,17.913440792,100080.1344330499,100080.14922008301
790016,512,17.925067125,100080.14604296589,100080.160851541
790528,512,17.936654042,100080.15765292489,100080.17245000001
791040,512,17.948296833,100080.16926288289,100080.184084416
791552,512,17.959937792,100080.18087279989,100080.195705791
792064,512,17.971586542,100080.19248275789,100080.207338166
792576,512,17.9831975,100080.2040927159,100080.218953916
793088,512,17.994811292,100080.2157023409,100080.23055945801
793600,512,18.006388917,100080.22731229989,100080.24213125001
794112,512,18.018032875,100080.2389222159,100080.25374912501
794624,512,18.02960125,100080.25053217489,100080.2653715
795136,512,18.041200458,100080.2621421329,100080.27696062501
795648,512,18.052777375,100080.27375204989,100080.28856308301
796160,512,18.064463042,100080.2853620079,100080.30021991601
796672,512,18.075999833,100080.2969719249,100080.31177625
797184,512,18.087595125,100080.3085818829,100080.32337908301
797696,512,18.099276333,100080.32019184089,100080.33503795801
798208,512,18.110928875,100080.33180175789,100080.346674625
798720,512,18.122581208,100080.34341171589,100080.358298291
799232,512,18.134071542,100080.35502163289,100080.369842625
799744,512,18.145622042,100080.36663159089,100080.38142262501
800256,512,18.157283583,100080.37824154989,100080.393054375
800768,512,18.168841583,100080.3898514659,100080.4046375
801280,512,18.1804675,100080.40146142489,100080.416263583
801792,512,18.192152458,100080.41307138289,100080.427908458
802304,512,18.203714542,100080.42468129989,100080.439481458
802816,512,18.215331667,100080.4362912579,100080.45110766601
803328,512,18.226922958,100080.44790117489,100080.462711
803840,512,18.238544667,100080.4595111329,100080.47432145801
804352,512,18.250123,100080.4711208409,100080.485924166
804864,512,18.261742333,100080.4827307999,100080.497530791
805376,512,18.273317417,100080.49434071589,100080.50911483301
805888,512,18.284917083,100080.5059506749,100080.52072495801
806400,512,18.296612958,100080.51756063288,100080.532387333
806912,512,18.308244792,100080.5291705499,100080.54401133301
807424,512,18.319738292,100080.54078050789,100080.55554425
807936,512,18.331430917,100080.5523904249,100080.56720475001
808448,512,18.343154167,100080.56400038289,100080.5788845
808960,512,18.354686625,100080.5756103409,100080.59043937501
809472,512,18.366421125,100080.58722025789,100080.602125708
809984,512,18.378050292,100080.5988302159,100080.613745666
810496,512,18.389601,100080.61044013289,100080.625333916
811008,512,18.401198,100080.6220500909,100080.63691470801
811520,512,18.412872667,100080.63366004989,100080.64857087501
812032,512,18.424401917,100080.6452699659,100080.660128125
812544,512,18.436026667,100080.65687992489,100080.671749
813056,512,18.4475955,100080.66848984089,100080.683345875
813568,512,18.459195625,100080.6800997999,100080.694949375
814080,512,18.470737708,100080.6917097579,100080.706522291
814592,512,18.482388583,100080.7033196749,100080.71815445801
815104,512,18.493942042,100080.71492963289,100080.72972620801
815616,512,18.50553325,100080.7265392999,100080.741327833
816128,512,18.517123167,100080.73814925789,100080.75292762501
816640,512,18.52880325,100080.7497591749,100080.76458045801
817152,512,18.540378833,100080.76136913289,100080.77616875
817664,512,18.551980583,100080.77297909089,100080.78776612501
818176,512,18.563610875,100080.78458900789,100080.799390125
818688,512,18.57523525,100080.7961989659,100080.81101608301
819200,512,18.586826958,100080.80780888289,100080.822612375
819712,512,18.598476375,100080.8194188409,100080.83424675
820224,512,18.610137083,100080.8310287579,100080.845885666
820736,512,18.621731625,100080.8426387159,100080.85748212501
821248,512,18.633448,100080.85424867489,100080.869149916
821760,512,18.644959417,100080.86585859089,100080.88068125001
822272,512,18.656545958,100080.8774685499,100080.892306958
822784,512,18.668087208,100080.88907846589,100080.9038745
823296,512,18.67963875,100080.9006884249,100080.91545337501
823808,512,18.691361667,100080.91229834089,100080.927131791
824320,512,18.702931333,100080.9239082999,100080.93871433301
824832,512,18.714517167,100080.93551825789,100080.950319541
825344,512,18.726126042,100080.9471281749,100080.961918125
825856,512,18.737776375,100080.95873813289,100080.973554333
826368,512,18.749355583,100080.97034788289,100080.985152958
826880,512,18.761020375,100080.98195779989,100080.9967895
827392,512,18.772613333,100080.99356775789,100081.00839087501
827904,512,18.78419725,100081.0051777159,100081.019987708
828416,512,18.795954958,100081.01678763289,100081.031675
828928,512,18.807400417,100081.0283975909,100081.043187666
829440,512,18.819076792,100081.0400075079,100081.054839
829952,512,18.83074575,100081.0516174659,100081.066479916
830464,512,18.842392083,100081.0632273829,100081.07809883301
830976,512,18.853784833,100081.07483734089,100081.089597166
831488,512,18.865585375,100081.0864472579,100081.101361041
832000,512,18.877066917,100081.09805721589,100081.112857083
832512,512,18.88876975,100081.1096671749,100081.124522875
833024,512,18.90034475,100081.12127709089,100081.13610825001
833536,512,18.911858083,100081.1328870499,100081.147673208
834048,512,18.923543583,100081.14449696589,100081.159315583
834560,512,18.93507525,100081.15610692489,100081.17087975
835072,512,18.946717375,100081.1677168409,100081.182516
835584,512,18.958337375,100081.17932679989,100081.194121666
836096,512,18.969963333,100081.1909367159,100081.20575125
836608,512,18.981609792,100081.20254667489,100081.21739037501
837120,512,18.993276125,100081.21415642489,100081.22901320801
837632,512,19.004788292,100081.2257663409,100081.24056987501
838144,512,19.01671475,100081.23737629989,100081.25219629101
838656,512,19.028038708,100081.2489862159,100081.263808666
839168,512,19.0396515,100081.26059617489,100081.27542383301
839680,512,19.051155625,100081.27220609089,100081.28696683301
840192,512,19.062882417,100081.2838160499,100081.29864904101
840704,512,19.074567833,100081.29542596589,100081.310282666
841216,512,19.086054125,100081.3070359249,100081.321837208
841728,512,19.0977465,100081.31864584089,100081.33350595801
842240,512,19.1103485,100081.3302557999,100081.345162333
842752,512,19.120928,100081.34186571589,100081.356696791
843264,512,19.132576833,100081.35347567488,100081.368338625
843776,512,19.144209875,100081.36508559089,100081.37995658301
844288,512,19.155829708,100081.37669554989,100081.391570666
844800,512,19.167415042,100081.38830550789,100081.403168833
845312,512,19.178975667,100081.39991542489,100081.41473775
845824,512,19.190727792,100081.4115253829,100081.42644520801
846336,512,19.202295208,100081.42313529989,100081.438013916
846848,512,19.213762,100081.4347452579,100081.449552166
847360,512,19.225396833,100081.44635517489,100081.46117158301
847872,512,19.237072833,100081.4579651329,100081.472824333
848384,512,19.248635958,100081.4695770499,100081.484415583
848896,512,19.260256542,100081.4811870079,100081.496028166
849408,512,19.271904292,100081.49279696589,100081.5076485
849920,512,19.28350275,100081.5044069249,100081.51926500001
850432,512,19.295118375,100081.51601684089,100081.530873208
850944,512,19.306707792,100081.52762679989,100081.542470916
851456,512,19.318314917,100081.53923675789,100081.554086958
851968,512,19.330008792,100081.5508467159,100081.56573995801
852480,512,19.341562125,100081.56245663289,100081.577314333
852992,512,19.353124167,100081.5740665909,100081.588893583
853504,512,19.364859083,100081.58567654989,100081.600575666
854016,512,19.376393708,100081.5972865079,100081.612109875
854528,512,19.388065583,100081.60889642489,100081.623780541
855040,512,19.399744875,100081.6205063829,100081.63542995801
855552,512,19.411293583,100081.63211634089,100081.64701295801
856064,512,19.422782708,100081.6437262579,100081.658550958
856576,512,19.4343095,100081.65533621589,100081.67010462501
857088,512,19.44601625,100081.6669461749,100081.681790125
857600,512,19.4575745,100081.67855613289,100081.693361375
858112,512,19.469176042,100081.6901660499,100081.704972583
858624,512,19.480783,100081.70177600789,100081.71658025001
859136,512,19.492412542,100081.7133859659,100081.728198208
859648,512,19.504017667,100081.7249955499,100081.739802083
860160,512,19.515543167,100081.73660550789,100081.75135570801
860672,512,19.527331333,100081.7482154659,100081.763032541
861184,512,19.538844167,100081.75982538289,100081.77462745801
861696,512,19.550423708,100081.7714353409,100081.786225541
862208,512,19.562137792,100081.78304529989,100081.797893291
862720,512,19.573786708,100081.7946552579,100081.809494208
863232,512,19.585343,100081.80626517489,100081.82109075
863744,512,19.597106625,100081.8178751329,100081.83276425001
864256,512,19.608711208,100081.82948509089,100081.8443965
864768,512,19.620154,100081.8410950079,100081.85590854101
865280,512,19.6320075,100081.85270496589,100081.867603958
865792,512,19.643467458,100081.8643149249,100081.879190041
866304,512,19.654990667,100081.87592484089,100081.890745083
866816,512,19.666551875,100081.8875347999,100081.90233925001
867328,512,19.67820375,100081.89914475789,100081.913972708
867840,512,19.689855833,100081.9107547159,100081.925618458
868352,512,19.701407208,100081.92236463289,100081.93718666601
868864,512,19.712961458,100081.9339745909,100081.94876270801
869376,512,19.724594083,100081.94558454989,100081.960383375
869888,512,19.73626,100081.9571944659,100081.972027875
870400,512,19.747812458,100081.96880413289,100081.983612625
870912,512,19.7594765,100081.98041404989,100081.99524416601
871424,512,19.771079542,100081.9920240079,100082.00685179101
871936,512,19.782669083,100082.0036339659,100082.01845700001
872448,512,19.794264833,100082.0152438829,100082.030048625
872960,512,19.805837208,100082.02685384089,100082.041632166
873472,512,19.8176305,100082.0384637999,100082.053365458
873984,512,19.829157792,100082.05007371589,100082.064920666
874496,512,19.840741833,100082.0616836749,100082.076513416
875008,512,19.852363208,100082.07329363289,100082.088127583
875520,512,19.863999917,100082.0849035499,100082.09975679101
876032,512,19.875534125,100082.09651350789,100082.11130783301
876544,512,19.887134333,100082.10812346589,100082.12291183301
877056,512,19.898809958,100082.11973338289,100082.13456408301
877568,512,19.910437,100082.1313433409,100082.146183291
878080,512,19.922040667,100082.14295329989,100082.157789666
878592,512,19.933662833,100082.1545632159,100082.16942366601
879104,512,19.945367417,100082.16617317489,100082.181059958
879616,512,19.95681325,100082.1777831329,100082.192590166
880128,512,19.968720542,100082.18939304989,100082.204192833
880640,512,19.980045625,100082.2010030079,100082.215820375
881152,512,19.991748625,100082.21261267489,100082.227478333
881664,512,20.003280042,100082.2242226329,100082.239047458
882176,512,20.014856667,100082.2358325499,100082.25064054101
882688,512,20.026593125,100082.2474425079,100082.262322291
883200,512,20.038319625,100082.25905246589,100082.273943791
883712,512,20.049713875,100082.27066238289,100082.28549600001
884224,512,20.06138075,100082.28227234089,100082.29713020801
884736,512,20.073020667,100082.2938822999,100082.308763541
885248,512,20.084480083,100082.30549221589,100082.32027750001
885760,512,20.096136542,100082.31710217489,100082.33191437501
886272,512,20.107878458,100082.32871213289,100082.343607083
886784,512,20.119389667,100082.34032204989,100082.355157041
887296,512,20.1310025,100082.35193200789,100082.36676445801
887808,512,20.142925958,100082.36354192489,100082.378384291
888320,512,20.154206042,100082.3751518829,100082.38998225001
888832,512,20.165872208,100082.3867618409,100082.401632875
889344,512,20.177403333,100082.3983717579,100082.413186916
889856,512,20.189140542,100082.40998171589,100082.42486070801
890368,512,20.20081175,100082.4215916749,100082.43650737501
890880,512,20.212395042,100082.43320159089,100082.44809916601
891392,512,20.22394875,100082.4448115499,100082.459682875
891904,512,20.235599792,100082.45642150789,100082.471324208
892416,512,20.247113875,100082.4680311749,100082.482874791
892928,512,20.258663208,100082.47964113289,100082.49444141601
893440,512,20.270329,100082.4912510499,100082.50608529101
893952,512,20.2819905,100082.50286100789,100082.517742625
894464,512,20.293596083,100082.51447096589,100082.529350458
894976,512,20.305193792,100082.52608088289,100082.54094237501
895488,512,20.316757292,100082.5376908409,100082.55253300001
896000,512,20.328391375,100082.54930079989,100082.56414875001
896512,512,20.339917583,100082.5609107159,100082.57570108301
897024,512,20.351471042,100082.57252067489,100082.587286458
897536,512,20.363266792,100082.5841305909,100082.59900216601
898048,512,20.374865542,100082.59574054989,100082.610603958
898560,512,20.386399417,100082.6073505079,100082.62215625
899072,512,20.398191875,100082.6189604249,100082.633891833
899584,512,20.409604042,100082.6305703829,100082.645371666
900096,512,20.421266208,100082.6421802999,100082.65700358301
900608,512,20.43301,100082.65379025789,100082.668701625
901120,512,20.444621542,100082.66540021589,100082.68032441601
901632,512,20.456131792,100082.67701013289,100082.69186225001
902144,512,20.4676015,100082.68862009089,100082.703401125
902656,512,20.479228667,100082.70023004989,100082.715021083
903168,512,20.49084375,100082.7118399659,100082.726632916
903680,512,20.502457083,100082.72344967489,100082.73825733301
904192,512,20.514009667,100082.73505963289,100082.74981895801
904704,512,20.525724708,100082.7466695909,100082.76149975
905216,512,20.537293958,100082.75827950789,100082.773082333
905728,512,20.548836708,100082.7698894659,100082.78465066601
906240,512,20.560513042,100082.7814993829,100082.79629912501
906752,512,20.572153583,100082.7931093409,100082.807927625
907264,512,20.583678917,100082.8047192999,100082.81948620801
907776,512,20.595403875,100082.81632921589,100082.83116687501
908288,512,20.607028875,100082.8279391749,100082.84278437501
908800,512,20.618597667,100082.83954909089,100082.854369416
909312,512,20.630286917,100082.8511590499,100082.866021833
909824,512,20.641826958,100082.86276900789,100082.877588958
910336,512,20.653404125,100082.8743789249,100082.889188333
910848,512,20.665058292,100082.88598888289,100082.900823
911360,512,20.676616,100082.89759879989,100082.912399458
911872,512,20.688214542,100082.90920875789,100082.924005416
912384,512,20.699857708,100082.92081867489,100082.935634791
912896,512,20.711471583,100082.93242863289,100082.947235375
913408,512,20.723060292,100082.9440385909,100082.958840291
913920,512,20.734684208,100082.9556485079,100082.97045600001
914432,512,20.74638,100082.9672582579,100082.982033708
914944,512,20.757897583,100082.9788682159,100082.993679666
915456,512,20.76948125,100082.9904781329,100083.005272416
915968,512,20.781100292,100083.00208809089,100083.01688704101
916480,512,20.792894958,100083.0136980079,100083.02861116601
916992,512,20.804410958,100083.02530796589,100083.040155208
917504,512,20.816024458,100083.0369178829,100083.051778166
918016,512,20.827585042,100083.04852784089,100083.06335350001
918528,512,20.839169708,100083.0601377999,100083.07494704101
919040,512,20.850784625,100083.07174771589,100083.08656720801
919552,512,20.862472792,100083.0833576749,100083.098214875
920064,512,20.8739525,100083.09496759089,100083.109745833
920576,512,20.885611417,100083.10657754989,100083.121392
921088,512,20.897376458,100083.1181874659,100083.133092541
921600,512,20.908884708,100083.12979742489,100083.14465658301
922112,512,20.920420167,100083.1414073829,100083.156212791
922624,512,20.932167167,100083.15301729989,100083.16790512501
923136,512,20.943808375,100083.1646272579,100083.17953783301
923648,512,20.955362958,100083.17623717489,100083.191108083
924160,512,20.966949708,100083.1878471329,100083.20270654101
924672,512,20.978544,100083.1994570499,100083.214301
925184,512,20.990219458,100083.2110670079,100083.225949916
925696,512,21.001776042,100083.2226767579,100083.237523
926208,512,21.013362875,100083.23428671589,100083.24912837501
926720,512,21.025034042,100083.24589663288,100083.260759583
927232,512,21.03654475,100083.25750659089,100083.27231670801
927744,512,21.048158875,100083.26911650789,100083.283940458
928256,512,21.059780958,100083.28072646589,100083.295539625
928768,512,21.07141325,100083.29233642489,100083.30716787501
929280,512,21.08299975,100083.3039463409,100083.318777916
929792,512,21.09469925,100083.31555629989,100083.33043258301
930304,512,21.106296417,100083.3271662159,100083.342039041
930816,512,21.117810542,100083.33877617489,100083.353593
931328,512,21.129475875,100083.3503860909,100083.365224875
931840,512,21.141071708,100083.36199604989,100083.37682945801
932352,512,21.152620083,100083.3736059659,100083.388405958
932864,512,21.164394667,100083.38521592489,100083.400094875
933376,512,21.175855167,100083.3968258829,100083.41163591601
933888,512,21.18751675,100083.4084357999,100083.423275583
934400,512,21.199250208,100083.4200457579,100083.434938125
934912,512,21.2107435,100083.4316556749,100083.44647212501
935424,512,21.222339917,100083.44326563289,100083.458095041
935936,512,21.234011833,100083.4548755499,100083.469751291
936448,512,21.245608625,100083.46648550789,100083.481359875
936960,512,21.257217708,100083.47809525789,100083.49295870801
937472,512,21.268800292,100083.48970521589,100083.50455083301
937984,512,21.280436375,100083.50131517489,100083.51618904101
938496,512,21.292092583,100083.5129250909,100083.527822375
939008,512,21.303721917,100083.52453504989,100083.539451958
939520,512,21.3151055,100083.5361449659,100083.550915625
940032,512,21.326733417,100083.54775492489,100083.56253037501
940544,512,21.338406375,100083.5593648409,100083.574160666
941056,512,21.350008917,100083.57097479989,100083.5857865
941568,512,21.361562833,100083.58258471588,100083.59735187501
942080,512,21.373222542,100083.5941946749,100083.60899545801
942592,512,21.384876667,100083.60580459089,100083.62062175
943104,512,21.396514292,100083.6174145499,100083.63228166601
943616,512,21.408026417,100083.62902446589,100083.643814333
944128,512,21.419649833,100083.6406344249,100083.6554205
944640,512,21.431309125,100083.65224438289,100083.66707333301
945152,512,21.4428685,100083.6638542999,100083.67866141601
945664,512,21.45462825,100083.67546425789,100083.690336125
946176,512,21.466211958,100083.68707417489,100083.701939791
946688,512,21.477697875,100083.69868413289,100083.713480166
947200,512,21.489348792,100083.71029404989,100083.725120958
947712,512,21.501033542,100083.72190671589,100083.73678012501
948224,512,21.51266775,100083.7335166749,100083.74842512501
948736,512,21.524288833,100083.74512663289,100083.760017458
949248,512,21.535805875,100083.75673659089,100083.77156325
949760,512,21.547475792,100083.76834654988,100083.78322466601
950272,512,21.559062708,100083.77995646589,100083.7948055
950784,512,21.570621375,100083.79156642489,100083.80638975001
951296,512,21.582243917,100083.80317638289,100083.81801179101
951808,512,21.593913667,100083.8147863409,100083.829651541
952320,512,21.605545125,100083.82639629989,100083.84127383301
952832,512,21.6171435,100083.8380062579,100083.852873208
953344,512,21.628882833,100083.84961617489,100083.864535208
953856,512,21.640344167,100083.8612261329,100083.87609179101
954368,512,21.651867125,100083.87283609089,100083.887650958
954880,512,21.663650833,100083.8844460499,100083.89936170801
955392,512,21.675140083,100083.89605600788,100083.910894875
955904,512,21.686730625,100083.9076659249,100083.92250025
956416,512,21.69835425,100083.91927588289,100083.934124
956928,512,21.709965333,100083.93088584089,100083.94573200001
957440,512,21.721567292,100083.94249579989,100083.957335083
957952,512,21.733211708,100083.95410575789,100083.96896629101
958464,512,21.744789917,100083.96571534089,100083.98055400001
958976,512,21.756462292,100083.97732525789,100083.99219808301
959488,512,21.768090042,100083.9889352159,100084.00381583301
960000,512,21.779642958,100084.00054517489,100084.015389958
960512,512,21.791293667,100084.01215513289,100084.027030041
961024,512,21.802842458,100084.02376504989,100084.038592833
961536,512,21.814479958,100084.0353750079,100084.050212625
962048,512,21.82606075,100084.0469849659,100084.06182245801
962560,512,21.837646208,100084.05859492489,100084.07341475
963072,512,21.849325792,100084.0702048829,100084.08507645801
963584,512,21.860895333,100084.0818147999,100084.096649041
964096,512,21.872504958,100084.0934247579,100084.10826183301
964608,512,21.884072458,100084.10503471589,100084.119855291
965120,512,21.895801042,100084.1166446749,100084.131514708
965632,512,21.90737475,100084.12825459089,100084.143120708
966144,512,21.918907458,100084.13986454988,100084.154684416
966656,512,21.930651208,100084.15147450789,100084.166380416
967168,512,21.94216975,100084.1630844659,100084.17793087501
967680,512,21.953798625,100084.17469442489,100084.189553958
968192,512,21.965401333,100084.1863043409,100084.20116275
968704,512,21.977012875,100084.19791429989,100084.21276812501
969216,512,21.988673958,100084.2095242579,100084.224399166
969728,512,22.000286917,100084.22113379989,100084.23600729101
970240,512,22.0119665,100084.2327437579,100084.247629708
970752,512,22.023510375,100084.2443537159,100084.259235416
971264,512,22.035033125,100084.25596367489,100084.270792625
971776,512,22.046673417,100084.26757359089,100084.28240695801
972288,512,22.058288917,100084.2791835499,100084.294035458
972800,512,22.06985475,100084.2907935079,100084.305619916
973312,512,22.081467458,100084.30240346589,100084.31724154101
973824,512,22.093155333,100084.31401338289,100084.32890175
974336,512,22.104722583,100084.32562334089,100084.340461875
974848,512,22.116384542,100084.3372332999,100084.35211366601
975360,512,22.127973667,100084.34884325789,100084.363712833
975872,512,22.139557083,100084.36045317489,100084.37530254101
976384,512,22.151209292,100084.37206313289,100084.38693970801
976896,512,22.162782542,100084.3836730909,100084.398526666
977408,512,22.174391708,100084.39528300789,100084.410142875
977920,512,22.185879042,100084.4068929659,100084.42166545801
978432,512,22.197644917,100084.41850292489,100084.43337737501
978944,512,22.209221708,100084.4301128829,100084.444955333
979456,512,22.220763167,100084.4417227999,100084.456520708
979968,512,22.232340542,100084.4533327579,100084.46811766601
980480,512,22.243992542,100084.46494271589,100084.47976075001
980992,512,22.255671583,100084.47655234089,100084.491420666
981504,512,22.267313875,100084.4881622999,100084.503040166
982016,512,22.278891333,100084.4997722579,100084.514629583
982528,512,22.29055475,100084.51138221589,100084.52628004101
983040,512,22.3020635,100084.52299213289,100084.53783216601
983552,512,22.31372675,100084.53460209089,100084.54945995801
984064,512,22.325414333,100084.54621204989,100084.561048916
984576,512,22.336849417,100084.5578219659,100084.57261450001
985088,512,22.348472083,100084.56943192489,100084.58424654101
985600,512,22.360135375,100084.58104188289,100084.59588920801
986112,512,22.371688208,100084.5926518409,100084.607461416
986624,512,22.38328525,100084.6042617579,100084.61906762501
987136,512,22.39500025,100084.6158717159,100084.630736291
987648,512,22.406611042,100084.62748167489,100084.642342541
988160,512,22.418211958,100084.63909159089,100084.65394608301
988672,512,22.429917333,100084.6507015499,100084.66561333301
989184,512,22.441444458,100084.6623115079,100084.677172166
989696,512,22.452932208,100084.6739214249,100084.688714958
990208,512,22.4647425,100084.68553138289,100084.700441583
990720,512,22.476280875,100084.69714134089,100084.7119835
991232,512,22.487834833,100084.7087512999,100084.723587
991744,512,22.49945975,100084.7203609249,100084.735223208
992256,512,22.51111,100084.73197084089,100084.74683754101
992768,512,22.522612292,100084.7435807999,100084.7583935
993280,512,22.534223542,100084.75519075789,100084.77000620801
993792,512,22.545798375,100084.76680067489,100084.781591291
994304,512,22.557405375,100084.77841063289,100084.79319975001
994816,512,22.569010792,100084.7900205909,100084.804806208
995328,512,22.580649625,100084.80163050789,100084.816430791
995840,512,22.592457625,100084.8132404659,100084.828157041
996352,512,22.604024375,100084.82485042489,100084.83973733301
996864,512,22.615578458,100084.8364603829,100084.85131270801
997376,512,22.627228375,100084.8480702999,100084.862950625
997888,512,22.63887,100084.8596802579,100084.87458966601
998400,512,22.65027975,100084.87129021589,100084.886078875
998912,512,22.661978208,100084.88290013288,100084.897736625
999424,512,22.673771208,100084.89451009089,100084.90934616601
999936,512,22.685442,100084.9061200499,100084.92092500001
1000448,512,22.6967715,100084.91772996589,100084.93254916601
1000960,512,22.708356542,100084.92933992489,100084.944142541
1001472,512,22.719964208,100084.94094988289,100084.955763416
1001984,512,22.731579708,100084.95255979989,100084.96736758301
1002496,512,22.743231792,100084.9641694659,100084.979004458
1003008,512,22.754848792,100084.97577942489,100084.99056408301
1003520,512,22.76641975,100084.9873893409,100085.00220083301
1004032,512,22.7779905,100084.99899929989,100085.013785
1004544,512,22.789619208,100085.0106092579,100085.02540675
1005056,512,22.801289958,100085.02221917489,100085.037043666
1005568,512,22.812854167,100085.0338291329,100085.048633041
1006080,512,22.824486792,100085.04543909089,100085.060263458
1006592,512,22.836061625,100085.0570490079,100085.071848583
1007104,512,22.847648708,100085.06865896589,100085.08344616601
1007616,512,22.859303958,100085.0802689249,100085.095084
1008128,512,22.870913667,100085.09187884089,100085.10669270801
1008640,512,22.88257825,100085.1034887999,100085.11834500001
1009152,512,22.894163,100085.11509875789,100085.1299295
1009664,512,22.90575775,100085.12670867488,100085.14151954101
1010176,512,22.917446667,100085.13831863289,100085.153171625
1010688,512,22.929043625,100085.14992854989,100085.16479387501
1011200,512,22.940569167,100085.16153850789,100085.17634375
1011712,512,22.952124708,100085.1731484659,100085.18792816601
1012224,512,22.963954208,100085.1847583829,100085.199664916
1012736,512,22.975444958,100085.1963683409,100085.21120825001
1013248,512,22.986982792,100085.20797829989,100085.222773375
1013760,512,22.998794125,100085.2195880079,100085.23450008301
1014272,512,23.010407,100085.2311979659,100085.24611208301
1014784,512,23.021942708,100085.2428079249,100085.25767766601
1015296,512,23.033560792,100085.25441784089,100085.26930254101
1015808,512,23.045261042,100085.2660277999,100085.280870666
1016320,512,23.056667625,100085.27763771589,100085.292446833
1016832,512,23.068250833,100085.2892476749,100085.30403854101
1017344,512,23.079859708,100085.30085763289,100085.315660583
1017856,512,23.091608958,100085.3124675499,100085.3273475
1018368,512,23.103090417,100085.32407750789,100085.338871333
1018880,512,23.114696625,100085.3356874659,100085.35048758301
1019392,512,23.126336792,100085.34729738289,100085.362097958
1019904,512,23.13800025,100085.3589073409,100085.37375337501
1020416,512,23.149519625,100085.37051725789,100085.385314583
1020928,512,23.161241792,100085.3821272159,100085.39698625001
1021440,512,23.172918708,100085.39373717489,100085.408641666
1021952,512,23.18443825,100085.4053470909,100085.420204875
1022464,512,23.196148667,100085.41695704989,100085.4318605
1022976,512,23.207601375,100085.4285670079,100085.443376416
1023488,512,23.219265625,100085.4401769249,100085.45502466601
1024000,512,23.230976542,100085.4517868829,100085.46668337501
1024512,512,23.242424,100085.4633967999,100085.478198208
1025024,512,23.254005,100085.4750065079,100085.489801
1025536,512,23.265750292,100085.48661646589,100085.50149183301
1026048,512,23.277320083,100085.4982264249,100085.513077708
1026560,512,23.288876125,100085.50983634089,100085.524654416
1027072,512,23.300551375,100085.5214462999,100085.536287416
1027584,512,23.312101208,100085.53305621589,100085.54788270801
1028096,512,23.323923292,100085.54466617489,100085.55949216601
1028608,512,23.335301542,100085.55627613289,100085.57108000001
1029120,512,23.346916042,100085.56788604989,100085.582702875
1029632,512,23.35862,100085.5794960079,100085.594364541
1030144,512,23.370190792,100085.59110592489,100085.60595350001
1030656,512,23.381804875,100085.6027158829,100085.6175725
1031168,512,23.393503167,100085.6143258409,100085.629224416
1031680,512,23.405060875,100085.6259357579,100085.640790791
1032192,512,23.41670175,100085.63754571589,100085.65242291601
1032704,512,23.428382,100085.6491556749,100085.66407695801
1033216,512,23.439877208,100085.66076559089,100085.67561087501
1033728,512,23.451469667,100085.6723755499,100085.687216791
1034240,512,23.463120083,100085.68398546589,100085.698840375
1034752,512,23.474622708,100085.6955954249,100085.710400458
1035264,512,23.486248167,100085.70720538289,100085.722012708
1035776,512,23.49812925,100085.71881509089,100085.733641166
1036288,512,23.50944875,100085.73042504989,100085.745226083
1036800,512,23.521039208,100085.7420349659,100085.75683725001
1037312,512,23.532674125,100085.75364492489,100085.768451833
1037824,512,23.544358333,100085.7652548409,100085.780080291
1038336,512,23.555913625,100085.77686479989,100085.79168504101
1038848,512,23.567524292,100085.7884747579,100085.803296083
1039360,512,23.579112917,100085.80008467489,100085.814888666
1039872,512,23.590850292,100085.8116946329,100085.826580416
1040384,512,23.602455167,100085.8233045499,100085.83818050001
1040896,512,23.614140625,100085.8349145079,100085.84983625001
1041408,512,23.625575792,100085.8465244249,100085.861352958
1041920,512,23.637332958,100085.8581343829,100085.87305895801
1042432,512,23.648811458,100085.86974434089,100085.884579666
1042944,512,23.660384125,100085.88135425789,100085.89615620801
1043456,512,23.672016167,100085.89296421589,100085.907786458
1043968,512,23.68359575,100085.90457413289,100085.919382458
1044480,512,23.695230417,100085.9161840909,100085.93100279101
1044992,512,23.706815583,100085.92779404989,100085.942596416
1045504,512,23.718429958,100085.9394039659,100085.95421325
1046016,512,23.730072375,100085.95101392489,100085.965841625
1046528,512,23.741644417,100085.9626238409,100085.977427125
1047040,512,23.753247583,100085.9742347999,100085.989028708
1047552,512,23.7648845,100085.98584475789,100086.00066037501
1048064,512,23.776448625,100085.99745467489,100086.01223958301
1048576,512,23.7881015,100086.00906463289,100086.023877333
1049088,512,23.799869875,100086.0206745909,100086.035566166
1049600,512,23.811341667,100086.03228450789,100086.04710291601
1050112,512,23.822965583,100086.0438944659,100086.05872204101
1050624,512,23.834456667,100086.05550442489,100086.070262708
1051136,512,23.846106,100086.0671143409,100086.08190637501
1051648,512,23.857748208,100086.07872429989,100086.093526208
1052160,512,23.869330833,100086.0903342579,100086.10512033301
1052672,512,23.881005375,100086.1019441749,100086.116778875
1053184,512,23.892562792,100086.1135541329,100086.12835375001
1053696,512,23.904229333,100086.12516409089,100086.13998920801
1054208,512,23.915882792,100086.13677400789,100086.15164520801
1054720,512,23.927495583,100086.14838396589,100086.1632395
1055232,512,23.939095792,100086.1599939249,100086.17485266601
1055744,512,23.950647292,100086.17160384089,100086.18643229101
1056256,512,23.962355667,100086.18321379989,100086.198081291
1056768,512,23.973957,100086.19482375789,100086.20970175
1057280,512,23.98545025,100086.20643367489,100086.221228958
1057792,512,23.997202875,100086.21804338289,100086.232921541
1058304,512,24.008848583,100086.2296533409,100086.24454066601
1058816,512,24.020313833,100086.24126329989,100086.25607220801
1059328,512,24.031931417,100086.2528732159,100086.26769595801
1059840,512,24.043509125,100086.26448317489,100086.27928954101
1060352,512,24.055204875,100086.2760931329,100086.29094725
1060864,512,24.067193333,100086.2877030499,100086.30256912501
1061376,512,24.07833,100086.2993130079,100086.31412158301
1061888,512,24.089973292,100086.31092296589,100086.32574150001
1062400,512,24.101611583,100086.32253288288,100086.337376416
1062912,512,24.113225375,100086.33414284089,100086.34899858301
1063424,512,24.124910083,100086.3457527999,100086.360626875
1063936,512,24.136534625,100086.35736271589,100086.37226595801
1064448,512,24.148011083,100086.36897267489,100086.383773791
1064960,512,24.159662583,100086.38058263289,100086.39542675001
1065472,512,24.171318208,100086.39219254989,100086.407060166
1065984,512,24.1828745,100086.40380250789,100086.41861975001
1066496,512,24.19459775,100086.41541242489,100086.430306958
1067008,512,24.206086292,100086.4270223829,100086.441839
1067520,512,24.217748083,100086.4386323409,100086.45348908301
1068032,512,24.229432,100086.4502422579,100086.465143333
1068544,512,24.2409075,100086.46185221589,100086.47666775
1069056,512,24.252457625,100086.4734618829,100086.48825012501
1069568,512,24.264107667,100086.48507184089,100086.49988541601
1070080,512,24.275761125,100086.4966817999,100086.51152325001
1070592,512,24.287246125,100086.50829171589,100086.523052791
1071104,512,24.2990065,100086.5199016749,100086.53476612501
1071616,512,24.310575583,100086.53151163289,100086.54634500001
1072128,512,24.322202417,100086.5431215499,100086.55795845801
1072640,512,24.333815125,100086.55473150789,100086.56957962501
1073152,512,24.345410667,100086.5663414249,100086.581180541
1073664,512,24.357068875,100086.57795138289,100086.592812083
1074176,512,24.368637042,100086.5895613409,100086.604404625
1074688,512,24.380312375,100086.60117125789,100086.61605708301
1075200,512,24.391943292,100086.6127812159,100086.62766229101
1075712,512,24.403611083,100086.62439117489,100086.639302416
1076224,512,24.41516,100086.6360010909,100086.650883041
1076736,512,24.426823,100086.64761104989,100086.66252345801
1077248,512,24.438364917,100086.6592209659,100086.67409454101
1077760,512,24.449899333,100086.6708309249,100086.68566395801
1078272,512,24.461580125,100086.6824408829,100086.697299041
1078784,512,24.473184667,100086.6940507999,100086.708906458
1079296,512,24.484671458,100086.70566075789,100086.720442666
1079808,512,24.496364042,100086.7172705079,100086.73211325001
1080320,512,24.507924208,100086.72888046589,100086.74369204101
1080832,512,24.519451875,100086.74049038289,100086.75525670801
1081344,512,24.531163792,100086.75210034089,100086.76692266601
1081856,512,24.54273125,100086.76371025789,100086.778510916
1082368,512,24.554301333,100086.7753202159,100086.79009904101
1082880,512,24.565938917,100086.78693017489,100086.80172579101
1083392,512,24.577538417,100086.7985400909,100086.813331375
1083904,512,24.589181583,100086.81015004989,100086.82496283301
1084416,512,24.600920917,100086.8217599659,100086.83664383301
1084928,512,24.612482458,100086.83336992489,100086.84823179101
1085440,512,24.624073875,100086.8449798829,100086.859816041
1085952,512,24.635762708,100086.85658979989,100086.871483416
1086464,512,24.647194875,100086.8681997579,100086.882990583
1086976,512,24.658868417,100086.87980971589,100086.894633
1087488,512,24.670452375,100086.8914196329,100086.90622954101
1088000,512,24.682034458,100086.90302959089,100086.917823541
1088512,512,24.6936345,100086.91463950789,100086.929427166
1089024,512,24.705244208,100086.92624946589,100086.94103675001
1089536,512,24.716913792,100086.9378594249,100086.95268579101
1090048,512,24.728550125,100086.94946934089,100086.9643125
1090560,512,24.740089917,100086.96107929989,100086.975879
1091072,512,24.751716542,100086.97268904989,100086.987508791
1091584,512,24.763369583,100086.98429900789,100086.99913279101
1092096,512,24.77492975,100086.99590892489,100087.010718416
1092608,512,24.786562375,100087.00751888289,100087.02233541601
1093120,512,24.798348833,100087.0191288409,100087.03404241601
1093632,512,24.809825375,100087.0307387579,100087.045582
1094144,512,24.821356958,100087.0423487159,100087.05714820801
1094656,512,24.833022292,100087.0539586329,100087.068792791
1095168,512,24.844675708,100087.06556859089,100087.08042695801
1095680,512,24.856198125,100087.0771785499,100087.091982333
1096192,512,24.867947417,100087.08878846589,100087.10368150001
1096704,512,24.879484792,100087.1003984249,100087.115217458
1097216,512,24.89110075,100087.11200834089,100087.126846125
1097728,512,24.902587625,100087.1236182999,100087.138388916
1098240,512,24.914337333,100087.13522825789,100087.150086416
1098752,512,24.925859667,100087.14683817489,100087.161655125
1099264,512,24.937550708,100087.15844813289,100087.1733025
1099776,512,24.949087625,100087.17005804989,100087.184872583
1100288,512,24.960757083,100087.18166800789,100087.196516041
1100800,512,24.972326375,100087.1932779659,100087.2080975
1101312,512,24.98392475,100087.2048878829,100087.21970054101
1101824,512,24.995675458,100087.2164976329,100087.231387791
1102336,512,25.007192292,100087.22810754989,100087.242941666
1102848,512,25.01881125,100087.2397175079,100087.254563625
1103360,512,25.030495167,100087.25132746588,100087.266208625
1103872,512,25.042008583,100087.2629373829,100087.277768208
1104384,512,25.053596208,100087.27454734089,100087.28936120801
1104896,512,25.065208333,100087.2861572579,100087.30097950001
1105408,512,25.076880167,100087.29776721589,100087.31263375
1105920,512,25.088506708,100087.30937713289,100087.324241541
1106432,512,25.100134958,100087.32098709089,100087.335872458
1106944,512,25.111688792,100087.3325970499,100087.34743708301
1107456,512,25.123361875,100087.34420696589,100087.35909229101
1107968,512,25.135012875,100087.35581692489,100087.370734708
1108480,512,25.146441292,100087.3674268409,100087.38223525
1108992,512,25.158094292,100087.37903679989,100087.39386625
1109504,512,25.169697375,100087.3906467159,100087.40547508301
1110016,512,25.1812835,100087.40225667489,100087.41706962501
1110528,512,25.193026667,100087.4138666329,100087.428746833
1111040,512,25.204596083,100087.42547654989,100087.44032787501
1111552,512,25.216191667,100087.4370865079,100087.45195300001
1112064,512,25.227862417,100087.4486964249,100087.463580708
1112576,512,25.239344958,100087.4603063829,100087.475117958
1113088,512,25.250949083,100087.4719161749,100087.48673687501
1113600,512,25.262695333,100087.4835261329,100087.49841029101
1114112,512,25.274207167,100087.4951360499,100087.50996854101
1114624,512,25.285739583,100087.50674600789,100087.521535291
1115136,512,25.297411833,100087.5183559249,100087.53318483301
1115648,512,25.309027333,100087.52996588289,100087.544788041
1116160,512,25.320586833,100087.54157584089,100087.556373375
1116672,512,25.332346292,100087.55318575789,100087.56807491601
1117184,512,25.343956667,100087.5647957159,100087.579687958
1117696,512,25.355526,100087.57640563289,100087.591271166
1118208,512,25.367356125,100087.5880155909,100087.602871833
1118720,512,25.378710833,100087.5996255079,100087.61447283301
1119232,512,25.3904655,100087.6112354659,100087.62608179101
1119744,512,25.402128375,100087.6228453829,100087.63774408301
1120256,512,25.41362875,100087.63445534089,100087.64934783301
1120768,512,25.425305417,100087.6460652999,100087.660997083
1121280,512,25.436834167,100087.65767521589,100087.672557041
1121792,512,25.448368708,100087.6692851749,100087.68411991601
1122304,512,25.460006375,100087.68089509089,100087.69572300001
1122816,512,25.471609208,100087.6925050499,100087.70734437501
1123328,512,25.483185125,100087.70411496589,100087.718945208
1123840,512,25.494765667,100087.71572492488,100087.73054166601
1124352,512,25.506366167,100087.7273346749,100087.74214258301
1124864,512,25.517965708,100087.73894463289,100087.753755875
1125376,512,25.529616042,100087.7505545909,100087.765382708
1125888,512,25.541166875,100087.76216450789,100087.776961333
1126400,512,25.552826542,100087.7737744659,100087.788605291
1126912,512,25.564464708,100087.78538438289,100087.80023012501
1127424,512,25.576012792,100087.7969943409,100087.81180358301
1127936,512,25.58770075,100087.8086042579,100087.823459
1128448,512,25.599335125,100087.8202142159,100087.83508204101
1128960,512,25.610916458,100087.8318241329,100087.84666120801
1129472,512,25.622577792,100087.84343409089,100087.85831129101
1129984,512,25.634255417,100087.8550440079,100087.8699575
1130496,512,25.645672667,100087.86665396589,100087.881459416
1131008,512,25.65730925,100087.87826388289,100087.89307983301
1131520,512,25.668858625,100087.88987384089,100087.904654458
1132032,512,25.6805615,100087.9014837999,100087.91628141601
1132544,512,25.692121958,100087.91309371589,100087.92790200001
1133056,512,25.70371,100087.92470367489,100087.93950329101
1133568,512,25.715304042,100087.9363135909,100087.95110366601
1134080,512,25.72693975,100087.94792354989,100087.962723125
1134592,512,25.73854375,100087.9595334659,100087.974333
1135104,512,25.750166292,100087.97114329989,100087.98596183301
1135616,512,25.761825375,100087.9827532579,100087.99758254101
1136128,512,25.773379,100087.99436317489,100088.00915737501
1136640,512,25.784925083,100088.0059731329,100088.02073583301
1137152,512,25.796630333,100088.01758304989,100088.03240475
1137664,512,25.808196167,100088.0291930079,100088.043984416
1138176,512,25.819798333,100088.0408029249,100088.05559458301
1138688,512,25.831459042,100088.0524128829,100088.06723433301
1139200,512,25.843144292,100088.06402284089,100088.078889458
1139712,512,25.8546275,100088.07563275789,100088.090421083
1140224,512,25.866263667,100088.08724271589,100088.102046083
1140736,512,25.877896958,100088.09885263289,100088.11366541601
1141248,512,25.889533625,100088.11046259089,100088.12530079101
1141760,512,25.901166667,100088.12207250789,100088.136919083
1142272,512,25.912783292,100088.1336824659,100088.14852875001
1142784,512,25.9245155,100088.14529238289,100088.16021225
1143296,512,25.935998417,100088.1569023409,100088.171759
1143808,512,25.947562625,100088.1685122579,100088.18334595801
1144320,512,25.959185875,100088.1801222159,100088.194941041
1144832,512,25.970802125,100088.1917321329,100088.20656808301
1145344,512,25.982364833,100088.2033420909,100088.218135125
1145856,512,25.994007333,100088.2149524249,100088.22977987501
1146368,512,26.00565625,100088.22656238289,100088.241414375
1146880,512,26.0172745,100088.2381722999,100088.253028291
1147392,512,26.028855458,100088.24978225789,100088.26461645801
1147904,512,26.040394083,100088.26139217489,100088.276181875
1148416,512,26.0520515,100088.27300213289,100088.28782920801
1148928,512,26.063638667,100088.2846120909,100088.299421
1149440,512,26.075259583,100088.29622200789,100088.31103708301
1149952,512,26.086799375,100088.3078319659,100088.32260308301
1150464,512,26.098626792,100088.3194418829,100088.33434725001
1150976,512,26.110071542,100088.3310518409,100088.34585225
1151488,512,26.1217095,100088.3426617579,100088.35747525
1152000,512,26.133391167,100088.35427171589,100088.36913366601
1152512,512,26.144941417,100088.3658816749,100088.380717166
1153024,512,26.15660125,100088.37749159089,100088.392351
1153536,512,26.168189583,100088.3891015499,100088.403952041
1154048,512,26.17986975,100088.40071146589,100088.415596416
1154560,512,26.191451167,100088.4123214249,100088.427178166
1155072,512,26.203028708,100088.42393134089,100088.43878712501
1155584,512,26.214661542,100088.43554129988,100088.45041795801
1156096,512,26.226237375,100088.44715125789,100088.461987791
1156608,512,26.237799542,100088.45876117489,100088.4735775
1157120,512,26.2494055,100088.4703709659,100088.48519475
1157632,512,26.26111925,100088.48198092489,100088.49685908301
1158144,512,26.27269875,100088.49359088289,100088.508432791
1158656,512,26.284179542,100088.50520079989,100088.519982208
1159168,512,26.295914708,100088.5168107579,100088.53167279101
1159680,512,26.307496292,100088.52842067489,100088.543255333
1160192,512,26.319077458,100088.5400306329,100088.554859583
1160704,512,26.330715833,100088.5516405499,100088.566463208
1161216,512,26.342361083,100088.5632505079,100088.57811087501
1161728,512,26.35386375,100088.57486046589,100088.58966041601
1162240,512,26.365558917,100088.5864703829,100088.601326416
1162752,512,26.37723325,100088.59808034089,100088.6129055
1163264,512,26.388826292,100088.60969025789,100088.62456495801
1163776,512,26.400488458,100088.62130021589,100088.636200791
1164288,512,26.41210475,100088.63291013289,100088.64782291601
1164800,512,26.42375975,100088.6445200909,100088.65945191601
1165312,512,26.435245833,100088.65613000789,100088.67098854101
1165824,512,26.446901333,100088.6677399659,100088.68261970801
1166336,512,26.458466458,100088.67934992489,100088.694209583
1166848,512,26.470016542,100088.6909598409,100088.70577016601
1167360,512,26.481596708,100088.70256979989,100088.71735375
1167872,512,26.493218292,100088.7141797159,100088.728979833
1168384,512,26.504872125,100088.7257895079,100088.74062537501
1168896,512,26.516424417,100088.73739942489,100088.7522155
1169408,512,26.5280785,100088.7490093829,100088.763841708
1169920,512,26.539619625,100088.7606192999,100088.77541125001
1170432,512,26.551374958,100088.7722292579,100088.787079083
1170944,512,26.56292375,100088.7838391749,100088.798685375
1171456,512,26.5744615,100088.79544913289,100088.81024904101
1171968,512,26.586124375,100088.80705909089,100088.82189941601
1172480,512,26.597886083,100088.81866900789,100088.833584666
1172992,512,26.60937625,100088.83027896589,100088.845116458
1173504,512,26.621047625,100088.84188888289,100088.85676212501
1174016,512,26.632706458,100088.8534988409,100088.86840020801
1174528,512,26.644172083,100088.86510875789,100088.879939708
1175040,512,26.655730583,100088.8767187159,100088.89149875
1175552,512,26.667288125,100088.8883286329,100088.903091916
1176064,512,26.678981917,100088.8999385909,100088.914752166
1176576,512,26.690538,100088.9115485079,100088.92633016601
1177088,512,26.702153833,100088.9231584659,100088.937947083
1177600,512,26.713824333,100088.9347683829,100088.94955591601
1178112,512,26.725446917,100088.94637834089,100088.96120354101
1178624,512,26.736989167,100088.9579882999,100088.97277704101
1179136,512,26.748608542,100088.9695981329,100088.98441050001
1179648,512,26.760283542,100088.9812080499,100088.99604104101
1180160,512,26.7718405,100088.99281800789,100089.007623375
1180672,512,26.783420083,100089.0044279249,100089.019218
1181184,512,26.795164917,100089.01603788289,100089.030906208
1181696,512,26.806741708,100089.02764779989,100089.042494583
1182208,512,26.818250208,100089.03925775789,100089.0540455
1182720,512,26.829954875,100089.05086767489,100089.06571358301
1183232,512,26.841617333,100089.06247763289,100089.077360708
1183744,512,26.853118042,100089.07408754989,100089.08890216601
1184256,512,26.864751333,100089.0856975079,100089.10052275
1184768,512,26.876348042,100089.09730742489,100089.112122791
1185280,512,26.887984167,100089.1089173829,100089.123752625
1185792,512,26.899578792,100089.12052729989,100089.13535283301
1186304,512,26.911313458,100089.1321372579,100089.14694004101
1186816,512,26.922798583,100089.14374721589,100089.15856800001
1187328,512,26.934420958,100089.1553571329,100089.17019
1187840,512,26.946006,100089.16696709089,100089.181792541
1188352,512,26.957629167,100089.17857700789,100089.19340458301
1188864,512,26.969312417,100089.19018696589,100089.20506154101
1189376,512,26.980842083,100089.20179688289,100089.216617333
1189888,512,26.992512083,100089.21340671589,100089.22827462501
1190400,512,27.004058083,100089.22501667489,100089.239836041
1190912,512,27.015687667,100089.2366265909,100089.251463958
1191424,512,27.027330333,100089.24823654989,100089.263085375
1191936,512,27.039093167,100089.25984650789,100089.274685375
1192448,512,27.05061725,100089.27145642489,100089.286357666
1192960,512,27.062179917,100089.2830663829,100089.297925666
1193472,512,27.073725083,100089.29467629989,100089.30949279101
1193984,512,27.085290542,100089.3062862579,100089.32108570801
1194496,512,27.097033167,100089.31789617489,100089.332778625
1195008,512,27.108558375,100089.3295061329,100089.34433129101
1195520,512,27.120245917,100089.3411160499,100089.355979625
1196032,512,27.13194975,100089.3527260079,100089.367646333
1196544,512,27.143358458,100089.3643359249,100089.37914058301
1197056,512,27.15494775,100089.37594588289,100089.390732208
1197568,512,27.167093417,100089.3875557999,100089.402362708
1198080,512,27.178320875,100089.39916575789,100089.41401837501
1198592,512,27.189869042,100089.41077567489,100089.42564070801
1199104,512,27.201485,100089.42238563289,100089.43722141601
1199616,512,27.213189125,100089.43399554989,100089.448899958
1200128,512,27.224761417,100089.44560550789,100089.46048358301
1200640,512,27.23624875,100089.45721542489,100089.472011291
1201152,512,27.247942,100089.46882525789,100089.483694666
1201664,512,27.259447542,100089.48043517489,100089.49521775001
1202176,512,27.271085,100089.4920451329,100089.506850666
1202688,512,27.28266,100089.50365504989,100089.518437583
1203200,512,27.294327042,100089.5152650079,100089.53008175001
1203712,512,27.305939917,100089.5268749249,100089.541690875
1204224,512,27.317556125,100089.5384848829,100089.553308791
1204736,512,27.329288,100089.5500947999,100089.564992916
1205248,512,27.340874583,100089.56170475789,100089.57657983301
1205760,512,27.352394792,100089.5733146749,100089.58814
1206272,512,27.364085917,100089.58492463289,100089.59980400001
1206784,512,27.375562,100089.5965345499,100089.611331166
1207296,512,27.387245167,100089.60814450789,100089.62298675001
1207808,512,27.3989715,100089.61975442489,100089.63466866601
1208320,512,27.410556875,100089.63136438289,100089.646260041
1208832,512,27.422097458,100089.64297429989,100089.657822416
1209344,512,27.433773458,100089.65458425789,100089.669476708
1209856,512,27.445390667,100089.66619417489,100089.681100791
1210368,512,27.4569425,100089.6778041329,100089.692673458
1210880,512,27.468593667,100089.68941404989,100089.70430133301
1211392,512,27.480105333,100089.7010240079,100089.715861416
1211904,512,27.491752042,100089.7126339249,100089.727500583
1212416,512,27.503352625,100089.7242437999,100089.73910770801
1212928,512,27.514908417,100089.7358537579,100089.750688375
1213440,512,27.526504875,100089.7474636749,100089.76227516601
1213952,512,27.538056,100089.75907363289,100089.773852625
1214464,512,27.549750833,100089.7706835499,100089.78552716601
1214976,512,27.561387708,100089.78229350789,100089.797121833
1215488,512,27.5729075,100089.79390342488,100089.808696833
1216000,512,27.584477458,100089.80551338289,100089.820283291
1216512,512,27.596176917,100089.81712329989,100089.831951083
1217024,512,27.607762083,100089.82873325789,100089.84354191601
1217536,512,27.619393083,100089.84034317489,100089.85515795801
1218048,512,27.631118375,100089.8519531329,100089.86684700001
1218560,512,27.642638708,100089.86356304989,100089.87840429101
1219072,512,27.654169292,100089.8751730079,100089.88996620801
1219584,512,27.665858042,100089.88678292489,100089.901621625
1220096,512,27.677483875,100089.8983928829,100089.913239375
1220608,512,27.688991458,100089.9100027999,100089.92478683301
1221120,512,27.700646792,100089.9216127579,100089.93642975
1221632,512,27.712306417,100089.9332226749,100089.94807095801
1222144,512,27.723885375,100089.94483263289,100089.95965958301
1222656,512,27.73548675,100089.9564425499,100089.9712615
1223168,512,27.747021625,100089.9680524249,100089.982828458
1223680,512,27.758734333,100089.97966238289,100089.99450108301
1224192,512,27.770335958,100089.99127229989,100090.00610887501
1224704,512,27.782154417,100090.00288225789,100090.017684583
1225216,512,27.7936035,100090.01449217489,100090.02934716601
1225728,512,27.805165333,100090.02610213289,100090.04093500001
1226240,512,27.816706875,100090.03771204989,100090.052508166
1226752,512,27.828338458,100090.0493220079,100090.064120583
1227264,512,27.839981083,100090.06093192489,100090.075754666
1227776,512,27.851561667,100090.0725418829,100090.08735220801
1228288,512,27.863182583,100090.08415179989,100090.098965833
1228800,512,27.874772125,100090.0957617579,100090.11055858301
1229312,512,27.88641375,100090.1073716749,100090.122193958
1229824,512,27.898077167,100090.1189816329,100090.13379129101
1230336,512,27.909603292,100090.1305915499,100090.145393166
1230848,512,27.921222167,100090.14220150789,100090.157015
1231360,512,27.932928333,100090.1538114249,100090.168671958
1231872,512,27.944526833,100090.16542138289,100090.18027125
1232384,512,27.9562485,100090.17703129989,100090.191904541
1232896,512,27.967807208,100090.18864125789,100090.20353841601
1233408,512,27.979317625,100090.20025117489,100090.21507941601
1233920,512,27.991040125,100090.21186100789,100090.226758833
1234432,512,28.002648667,100090.22347092489,100090.23836125001
1234944,512,28.014189375,100090.23508088289,100090.249939083
1235456,512,28.025833333,100090.24669079989,100090.26156350001
1235968,512,28.0374185,100090.2583007579,100090.273148458
1236480,512,28.048953292,100090.26991067489,100090.284734125
1236992,512,28.060593792,100090.2815206329,100090.29635725
1237504,512,28.072240875,100090.2931305499,100090.30796529101
1238016,512,28.083745667,100090.3047405079,100090.319542625
1238528,512,28.0954425,100090.3163504249,100090.33119666601
1239040,512,28.107015708,100090.32796038289,100090.342784291
1239552,512,28.118594708,100090.3395702999,100090.354380541
1240064,512,28.130343583,100090.35118025789,100090.36607579101
1240576,512,28.141893,100090.3627901749,100090.377657833
1241088,512,28.153355458,100090.37440013289,100090.38916825001
1241600,512,28.165080583,100090.38601004989,100090.400847083
1242112,512,28.176730917,100090.39762000789,100090.412482916
1242624,512,28.188271625,100090.40922992489,100090.424041916
1243136,512,28.199964792,100090.42083988289,100090.435696875
1243648,512,28.21154425,100090.43244979989,100090.44728333301
1244160,512,28.223257,100090.4440597579,100090.45896058301
1244672,512,28.234763292,100090.45566967489,100090.4705215
1245184,512,28.246334167,100090.4672796329,100090.48211654101
1245696,512,28.258009708,100090.47889221589,100090.493762458
1246208,512,28.269563917,100090.49050217489,100090.505337958
1246720,512,28.281113667,100090.5021120909,100090.516915375
1247232,512,28.292784125,100090.51372204989,100090.528553875
1247744,512,28.304398292,100090.52533200789,100090.54016004101
1248256,512,28.31599025,100090.5369419659,100090.551768416
1248768,512,28.327604792,100090.5485518829,100090.56337420801
1249280,512,28.339236125,100090.5601618409,100090.57500133301
1249792,512,28.350785042,100090.57177179989,100090.58657466601
1250304,512,28.362505042,100090.5833817579,100090.598248708
1250816,512,28.374069542,100090.5949916749,100090.609832916
1251328,512,28.38571225,100090.6066016329,100090.62147150001
1251840,512,28.39742825,100090.61821159089,100090.633125791
1252352,512,28.408846417,100090.6298215499,100090.64462837501
1252864,512,28.420509875,100090.64143146589,100090.656268583
1253376,512,28.432194667,100090.6530414249,100090.667914833
1253888,512,28.443865125,100090.66465138289,100090.679531916
1254400,512,28.455328667,100090.6762613409,100090.691083041
1254912,512,28.467068417,100090.68787125789,100090.70277195801
1255424,512,28.478511875,100090.6994812159,100090.714293583
1255936,512,28.490133625,100090.71109117489,100090.72589420801
1256448,512,28.501679792,100090.72270079989,100090.737476166
1256960,512,28.5134375,100090.73431075789,100090.74909725001
1257472,512,28.524990208,100090.7459207159,100090.760751333
1257984,512,28.536552208,100090.7575306329,100090.77233570801
1258496,512,28.548233833,100090.7691405909,100090.78400616601
1259008,512,28.559794042,100090.7807505499,100090.795565583
1259520,512,28.5713705,100090.7923605079,100090.807161375
1260032,512,28.582936708,100090.8039704249,100090.8187425
1260544,512,28.594803958,100090.81558038288,100090.83049795801
1261056,512,28.606329,100090.82719034089,100090.84205504101
1261568,512,28.617866542,100090.83880025789,100090.85362187501
1262080,512,28.629627792,100090.85041021589,100090.86532279101
1262592,512,28.641150083,100090.86202017489,100090.87688733301
1263104,512,28.652691292,100090.87363013289,100090.888453791
1263616,512,28.66431825,100090.88524004989,100090.90008225001
1264128,512,28.675948125,100090.89685000789,100090.911699833
1264640,512,28.687455375,100090.9084599659,100090.92324725
1265152,512,28.699113417,100090.9200698829,100090.93489033301
1265664,512,28.710704833,100090.9316798409,100090.946483708
1266176,512,28.722300417,100090.94328979989,100090.958085833
1266688,512,28.733926083,100090.9548997579,100090.96971100001
1267200,512,28.7455785,100090.9665093409,100090.981347166
1267712,512,28.757203625,100090.97811929989,100090.99296954101
1268224,512,28.768762917,100090.9897292579,100091.00454587501
1268736,512,28.780390125,100091.00133921589,100091.016165458
1269248,512,28.792013667,100091.0129491329,100091.02778625001
1269760,512,28.803728083,100091.02455909089,100091.039454625
1270272,512,28.81531875,100091.0361690499,100091.051014333
1270784,512,28.826920458,100091.04777896589,100091.06264420801
1271296,512,28.838524167,100091.05938892488,100091.074260333
1271808,512,28.850078042,100091.07099888289,100091.085854125
1272320,512,28.861682458,100091.08260879989,100091.097447916
1272832,512,28.873441,100091.09421875789,100091.109006625
1273344,512,28.884886417,100091.1058287159,100091.12065879101
1273856,512,28.89650625,100091.1174386329,100091.132271291
1274368,512,28.908054417,100091.1290485909,100091.143845625
1274880,512,28.919666042,100091.14065854989,100091.15544
1275392,512,28.93132925,100091.15226846588,100091.16708825
1275904,512,28.942960875,100091.1638784249,100091.17871370801
1276416,512,28.954473125,100091.1754883829,100091.190264541
1276928,512,28.966262625,100091.18709834089,100091.201999333
1277440,512,28.977911333,100091.19870825789,100091.21352225001
1277952,512,28.989401125,100091.21031821589,100091.225156125
1278464,512,29.001006125,100091.2219279249,100091.23675987501
1278976,512,29.012649292,100091.23353784089,100091.24839358301
1279488,512,29.024303417,100091.2451477999,100091.26003008301
1280000,512,29.035837042,100091.25675775789,100091.271606208
1280512,512,29.047415417,100091.26836767489,100091.28319462501
1281024,512,29.059061458,100091.27997763289,100091.294820958
1281536,512,29.07063175,100091.2915875909,100091.306409708
1282048,512,29.082170167,100091.30319750789,100091.31797554101
1282560,512,29.093824917,100091.3148074659,100091.329607875
1283072,512,29.105435208,100091.32641742489,100091.341221833
1283584,512,29.11706875,100091.3380273409,100091.352847083
1284096,512,29.128743083,100091.34963729989,100091.364491875
1284608,512,29.140315292,100091.3612472579,100091.376079666
1285120,512,29.151842875,100091.3728571749,100091.38764295801
1285632,512,29.16356825,100091.3844671329,100091.399322625
1286144,512,29.175177208,100091.39607709089,100091.410933916
1286656,512,29.186764958,100091.40768700789,100091.42251433301
1287168,512,29.19850625,100091.41929696589,100091.43420825001
1287680,512,29.209949375,100091.4309069249,100091.445721833
1288192,512,29.221616917,100091.44251684089,100091.457356583
1288704,512,29.233240833,100091.45412679989,100091.46898916601
1289216,512,29.244777875,100091.4657367159,100091.48055037501
1289728,512,29.256426542,100091.4773464659,100091.49218579101
1290240,512,29.26807775,100091.48895638289,100091.503825916
1290752,512,29.27972425,100091.5005663409,100091.515381
1291264,512,29.291172458,100091.51217629989,100091.52696725
1291776,512,29.302813458,100091.5237862159,100091.538592583
1292288,512,29.314381792,100091.53539617489,100091.55018004101
1292800,512,29.32607625,100091.5470061329,100091.56184854101
1293312,512,29.337711625,100091.5586160499,100091.573468375
1293824,512,29.349254125,100091.5702260079,100091.585040708
1294336,512,29.360894792,100091.58183596589,100091.596661958
1294848,512,29.37249175,100091.59344588289,100091.608264208
1295360,512,29.384139583,100091.60505584089,100091.61990287501
1295872,512,29.395846292,100091.61666575789,100091.63156141601
1296384,512,29.407316042,100091.62827571589,100091.643088375
1296896,512,29.418974167,100091.63988567489,100091.65472412501
1297408,512,29.430730875,100091.6514955909,100091.66641891601
1297920,512,29.44261175,100091.66310554989,100091.67799337501
1298432,512,29.453747542,100091.67471550789,100091.689526375
1298944,512,29.465541042,100091.68632542489,100091.701238833
1299456,512,29.477052042,100091.6979353829,100091.712791208
1299968,512,29.488614875,100091.7095453409,100091.72436408301
1300480,512,29.500230833,100091.7211550079,100091.735995333
1300992,512,29.511854292,100091.7327649659,100091.747595708
1301504,512,29.523429667,100091.7443748829,100091.75919629101
1302016,512,29.534997625,100091.75598484089,100091.770785083
1302528,512,29.546600667,100091.7675947999,100091.78239129101
1303040,512,29.558273875,100091.77920471589,100091.79402825
1303552,512,29.569826792,100091.7908146749,100091.80561345801
1304064,512,29.581442375,100091.80242463289,100091.81721787501
1304576,512,29.593187,100091.8140345499,100091.828905625
1305088,512,29.604784,100091.82564450789,100091.8405165
1305600,512,29.616314333,100091.83725442489,100091.852078583
1306112,512,29.627950292,100091.84886438289,100091.863695791
1306624,512,29.639489542,100091.8604743409,100091.87527008301
1307136,512,29.651074333,100091.87208425789,100091.886873208
1307648,512,29.662708208,100091.8836942159,100091.89849583301
1308160,512,29.674323958,100091.8953041329,100091.91010358301
1308672,512,29.685926833,100091.9069140909,100091.921721708
1309184,512,29.69751725,100091.91852404989,100091.93331220801
1309696,512,29.709118667,100091.93013396589,100091.94491462501
1310208,512,29.720813167,100091.9417439249,100091.95658291601
1310720,512,29.732438083,100091.9533538829,100091.9682005
1311232,512,29.743952792,100091.9649636329,100091.97974708301
1311744,512,29.75563375,100091.9765735499,100091.99140079101
1312256,512,29.767230583,100091.98818350788,100092.00300495801
1312768,512,29.778806,100091.99979346589,100092.01459566601
1313280,512,29.790444875,100092.01140338289,100092.026226625
1313792,512,29.802123875,100092.02301334089,100092.03787641601
1314304,512,29.813717042,100092.03462325789,100092.04946895801
1314816,512,29.825339083,100092.0462332159,100092.061096666
1315328,512,29.836895875,100092.05784317489,100092.07267329101
1315840,512,29.848489333,100092.0694530909,100092.084276666
1316352,512,29.86007925,100092.08106304989,100092.095863041
1316864,512,29.871658167,100092.0926729659,100092.10745254101
1317376,512,29.883330875,100092.10428292489,100092.119106166
1317888,512,29.894964667,100092.1158928829,100092.130729625
1318400,512,29.906510292,100092.12750279989,100092.142298666
1318912,512,29.918086542,100092.1391127579,100092.15389620801
1319424,512,29.929803208,100092.1507226749,100092.165550125
1319936,512,29.941404042,100092.1623326329,100092.177164416
1320448,512,29.953027958,100092.17394259089,100092.18878175001
1320960,512,29.964676458,100092.18555250789,100092.20041779101
1321472,512,29.976198833,100092.19716246589,100092.211974958
1321984,512,29.987842583,100092.20877238289,100092.223611541
1322496,512,29.999595583,100092.2203821749,100092.235305041
1323008,512,30.011160458,100092.23199213289,100092.24688366601
