pc_time_s,teensy_time_us,ax,ay,az,gx,gy,gz,load_raw
2.211959625,38013577,3.383,-8.980,-1.535,0.000,0.000,0.000,-222230
2.21422625,38015884,3.305,-8.977,-1.535,0.000,0.000,0.000,-221837
2.218403042,38020121,3.305,-8.977,-1.535,0.000,0.000,0.000,-221652
2.22061225,38022341,3.305,-8.977,-1.535,0.002,0.002,0.008,-222328
2.224935167,38026562,3.305,-8.977,-1.535,-0.002,0.000,0.000,-222154
2.233790542,38030783,3.305,-8.977,-1.535,-0.004,0.000,0.006,-221708
2.234304833,38036004,3.305,-8.977,-1.535,0.004,0.004,0.004,-222247
2.237502667,38039225,3.344,-8.980,-1.535,0.004,0.004,0.004,-222115
2.24275525,38044446,3.344,-8.980,-1.535,-0.006,0.000,-0.006,-221141
2.246949792,38048667,3.344,-8.980,-1.535,0.002,-0.006,0.004,-222097
2.251175875,38052888,3.344,-8.980,-1.535,-0.002,0.002,0.004,-222301
2.255405833,38057109,3.344,-8.980,-1.535,0.000,0.002,-0.002,-221912
2.259616625,38061330,3.344,-8.980,-1.535,0.006,-0.002,0.010,-222265
2.267337167,38065551,3.422,-8.977,-1.496,0.006,-0.002,0.010,-221426
2.26740875,38067772,3.422,-8.977,-1.496,0.002,0.004,-0.014,-221939
2.270271625,38071993,3.422,-8.977,-1.496,0.010,0.000,-0.002,-222605
2.274550542,38076214,3.422,-8.977,-1.496,-0.014,-0.002,0.004,-222399
2.278848417,38080435,3.422,-8.977,-1.496,0.000,0.008,0.010,-221525
2.283950292,38085656,3.422,-8.977,-1.496,0.002,0.000,0.006,-221704
2.2892335,38090877,3.422,-8.977,-1.496,-0.006,0.006,0.000,-222309
2.294445833,38096098,3.344,-8.977,-1.574,-0.006,0.006,0.000,-222419
2.297606417,38099319,3.344,-8.977,-1.574,0.004,-0.002,-0.012,-221664
2.303846125,38105540,3.344,-8.977,-1.574,0.006,-0.006,-0.006,-222347
2.308064333,38109761,3.344,-8.977,-1.574,-0.004,0.000,0.006,-222820
2.312329417,38113982,3.344,-8.977,-1.574,0.018,-0.002,-0.008,-222067
2.317553833,38119203,3.344,-8.977,-1.574,0.008,-0.002,0.000,-222075
2.321943208,38123424,3.344,-8.977,-1.574,0.004,-0.006,-0.004,-221829
2.326036958,38127645,3.344,-8.980,-1.535,0.004,-0.006,-0.004,-222110
2.329267792,38130866,3.344,-8.980,-1.535,0.002,0.018,0.000,-221853
2.335411833,38137087,3.344,-8.980,-1.535,0.004,0.006,0.020,-221663
2.339683458,38141308,3.344,-8.980,-1.535,0.018,-0.002,-0.004,-221842
2.34493025,38146529,3.344,-8.980,-1.535,-0.008,-0.006,-0.012,-222543
2.349101458,38150751,3.344,-8.980,-1.535,0.004,-0.002,0.008,-222323
2.354321542,38155972,3.344,-8.980,-1.535,0.014,0.000,-0.004,-222192
2.357470958,38159193,3.344,-9.016,-1.461,0.014,0.000,-0.004,-222191
2.362814833,38164414,3.344,-9.016,-1.461,0.014,-0.002,0.006,-221824
2.366964708,38168620,3.344,-9.016,-1.461,0.010,0.006,-0.012,-221824
2.372176,38173840,3.344,-9.016,-1.461,0.000,0.002,0.004,-222096
2.376414625,38178061,3.344,-9.016,-1.461,0.006,-0.004,-0.006,-222049
2.380604875,38182282,3.344,-9.016,-1.461,0.000,-0.004,-0.014,-221618
2.384782042,38186503,3.383,-8.980,-1.535,0.000,-0.004,-0.014,-221897
2.388086583,38189724,3.383,-8.980,-1.535,0.004,-0.006,0.012,-222680
2.394327792,38195945,3.383,-8.980,-1.535,0.000,-0.002,-0.012,-221968
2.398538458,38200166,3.383,-8.980,-1.535,-0.004,-0.006,0.002,-220854
2.403230958,38204387,3.383,-8.980,-1.535,-0.002,-0.002,0.000,-221670
2.406984458,38208608,3.383,-8.980,-1.535,0.002,0.002,-0.008,-222447
2.412217958,38213829,3.383,-8.980,-1.535,0.010,0.000,-0.004,-222601
2.416430625,38218050,3.383,-8.980,-1.535,0.010,0.000,-0.004,-221740
2.419618042,38221271,3.383,-8.980,-1.535,0.004,0.006,0.010,-221804
2.424868167,38226492,3.383,-8.980,-1.535,0.010,-0.008,0.006,-221479
2.42916625,38230716,3.383,-8.980,-1.535,-0.004,-0.004,0.006,-221403
2.434367458,38235936,3.383,-8.980,-1.535,0.002,0.002,0.006,-221848
2.438638375,38240157,3.383,-8.980,-1.535,-0.008,-0.006,-0.004,-222230
2.442783333,38244378,3.383,-8.980,-1.535,-0.008,0.008,-0.002,-222617
2.446991667,38248599,3.344,-9.020,-1.574,-0.008,0.008,-0.002,-221449
2.45022625,38251820,3.344,-9.020,-1.574,-0.006,0.002,-0.002,-222166
2.456478958,38258041,3.344,-9.020,-1.574,0.006,-0.010,-0.010,-222088
2.460812208,38262262,3.344,-9.020,-1.574,-0.012,0.002,0.006,-221999
2.464948,38266483,3.344,-9.020,-1.574,0.006,0.000,0.004,-221688
2.469208667,38270704,3.344,-9.020,-1.574,0.002,0.000,0.000,-222488
2.475506417,38276925,3.344,-9.020,-1.574,0.006,-0.010,0.006,-222690
2.479521208,38281146,3.344,-8.941,-1.535,0.006,-0.010,0.006,-221531
2.482855917,38284367,3.344,-8.941,-1.535,0.006,-0.002,-0.002,-222498
2.488952917,38290588,3.344,-8.941,-1.535,0.002,-0.002,0.000,-222828
2.49419625,38295809,3.344,-8.941,-1.535,0.004,-0.006,-0.006,-222553
2.49837575,38300030,3.344,-8.941,-1.535,-0.010,-0.004,0.014,-221509
2.502822708,38304251,3.344,-8.941,-1.535,-0.004,-0.004,-0.006,-222286
2.506856917,38308472,3.344,-8.941,-1.535,0.010,0.004,-0.010,-222535
2.512169375,38313693,3.344,-8.980,-1.461,0.010,0.004,-0.010,-222451
2.514329,38315914,3.344,-8.980,-1.461,-0.002,-0.006,-0.012,-222011
2.518712042,38320135,3.344,-8.980,-1.461,-0.010,0.006,-0.008,-222084
2.522959458,38324358,3.344,-8.980,-1.461,0.006,0.000,0.000,-222062
2.5272475,38328579,3.344,-8.980,-1.461,-0.006,-0.010,0.010,-222499
2.532469417,38333800,3.344,-8.980,-1.461,0.002,0.002,0.008,-221614
2.536661917,38338021,3.344,-8.980,-1.461,-0.002,0.000,-0.002,-221834
2.540959625,38342242,3.383,-8.980,-1.613,-0.002,0.000,-0.002,-221898
2.544112917,38345463,3.383,-8.980,-1.613,-0.004,0.004,0.004,-221759
2.549125917,38350684,3.383,-8.980,-1.613,-0.006,-0.002,-0.004,-221669
2.554318833,38355905,3.383,-8.980,-1.613,0.002,0.002,-0.002,-221902
2.558768083,38360126,3.383,-8.980,-1.613,-0.008,-0.004,-0.008,-222466
2.562732125,38364347,3.383,-8.980,-1.613,0.006,0.006,-0.006,-221555
2.567961792,38369568,3.383,-8.980,-1.613,0.018,0.002,-0.004,-221892
2.573215667,38374789,3.383,-8.980,-1.613,0.018,0.002,-0.004,-222543
2.576470917,38378010,3.383,-8.980,-1.613,0.002,-0.004,0.004,-221584
2.581595375,38383231,3.383,-8.980,-1.613,0.004,0.006,-0.010,-221680
2.5857905,38387452,3.383,-8.980,-1.613,0.002,-0.008,0.010,-222137
2.589015833,38390673,3.383,-8.980,-1.613,0.000,-0.002,-0.012,-222584
2.5942015,38395894,3.383,-8.980,-1.613,0.002,-0.004,0.002,-221802
2.599502958,38401115,3.383,-8.980,-1.613,0.002,-0.002,0.006,-221637
2.603699333,38405336,3.344,-8.980,-1.496,0.002,-0.002,0.006,-221894
2.605967458,38407557,3.344,-8.980,-1.496,0.004,-0.002,0.004,-221827
2.612161208,38413778,3.344,-8.980,-1.496,-0.010,-0.006,0.004,-221796
2.61634675,38417999,3.344,-8.980,-1.496,0.010,0.004,0.006,-221819
2.620543375,38422220,3.344,-8.980,-1.496,-0.006,0.000,0.004,-221863
2.624773083,38426441,3.344,-8.980,-1.496,0.008,0.004,0.004,-221920
2.629020375,38430662,3.383,-8.980,-1.535,0.008,0.004,0.004,-221606
2.632210833,38433883,3.383,-8.980,-1.535,0.006,-0.006,0.012,-221315
2.637463958,38439104,3.383,-8.980,-1.535,-0.010,0.006,0.016,-221505
2.641653292,38443326,3.383,-8.980,-1.535,-0.010,-0.004,0.000,-222209
2.645909958,38447548,3.383,-8.980,-1.535,0.002,-0.006,-0.008,-222324
2.651118458,38452769,3.383,-8.980,-1.535,-0.002,-0.004,0.000,-222321
2.655325625,38456990,3.383,-8.980,-1.535,0.002,-0.004,0.006,-222336
2.65959725,38461211,3.383,-8.980,-1.496,0.002,-0.004,0.006,-221914
2.662955458,38464432,3.383,-8.980,-1.496,-0.002,0.016,0.000,-221612
2.66805325,38469653,3.383,-8.980,-1.496,-0.004,0.002,-0.008,-222383
2.6732715,38474874,3.383,-8.980,-1.496,0.002,0.008,0.000,-222070
2.677428625,38479095,3.383,-8.980,-1.496,0.006,-0.004,-0.002,-221973
2.681726875,38483316,3.383,-8.980,-1.496,-0.014,-0.006,0.010,-221012
2.685872417,38487537,3.383,-8.980,-1.496,-0.008,0.012,0.000,-222269
2.689094542,38490758,3.383,-8.980,-1.613,-0.008,0.012,0.000,-222286
2.692201542,38493979,3.383,-8.980,-1.613,0.002,-0.006,0.000,-223072
2.697597667,38499200,3.383,-8.980,-1.613,0.010,0.002,-0.008,-222573
2.701781333,38503421,3.383,-8.980,-1.613,-0.008,0.000,-0.002,-222184
2.705047708,38506642,3.383,-8.980,-1.613,-0.006,-0.004,0.008,-222072
2.7094015,38510863,3.383,-8.980,-1.613,-0.002,0.000,-0.002,-222336
2.714504292,38516084,3.383,-8.980,-1.613,-0.004,0.002,0.010,-221781
2.718699583,38520305,3.383,-9.016,-1.535,-0.004,0.002,0.010,-221904
2.721915542,38523526,3.383,-9.016,-1.535,0.008,0.002,-0.002,-221713
2.727687667,38528748,3.383,-9.016,-1.535,0.004,0.002,0.004,-221406
2.732403667,38533969,3.383,-9.016,-1.535,-0.004,0.002,0.006,-221854
2.737605417,38539190,3.383,-9.016,-1.535,0.014,-0.012,-0.004,-222455
2.74321,38544411,3.344,-8.980,-1.496,0.014,-0.012,-0.004,-221899
2.745989292,38547632,3.344,-8.980,-1.496,0.000,0.000,-0.002,-221863
2.752203417,38553853,3.344,-8.980,-1.496,-0.002,-0.004,-0.004,-221487
2.756465208,38558074,3.344,-8.980,-1.496,-0.006,0.004,-0.008,-222234
2.760675958,38562295,3.344,-8.980,-1.496,0.002,0.002,-0.004,-221554
2.765289667,38566516,3.344,-8.980,-1.496,-0.004,0.000,0.010,-221456
2.77046275,38571737,3.344,-8.980,-1.496,0.000,-0.008,-0.002,-222020
2.774967,38575958,3.344,-8.977,-1.574,0.000,-0.008,-0.002,-222476
2.779048583,38579179,3.344,-8.977,-1.574,-0.010,0.012,0.000,-221936
2.782893083,38584400,3.344,-8.977,-1.574,-0.002,0.008,0.010,-222091
2.788057125,38589621,3.344,-8.977,-1.574,0.004,0.010,0.004,-221731
2.79227575,38593842,3.344,-8.977,-1.574,-0.010,0.000,0.000,-222306
2.796473708,38598063,3.344,-8.977,-1.574,0.010,0.006,-0.012,-222215
2.799719958,38601284,3.344,-8.977,-1.574,-0.004,-0.004,0.000,-221670
2.80390875,38605505,3.344,-8.977,-1.574,-0.004,-0.004,0.000,-222168
2.80716625,38608726,3.344,-8.977,-1.574,0.010,0.002,0.006,-222703
2.813327667,38614947,3.344,-8.977,-1.574,0.004,-0.006,-0.014,-222466
2.817532375,38619168,3.344,-8.977,-1.574,0.006,-0.006,0.016,-221987
2.821775042,38623389,3.344,-8.977,-1.574,-0.002,-0.002,-0.014,-221668
2.825843375,38627610,3.344,-8.977,-1.574,0.006,-0.008,0.010,-221585
2.830240417,38631831,3.344,-8.977,-1.574,0.004,-0.004,-0.014,-221563
2.835425792,38637052,3.344,-8.980,-1.535,0.004,-0.004,-0.014,-221914
2.838722833,38640273,3.344,-8.980,-1.535,0.002,0.002,-0.006,-222108
2.84493,38646494,3.344,-8.980,-1.535,0.012,0.008,0.000,-221772
2.849116292,38650715,3.344,-8.980,-1.535,-0.002,-0.004,0.006,-222191
2.853441792,38654936,3.344,-8.980,-1.535,-0.006,-0.006,-0.006,-222939
2.857593292,38659157,3.344,-8.980,-1.535,-0.006,-0.002,0.004,-221465
2.862915375,38664378,3.344,-8.980,-1.535,0.002,0.008,-0.008,-222162
2.867364292,38668599,3.305,-8.938,-1.535,0.002,0.008,-0.008,-221621
2.870164792,38671820,3.305,-8.938,-1.535,-0.002,0.004,-0.002,-222815
2.87455,38676041,3.305,-8.938,-1.535,-0.002,0.008,0.010,-222484
2.878656,38680262,3.305,-8.938,-1.535,-0.010,0.000,0.018,-222218
2.882912792,38684483,3.305,-8.938,-1.535,0.000,0.000,0.006,-221233
2.887194458,38688704,3.305,-8.938,-1.535,-0.004,-0.006,-0.008,-222583
2.89251375,38693925,3.305,-8.938,-1.535,0.004,-0.004,-0.006,-221867
2.896624375,38698146,3.344,-8.977,-1.574,0.004,-0.004,-0.006,-221851
2.898818833,38700367,3.344,-8.977,-1.574,0.002,-0.002,0.000,-222785
2.9032275,38704588,3.344,-8.977,-1.574,0.002,-0.002,-0.006,-222308
2.907942083,38708809,3.344,-8.977,-1.574,-0.004,-0.006,-0.018,-221863
2.91150275,38713030,3.344,-8.977,-1.574,-0.002,-0.002,0.000,-221915
2.915719042,38717251,3.344,-8.977,-1.574,-0.002,0.006,0.010,-222451
2.919928958,38721472,3.344,-8.977,-1.574,-0.004,-0.010,-0.002,-221953
2.924141875,38725693,3.305,-9.016,-1.574,-0.004,-0.010,-0.002,-222346
2.926365458,38727914,3.305,-9.016,-1.574,0.002,0.000,0.006,-221815
2.930589708,38732135,3.305,-9.016,-1.574,0.002,0.002,0.000,-221860
2.935804875,38737356,3.305,-9.016,-1.574,0.004,0.002,-0.006,-221582
2.940081417,38741577,3.305,-9.016,-1.574,-0.002,-0.004,0.006,-222499
2.945214167,38746798,3.305,-9.016,-1.574,0.000,0.000,0.004,-221693
2.949393375,38751019,3.305,-9.016,-1.574,-0.002,0.002,-0.004,-222347
2.953641917,38755240,3.305,-9.020,-1.535,-0.002,0.002,-0.004,-222745
2.956991708,38758461,3.305,-9.020,-1.535,0.010,-0.008,-0.002,-221662
2.963210917,38764682,3.305,-9.020,-1.535,-0.020,0.006,0.004,-221755
2.968449917,38769903,3.305,-9.020,-1.535,0.000,0.002,-0.004,-222058
2.9750155,38776124,3.305,-9.020,-1.535,0.000,0.002,0.000,-222285
2.978706458,38780345,3.305,-9.020,-1.535,0.002,0.000,0.000,-222094
2.982979583,38784566,3.305,-9.020,-1.535,-0.014,-0.006,-0.004,-221341
2.987176083,38788787,3.344,-9.016,-1.535,-0.014,-0.006,-0.004,-221682
2.990444333,38792008,3.344,-9.016,-1.535,0.004,-0.008,0.000,-221912
2.996665333,38798229,3.344,-9.016,-1.535,-0.006,-0.004,-0.006,-222066
3.000902042,38802450,3.344,-9.016,-1.535,0.008,0.000,0.002,-222076
3.005178375,38806671,3.344,-9.016,-1.535,-0.008,0.002,-0.006,-222264
3.010559208,38811892,3.344,-9.016,-1.535,-0.004,0.000,0.002,-222009
3.015514625,38817113,3.344,-9.016,-1.535,0.000,-0.008,0.000,-221204
3.019744208,38821334,3.383,-8.980,-1.535,0.000,-0.008,0.000,-222272
3.022959625,38824555,3.383,-8.980,-1.535,0.000,-0.008,-0.016,-222083
3.028221042,38829776,3.383,-8.980,-1.535,0.004,0.002,-0.012,-221571
3.033444667,38834997,3.383,-8.980,-1.535,0.002,0.000,-0.010,-221609
3.037625875,38839218,3.383,-8.980,-1.535,0.004,-0.014,0.004,-222271
3.041817583,38843439,3.383,-8.980,-1.535,0.006,0.000,-0.014,-221503
3.046090167,38847660,3.383,-8.980,-1.535,-0.002,-0.002,-0.002,-221517
3.050262542,38851881,3.344,-8.980,-1.496,-0.002,-0.002,-0.002,-221691
3.052417333,38854102,3.344,-8.980,-1.496,0.006,0.004,0.004,-222153
3.057891667,38859323,3.344,-8.980,-1.496,-0.008,0.006,-0.002,-221778
3.062231792,38863546,3.344,-8.980,-1.496,-0.004,-0.006,0.000,-221615
3.065460792,38866766,3.344,-8.980,-1.496,0.010,0.014,0.008,-221510
3.069724167,38870987,3.344,-8.980,-1.496,0.012,0.000,-0.004,-222043
3.074103708,38875208,3.344,-8.980,-1.496,-0.002,-0.004,-0.002,-222745
3.076842917,38878429,3.344,-8.980,-1.535,-0.002,-0.004,-0.002,-222311
3.080055,38881650,3.344,-8.980,-1.535,0.006,-0.002,-0.004,-221646
3.085202625,38886871,3.344,-8.980,-1.535,-0.014,-0.004,0.000,-222480
3.089438083,38891092,3.344,-8.980,-1.535,0.008,0.002,0.000,-221645
3.093835333,38895313,3.344,-8.980,-1.535,-0.004,-0.010,0.002,-221862
3.097933208,38899535,3.344,-8.980,-1.535,-0.010,0.010,0.000,-222170
3.102168708,38903755,3.344,-8.980,-1.535,0.000,-0.008,0.012,-221789
3.106425583,38907976,3.383,-8.977,-1.574,0.000,-0.008,0.012,-222630
3.109582833,38911197,3.383,-8.977,-1.574,0.008,-0.012,0.008,-222614
3.11479525,38916418,3.383,-8.977,-1.574,0.000,-0.008,0.010,-221575
3.119000458,38920639,3.383,-8.977,-1.574,0.006,-0.002,-0.008,-221969
3.122233542,38923860,3.383,-8.977,-1.574,0.004,0.000,0.000,-222381
3.126473167,38928081,3.383,-8.977,-1.574,0.004,0.002,-0.012,-221344
3.131699625,38933302,3.383,-8.977,-1.574,-0.010,-0.002,0.006,-221599
3.135902708,38937523,3.344,-8.941,-1.461,-0.010,-0.002,0.006,-221268
3.139133083,38940745,3.344,-8.941,-1.461,0.000,0.002,-0.002,-222051
3.144341083,38945966,3.344,-8.941,-1.461,0.004,0.010,0.006,-221838
3.148587125,38950187,3.344,-8.941,-1.461,-0.008,-0.002,-0.002,-221330
3.1538245,38955408,3.344,-8.941,-1.461,0.010,0.000,0.004,-221639
3.158029125,38959629,3.344,-8.941,-1.461,-0.010,0.000,-0.004,-222071
3.162269583,38963850,3.344,-8.941,-1.461,0.000,-0.002,-0.004,-220644
3.165592167,38967071,3.344,-9.016,-1.461,0.000,-0.002,-0.004,-222077
3.167654083,38969292,3.344,-9.016,-1.461,-0.018,0.010,0.004,-221751
3.172896625,38974513,3.344,-9.016,-1.461,-0.002,-0.004,-0.004,-222552
3.177229792,38978734,3.344,-9.016,-1.461,0.002,0.006,-0.002,-221652
3.182342375,38983955,3.344,-9.016,-1.461,0.002,-0.002,0.004,-221603
3.186529792,38988176,3.344,-9.016,-1.461,-0.004,-0.002,-0.006,-222402
3.192768417,38994397,3.344,-9.016,-1.461,-0.006,0.004,0.010,-222051
3.1969715,38998618,3.383,-9.016,-1.535,-0.006,0.004,0.010,-221818
3.200199292,39001839,3.383,-9.016,-1.535,0.002,-0.002,-0.004,-222442
3.205495167,39007060,3.383,-9.016,-1.535,0.006,-0.004,-0.004,-222189
3.209656333,39011281,3.383,-9.016,-1.535,-0.002,0.002,0.004,-222380
3.213890042,39015502,3.383,-9.016,-1.535,-0.002,0.004,-0.006,-221844
3.218136583,39019723,3.383,-9.016,-1.535,0.002,-0.002,0.002,-221905
3.223366042,39024944,3.383,-9.016,-1.535,0.002,0.004,0.008,-222842
3.227568667,39029165,3.344,-8.977,-1.574,0.002,0.004,0.008,-221328
3.230858875,39032386,3.344,-8.977,-1.574,0.008,-0.008,0.000,-222037
3.237089333,39038607,3.344,-8.977,-1.574,-0.002,0.000,-0.002,-222435
3.241265667,39042829,3.344,-8.977,-1.574,0.002,0.000,-0.008,-221877
3.244411375,39046050,3.344,-8.977,-1.574,0.006,-0.004,-0.012,-222048
3.248680667,39050271,3.344,-8.977,-1.574,0.008,-0.006,-0.002,-221953
3.2529215,39054492,3.344,-8.977,-1.574,0.000,-0.002,0.002,-221360
3.257143917,39058713,3.383,-8.980,-1.461,0.000,-0.002,0.002,-222137
3.259396208,39060934,3.383,-8.980,-1.461,0.016,0.004,-0.004,-222544
3.263668208,39065155,3.383,-8.980,-1.461,0.008,-0.004,-0.010,-223080
3.267877792,39069376,3.383,-8.980,-1.461,-0.010,0.008,-0.002,-222698
3.272235583,39073597,3.383,-8.980,-1.461,0.000,0.000,0.000,-222246
3.276594958,39077818,3.383,-8.980,-1.461,0.000,0.000,0.000,-222354
3.28044975,39082039,3.383,-8.980,-1.461,0.000,0.000,0.000,-222211
3.285710417,39087260,3.383,-8.980,-1.496,0.000,0.000,0.000,-222707
3.289015458,39090481,3.383,-8.980,-1.496,0.000,0.000,0.000,-221809
3.295362292,39096702,3.383,-8.980,-1.496,0.000,0.000,0.000,-221696
3.29960675,39100923,3.383,-8.980,-1.496,0.000,0.000,0.000,-221501
3.303838417,39105144,3.383,-8.980,-1.496,0.000,0.000,0.000,-222447
3.308889083,39109365,3.383,-8.980,-1.496,0.000,0.000,0.000,-221782
3.312926667,39114586,3.383,-8.980,-1.496,0.000,0.000,0.000,-221861
3.317212875,39118807,3.383,-8.938,-1.574,0.000,0.000,0.000,-222088
3.320457542,39122028,3.383,-8.938,-1.574,0.000,0.000,0.000,-221985
3.325703375,39127249,3.383,-8.938,-1.574,0.000,0.000,0.000,-221933
3.330976625,39132470,3.383,-8.938,-1.574,0.000,0.000,0.000,-222078
3.33535425,39136691,3.383,-8.938,-1.574,0.000,0.000,0.000,-221603
3.340704708,39141912,3.383,-8.938,-1.574,0.000,0.000,0.000,-222437
3.344490708,39146133,3.383,-8.938,-1.574,0.000,0.000,0.000,-222319
3.348748375,39150354,3.344,-8.980,-1.496,0.000,0.000,0.000,-221986
3.352258625,39153577,3.344,-8.980,-1.496,0.000,0.000,0.000,-222732
3.358319917,39159798,3.344,-8.980,-1.496,0.000,0.000,0.000,-223021
3.36245375,39164019,3.344,-8.980,-1.496,0.000,0.000,0.000,-221029
3.366746417,39168240,3.344,-8.980,-1.496,0.000,0.000,0.000,-221532
3.371944792,39173461,3.344,-8.980,-1.496,0.000,0.000,0.000,-223351
3.376114292,39177682,3.344,-8.980,-1.496,0.000,0.000,0.000,-221371
3.380312542,39181903,3.344,-8.977,-1.574,0.000,0.000,0.000,-222238
3.383506833,39185124,3.344,-8.977,-1.574,0.000,0.000,0.000,-222562
3.389887125,39191345,3.344,-8.977,-1.574,0.000,0.000,0.000,-221705
3.394945917,39196566,3.344,-8.977,-1.574,0.000,0.000,0.000,-222391
3.398207292,39199787,3.344,-8.977,-1.574,0.000,0.000,0.000,-222312
3.403384292,39205008,3.344,-8.977,-1.574,0.000,0.000,0.000,-222388
3.407760458,39209229,3.344,-8.977,-1.574,0.000,0.000,0.000,-222393
3.411811167,39213450,3.344,-8.938,-1.574,0.000,0.000,0.000,-222343
3.414031292,39215671,3.344,-8.938,-1.574,0.000,0.000,0.000,-221415
3.418286917,39219892,3.344,-8.938,-1.574,0.000,0.000,0.000,-222348
3.423552083,39225113,3.344,-8.938,-1.574,0.000,0.000,0.000,-222788
3.427739625,39229334,3.344,-8.938,-1.574,0.000,0.000,0.000,-221746
3.433091208,39234555,3.344,-8.938,-1.574,0.000,0.000,0.000,-221951
3.437351625,39238776,3.344,-8.938,-1.574,0.000,0.000,0.000,-221586
3.441367417,39242997,3.344,-8.980,-1.496,0.000,0.000,0.000,-222692
3.444620708,39246218,3.344,-8.980,-1.496,0.000,0.000,0.000,-221690
3.449924708,39251439,3.344,-8.980,-1.496,0.000,0.000,0.000,-221740
3.454185583,39255660,3.344,-8.980,-1.496,0.000,0.000,0.000,-221826
3.458399542,39259881,3.344,-8.980,-1.496,0.000,0.000,0.000,-222734
3.462755667,39264102,3.344,-8.980,-1.496,0.000,0.000,0.000,-222058
3.466995917,39268323,3.344,-8.980,-1.496,0.000,0.000,0.000,-222264
3.471623875,39272544,3.344,-8.977,-1.574,0.000,0.000,0.000,-221887
3.473182875,39274765,3.344,-8.977,-1.574,0.000,0.000,0.000,-221559
3.478385375,39279986,3.344,-8.977,-1.574,0.000,0.000,0.000,-222554
3.482697375,39284207,3.344,-8.977,-1.574,0.000,0.000,0.000,-221488
3.486975125,39288428,3.344,-8.977,-1.574,0.000,0.000,0.000,-221636
3.497321917,39298649,3.344,-8.977,-1.574,0.000,0.000,0.000,-222059
3.501602375,39302870,3.344,-8.977,-1.574,0.000,0.000,0.000,-221976
3.506669958,39307092,3.383,-8.980,-1.535,0.000,0.000,0.000,-222686
3.508020542,39309313,3.383,-8.980,-1.535,0.000,0.000,0.000,-223153
3.513968208,39315534,3.383,-8.980,-1.535,0.000,0.000,0.000,-222328
3.518225042,39319755,3.383,-8.980,-1.535,0.000,0.000,0.000,-222310
3.522529125,39323976,3.383,-8.980,-1.535,0.000,0.000,0.000,-222593
3.526709917,39328197,3.383,-8.980,-1.535,0.000,0.000,0.000,-222575
3.533089625,39334418,3.383,-8.980,-1.535,0.000,0.000,0.000,-222650
3.53729775,39338639,3.383,-9.016,-1.535,0.000,0.000,0.000,-222249
3.53996925,39340860,3.383,-9.016,-1.535,0.000,0.000,0.000,-222207
3.543470083,39345081,3.383,-9.016,-1.535,0.000,0.000,0.000,-221937
3.547718708,39349302,3.383,-9.016,-1.535,0.000,0.000,0.000,-222296
3.552948042,39354524,3.383,-9.016,-1.535,0.000,0.000,0.000,-222815
3.557158958,39358744,3.383,-9.016,-1.535,0.000,0.000,0.000,-222084
3.561363875,39362965,3.383,-9.016,-1.535,0.000,0.000,0.000,-221452
3.565647333,39367186,3.344,-8.980,-1.535,0.000,0.000,0.000,-221547
3.567853333,39369407,3.344,-8.980,-1.535,0.000,0.000,0.000,-222340
3.573541125,39374628,3.344,-8.980,-1.535,0.000,0.000,0.000,-222574
3.577316208,39378849,3.344,-8.980,-1.535,0.000,0.000,0.000,-221986
3.581486375,39383070,3.344,-8.980,-1.535,0.000,0.000,0.000,-221797
3.586715375,39388291,3.344,-8.980,-1.535,0.000,0.000,0.000,-221775
3.590838292,39392512,3.344,-8.980,-1.535,0.000,0.000,0.000,-222348
3.596119917,39397733,3.344,-8.980,-1.496,0.000,0.000,0.000,-221930
3.598322667,39399954,3.344,-8.980,-1.496,0.000,0.000,0.000,-222112
3.60257375,39404175,3.344,-8.980,-1.496,0.000,0.000,0.000,-222307
3.606934542,39408396,3.344,-8.980,-1.496,0.000,0.000,0.000,-221926
3.611917042,39413617,3.344,-8.980,-1.496,0.000,0.000,0.000,-222232
3.616267708,39417838,3.344,-8.980,-1.496,0.000,0.000,0.000,-222081
3.620404542,39422059,3.344,-8.980,-1.496,0.000,0.000,0.000,-221882
3.625707083,39427280,3.344,-8.977,-1.574,0.000,0.000,0.000,-221769
3.627887458,39429501,3.344,-8.977,-1.574,0.000,0.000,0.000,-222555
3.634139708,39434722,3.344,-8.977,-1.574,0.000,0.000,0.000,-222577
3.637305083,39438943,3.344,-8.977,-1.574,0.000,0.000,0.000,-222242
3.642574167,39444164,3.344,-8.977,-1.574,0.000,0.000,0.000,-221814
3.646792875,39448385,3.344,-8.977,-1.574,0.000,0.000,0.000,-221922
3.653004333,39454606,3.344,-8.977,-1.574,0.000,0.000,0.000,-223119
3.657226792,39458827,3.344,-9.016,-1.496,0.000,0.000,0.000,-222497
3.659442125,39461048,3.344,-9.016,-1.496,0.000,0.000,0.000,-223325
3.663667417,39465269,3.344,-9.016,-1.496,0.000,0.000,0.000,-222897
3.667870917,39469491,3.344,-9.016,-1.496,0.000,0.000,0.000,-222049
3.673262,39474712,3.344,-9.016,-1.496,0.000,0.000,0.000,-222687
3.677290667,39478933,3.344,-9.016,-1.496,0.000,0.000,0.000,-222627
3.681545875,39483154,3.344,-9.016,-1.496,0.000,0.000,0.000,-222228
3.685872875,39487375,3.344,-8.980,-1.535,0.000,0.000,0.000,-222782
3.688087708,39489596,3.344,-8.980,-1.535,0.000,0.000,0.000,-222162
3.694488917,39495817,3.344,-8.980,-1.535,0.000,0.000,0.000,-222096
3.698385792,39500038,3.344,-8.980,-1.535,0.000,0.000,0.000,-221991
3.703744333,39504259,3.344,-8.980,-1.535,0.000,0.000,0.000,-222366
3.707826667,39509480,3.344,-8.980,-1.535,0.000,0.000,0.000,-221748
3.713131875,39514701,3.344,-8.980,-1.535,0.000,0.000,0.000,-222706
3.717423875,39518922,3.383,-9.016,-1.461,0.000,0.000,0.000,-222344
3.719591125,39521143,3.383,-9.016,-1.461,0.000,0.000,0.000,-222204
3.723704417,39525364,3.383,-9.016,-1.461,0.000,0.000,0.000,-222354
3.728485125,39529585,3.383,-9.016,-1.461,0.000,0.000,0.000,-221843
3.733462333,39534806,3.383,-9.016,-1.461,0.000,0.000,0.000,-222236
3.738465083,39540027,3.383,-9.016,-1.461,0.000,0.000,0.000,-222179
3.744638375,39546248,3.383,-9.016,-1.461,0.000,0.000,0.000,-222101
3.747921708,39549469,3.344,-8.941,-1.535,0.000,0.000,0.000,-222064
3.751178958,39552690,3.344,-8.941,-1.535,0.000,0.000,0.000,-222221
3.757572375,39558911,3.344,-8.941,-1.535,0.000,0.000,0.000,-221662
3.7617475,39563132,3.344,-8.941,-1.535,0.000,0.000,0.000,-222003
3.765817458,39567353,3.344,-8.941,-1.535,0.000,0.000,0.000,-221720
3.771161792,39572574,3.344,-8.941,-1.535,0.000,0.000,0.000,-221658
3.776305917,39577795,3.344,-8.941,-1.535,0.000,0.000,0.000,-222051
3.780378208,39582016,3.344,-8.980,-1.496,0.000,0.000,0.000,-222027
3.7835635,39585237,3.344,-8.980,-1.496,0.000,0.000,0.000,-221140
3.789911125,39591458,3.344,-8.980,-1.496,0.000,0.000,0.000,-222485
3.795121333,39596679,3.344,-8.980,-1.496,0.000,0.000,0.000,-222000
3.799356417,39600900,3.344,-8.980,-1.496,0.000,0.000,0.000,-221210
3.803526167,39605121,3.344,-8.980,-1.496,0.000,0.000,0.000,-222535
3.808705167,39609342,3.344,-8.980,-1.496,0.000,0.000,0.000,-223093
3.813004417,39614563,3.383,-8.980,-1.535,0.000,0.000,0.000,-222185
3.816202625,39617784,3.383,-8.980,-1.535,0.000,0.000,0.000,-222301
3.821467417,39623005,3.383,-8.980,-1.535,0.000,0.000,0.000,-222755
3.825664292,39627226,3.383,-8.980,-1.535,0.000,0.000,0.000,-221863
3.829873875,39631447,3.383,-8.980,-1.535,0.000,0.000,0.000,-221943
3.834134083,39635668,3.383,-8.980,-1.535,0.000,0.000,0.000,-221853
3.838313083,39639889,3.383,-8.980,-1.535,0.000,0.000,0.000,-222101
3.84287775,39644110,3.305,-8.977,-1.535,0.000,0.000,0.000,-222788
3.845765958,39647331,3.305,-8.977,-1.535,0.000,0.000,0.000,-221861
3.851996625,39653552,3.305,-8.977,-1.535,0.000,0.000,0.000,-222606
3.856119,39657773,3.305,-8.977,-1.535,0.000,0.000,0.000,-222249
3.860630625,39661994,3.305,-8.977,-1.535,0.000,0.000,0.000,-221922
3.865812292,39667215,3.305,-8.977,-1.535,0.000,0.000,0.000,-222045
3.869772083,39671436,3.305,-8.977,-1.535,0.000,0.000,0.000,-222258
3.874339375,39675657,3.344,-8.980,-1.535,0.000,0.000,0.000,-222813
3.876279292,39677878,3.344,-8.980,-1.535,0.000,0.000,0.000,-222515
3.881532042,39683099,3.344,-8.980,-1.535,0.000,0.000,0.000,-221179
3.885792292,39687320,3.344,-8.980,-1.535,0.000,0.000,0.000,-222464
3.889981917,39691541,3.344,-8.980,-1.535,0.000,0.000,0.000,-221974
3.894201333,39695762,3.344,-8.980,-1.535,0.000,0.000,0.000,-222008
3.898438458,39699983,3.344,-8.980,-1.535,0.000,0.000,0.000,-221349
3.900849125,39702204,3.344,-8.980,-1.535,0.000,0.000,0.000,-222229
3.906029333,39707425,3.344,-8.980,-1.535,0.000,0.000,0.000,-221905
3.911058125,39712646,3.344,-8.980,-1.535,0.000,0.000,0.000,-222401
3.915548625,39716867,3.344,-8.980,-1.535,0.000,0.000,0.000,-221674
3.920603125,39722088,3.344,-8.980,-1.535,0.000,0.000,0.000,-221283
3.925904417,39727309,3.344,-8.980,-1.535,0.000,0.000,0.000,-222588
3.9300335,39731530,3.344,-8.980,-1.535,0.000,0.000,0.000,-222089
3.933399,39734751,3.344,-8.980,-1.535,0.000,0.000,0.000,-222107
3.938427833,39739972,3.344,-8.980,-1.535,0.000,0.000,0.000,-222380
3.943261375,39744193,3.344,-8.980,-1.535,0.000,0.000,0.000,-222082
3.945896625,39747414,3.344,-8.980,-1.535,0.000,0.000,0.000,-221738
3.949952583,39751635,3.344,-8.980,-1.535,0.000,0.000,0.000,-221492
3.955299042,39756856,3.344,-8.980,-1.535,0.000,0.000,0.000,-222811
3.958788708,39760077,3.344,-8.977,-1.574,0.000,0.000,0.000,-221573
3.961688083,39763298,3.344,-8.977,-1.574,0.000,0.000,0.000,-221658
3.967907333,39769521,3.344,-8.977,-1.574,0.000,0.000,0.000,-222788
3.972137333,39773741,3.344,-8.977,-1.574,0.000,0.000,0.000,-222010
3.976969833,39777962,3.344,-8.977,-1.574,0.000,0.000,0.000,-222772
3.980652083,39782183,3.344,-8.977,-1.574,0.000,0.000,0.000,-221358
3.985838167,39787404,3.344,-8.977,-1.574,0.000,0.000,0.000,-221318
3.9900625,39791625,3.344,-8.980,-1.535,0.000,0.000,0.000,-222345
3.993627875,39794846,3.344,-8.980,-1.535,0.000,0.000,0.000,-222356
3.998474708,39800067,3.344,-8.980,-1.535,0.000,0.000,0.000,-222064
4.006442958,39807288,3.344,-8.980,-1.535,0.000,0.000,0.000,-222015
4.009949917,39811509,3.344,-8.980,-1.535,0.000,0.000,0.000,-222712
4.015166917,39816731,3.344,-8.980,-1.535,0.000,0.000,0.000,-221533
4.020425042,39821952,3.344,-8.980,-1.535,0.000,0.000,0.000,-222396
4.023603375,39825173,3.344,-8.977,-1.574,0.000,0.000,0.000,-221898
4.025803458,39827394,3.344,-8.977,-1.574,0.000,0.000,0.000,-222162
4.031013167,39832615,3.344,-8.977,-1.574,0.000,0.000,0.000,-221857
4.035222542,39836836,3.344,-8.977,-1.574,0.000,0.000,0.000,-222622
4.038515875,39840057,3.344,-8.977,-1.574,0.000,0.000,0.000,-222371
4.042691625,39844278,3.344,-8.977,-1.574,0.000,0.000,0.000,-221567
4.046933167,39848499,3.344,-8.977,-1.574,0.000,0.000,0.000,-221795
4.051101583,39852720,3.383,-8.980,-1.535,0.000,0.000,0.000,-221162
4.054288083,39855926,3.383,-8.980,-1.535,0.000,0.000,0.000,-221162
4.060683625,39862146,3.383,-8.980,-1.535,0.000,0.000,0.000,-221534
4.064922917,39866367,3.383,-8.980,-1.535,0.000,0.000,0.000,-222159
4.069222458,39870588,3.383,-8.980,-1.535,0.000,0.000,0.000,-221876
4.075112542,39875809,3.383,-8.980,-1.535,0.000,0.000,0.000,-222522
4.07843225,39880030,3.383,-8.980,-1.535,0.000,0.000,0.000,-221946
4.083141458,39884251,3.344,-8.980,-1.461,0.000,0.000,0.000,-221930
4.085957958,39887472,3.344,-8.980,-1.461,0.000,0.000,0.000,-221727
4.092183417,39893693,3.344,-8.980,-1.461,0.000,0.000,0.000,-222506
4.096378917,39897914,3.344,-8.980,-1.461,0.000,0.000,0.000,-222045
4.100483208,39902135,3.344,-8.980,-1.461,0.000,0.000,0.000,-221663
4.105968167,39907356,3.344,-8.980,-1.461,0.000,0.000,0.000,-221923
4.109953875,39911577,3.344,-8.980,-1.461,0.000,0.000,0.000,-221874
4.114201708,39915798,3.383,-9.016,-1.496,0.000,0.000,0.000,-221761
4.117377958,39919019,3.383,-9.016,-1.496,0.000,0.000,0.000,-221674
4.123607292,39925240,3.383,-9.016,-1.496,0.000,0.000,0.000,-222301
4.127785333,39929461,3.383,-9.016,-1.496,0.000,0.000,0.000,-222076
4.133284875,39934682,3.383,-9.016,-1.496,0.000,0.000,0.000,-221240
4.1372985,39938903,3.383,-9.016,-1.496,0.000,0.000,0.000,-221849
4.141801,39943124,3.383,-9.016,-1.496,0.000,0.000,0.000,-221836
4.14576475,39947345,3.344,-8.977,-1.574,0.000,0.000,0.000,-221624
4.148987125,39950566,3.344,-8.977,-1.574,0.000,0.000,0.000,-221476
4.155186583,39956787,3.344,-8.977,-1.574,0.000,0.000,0.000,-222931
4.159448208,39961008,3.344,-8.977,-1.574,0.000,0.000,0.000,-221370
4.162679125,39964229,3.344,-8.977,-1.574,0.000,0.000,0.000,-220998
4.166912792,39968450,3.344,-8.977,-1.574,0.000,0.000,0.000,-222697
4.171054083,39972671,3.344,-8.977,-1.574,0.000,0.000,0.000,-221774
4.175252833,39976892,3.344,-9.016,-1.535,0.000,0.000,0.000,-221604
4.178482833,39980113,3.344,-9.016,-1.535,0.000,0.000,0.000,-222063
4.183738792,39985334,3.344,-9.016,-1.535,0.000,0.000,0.000,-221650
4.187937292,39989555,3.344,-9.016,-1.535,0.000,0.000,0.000,-222453
4.19315875,39994776,3.344,-9.016,-1.535,0.000,0.000,0.000,-221855
4.198373042,39999997,3.344,-9.016,-1.535,0.000,0.000,0.000,-222141
4.202674583,40004218,3.344,-9.016,-1.535,0.000,0.000,0.000,-221931
4.2058475,40007439,3.344,-9.016,-1.535,0.000,0.000,0.000,-221975
4.208068792,40009660,3.344,-9.016,-1.535,0.000,0.000,0.000,-221678
4.213268583,40014881,3.344,-9.016,-1.535,0.000,0.000,0.000,-221729
4.218490958,40020102,3.344,-9.016,-1.535,0.000,0.000,0.000,-221591
4.223725083,40025323,3.383,-9.016,-1.613,0.000,0.000,0.000,-221324
4.225955875,40027544,3.383,-9.016,-1.613,0.000,0.000,0.000,-222289
4.231232917,40032765,3.383,-9.016,-1.613,0.000,0.000,0.000,-221478
4.235521708,40036986,3.383,-9.016,-1.613,0.000,0.000,0.000,-221100
4.239598375,40041207,3.383,-9.016,-1.613,0.000,0.000,0.000,-222745
4.243928708,40045428,3.383,-9.016,-1.613,0.000,0.000,0.000,-221879
4.248024042,40049649,3.383,-9.016,-1.613,0.000,0.000,0.000,-221223
4.25529075,40056870,3.344,-8.977,-1.574,0.000,0.000,0.000,-222190
4.257551917,40059091,3.344,-8.977,-1.574,0.000,0.000,0.000,-221799
4.2617705,40063312,3.344,-8.977,-1.574,0.000,0.000,0.000,-222093
4.266117458,40067533,3.344,-8.977,-1.574,0.000,0.000,0.000,-221940
4.270270042,40071754,3.344,-8.977,-1.574,0.000,0.000,0.000,-221658
4.274349833,40075975,3.344,-8.977,-1.574,0.000,0.000,0.000,-222328
4.278645417,40080196,3.383,-8.980,-1.496,0.000,0.000,0.000,-221846
4.280788458,40082417,3.383,-8.980,-1.496,0.000,0.000,0.000,-222004
4.286070583,40087638,3.383,-8.980,-1.496,0.000,0.000,0.000,-221516
4.291431958,40092859,3.383,-8.980,-1.496,0.000,0.000,0.000,-222023
4.296773792,40098080,3.383,-8.980,-1.496,0.000,0.000,0.000,-221799
4.300992167,40102301,3.383,-8.980,-1.496,0.000,0.000,0.000,-222139
4.305178583,40106522,3.383,-8.980,-1.496,0.000,0.000,0.000,-222159
4.309179625,40110743,3.383,-8.977,-1.574,0.000,0.000,0.000,-222270
4.312374292,40113964,3.383,-8.977,-1.574,0.000,0.000,0.000,-222326
4.318862542,40120185,3.383,-8.977,-1.574,0.000,0.000,0.000,-221898
4.322875,40124406,3.383,-8.977,-1.574,0.000,0.000,0.000,-221746
4.326088667,40127627,3.383,-8.977,-1.574,0.000,0.000,0.000,-222048
4.330399083,40131848,3.383,-8.977,-1.574,0.000,0.000,0.000,-221832
4.334745,40136069,3.383,-8.977,-1.574,0.000,0.000,0.000,-222258
4.33797375,40139290,3.383,-9.016,-1.535,0.000,0.000,0.000,-223150
4.339998542,40141511,3.383,-9.016,-1.535,0.000,0.000,0.000,-222102
4.344096708,40145733,3.383,-9.016,-1.535,0.000,0.000,0.000,-221938
4.348377417,40149954,3.383,-9.016,-1.535,0.000,0.000,0.000,-221400
4.353647333,40155175,3.383,-9.016,-1.535,0.000,0.000,0.000,-222379
4.358081792,40159396,3.383,-9.016,-1.535,0.000,0.000,0.000,-221581
4.362326458,40163617,3.383,-9.016,-1.535,0.000,0.000,0.000,-221843
4.365440292,40166838,3.383,-9.016,-1.496,0.000,0.000,0.000,-221929
4.367487417,40169059,3.383,-9.016,-1.496,0.000,0.000,0.000,-221677
4.373678042,40175280,3.383,-9.016,-1.496,0.000,0.000,0.000,-221862
4.377919208,40179501,3.383,-9.016,-1.496,0.000,0.000,0.000,-221681
4.381101875,40182722,3.383,-9.016,-1.496,0.000,0.000,0.000,-222146
4.385370833,40186943,3.383,-9.016,-1.496,0.000,0.000,0.000,-221068
4.389583583,40191164,3.383,-9.016,-1.496,0.000,0.000,0.000,-222079
4.394056792,40195385,3.422,-9.020,-1.461,0.000,0.000,0.000,-222301
4.396019292,40197606,3.422,-9.020,-1.461,0.000,0.000,0.000,-222318
4.401295708,40202827,3.422,-9.020,-1.461,0.000,0.000,0.000,-221997
4.405432167,40207048,3.422,-9.020,-1.461,0.000,0.000,0.000,-221911
4.40868075,40210269,3.422,-9.020,-1.461,0.008,0.006,-0.018,-221716
4.413967667,40215490,3.422,-9.020,-1.461,0.035,-0.059,-0.027,-222012
4.418063208,40219711,3.422,-9.020,-1.461,0.006,-0.020,0.049,-222560
4.421385875,40222932,3.457,-8.867,-1.422,0.006,-0.020,0.049,-221590
4.425609958,40227153,3.457,-8.867,-1.422,-0.025,0.062,-0.012,-221905
4.429856083,40231374,3.305,-8.977,-1.687,-0.025,0.062,-0.012,-221524
4.435144208,40236595,3.305,-8.977,-1.687,-0.014,0.002,-0.047,-221882
4.439672042,40240816,3.305,-8.977,-1.687,0.004,-0.043,0.016,-222114
4.443492667,40245037,3.305,-8.977,-1.687,-0.002,0.006,0.086,-221641
4.447683,40249258,3.344,-8.980,-1.461,-0.002,0.006,0.086,-221179
4.449811792,40251479,3.344,-8.980,-1.461,-0.008,0.020,0.061,-221948
4.455086667,40256700,3.344,-8.980,-1.461,-0.004,0.023,-0.055,-222069
4.459358833,40260921,3.344,-8.980,-1.461,-0.020,0.016,-0.080,-222092
4.463646083,40265142,3.344,-8.980,-1.461,0.004,0.000,0.072,-221368
4.467940083,40269363,3.344,-8.980,-1.461,0.016,-0.010,0.070,-221917
4.473210375,40274584,3.344,-8.980,-1.461,-0.008,0.002,-0.020,-222196
4.47620225,40277805,3.305,-9.059,-1.496,-0.008,0.002,-0.020,-222238
4.481465792,40283026,3.305,-9.059,-1.496,-0.008,0.012,-0.018,-221367
4.485802,40287247,3.305,-9.059,-1.496,-0.014,0.006,-0.010,-221507
4.490016333,40291468,3.305,-9.059,-1.496,0.000,-0.014,0.012,-222142
4.4942195,40295689,3.305,-9.059,-1.496,0.008,-0.008,0.020,-221650
4.498702417,40299910,3.344,-8.980,-1.496,0.008,-0.008,0.020,-221927
4.500790375,40302131,3.344,-8.980,-1.496,0.004,-0.002,0.010,-222225
4.505027667,40306352,3.344,-8.980,-1.496,0.012,0.010,-0.027,-221570
4.509332,40310573,3.344,-8.980,-1.496,-0.002,-0.002,-0.010,-222177
4.513229917,40314794,3.344,-8.980,-1.496,-0.008,0.002,-0.004,-221534
4.518475917,40320015,3.344,-8.980,-1.496,0.012,0.006,0.002,-221853
4.523829292,40325236,3.344,-8.980,-1.496,-0.006,0.002,0.008,-222357
4.52916925,40330457,3.422,-9.020,-1.535,-0.006,0.002,0.008,-221314
4.532360958,40333678,3.422,-9.020,-1.535,0.004,0.002,-0.025,-221970
4.537621167,40338899,3.422,-9.020,-1.535,-0.008,0.008,0.012,-221750
4.541524417,40343120,3.422,-9.020,-1.535,0.000,-0.002,0.008,-222279
4.545750875,40347341,3.422,-9.020,-1.535,0.002,0.000,0.006,-222831
4.550985292,40352562,3.344,-9.016,-1.535,0.002,0.000,0.006,-222021
4.5541785,40355783,3.344,-9.016,-1.535,0.008,0.002,-0.004,-221126
4.56057925,40362004,3.344,-9.016,-1.535,0.004,0.010,-0.004,-221980
4.564919125,40366225,3.344,-9.016,-1.535,0.000,-0.002,-0.002,-221920
4.568204625,40369446,3.344,-9.016,-1.535,-0.004,-0.014,0.008,-222162
4.574531958,40375667,3.344,-9.016,-1.535,-0.002,-0.004,0.000,-222798
4.578313208,40379888,3.344,-9.016,-1.535,-0.002,-0.008,-0.008,-222534
4.583508458,40385109,3.344,-9.055,-1.535,-0.002,-0.008,-0.008,-221780
4.585752792,40387330,3.344,-9.055,-1.535,-0.004,-0.012,0.014,-221057
4.589903125,40391551,3.344,-9.055,-1.535,0.010,0.006,0.010,-222147
4.594136375,40395772,3.344,-9.055,-1.535,0.002,-0.006,0.000,-221358
4.5984025,40399993,3.344,-9.055,-1.535,0.012,-0.006,0.004,-222145
4.602578667,40404214,3.344,-9.055,-1.535,0.004,-0.002,0.004,-221678
4.607720292,40409435,3.344,-9.055,-1.535,0.002,0.010,0.000,-221391
4.61314325,40414656,3.344,-8.977,-1.574,0.002,0.010,0.000,-221426
4.615291625,40416877,3.344,-8.977,-1.574,0.000,0.002,-0.004,-221444
4.619442,40421098,3.344,-8.977,-1.574,-0.012,0.002,0.000,-221409
4.62373425,40425319,3.344,-8.977,-1.574,-0.004,0.002,0.008,-222192
4.629020875,40430540,3.344,-8.977,-1.574,0.008,0.004,0.006,-221971
4.633217542,40434761,3.344,-8.977,-1.574,-0.004,0.002,0.016,-221401
4.637389917,40438982,3.344,-8.977,-1.574,0.008,0.002,0.000,-221364
4.641710667,40443203,3.344,-9.016,-1.496,0.008,0.002,0.000,-221822
4.644826875,40446424,3.344,-9.016,-1.496,0.000,0.004,-0.002,-222476
4.649059833,40450645,3.344,-9.016,-1.496,0.016,0.002,0.014,-221782
4.654310042,40455866,3.344,-9.016,-1.496,0.004,0.014,0.004,-221783
4.658524667,40460087,3.344,-9.016,-1.496,0.004,0.000,0.008,-221994
4.662738,40464308,3.344,-9.016,-1.496,0.000,-0.006,-0.008,-221064
4.667092417,40468529,3.344,-9.016,-1.496,0.004,0.004,0.000,-221655
4.671243208,40472750,3.344,-8.980,-1.535,0.004,0.004,0.000,-222217
4.673370625,40474971,3.344,-8.980,-1.535,0.010,0.002,0.008,-221882
4.67860125,40480192,3.344,-8.980,-1.535,0.008,0.006,-0.010,-222429
4.682857833,40484413,3.344,-8.980,-1.535,0.000,-0.012,-0.020,-221126
4.686046083,40487634,3.344,-8.980,-1.535,0.012,-0.006,-0.002,-221576
4.690349333,40491855,3.344,-8.980,-1.535,-0.002,-0.004,0.006,-222349
4.694548792,40496076,3.344,-8.980,-1.535,-0.004,0.002,0.004,-222072
4.699510542,40500297,3.344,-8.938,-1.574,-0.004,0.002,0.004,-221893
4.700991583,40502518,3.344,-8.938,-1.574,-0.008,-0.004,0.012,-221469
4.706192833,40507739,3.344,-8.938,-1.574,-0.004,0.002,0.000,-221732
4.710852875,40511960,3.344,-8.938,-1.574,-0.008,0.006,-0.008,-221209
4.71464725,40516181,3.344,-8.938,-1.574,-0.008,-0.002,0.008,-221927
4.719046417,40520402,3.344,-8.938,-1.574,-0.006,-0.006,0.000,-220639
4.723128583,40524623,3.344,-8.938,-1.574,-0.004,-0.006,-0.004,-221391
4.727884917,40528844,3.383,-8.980,-1.496,-0.004,-0.006,-0.004,-221103
4.730802583,40532065,3.383,-8.980,-1.496,0.008,-0.004,-0.004,-222140
4.735747125,40537286,3.383,-8.980,-1.496,-0.010,0.002,-0.004,-221200
4.739929833,40541507,3.383,-8.980,-1.496,0.002,0.004,-0.016,-222419
4.743091292,40544729,3.383,-8.980,-1.496,-0.010,-0.002,-0.006,-222098
4.747405208,40548950,3.383,-8.980,-1.496,0.000,0.004,0.016,-221092
4.752824625,40554171,3.383,-8.980,-1.496,-0.006,0.012,0.000,-221359
4.757058542,40558392,3.383,-9.055,-1.535,-0.006,0.012,0.000,-222142
4.759175292,40560613,3.383,-9.055,-1.535,0.008,-0.004,-0.002,-221327
4.764410917,40565834,3.383,-9.055,-1.535,-0.004,-0.002,-0.012,-220932
4.768474625,40570055,3.383,-9.055,-1.535,0.008,-0.004,0.000,-222452
4.772665208,40574276,3.383,-9.055,-1.535,0.008,0.006,0.002,-222088
4.77731925,40578497,3.383,-9.055,-1.535,0.000,-0.004,0.008,-222478
4.781117,40582718,3.383,-9.055,-1.535,0.000,0.006,0.002,-222286
4.786350958,40587939,3.344,-8.980,-1.535,0.000,0.006,0.002,-221915
4.788574208,40590160,3.344,-8.980,-1.535,0.002,-0.002,-0.006,-222041
4.794974792,40596381,3.344,-8.980,-1.535,-0.004,0.002,-0.008,-221672
4.79909025,40600602,3.344,-8.980,-1.535,0.008,0.002,0.000,-221874
4.80500975,40605823,3.344,-8.980,-1.535,0.002,0.000,0.000,-221884
4.808437333,40610044,3.344,-8.980,-1.535,0.008,0.008,-0.004,-221860
4.8137825,40615265,3.344,-8.980,-1.535,-0.014,-0.002,-0.008,-221705
4.816972125,40618486,3.344,-9.016,-1.496,-0.014,-0.002,-0.008,-221458
4.821175875,40622707,3.344,-9.016,-1.496,0.002,-0.002,0.004,-221752
4.825427875,40626928,3.344,-8.980,-1.496,0.002,-0.002,0.004,-221867
4.827754458,40629149,3.344,-8.980,-1.496,0.012,-0.002,-0.008,-222182
4.831914667,40633370,3.344,-8.980,-1.496,0.002,0.000,0.014,-221778
4.836340292,40637591,3.344,-8.980,-1.496,-0.002,0.004,-0.006,-221347
4.840414333,40641812,3.344,-8.980,-1.496,0.010,-0.004,0.000,-222600
4.844422292,40646033,3.344,-8.980,-1.496,-0.004,0.004,0.002,-222200
4.848680833,40650256,3.344,-8.980,-1.496,0.002,0.006,-0.012,-221457
4.853859625,40655477,3.305,-8.938,-1.535,0.002,0.006,-0.012,-222196
4.856149167,40657698,3.305,-8.938,-1.535,-0.008,-0.004,0.014,-222907
4.861788417,40662919,3.305,-8.938,-1.535,-0.008,0.002,-0.004,-222649
4.865970208,40667140,3.305,-8.938,-1.535,-0.002,0.000,-0.008,-221588
4.86892125,40670361,3.305,-8.938,-1.535,0.002,-0.002,0.014,-221820
4.874097208,40675582,3.305,-8.938,-1.535,0.006,-0.004,0.004,-221508
4.87817125,40679803,3.344,-8.980,-1.535,0.006,-0.004,0.004,-221996
4.880399917,40682024,3.344,-8.980,-1.535,0.010,0.002,-0.004,-221903
4.884694583,40686245,3.344,-8.980,-1.535,0.010,0.008,-0.002,-221309
4.888894208,40690466,3.344,-8.980,-1.535,-0.002,0.006,0.002,-221997
4.893190042,40694687,3.344,-8.980,-1.535,0.014,0.006,0.000,-221772
4.897475833,40698908,3.344,-8.980,-1.535,0.008,-0.006,-0.008,-222000
4.901590667,40703129,3.344,-8.980,-1.535,-0.008,0.006,0.012,-221276
4.907262125,40708350,3.344,-8.980,-1.496,-0.008,0.006,0.012,-222652
4.909967833,40711571,3.344,-8.980,-1.496,-0.010,0.010,0.006,-222042
4.916277958,40717792,3.344,-8.980,-1.496,0.002,-0.002,-0.012,-221534
4.920501375,40722013,3.344,-8.980,-1.496,0.002,0.002,-0.006,-221782
4.924818792,40726234,3.344,-8.980,-1.496,0.008,-0.004,0.002,-221902
4.92911175,40730455,3.344,-8.980,-1.496,0.006,0.006,0.002,-221999
4.93435875,40735676,3.344,-8.980,-1.496,0.004,0.006,-0.006,-221413
4.938406,40739897,3.305,-8.977,-1.535,0.004,0.006,-0.006,-221752
4.941557,40743118,3.305,-8.977,-1.535,-0.010,-0.004,0.008,-222035
4.946830333,40748339,3.305,-8.977,-1.535,-0.004,0.004,-0.004,-221042
4.952056833,40753560,3.305,-8.977,-1.535,0.000,-0.008,0.008,-222206
4.956342,40757781,3.305,-8.977,-1.535,-0.002,-0.002,0.000,-223105
4.9619365,40763002,3.305,-8.977,-1.535,0.000,-0.010,0.008,-221037
4.96604075,40767225,3.305,-8.977,-1.535,0.004,0.012,-0.004,-221679
4.9699135,40771445,3.344,-9.016,-1.535,0.004,0.012,-0.004,-222075
4.973123,40774666,3.344,-9.016,-1.535,0.004,-0.002,0.016,-221755
4.979285333,40780887,3.344,-9.016,-1.535,-0.004,0.002,0.002,-222081
4.983479333,40785108,3.344,-9.016,-1.535,-0.002,0.000,0.008,-220781
4.987766458,40789329,3.344,-9.016,-1.535,0.000,-0.006,0.000,-221718
4.993047167,40794550,3.344,-9.016,-1.535,0.002,0.000,0.004,-221594
4.997424333,40798771,3.344,-9.016,-1.535,-0.002,-0.002,0.016,-221163
5.001508833,40802992,3.344,-8.980,-1.535,-0.002,-0.002,0.016,-222041
5.004698375,40806213,3.344,-8.980,-1.535,0.010,-0.008,0.002,-221357
5.010842583,40812434,3.344,-8.980,-1.535,-0.004,0.012,0.002,-221889
5.016130167,40817655,3.344,-8.980,-1.535,-0.010,0.010,-0.002,-221087
5.02142925,40822861,3.344,-8.980,-1.535,-0.010,-0.004,0.008,-221087
5.027760125,40828081,3.344,-9.016,-1.496,-0.010,-0.004,0.008,-221571
5.0298455,40831302,3.344,-9.016,-1.496,0.004,-0.004,-0.010,-221418
5.035983042,40837524,3.344,-9.016,-1.496,0.000,-0.006,0.008,-221385
5.040162917,40841744,3.344,-9.016,-1.496,0.000,-0.008,-0.010,-222052
5.044490167,40845965,3.344,-9.016,-1.496,0.008,-0.002,-0.006,-222395
5.048681708,40850186,3.344,-9.016,-1.496,0.010,0.006,-0.008,-221236
5.053956708,40855407,3.305,-8.941,-1.574,0.010,0.006,-0.008,-221586
5.057221875,40858628,3.305,-8.941,-1.574,-0.014,0.008,0.004,-221699
5.062450708,40863849,3.305,-8.941,-1.574,-0.010,-0.010,0.000,-221131
5.066811833,40868070,3.305,-8.941,-1.574,-0.002,0.010,0.004,-221976
5.070767333,40872291,3.305,-8.941,-1.574,0.008,-0.002,-0.006,-221886
5.075477958,40876512,3.305,-8.941,-1.574,-0.008,0.004,-0.004,-222114
5.079220583,40880733,3.422,-8.977,-1.496,-0.008,0.004,-0.004,-221118
5.081470417,40882954,3.422,-8.977,-1.496,0.004,0.012,-0.008,-221212
5.085913,40887175,3.422,-8.977,-1.496,-0.004,-0.004,0.008,-221545
5.089955167,40891396,3.422,-8.977,-1.496,0.002,-0.004,-0.010,-221780
5.094441458,40895617,3.422,-8.977,-1.496,0.008,0.006,0.004,-221640
5.098423125,40899838,3.422,-8.977,-1.496,-0.014,-0.008,0.016,-222881
5.102585875,40904059,3.422,-8.977,-1.496,0.006,-0.004,0.006,-221655
5.106816792,40908280,3.344,-8.977,-1.574,0.006,-0.004,0.006,-221719
5.109074333,40910501,3.344,-8.977,-1.574,-0.004,0.006,0.002,-222268
5.114116667,40915723,3.344,-8.977,-1.574,0.002,0.004,-0.008,-221727
5.118345208,40919944,3.344,-8.977,-1.574,0.002,0.002,0.000,-222232
5.123583,40925165,3.344,-8.977,-1.574,-0.004,-0.004,0.012,-222054
5.127817917,40929386,3.344,-8.977,-1.574,-0.006,0.002,0.004,-222346
5.133006708,40934607,3.344,-8.977,-1.574,0.006,-0.008,-0.006,-221687
5.137210542,40938828,3.344,-8.977,-1.574,0.006,-0.008,-0.006,-221933
5.14042425,40942049,3.344,-8.977,-1.574,0.000,0.004,0.006,-221844
5.145699417,40947270,3.344,-8.977,-1.574,0.006,-0.002,-0.004,-221420
5.149889833,40951491,3.344,-8.980,-1.535,0.006,-0.002,-0.004,-221663
5.153101042,40954712,3.344,-8.980,-1.535,-0.008,-0.008,0.002,-221641
5.158303792,40959933,3.344,-8.980,-1.535,0.004,-0.004,-0.006,-222915
5.162634042,40964154,3.344,-8.980,-1.535,0.004,-0.008,-0.006,-221815
5.166056333,40967375,3.344,-8.980,-1.535,0.023,0.002,0.000,-222700
5.169954208,40971596,3.344,-8.980,-1.535,-0.004,0.002,0.004,-222309
5.174202917,40975817,3.383,-9.016,-1.535,-0.004,0.002,0.004,-222268
5.177389417,40979038,3.383,-9.016,-1.535,0.010,0.004,0.012,-222595
5.182726833,40984259,3.383,-9.016,-1.535,-0.010,-0.004,0.000,-220828
5.186865042,40988480,3.383,-9.016,-1.535,0.014,-0.004,0.002,-221728
5.19209325,40993701,3.383,-9.016,-1.535,0.002,0.002,0.002,-222298
5.197285625,40998922,3.383,-9.016,-1.535,0.012,0.002,-0.004,-221987
5.201502667,41003143,3.383,-9.016,-1.535,-0.004,-0.004,0.008,-221181
5.206047125,41007364,3.305,-9.020,-1.496,-0.004,-0.004,0.008,-222305
5.208987833,41010570,3.305,-9.020,-1.496,0.004,0.006,0.004,-222305
5.215240083,41016790,3.305,-9.020,-1.496,-0.008,-0.004,0.006,-220986
5.21944275,41021011,3.305,-9.020,-1.496,0.008,0.000,-0.004,-221581
5.223664167,41025233,3.305,-9.020,-1.496,-0.008,0.008,-0.008,-222057
5.227873083,41029454,3.305,-9.020,-1.496,-0.010,-0.010,-0.006,-221642
5.232201875,41033675,3.305,-9.020,-1.496,0.002,0.004,-0.010,-221611
5.237319958,41038896,3.383,-8.980,-1.535,0.002,0.004,-0.010,-221600
5.240716167,41042117,3.383,-8.980,-1.535,-0.008,0.002,0.004,-221382
5.246770792,41048338,3.383,-8.980,-1.535,-0.010,-0.002,-0.004,-221883
5.250989167,41052559,3.383,-8.980,-1.535,-0.008,-0.014,0.002,-221800
5.255225875,41056780,3.383,-8.980,-1.535,0.008,0.004,0.000,-221957
5.259459625,41061001,3.383,-8.980,-1.535,-0.004,-0.006,0.012,-222985
5.264671083,41066222,3.383,-8.980,-1.535,-0.008,0.000,0.004,-221537
5.26894525,41070428,3.344,-9.016,-1.496,-0.008,0.000,0.004,-221537
5.272717833,41073648,3.344,-9.016,-1.496,0.002,0.010,0.010,-222692
5.278330792,41079869,3.344,-9.016,-1.496,0.006,0.002,0.002,-221944
5.282565125,41084090,3.344,-9.016,-1.496,0.004,0.002,-0.008,-221604
5.285817375,41087311,3.344,-9.016,-1.496,-0.008,-0.006,0.016,-221342
5.290103625,41091532,3.344,-9.016,-1.496,0.006,-0.004,-0.006,-221227
5.294269667,41095753,3.344,-9.016,-1.496,0.004,-0.004,0.012,-221862
5.298501208,41099974,3.305,-8.977,-1.613,0.004,-0.004,0.012,-221539
5.301730667,41103195,3.305,-8.977,-1.613,0.002,0.006,-0.002,-221969
5.3069855,41108416,3.305,-8.977,-1.613,0.010,0.008,-0.004,-221722
5.312060667,41113637,3.305,-8.977,-1.613,-0.002,0.010,-0.002,-221942
5.31625675,41117858,3.305,-8.977,-1.613,-0.008,-0.008,-0.008,-222590
5.320585458,41122079,3.305,-8.977,-1.613,-0.002,-0.002,0.006,-222158
5.324864792,41126300,3.305,-8.977,-1.613,0.010,-0.008,-0.020,-221892
5.329234542,41130521,3.344,-9.016,-1.461,0.010,-0.008,-0.020,-221742
5.332665375,41133742,3.344,-9.016,-1.461,-0.010,-0.004,0.004,-222502
5.3386595,41139963,3.344,-9.016,-1.461,0.004,-0.004,-0.004,-222597
5.343621208,41145184,3.344,-9.016,-1.461,0.002,0.002,-0.008,-221534
5.347863042,41149405,3.344,-8.941,-1.496,0.002,0.002,-0.008,-221696
5.351124333,41152611,3.344,-8.941,-1.496,0.006,-0.004,-0.006,-221696
5.357275292,41158831,3.344,-8.941,-1.496,0.014,0.002,0.008,-222599
5.361459958,41163052,3.344,-8.941,-1.496,0.012,0.002,0.000,-222310
5.366838667,41168273,3.344,-8.941,-1.496,0.000,-0.008,-0.016,-221231
5.370930625,41172494,3.344,-8.941,-1.496,0.008,0.014,-0.006,-221187
5.3761025,41177716,3.344,-8.941,-1.496,-0.010,-0.012,-0.006,-221872
5.380362708,41181937,3.383,-8.977,-1.574,-0.010,-0.012,-0.006,-221042
5.383565125,41185158,3.383,-8.977,-1.574,0.016,-0.008,0.014,-222259
5.38881525,41190379,3.383,-8.977,-1.574,-0.012,-0.002,-0.010,-222150
5.394035542,41195600,3.383,-8.977,-1.574,-0.004,0.002,0.016,-221671
5.398535958,41199821,3.383,-8.977,-1.574,-0.006,-0.004,-0.004,-221798
5.402545708,41204042,3.383,-8.977,-1.574,-0.004,-0.004,0.010,-221420
5.405801958,41207263,3.383,-8.977,-1.574,0.010,-0.012,0.012,-221953
5.410274917,41211484,3.344,-8.941,-1.496,0.010,-0.012,0.012,-221669
5.41311075,41214705,3.344,-8.941,-1.496,-0.004,0.000,0.002,-221341
5.418376042,41219926,3.344,-8.941,-1.496,0.002,0.002,-0.002,-221456
5.422600292,41224147,3.344,-8.941,-1.496,0.002,0.006,-0.020,-222198
5.427028833,41228368,3.344,-8.941,-1.496,0.000,-0.004,-0.002,-222010
5.431070042,41232589,3.344,-8.941,-1.496,-0.004,0.002,0.006,-222051
5.436360167,41237810,3.344,-8.941,-1.496,-0.002,-0.006,-0.008,-221814
5.439609667,41241031,3.344,-9.016,-1.535,-0.002,-0.006,-0.008,-222375
5.441855083,41243252,3.344,-9.016,-1.535,0.000,-0.004,0.006,-221741
5.446925708,41248473,3.344,-9.016,-1.535,-0.002,0.006,-0.002,-222015
5.451223125,41252694,3.344,-9.016,-1.535,0.000,-0.004,-0.006,-221820
5.455586875,41256915,3.344,-9.016,-1.535,0.008,0.004,0.006,-222309
5.459836792,41261136,3.344,-9.016,-1.535,0.008,0.002,-0.008,-221843
5.464049,41265357,3.344,-9.016,-1.535,-0.006,-0.008,0.008,-221753
5.467510125,41268578,3.383,-9.016,-1.496,-0.006,-0.008,0.008,-221946
5.469455833,41270799,3.383,-9.016,-1.496,0.002,0.014,-0.008,-221351
5.474793958,41276020,3.383,-9.016,-1.496,-0.010,-0.010,0.002,-221679
5.478717708,41280241,3.383,-9.016,-1.496,0.004,0.002,0.006,-221354
5.481906833,41283462,3.383,-9.016,-1.496,-0.008,-0.010,0.000,-222047
5.48616,41287683,3.383,-9.016,-1.496,0.016,0.004,0.000,-221761
5.491451333,41292904,3.383,-9.016,-1.496,-0.002,-0.006,0.014,-222226
5.496802958,41298125,3.383,-8.980,-1.496,-0.002,-0.006,0.014,-222167
5.500005333,41301346,3.383,-8.980,-1.496,0.000,-0.002,0.018,-221584
5.50523625,41306567,3.383,-8.980,-1.496,-0.010,0.004,0.002,-221189
5.509309625,41310788,3.383,-8.980,-1.496,-0.004,0.012,0.006,-221937
5.514454542,41316009,3.383,-8.980,-1.496,-0.008,0.002,-0.004,-221335
5.518693042,41320230,3.383,-8.980,-1.496,-0.006,-0.002,-0.006,-221660
5.522885833,41324451,3.383,-8.980,-1.496,0.000,0.000,-0.006,-221943
5.52610675,41327672,3.383,-9.016,-1.496,0.000,0.000,-0.006,-221857
5.52929025,41330893,3.383,-9.016,-1.496,0.004,0.006,0.004,-221670
5.534580375,41336114,3.383,-9.016,-1.496,0.000,0.002,0.000,-221962
5.539317208,41340320,3.383,-9.016,-1.496,0.000,0.004,-0.002,-221962
5.542187208,41343540,3.383,-9.016,-1.496,0.002,0.004,0.016,-222024
5.547197792,41348761,3.383,-9.016,-1.496,-0.012,0.006,-0.002,-221453
5.552480458,41353982,3.383,-9.016,-1.496,-0.010,0.006,0.000,-221771
5.556689375,41358203,3.344,-9.016,-1.496,-0.010,0.006,0.000,-221786
5.559093792,41360424,3.344,-9.016,-1.496,-0.006,0.004,-0.006,-222642
5.567412042,41368645,3.344,-9.016,-1.496,0.002,-0.010,-0.008,-221698
5.572682458,41373866,3.344,-9.016,-1.496,0.010,-0.004,-0.016,-221944
5.576496042,41378087,3.344,-9.016,-1.496,0.000,0.000,0.000,-221328
5.580678292,41382308,3.344,-9.016,-1.496,0.000,0.000,0.000,-221712
5.584921375,41386529,3.344,-8.980,-1.613,0.000,0.000,0.000,-221389
5.588161708,41389750,3.344,-8.980,-1.613,0.000,0.000,0.000,-221580
5.59436625,41395971,3.344,-8.980,-1.613,0.000,0.000,0.000,-222029
5.598570458,41400177,3.344,-8.980,-1.613,0.000,0.000,0.000,-222029
5.603866333,41405397,3.344,-8.980,-1.613,0.000,0.000,0.000,-221829
5.608397167,41409618,3.344,-8.980,-1.613,0.000,0.000,0.000,-222096
5.614273667,41415839,3.344,-8.980,-1.613,0.000,0.000,0.000,-221913
5.618477667,41420060,3.305,-8.938,-1.496,0.000,0.000,0.000,-221809
5.620697958,41422281,3.305,-8.938,-1.496,0.000,0.000,0.000,-222414
5.624906125,41426502,3.305,-8.938,-1.496,0.000,0.000,0.000,-222874
5.629142292,41430723,3.305,-8.938,-1.496,0.000,0.000,0.000,-221595
5.634387375,41435944,3.305,-8.938,-1.496,0.000,0.000,0.000,-222170
5.638556458,41440165,3.305,-8.938,-1.496,0.000,0.000,0.000,-221882
5.642819708,41444386,3.305,-8.938,-1.496,0.000,0.000,0.000,-222038
5.646029833,41447607,3.383,-8.980,-1.496,0.000,0.000,0.000,-221975
5.648251583,41449828,3.383,-8.980,-1.496,0.000,0.000,0.000,-221640
5.65244275,41454049,3.383,-8.980,-1.496,0.000,0.000,0.000,-221308
5.656703125,41458270,3.383,-8.980,-1.496,0.000,0.000,0.000,-222470
5.662022583,41463491,3.383,-8.980,-1.496,0.000,0.000,0.000,-221412
5.666107,41467713,3.383,-8.980,-1.496,0.000,0.000,0.000,-221412
5.67031225,41471934,3.383,-8.980,-1.496,0.000,0.000,0.000,-222216
5.674607125,41476155,3.305,-9.020,-1.535,0.000,0.000,0.000,-222226
5.676975625,41478376,3.305,-9.020,-1.535,0.000,0.000,0.000,-222275
5.6820245,41483597,3.305,-9.020,-1.535,0.000,0.000,0.000,-221246
5.686227083,41487818,3.305,-9.020,-1.535,0.000,0.000,0.000,-222002
5.689440292,41491039,3.305,-9.020,-1.535,0.000,0.000,0.000,-221785
5.694679625,41496260,3.305,-9.020,-1.535,0.000,0.000,0.000,-221912
5.698941417,41500481,3.305,-9.020,-1.535,0.000,0.000,0.000,-221905
5.702058042,41503702,3.344,-8.977,-1.574,0.000,0.000,0.000,-222019
5.704284375,41505923,3.344,-8.977,-1.574,0.000,0.000,0.000,-221836
5.70952125,41511144,3.344,-8.977,-1.574,0.000,0.000,0.000,-222160
5.714796875,41516365,3.344,-8.977,-1.574,0.000,0.000,0.000,-221617
5.71893975,41520586,3.344,-8.977,-1.574,0.000,0.000,0.000,-222132
5.724295375,41525810,3.344,-8.977,-1.574,0.000,0.000,0.000,-221683
5.728502792,41530031,3.344,-8.977,-1.574,0.000,0.000,0.000,-222022
5.733759292,41535252,3.344,-8.980,-1.535,0.000,0.000,0.000,-221753
5.735820042,41537473,3.344,-8.980,-1.535,0.000,0.000,0.000,-222655
5.740409542,41541694,3.344,-8.980,-1.535,0.000,0.000,0.000,-222681
5.744319792,41545915,3.344,-8.980,-1.535,0.000,0.000,0.000,-221756
5.748579458,41550136,3.344,-8.980,-1.535,0.000,0.000,0.000,-222040
5.753737125,41555357,3.344,-8.980,-1.535,0.000,0.000,0.000,-221741
5.758372708,41559578,3.422,-9.016,-1.574,0.000,0.000,0.000,-222737
5.761353833,41562799,3.422,-9.016,-1.574,0.000,0.000,0.000,-221838
5.766761375,41568020,3.422,-9.016,-1.574,0.000,0.000,0.000,-221753
5.770657458,41572241,3.422,-9.016,-1.574,0.000,0.000,0.000,-222447
5.775957667,41576462,3.422,-9.016,-1.574,0.000,0.000,0.000,-223394
5.781259875,41582683,3.422,-9.016,-1.574,0.000,0.000,0.000,-221703
5.786258167,41587889,3.422,-9.016,-1.574,0.000,0.000,0.000,-221703
5.789474667,41591109,3.383,-8.980,-1.496,0.000,0.000,0.000,-222149
5.79170525,41593330,3.383,-8.980,-1.496,0.000,0.000,0.000,-222268
5.796980667,41598551,3.383,-8.980,-1.496,0.000,0.000,0.000,-221874
5.801173375,41602772,3.383,-8.980,-1.496,0.000,0.000,0.000,-221965
5.806652208,41607993,3.383,-8.980,-1.496,0.000,0.000,0.000,-222335
5.810638458,41612214,3.383,-8.980,-1.496,0.000,0.000,0.000,-221715
5.815833333,41617435,3.383,-8.980,-1.496,0.000,0.000,0.000,-222023
5.820050833,41621656,3.344,-8.977,-1.574,0.000,0.000,0.000,-221607
5.823262417,41624877,3.344,-8.977,-1.574,0.000,0.000,0.000,-221667
5.830577083,41632098,3.344,-8.977,-1.574,0.000,0.000,0.000,-220847
5.835858333,41637319,3.344,-8.977,-1.574,0.000,0.000,0.000,-221962
5.838954,41640540,3.344,-8.977,-1.574,0.000,0.000,0.000,-222319
5.84419875,41645761,3.344,-8.977,-1.574,0.000,0.000,0.000,-221060
5.849435417,41650982,3.344,-8.977,-1.574,0.000,0.000,0.000,-221509
5.854709917,41656203,3.344,-8.938,-1.574,0.000,0.000,0.000,-222324
5.857881625,41659424,3.344,-8.938,-1.574,0.000,0.000,0.000,-221943
5.863108083,41664645,3.344,-8.938,-1.574,0.000,0.000,0.000,-222584
5.867250625,41668866,3.344,-8.938,-1.574,0.000,0.000,0.000,-222066
5.872514,41674087,3.344,-8.938,-1.574,0.000,0.000,0.000,-222390
5.876768292,41678308,3.344,-8.938,-1.574,0.000,0.000,0.000,-221724
5.881956167,41683529,3.344,-8.938,-1.574,0.000,0.000,0.000,-221716
5.886157125,41687750,3.344,-8.980,-1.535,0.000,0.000,0.000,-221269
5.889385792,41690971,3.344,-8.980,-1.535,0.000,0.000,0.000,-222337
5.895607042,41697192,3.344,-8.980,-1.535,0.000,0.000,0.000,-221965
5.899822667,41701413,3.344,-8.980,-1.535,0.000,0.000,0.000,-221354
5.904104667,41705634,3.344,-8.980,-1.535,0.000,0.000,0.000,-222848
5.908342708,41709855,3.344,-8.980,-1.535,0.000,0.000,0.000,-222212
5.913559,41715076,3.344,-8.980,-1.535,0.000,0.000,0.000,-221847
5.917706333,41719297,3.383,-8.980,-1.535,0.000,0.000,0.000,-222231
5.920927917,41722518,3.383,-8.980,-1.535,0.000,0.000,0.000,-222018
5.927157208,41728739,3.383,-8.980,-1.535,0.000,0.000,0.000,-222647
5.931345708,41732960,3.383,-8.980,-1.535,0.000,0.000,0.000,-221737
5.935555917,41737181,3.383,-8.980,-1.535,0.000,0.000,0.000,-222380
5.939832875,41741402,3.383,-8.980,-1.535,0.000,0.000,0.000,-222615
5.94433025,41745623,3.383,-8.980,-1.535,0.000,0.000,0.000,-222095
5.947209208,41748844,3.344,-8.980,-1.496,0.000,0.000,0.000,-222168
5.9504925,41752065,3.344,-8.980,-1.496,0.000,0.000,0.000,-221111
5.956697375,41758286,3.344,-8.980,-1.496,0.000,0.000,0.000,-222662
5.961157625,41762507,3.344,-8.980,-1.496,0.000,0.000,0.000,-221943
5.965392875,41766728,3.344,-8.980,-1.496,0.000,0.000,0.000,-221717
5.969323875,41770949,3.344,-8.980,-1.496,0.000,0.000,0.000,-221084
5.974903667,41776170,3.344,-8.980,-1.496,0.000,0.000,0.000,-222350
5.979577708,41780391,3.305,-9.020,-1.535,0.000,0.000,0.000,-221646
5.982050083,41783612,3.305,-9.020,-1.535,0.000,0.000,0.000,-221205
5.987251917,41788833,3.305,-9.020,-1.535,0.000,0.000,0.000,-222226
5.992488,41794054,3.305,-9.020,-1.535,0.000,0.000,0.000,-221897
5.996709875,41798275,3.305,-9.020,-1.535,0.000,0.000,0.000,-222285
6.000979667,41802497,3.305,-9.020,-1.535,0.000,0.000,0.000,-221453
6.005164167,41806717,3.305,-9.020,-1.535,0.000,0.000,0.000,-222455
6.00936,41810938,3.383,-8.980,-1.461,0.000,0.000,0.000,-222073
6.012550333,41814144,3.383,-8.980,-1.461,0.000,0.000,0.000,-222073
6.017798167,41819364,3.383,-8.980,-1.461,0.000,0.000,0.000,-222354
6.021987958,41823585,3.383,-8.980,-1.461,0.000,0.000,0.000,-222641
6.026241,41827806,3.383,-8.980,-1.461,0.000,0.000,0.000,-222226
6.030508375,41832027,3.383,-8.980,-1.461,0.000,0.000,0.000,-222347
6.035743042,41837248,3.383,-8.980,-1.461,0.000,0.000,0.000,-221392
6.039898333,41841469,3.305,-8.977,-1.613,0.000,0.000,0.000,-222802
6.043195125,41844690,3.305,-8.977,-1.613,0.000,0.000,0.000,-222576
6.04932725,41850911,3.305,-8.977,-1.613,0.000,0.000,0.000,-222129
6.053537167,41855132,3.305,-8.977,-1.613,0.000,0.000,0.000,-221728
6.057836833,41859353,3.305,-8.977,-1.613,-0.004,0.016,0.016,-223032
6.062005625,41863574,3.305,-8.977,-1.613,0.004,-0.008,-0.004,-222533
6.067180292,41868795,3.305,-8.977,-1.613,0.000,0.014,-0.010,-221930
6.071859083,41873016,3.305,-9.016,-1.574,0.000,0.014,-0.010,-221683
6.074833833,41876237,3.305,-9.016,-1.574,-0.004,0.014,-0.012,-221886
6.080825083,41882458,3.305,-9.016,-1.574,0.004,-0.014,0.002,-221918
6.085039583,41886679,3.305,-9.016,-1.574,-0.012,0.004,0.008,-221812
6.089313292,41890900,3.305,-9.016,-1.574,-0.002,0.002,-0.002,-222205
6.095193792,41896122,3.305,-9.016,-1.574,-0.012,0.006,0.014,-222554
6.099128042,41900342,3.305,-9.016,-1.574,-0.008,0.010,0.002,-221470
6.102981,41904563,3.344,-8.977,-1.574,-0.008,0.010,0.002,-223109
6.107244833,41907784,3.344,-8.977,-1.574,-0.008,-0.025,-0.014,-222211
6.112366875,41914005,3.344,-8.977,-1.574,0.004,-0.008,0.021,-221703
6.117655958,41919226,3.344,-8.977,-1.574,-0.010,-0.008,0.006,-221988
6.121886625,41923447,3.344,-8.977,-1.574,0.010,0.016,-0.008,-221870
6.126132708,41927668,3.344,-8.977,-1.574,-0.002,0.004,-0.004,-222093
6.130383583,41931889,3.344,-8.977,-1.574,-0.012,-0.012,-0.020,-221626
6.135499042,41937110,3.383,-8.977,-1.574,-0.012,-0.012,-0.020,-221286
6.138711,41940331,3.383,-8.977,-1.574,0.002,-0.004,-0.004,-222731
6.143934417,41945552,3.383,-8.977,-1.574,-0.012,0.002,0.021,-221986
6.148185167,41949773,3.383,-8.977,-1.574,0.008,0.004,-0.010,-221568
6.151361333,41952994,3.383,-8.977,-1.574,-0.012,0.004,-0.012,-221431
6.156599292,41958215,3.383,-8.977,-1.574,-0.016,0.004,-0.012,-221521
6.160863875,41962436,3.383,-8.977,-1.574,-0.004,0.006,0.014,-222475
6.165082042,41966657,3.344,-8.980,-1.535,-0.004,0.006,0.014,-222208
6.167262042,41968878,3.344,-8.980,-1.535,0.012,0.012,0.008,-221634
6.171513333,41973099,3.344,-8.980,-1.535,-0.004,-0.018,-0.016,-221041
6.175809292,41977320,3.344,-8.980,-1.535,0.002,-0.008,0.018,-222233
6.178895958,41980541,3.344,-8.980,-1.535,-0.002,-0.014,-0.012,-221297
6.184177292,41985762,3.344,-8.980,-1.535,0.016,0.004,-0.008,-221516
6.188355292,41989983,3.344,-8.980,-1.535,-0.010,0.008,0.033,-221825
6.19459275,41996204,3.305,-8.977,-1.535,-0.010,0.008,0.033,-221361
6.196817083,41998425,3.305,-8.977,-1.535,-0.004,-0.004,0.004,-221504
6.201055042,42002646,3.305,-8.977,-1.535,0.000,-0.010,-0.016,-222353
6.2052405,42006867,3.305,-8.977,-1.535,0.004,0.010,0.002,-222061
6.209480042,42011088,3.305,-8.977,-1.535,0.010,0.008,0.018,-222210
6.214709333,42016309,3.305,-8.977,-1.535,-0.006,0.004,-0.006,-221839
6.218877875,42020530,3.305,-8.977,-1.535,0.008,-0.006,-0.018,-222033
6.2221415,42023751,3.344,-8.980,-1.535,0.008,-0.006,-0.018,-221970
6.22437875,42025972,3.344,-8.980,-1.535,0.010,0.000,-0.010,-222737
6.228627333,42030193,3.344,-8.980,-1.535,0.000,-0.006,0.010,-222363
6.232838125,42034414,3.344,-8.980,-1.535,0.008,0.004,0.008,-221627
6.237059875,42038635,3.344,-8.980,-1.535,0.010,0.008,-0.002,-221872
6.241294125,42042856,3.344,-8.980,-1.535,0.004,0.010,-0.002,-222568
6.246536083,42048077,3.344,-8.980,-1.535,-0.020,-0.006,0.002,-221242
6.249731708,42051298,3.344,-8.980,-1.535,-0.020,-0.006,0.002,-221170
6.252974625,42054519,3.344,-8.980,-1.535,0.000,0.002,-0.016,-221842
6.258239625,42059740,3.344,-8.980,-1.535,-0.012,-0.014,0.006,-222451
6.26241175,42063961,3.344,-8.980,-1.535,0.000,0.002,0.004,-221593
6.266632417,42068182,3.344,-8.980,-1.535,-0.010,0.008,0.008,-221109
6.270889208,42072403,3.344,-8.980,-1.535,0.004,0.000,-0.002,-222309
6.276063583,42077624,3.344,-8.980,-1.535,0.016,0.004,0.018,-221811
6.280421792,42081845,3.305,-8.980,-1.574,0.016,0.004,0.018,-221606
6.283490875,42085051,3.305,-8.980,-1.574,0.002,0.000,0.008,-221606
6.288755042,42090271,3.305,-8.980,-1.574,-0.004,0.010,0.008,-221542
6.293967042,42095493,3.305,-8.980,-1.574,0.000,0.004,0.008,-222374
6.297098417,42098714,3.305,-8.980,-1.574,0.000,0.010,0.004,-221984
6.301343208,42102935,3.305,-8.980,-1.574,-0.002,0.002,-0.010,-221647
6.305533708,42107156,3.305,-8.980,-1.574,0.004,0.004,-0.004,-221887
6.309802292,42111377,3.344,-8.980,-1.496,0.004,0.004,-0.004,-222513
6.31303875,42114598,3.344,-8.980,-1.496,-0.004,-0.020,0.004,-221500
6.319299667,42120821,3.344,-8.980,-1.496,0.000,0.002,0.008,-222524
6.323591625,42125042,3.344,-8.980,-1.496,0.002,0.010,0.010,-222659
6.327468542,42128263,3.344,-8.980,-1.496,0.002,-0.006,-0.010,-222379
6.331248458,42132484,3.344,-8.980,-1.496,0.000,0.002,-0.002,-221689
6.335612917,42136706,3.344,-8.980,-1.496,0.006,-0.012,0.004,-221942
6.339623583,42140927,3.344,-8.977,-1.574,0.006,-0.012,0.004,-221850
6.343120042,42144148,3.344,-8.977,-1.574,-0.008,-0.002,-0.002,-222250
6.348861958,42150369,3.344,-8.977,-1.574,0.000,0.002,0.000,-221333
6.353162083,42154590,3.344,-8.977,-1.574,-0.008,0.002,-0.004,-221613
6.35749875,42158811,3.344,-8.977,-1.574,0.000,-0.006,0.006,-222427
6.362071833,42163032,3.344,-8.977,-1.574,0.010,-0.006,-0.010,-222623
6.36697025,42168253,3.344,-8.977,-1.574,0.004,0.002,0.004,-222298
6.369843667,42171474,3.344,-8.980,-1.496,0.004,0.002,0.004,-222455
6.37310925,42174695,3.344,-8.980,-1.496,0.000,-0.002,0.002,-222099
6.37934325,42180916,3.344,-8.980,-1.496,0.004,0.004,-0.002,-222130
6.383570917,42185137,3.344,-8.980,-1.496,0.008,0.002,-0.010,-221679
6.387775583,42189358,3.344,-8.980,-1.496,0.016,0.002,0.006,-221855
6.392012708,42193579,3.344,-8.980,-1.496,-0.008,-0.004,0.008,-222058
6.397242917,42198800,3.422,-9.020,-1.535,-0.008,-0.004,0.008,-221715
6.399458083,42201021,3.422,-9.020,-1.535,0.008,0.004,-0.004,-221802
6.404669667,42206242,3.422,-9.020,-1.535,-0.004,0.016,0.002,-221591
6.409864833,42210463,3.305,-8.977,-1.496,-0.004,0.016,0.002,-222519
6.411148667,42212684,3.305,-8.977,-1.496,-0.010,-0.010,0.008,-222353
6.41635425,42217905,3.305,-8.977,-1.496,0.008,0.008,0.012,-221659
6.421585375,42223126,3.305,-8.977,-1.496,-0.010,-0.004,0.002,-222030
6.425744542,42227347,3.344,-8.980,-1.535,-0.010,-0.004,0.002,-221257
6.429018,42230568,3.344,-8.980,-1.535,0.010,-0.004,-0.002,-221886
6.435236125,42236789,3.344,-8.980,-1.535,-0.010,0.000,-0.002,-221889
6.439472292,42241010,3.344,-8.980,-1.535,-0.002,0.002,0.002,-221917
6.443783417,42245231,3.344,-8.980,-1.535,-0.012,0.010,0.006,-222034
6.44787575,42249452,3.344,-8.980,-1.535,0.002,-0.010,0.008,-221785
6.454140458,42255673,3.344,-8.980,-1.535,0.000,-0.004,0.010,-221579
6.459393667,42260894,3.344,-8.980,-1.461,0.000,-0.004,0.010,-223123
6.462681458,42264115,3.344,-8.980,-1.461,0.002,-0.016,0.000,-221557
6.469024958,42270336,3.344,-8.980,-1.461,-0.006,0.000,0.010,-220995
6.473210625,42274557,3.344,-8.980,-1.461,0.002,0.004,0.002,-221962
6.477374083,42278778,3.344,-8.980,-1.461,0.012,0.002,0.002,-222126
6.482438625,42283999,3.383,-8.938,-1.574,0.012,0.002,0.002,-221580
6.485603458,42287220,3.383,-8.938,-1.574,0.002,0.004,0.004,-222178
6.491056958,42292441,3.383,-8.938,-1.574,0.000,0.004,-0.004,-222640
6.496409708,42297662,3.383,-8.938,-1.574,0.006,0.006,-0.006,-222209
6.500594375,42301883,3.383,-8.938,-1.574,-0.002,0.004,-0.006,-221476
6.504795375,42306104,3.383,-8.938,-1.574,0.002,0.002,0.014,-221730
6.508097333,42309325,3.383,-8.938,-1.574,-0.010,-0.004,-0.012,-221984
6.512026125,42313546,3.344,-8.980,-1.535,-0.010,-0.004,-0.012,-221117
6.515228708,42316767,3.344,-8.980,-1.535,-0.008,0.010,0.004,-221792
6.521496625,42322988,3.344,-8.980,-1.535,0.004,0.010,0.002,-221502
6.525915917,42327209,3.344,-8.980,-1.535,0.004,-0.002,-0.002,-221591
6.529135333,42330430,3.344,-8.980,-1.535,-0.002,-0.006,0.004,-222575
6.534372375,42335651,3.344,-8.980,-1.535,-0.002,-0.006,-0.002,-221933
6.538565583,42339872,3.344,-8.980,-1.535,0.000,0.000,-0.006,-222285
6.543042875,42344093,3.383,-9.016,-1.535,0.000,0.000,-0.006,-222362
6.544725375,42346314,3.383,-9.016,-1.535,0.002,0.002,0.002,-222341
6.549989542,42351535,3.383,-9.016,-1.535,-0.002,0.010,-0.010,-221466
6.555212667,42356756,3.383,-9.016,-1.535,0.000,-0.002,-0.010,-222197
6.559511292,42360977,3.383,-9.016,-1.535,0.000,0.006,0.004,-222300
6.563735375,42365198,3.383,-9.016,-1.535,0.000,0.010,0.014,-222339
6.567130667,42368419,3.383,-9.016,-1.535,-0.008,0.008,-0.006,-221826
6.571318958,42372640,3.344,-8.980,-1.535,-0.008,0.008,-0.006,-221533
6.574561667,42375861,3.344,-8.980,-1.535,0.000,0.000,-0.004,-221950
6.580520625,42382082,3.344,-8.980,-1.535,0.008,0.010,0.008,-221970
6.584732125,42386303,3.344,-8.980,-1.535,-0.014,0.004,0.006,-222080
6.5890035,42390524,3.344,-8.980,-1.535,0.004,0.010,0.014,-222725
6.594409083,42395745,3.344,-8.980,-1.535,-0.004,0.004,0.000,-222548
6.5984345,42399966,3.344,-8.980,-1.535,0.002,-0.008,0.002,-222060
6.602653958,42404187,3.344,-9.016,-1.535,0.002,-0.008,0.002,-221164
6.606041167,42407408,3.344,-9.016,-1.535,-0.004,-0.004,-0.002,-222391
6.611053125,42412629,3.344,-9.016,-1.535,-0.002,0.000,-0.004,-222130
6.61623925,42417850,3.344,-9.016,-1.535,0.000,0.008,0.016,-221652
6.619459083,42421071,3.344,-9.016,-1.535,0.012,-0.004,-0.012,-222355
6.623723792,42425292,3.344,-9.016,-1.535,-0.004,0.016,0.004,-221702
6.627843625,42429513,3.344,-9.016,-1.535,0.004,-0.004,-0.004,-221930
6.632155417,42433734,3.344,-8.980,-1.535,0.004,-0.004,-0.004,-221796
6.635397125,42436955,3.344,-8.980,-1.535,-0.004,0.000,0.008,-222190
6.641651042,42443176,3.344,-8.980,-1.535,0.016,0.000,0.016,-222642
6.645822792,42447397,3.344,-8.980,-1.535,-0.008,0.000,-0.004,-222248
6.649061375,42450618,3.344,-8.980,-1.535,-0.004,0.000,-0.010,-221729
6.655245,42456839,3.344,-8.980,-1.535,-0.004,-0.002,-0.006,-222146
6.659476542,42461060,3.344,-8.980,-1.535,-0.012,0.002,-0.002,-222375
6.664790375,42466281,3.344,-9.016,-1.496,-0.012,0.002,-0.002,-221878
6.667019375,42468504,3.344,-9.016,-1.496,-0.006,-0.016,0.006,-221994
6.672136417,42473724,3.344,-9.016,-1.496,0.002,-0.004,0.010,-221937
6.677386,42478945,3.344,-9.016,-1.496,-0.004,-0.002,-0.008,-222692
6.682632125,42484166,3.344,-9.016,-1.496,-0.008,0.002,0.002,-222085
6.68722425,42488387,3.344,-9.016,-1.496,-0.004,0.006,0.004,-221429
6.691073292,42492608,3.344,-9.016,-1.496,-0.002,-0.006,0.006,-222094
6.695233458,42496829,3.383,-9.016,-1.496,-0.002,-0.006,0.006,-221987
6.697445917,42499050,3.383,-9.016,-1.496,-0.004,0.008,0.006,-221050
6.7026845,42504271,3.383,-9.016,-1.496,0.000,0.004,0.004,-221693
6.707668083,42508493,3.383,-9.016,-1.496,-0.010,0.002,0.002,-222446
6.711198583,42512713,3.383,-9.016,-1.496,-0.002,-0.008,-0.008,-221693
6.716381,42517934,3.383,-9.016,-1.496,-0.010,-0.008,0.010,-221862
6.72053425,42522155,3.383,-9.016,-1.496,0.002,0.014,0.006,-222293
6.724898167,42526376,3.344,-8.977,-1.574,0.002,0.014,0.006,-221279
6.727255167,42528597,3.344,-8.977,-1.574,-0.008,-0.008,0.000,-222451
6.73238575,42533818,3.344,-8.977,-1.574,-0.002,0.004,0.004,-221354
6.737708333,42539039,3.344,-8.977,-1.574,0.000,0.008,0.010,-221416
6.741998583,42543260,3.344,-8.977,-1.574,-0.006,-0.008,-0.008,-222290
6.746862417,42548481,3.344,-8.977,-1.574,0.008,0.008,-0.010,-221379
6.752116333,42553703,3.344,-8.977,-1.574,-0.002,0.004,0.006,-222020
6.75734325,42558924,3.344,-8.980,-1.496,-0.002,0.004,0.006,-222603
6.759548375,42561145,3.344,-8.980,-1.496,0.002,-0.004,-0.008,-221872
6.765037708,42566366,3.344,-8.980,-1.496,0.010,0.004,0.002,-221258
6.768980083,42570587,3.344,-8.980,-1.496,0.002,-0.016,0.004,-222088
6.774540583,42575808,3.344,-8.980,-1.496,-0.004,0.000,0.004,-222157
6.777472958,42579029,3.344,-8.977,-1.574,-0.004,0.000,0.004,-222663
6.779951167,42581250,3.344,-8.977,-1.574,0.000,0.006,0.002,-221312
6.784994625,42586471,3.344,-8.977,-1.574,0.002,0.004,0.004,-221946
6.789162542,42590692,3.344,-8.977,-1.574,-0.008,-0.008,-0.010,-222149
6.793412042,42594913,3.344,-8.977,-1.574,-0.008,-0.002,0.004,-221606
6.797622875,42599134,3.344,-8.977,-1.574,-0.006,0.002,-0.002,-220931
6.803499667,42604355,3.344,-8.977,-1.574,0.002,0.004,-0.006,-221558
6.806995292,42608576,3.422,-8.977,-1.535,0.002,0.004,-0.006,-221683
6.810330875,42611797,3.422,-8.977,-1.535,0.002,0.002,0.002,-221651
6.816495708,42618018,3.422,-8.977,-1.535,0.000,-0.008,-0.012,-221821
6.820642375,42622239,3.422,-8.977,-1.535,-0.002,0.000,0.020,-222517
6.824973458,42626460,3.422,-8.977,-1.535,-0.008,0.006,0.025,-222142
6.830285458,42631681,3.422,-8.977,-1.535,0.002,-0.002,-0.020,-222143
6.834390333,42635902,3.422,-8.977,-1.535,-0.012,0.006,-0.006,-222166
6.837555,42639123,3.383,-9.094,-1.574,-0.012,0.006,-0.006,-222354
6.839726083,42641344,3.383,-9.094,-1.574,0.012,0.016,0.004,-222267
6.845019125,42646565,3.383,-9.094,-1.574,-0.023,-0.027,-0.020,-222223
6.84957825,42650786,3.383,-9.094,-1.574,-0.139,-0.018,-0.002,-221288
6.854466958,42656007,3.383,-8.793,-1.687,-0.139,-0.018,-0.002,-222466
6.857658708,42659228,3.383,-8.793,-1.687,0.053,-0.062,-0.076,-222090
6.8629105,42664449,3.383,-8.793,-1.687,0.027,-0.141,0.066,-221795
6.867057833,42668670,3.383,-8.793,-1.687,-0.008,0.020,0.084,-221203
6.871337375,42672891,3.305,-9.055,-1.766,-0.008,0.020,0.084,-221023
6.874600958,42676112,3.305,-9.055,-1.766,0.002,0.072,0.121,-222181
6.879779958,42681333,3.305,-9.055,-1.766,-0.037,0.076,0.156,-222199
6.885010625,42686554,3.305,-9.055,-1.766,0.006,-0.027,-0.324,-221244
6.889207,42690775,3.305,-9.055,-1.766,0.000,0.025,-0.121,-221871
6.894453208,42695996,3.305,-9.055,-1.766,0.021,0.002,0.195,-221484
6.899706833,42701217,3.305,-9.055,-1.766,-0.035,0.090,-0.033,-221420
6.903833333,42705438,2.922,-9.020,-1.687,-0.035,0.090,-0.033,-222204
6.906038708,42707659,2.922,-9.020,-1.687,-0.008,0.055,-0.047,-222703
6.910702167,42711880,2.922,-9.020,-1.687,0.049,-0.207,-0.178,-221452
6.915543042,42717101,2.922,-9.020,-1.687,-0.033,0.031,0.033,-222151
6.919696375,42721322,2.922,-9.020,-1.687,0.008,0.115,0.373,-222099
6.924000167,42725543,2.922,-8.867,-1.687,0.008,0.115,0.373,-221915
6.928325167,42729764,2.922,-8.867,-1.687,0.033,-0.049,-0.287,-222481
6.932708292,42733985,2.922,-8.867,-1.687,0.016,-0.092,-0.279,-222018
6.936727542,42738206,2.922,-8.867,-1.687,0.004,-0.043,-0.027,-222409
6.9414125,42742427,2.922,-8.867,-1.687,-0.012,0.051,0.244,-222992
6.945102292,42746648,2.922,-8.867,-1.687,-0.016,0.035,0.195,-221150
6.950344917,42751869,3.266,-8.977,-1.461,-0.016,0.035,0.195,-222125
6.953500667,42755090,3.266,-8.977,-1.461,0.002,-0.016,-0.115,-222538
6.959733083,42761311,3.266,-8.977,-1.461,-0.025,-0.021,0.068,-221433
6.964240792,42765532,3.266,-8.977,-1.461,-0.014,0.076,0.111,-221333
6.968346417,42769753,3.266,-8.977,-1.461,-0.002,0.037,0.088,-221759
6.972380792,42773974,3.266,-8.977,-1.461,-0.014,-0.020,-0.014,-222454
6.977862167,42779195,3.383,-9.020,-1.574,-0.014,-0.020,-0.014,-221833
6.979800958,42781416,3.383,-9.020,-1.574,0.004,-0.012,-0.148,-222270
6.985079208,42786637,3.383,-9.020,-1.574,-0.008,0.031,0.086,-221708
6.989287167,42790858,3.383,-9.020,-1.574,-0.014,0.018,0.092,-221470
6.994661833,42796079,3.383,-9.020,-1.574,-0.006,-0.006,0.010,-221784
6.999128375,42800300,3.344,-9.016,-1.535,-0.006,-0.006,0.010,-222080
7.003053583,42804521,3.344,-9.016,-1.535,0.012,-0.020,-0.018,-221277
7.007162625,42808742,3.344,-9.016,-1.535,0.000,0.010,0.039,-221711
7.010987458,42811963,3.344,-9.016,-1.535,0.004,0.018,0.057,-222089
7.014649667,42816184,3.344,-9.016,-1.535,0.014,-0.014,-0.008,-221134
7.017807917,42819405,3.305,-8.977,-1.613,0.014,-0.014,-0.008,-222689
7.022055167,42823626,3.305,-8.977,-1.613,0.039,-0.014,-0.045,-222292
7.025290458,42826847,3.305,-8.633,-1.496,0.039,-0.014,-0.045,-221856
7.029547708,42831068,3.305,-8.633,-1.496,-0.078,0.010,-0.018,-222087
7.03522075,42836289,3.305,-8.633,-1.496,-0.016,0.059,0.076,-222837
7.038606917,42839510,3.305,-8.633,-1.496,0.023,-0.010,0.146,-222077
7.042261417,42843731,3.305,-8.633,-1.496,0.037,-0.275,-0.045,-222900
7.047363875,42848952,3.305,-8.633,-1.496,0.006,0.062,0.100,-221107
7.050617917,42852173,3.457,-8.980,-1.727,0.006,0.062,0.100,-221919
7.053845708,42855395,3.457,-8.980,-1.727,0.006,0.098,0.199,-222656
7.060105667,42861615,3.457,-8.980,-1.727,0.078,-0.205,-0.430,-222305
7.0643325,42865836,3.457,-8.980,-1.727,0.008,-0.148,-0.316,-222441
7.068450042,42870057,3.457,-8.980,-1.727,-0.004,0.143,0.223,-222126
7.07175225,42873278,3.457,-8.980,-1.727,-0.047,0.045,0.186,-221887
7.075904417,42877500,3.383,-9.172,-1.535,-0.047,0.045,0.186,-221887
7.078109083,42879720,3.383,-9.172,-1.535,0.008,0.092,-0.125,-221675
7.08238975,42883941,3.383,-9.172,-1.535,0.072,-0.066,-0.186,-221616
7.087568458,42889162,3.383,-9.172,-1.535,0.004,-0.135,0.072,-221947
7.091841542,42893383,3.383,-9.172,-1.535,-0.070,0.098,0.092,-222255
7.097007625,42898604,3.383,-9.172,-1.535,0.021,0.129,0.068,-222200
7.102191167,42903825,3.383,-9.172,-1.535,0.012,0.016,-0.129,-221661
7.10664025,42908046,3.266,-8.977,-1.727,0.012,0.016,-0.129,-222486
7.10863675,42910267,3.266,-8.977,-1.727,0.006,-0.016,-0.162,-222266
7.113811333,42915488,3.266,-8.977,-1.727,0.008,0.012,0.104,-222386
7.119005083,42920711,3.266,-8.977,-1.727,-0.020,-0.014,-0.115,-221887
7.123269333,42924931,3.266,-8.977,-1.727,-0.018,0.076,-0.053,-221777
7.127458542,42929152,3.266,-8.977,-1.727,-0.002,0.025,0.072,-221624
7.133792042,42933373,3.266,-8.977,-1.727,-0.016,-0.072,0.076,-221521
7.135864458,42937594,3.074,-9.055,-1.574,-0.016,-0.072,0.076,-221560
7.139115792,42940815,3.074,-9.055,-1.574,0.006,0.068,0.150,-221776
7.144318167,42946036,3.074,-9.055,-1.574,-0.014,0.062,-0.125,-221552
7.148655792,42950257,3.074,-9.055,-1.574,-0.008,0.004,-0.178,-222068
7.153815,42955478,3.074,-9.055,-1.574,-0.020,-0.021,-0.129,-222214
7.158068458,42959700,3.074,-9.055,-1.574,0.004,0.018,-0.035,-222553
7.167236292,42963921,3.305,-9.020,-1.383,0.004,0.018,-0.035,-221702
7.167312708,42967142,3.305,-9.020,-1.383,-0.018,-0.008,0.078,-221446
7.170628958,42972363,3.305,-9.020,-1.383,0.010,-0.037,0.010,-221612
7.175945125,42977584,3.305,-9.020,-1.383,0.021,-0.018,0.020,-222599
7.18015875,42981805,3.305,-9.020,-1.383,0.004,0.002,0.078,-221655
7.184373042,42986026,3.305,-9.020,-1.383,0.000,-0.004,0.064,-221820
7.188521708,42990247,3.305,-9.020,-1.383,0.018,-0.021,-0.010,-222434
7.192797625,42994468,3.383,-8.898,-1.613,0.018,-0.021,-0.010,-222772
7.1950495,42996689,3.383,-8.898,-1.613,0.023,-0.010,-0.039,-222190
7.200208542,43001910,3.383,-8.898,-1.613,-0.020,0.018,-0.002,-221744
7.204479958,43006131,3.383,-8.898,-1.613,-0.033,-0.010,-0.043,-221501
7.207702292,43009352,3.383,-8.898,-1.613,0.021,0.076,0.027,-222554
7.211959833,43013573,3.383,-8.898,-1.613,0.059,-0.006,0.125,-222010
7.216114667,43017796,3.383,-8.898,-1.613,-0.004,-0.150,-0.039,-221849
7.219357417,43021017,3.266,-8.977,-1.613,-0.004,-0.150,-0.039,-221516
7.221527375,43023238,3.266,-8.977,-1.613,-0.021,0.062,0.135,-222583
7.225843667,43027459,3.266,-8.977,-1.613,-0.062,0.104,0.305,-222721
7.229982583,43031680,3.266,-8.977,-1.613,0.008,0.080,0.051,-221382
7.235243292,43036901,3.266,-8.977,-1.613,-0.014,-0.062,-0.363,-221500
7.239465917,43041122,3.266,-8.977,-1.613,-0.010,-0.043,-0.174,-222345
7.243673667,43045343,3.266,-8.977,-1.613,-0.002,0.014,0.182,-222547
7.246960083,43048564,3.383,-9.094,-1.305,-0.002,0.014,0.182,-221655
7.249167208,43050785,3.383,-9.094,-1.305,-0.037,0.057,0.129,-221501
7.253392667,43055006,3.383,-9.094,-1.305,-0.031,0.129,-0.033,-222481
7.257598958,43059227,3.383,-9.094,-1.305,0.057,0.016,-0.010,-221804
7.262849917,43064448,3.383,-9.094,-1.305,-0.025,0.043,-0.021,-221739
7.267033042,43068669,3.383,-9.094,-1.305,0.025,0.115,0.201,-221565
7.271276542,43072890,3.383,-9.094,-1.305,-0.051,0.029,0.271,-222521
7.27549475,43077111,3.113,-8.871,-1.727,-0.051,0.029,0.271,-222442
7.277721833,43079332,3.113,-8.871,-1.727,0.031,0.045,-0.223,-221980
7.282942125,43084553,3.113,-8.871,-1.727,-0.012,-0.057,-0.129,-221275
7.287125,43088774,3.113,-8.871,-1.727,0.010,0.000,-0.002,-222148
7.290679,43091995,3.113,-8.871,-1.727,-0.010,0.043,0.160,-221574
7.29563375,43097216,3.113,-8.871,-1.727,0.012,-0.143,-0.023,-222050
7.299838083,43101437,3.113,-8.871,-1.727,-0.033,0.066,0.051,-221701
7.3029885,43104659,3.152,-8.938,-1.422,-0.033,0.066,0.051,-222234
7.307266083,43108880,3.152,-8.938,-1.422,-0.059,0.027,0.111,-221942
7.310463458,43112101,3.113,-9.059,-1.766,-0.059,0.027,0.111,-222281
7.315712375,43117322,3.113,-9.059,-1.766,0.004,-0.043,-0.150,-221494
7.319940417,43121543,3.113,-9.059,-1.766,0.008,-0.020,-0.062,-222162
7.324186583,43125764,3.113,-9.059,-1.766,-0.002,-0.014,-0.037,-221190
7.328400792,43129986,3.113,-9.059,-1.766,-0.027,0.035,0.014,-221574
7.332618875,43134207,3.113,-9.059,-1.766,-0.018,0.062,0.016,-221647
7.337033458,43138428,3.227,-9.055,-1.496,-0.018,0.062,0.016,-222126
7.339160375,43140649,3.227,-9.055,-1.496,-0.014,0.043,-0.020,-222306
7.345278167,43146870,3.227,-9.055,-1.496,0.002,-0.016,0.072,-221895
7.349530917,43151091,3.227,-9.055,-1.496,0.010,-0.006,0.090,-221831
7.354704583,43156312,3.227,-9.055,-1.496,0.008,0.027,0.045,-221597
7.360043042,43161533,3.227,-9.055,-1.496,-0.002,0.004,-0.023,-222090
7.364227542,43165754,3.227,-9.055,-1.496,0.023,-0.010,-0.062,-221276
7.36743,43168975,3.383,-9.016,-1.535,0.023,-0.010,-0.062,-221680
7.37063975,43172196,3.383,-9.016,-1.535,0.021,-0.021,-0.062,-222422
7.376827542,43178417,3.383,-9.016,-1.535,0.014,0.000,0.021,-221542
7.38103075,43182638,3.383,-9.016,-1.535,0.000,-0.002,-0.004,-222335
7.385268042,43186859,3.383,-9.016,-1.535,0.002,0.010,-0.008,-222406
7.390529583,43192080,3.383,-9.016,-1.535,0.006,-0.023,-0.004,-221783
7.395753375,43197301,3.383,-9.016,-1.535,-0.004,-0.008,0.018,-222064
7.399964583,43201522,3.344,-8.977,-1.574,-0.004,-0.008,0.018,-221646
7.402178667,43203743,3.344,-8.977,-1.574,-0.008,0.014,0.062,-221845
7.406953167,43207964,3.344,-8.977,-1.574,0.000,0.002,-0.043,-221534
7.410672958,43212185,3.344,-8.977,-1.574,-0.006,-0.018,-0.064,-222101
7.415844333,43217406,3.344,-8.977,-1.574,0.004,0.002,0.006,-221124
7.420081125,43221627,3.344,-8.977,-1.574,-0.008,0.006,0.033,-222353
7.424291125,43225848,3.344,-8.977,-1.574,-0.008,0.018,0.057,-221577
7.42858825,43230069,3.344,-9.020,-1.574,-0.008,0.018,0.057,-222490
7.431697792,43233290,3.344,-9.020,-1.574,-0.012,0.018,0.014,-222242
7.437948167,43239511,3.344,-9.020,-1.574,-0.004,-0.006,-0.023,-221373
7.442226833,43243732,3.344,-9.020,-1.574,-0.006,0.006,-0.021,-222083
7.445415,43246954,3.344,-9.020,-1.574,0.004,-0.012,0.014,-222195
7.449642083,43251175,3.344,-9.020,-1.574,-0.004,-0.004,0.010,-221809
7.455867875,43257396,3.344,-9.020,-1.574,0.006,-0.002,0.008,-222326
7.460107,43261617,3.344,-9.016,-1.535,0.006,-0.002,0.008,-222138
7.463314708,43264838,3.344,-9.016,-1.535,0.002,-0.002,0.002,-221253
7.468616208,43270059,3.344,-9.016,-1.535,0.006,-0.018,-0.002,-221983
7.473006833,43274280,3.344,-9.016,-1.535,0.010,0.000,0.021,-221437
7.476948958,43278501,3.344,-9.016,-1.535,-0.012,-0.012,0.016,-222158
7.481165292,43282722,3.344,-9.016,-1.535,0.000,0.006,-0.012,-222855
7.485402875,43286943,3.344,-9.016,-1.535,0.000,-0.020,-0.021,-221816
7.489690875,43291164,3.344,-9.020,-1.574,0.000,-0.020,-0.021,-222103
7.492994208,43294385,3.344,-9.020,-1.574,-0.002,-0.002,-0.021,-223171
7.499743083,43300606,3.344,-9.020,-1.574,0.002,-0.002,0.000,-221685
7.50353525,43304827,3.344,-9.020,-1.574,0.002,-0.002,-0.004,-221629
7.507755542,43309048,3.344,-9.020,-1.574,-0.004,-0.010,0.010,-221741
7.511729417,43313269,3.344,-9.020,-1.574,0.020,-0.004,-0.016,-222735
7.516941708,43318490,3.344,-9.020,-1.574,-0.002,0.002,0.004,-222288
7.521197875,43322711,3.344,-8.977,-1.574,-0.002,0.002,0.004,-221816
7.524325417,43325932,3.344,-8.977,-1.574,0.000,-0.008,0.016,-222071
7.529636875,43331153,3.344,-8.977,-1.574,-0.004,-0.006,-0.008,-221597
7.534990667,43336374,3.344,-8.977,-1.574,-0.006,0.004,0.002,-222047
7.539178667,43340595,3.344,-8.977,-1.574,-0.010,0.004,-0.008,-222276
7.543300292,43344816,3.344,-8.977,-1.574,-0.020,-0.008,0.006,-222246
7.548503542,43350037,3.266,-8.977,-1.496,-0.020,-0.008,0.006,-221971
7.551656792,43353258,3.266,-8.977,-1.496,-0.002,0.002,0.006,-221322
7.558040917,43359479,3.266,-8.977,-1.496,0.004,-0.004,0.002,-222023
7.562277542,43363700,3.266,-8.977,-1.496,0.006,-0.002,0.004,-221802
7.566625625,43367921,3.266,-8.977,-1.496,0.000,0.008,0.014,-221824
7.57082,43372142,3.266,-8.977,-1.496,0.002,-0.010,0.006,-221384
7.5757845,43377363,3.266,-8.977,-1.496,0.002,-0.004,-0.004,-222158
7.580012042,43381584,3.422,-9.020,-1.535,0.002,-0.004,-0.004,-222326
7.583236292,43384805,3.422,-9.020,-1.535,-0.004,-0.016,-0.006,-222132
7.588466958,43390026,3.422,-9.020,-1.535,0.016,0.014,0.004,-222418
7.593698458,43395247,3.422,-9.020,-1.535,0.008,0.010,-0.010,-221785
7.597905,43399469,3.422,-9.020,-1.535,0.012,0.010,-0.012,-222161
7.60310525,43404691,3.422,-9.020,-1.535,-0.002,0.100,0.016,-221798
7.607337458,43408912,3.422,-9.020,-1.535,-0.107,0.131,0.057,-221957
7.611560208,43413133,3.305,-9.059,-1.344,-0.107,0.131,0.057,-222151
7.614855917,43416354,3.305,-9.059,-1.344,0.109,-0.133,-0.187,-221369
7.62102075,43422575,3.305,-9.059,-1.344,-0.025,-0.100,-0.002,-222405
7.625199917,43426796,3.305,-9.059,-1.344,-0.043,0.150,0.412,-222178
7.629493208,43431017,3.305,-9.059,-1.344,-0.021,0.076,0.443,-222082
7.634689417,43436238,3.305,-9.059,-1.344,0.004,0.094,-0.080,-221307
7.639934583,43441459,3.305,-9.059,-1.344,0.092,-0.254,-0.609,-221546
7.645126375,43446665,3.766,-9.055,-0.922,0.092,-0.254,-0.609,-221546
7.648265458,43449885,3.766,-9.055,-0.922,-0.018,-0.086,-0.113,-221547
7.654533292,43456106,3.766,-9.055,-0.922,-0.051,0.107,0.195,-222643
7.65872,43460327,3.766,-9.055,-0.922,0.055,0.006,-0.311,-221976
7.662953083,43464548,3.766,-9.055,-0.922,0.012,-0.059,-0.377,-221397
7.668188958,43469769,3.766,-9.055,-0.922,0.070,-0.049,0.146,-222036
7.672400208,43473990,3.766,-9.055,-0.922,0.014,-0.232,0.098,-222186
7.67766125,43479211,3.305,-9.133,-1.344,0.014,-0.232,0.098,-222049
7.679871458,43481432,3.305,-9.133,-1.344,0.021,0.195,0.232,-222309
7.68409675,43485655,3.305,-9.133,-1.344,-0.043,0.029,-0.004,-221831
7.688368875,43489876,3.305,-9.133,-1.344,0.021,0.049,-0.426,-221594
7.6926825,43494097,3.305,-9.133,-1.344,0.018,-0.045,-0.422,-223060
7.696972917,43498318,3.305,-9.133,-1.344,-0.008,-0.084,-0.242,-222328
7.701019458,43502539,3.305,-9.133,-1.344,-0.016,0.035,0.219,-221688
7.705204833,43506761,3.074,-8.902,-1.270,-0.016,0.035,0.219,-221485
7.708180875,43508982,3.074,-8.902,-1.270,-0.012,0.006,0.078,-221969
7.7116375,43513203,3.074,-8.902,-1.270,-0.012,-0.053,-0.098,-222116
7.715864042,43517424,3.074,-8.902,-1.270,-0.012,-0.002,0.064,-221645
7.720313875,43521645,3.074,-8.902,-1.270,-0.027,0.004,0.193,-222257
7.724384917,43525867,3.074,-8.902,-1.270,-0.033,0.053,0.230,-221087
7.728556542,43530087,3.074,-8.902,-1.270,0.006,-0.039,-0.127,-222172
7.732786667,43534308,3.422,-8.980,-1.574,0.006,-0.039,-0.127,-221676
7.735925,43537529,3.422,-8.980,-1.574,-0.006,-0.020,-0.199,-221650
7.741255208,43542750,3.422,-8.980,-1.574,-0.037,0.010,0.029,-222358
7.745365625,43546971,3.422,-8.980,-1.574,-0.023,0.035,0.076,-221560
7.750669292,43552192,3.422,-8.980,-1.574,0.008,-0.008,0.023,-221990
7.755815583,43557413,3.422,-8.980,-1.574,0.002,0.004,0.021,-222256
7.761214083,43562634,3.422,-8.980,-1.574,0.012,-0.045,-0.053,-222275
7.765573625,43566855,3.457,-9.055,-1.535,0.012,-0.045,-0.053,-221899
7.767643917,43569076,3.457,-9.055,-1.535,0.008,-0.025,-0.045,-221326
7.772705667,43574297,3.457,-9.055,-1.535,0.008,0.025,0.096,-222543
7.778209583,43579518,3.457,-9.055,-1.535,-0.002,-0.010,-0.035,-222612
7.7831815,43584739,3.457,-9.055,-1.535,0.008,-0.018,-0.070,-222248
7.788427958,43589960,3.535,-8.980,-1.461,0.008,-0.018,-0.070,-221515
7.791649625,43593181,3.535,-8.980,-1.461,-0.004,-0.039,0.010,-222088
7.797882542,43599402,3.535,-8.980,-1.461,0.002,0.014,0.066,-221953
7.802217833,43603623,3.535,-8.980,-1.461,-0.012,0.027,0.020,-222151
7.806322667,43607844,3.535,-8.980,-1.461,0.021,0.070,-0.043,-222170
7.810506833,43612050,3.535,-8.980,-1.461,-0.078,0.109,0.020,-222170
7.81574225,43617270,3.535,-8.980,-1.461,0.023,0.088,0.006,-222041
7.820018167,43621491,4.301,-8.633,-1.496,0.023,0.088,0.006,-222276
7.823161375,43624712,4.301,-8.633,-1.496,0.066,-0.127,-0.023,-222937
7.828376083,43629933,4.301,-8.633,-1.496,-0.064,0.186,0.320,-221914
7.833650792,43635154,4.301,-8.633,-1.496,-0.115,0.117,0.252,-221977
7.837817833,43639375,4.301,-8.633,-1.496,-0.025,0.115,-0.088,-222273
7.842206708,43643596,4.301,-8.633,-1.496,0.068,-0.242,-0.551,-222739
7.8462825,43647817,4.301,-8.633,-1.496,0.012,-0.209,-0.422,-222294
7.850531125,43652038,3.496,-8.754,-1.270,0.012,-0.209,-0.422,-221481
7.854311625,43655259,3.496,-8.754,-1.270,-0.016,0.076,0.447,-221615
7.859037333,43660480,3.496,-8.754,-1.270,0.025,0.062,-0.035,-222159
7.863218,43664701,3.496,-8.754,-1.270,0.023,-0.082,-0.336,-221664
7.867382458,43668922,3.496,-8.754,-1.270,0.043,-0.051,-0.275,-221304
7.871552625,43673143,3.496,-8.754,-1.270,0.023,-0.098,0.064,-222265
7.876808208,43678364,3.496,-8.754,-1.270,-0.043,0.039,0.164,-221633
7.881000875,43682585,3.035,-9.016,-1.270,-0.043,0.039,0.164,-222294
7.88419375,43685806,3.035,-9.016,-1.270,0.008,0.113,0.193,-222438
7.888443583,43690027,3.035,-9.016,-1.270,0.010,0.012,-0.307,-222389
7.891760375,43693248,3.035,-9.016,-1.270,0.025,-0.006,-0.383,-221998
7.895872458,43697469,3.035,-9.016,-1.270,-0.010,0.023,-0.051,-221082
7.900178042,43701691,3.035,-9.016,-1.270,0.020,-0.016,0.172,-222185
7.904345958,43705912,3.035,-9.016,-1.270,-0.012,-0.049,0.109,-221911
7.908650167,43710133,3.422,-9.059,-1.383,-0.012,-0.049,0.109,-221821
7.911736708,43713354,3.422,-9.059,-1.383,-0.016,0.023,0.016,-221730
7.917957208,43719575,3.422,-9.059,-1.383,-0.027,0.018,0.012,-221584
7.92220475,43723796,3.422,-9.059,-1.383,-0.008,0.023,-0.006,-222063
7.926423625,43728017,3.422,-9.059,-1.383,0.021,-0.010,0.031,-222433
7.930751875,43732238,3.422,-9.059,-1.383,0.014,-0.049,-0.016,-221979
7.935860333,43737459,3.422,-9.059,-1.383,-0.002,-0.008,-0.070,-221563
7.940209208,43741680,3.383,-9.055,-1.461,-0.002,-0.008,-0.070,-222162
7.943289708,43744901,3.383,-9.055,-1.461,-0.018,0.006,-0.010,-221805
7.948531083,43750122,3.383,-9.055,-1.461,0.012,-0.010,-0.012,-221974
7.952747875,43754343,3.383,-9.055,-1.461,0.008,-0.004,0.051,-221242
7.957011583,43758564,3.383,-9.055,-1.461,-0.002,-0.002,0.041,-221542
7.96150725,43762785,3.383,-9.055,-1.461,0.006,-0.016,-0.012,-221703
7.96552925,43767006,3.383,-9.055,-1.461,0.000,0.012,0.002,-221656
7.969631292,43771227,3.383,-8.941,-1.535,0.000,0.012,0.002,-221252
7.971849,43773448,3.383,-8.941,-1.535,0.023,-0.010,-0.027,-221433
7.977349542,43778669,3.383,-8.941,-1.535,0.010,-0.008,-0.018,-222326
7.981302125,43782890,3.383,-8.941,-1.535,-0.004,-0.010,0.064,-222151
7.985576125,43787111,3.383,-8.941,-1.535,1.439,-1.408,-1.385,-221870
7.98977975,43791332,3.383,-8.941,-1.535,4.467,-4.439,-4.430,-222179
7.995023333,43796553,3.383,-8.941,-1.535,-0.141,0.137,0.117,-221652
7.999521667,43800774,2.922,-9.211,-1.383,-0.141,0.137,0.117,-222023
8.001489333,43802995,2.922,-9.211,-1.383,-0.043,0.102,0.012,-221483
8.005610583,43807216,2.922,-9.211,-1.383,0.072,-0.117,-0.059,-222554
8.010076958,43811437,2.922,-9.211,-1.383,-0.021,-0.121,-0.168,-221567
8.014081792,43815658,2.922,-9.211,-1.383,-0.045,0.115,0.150,-221974
8.018298958,43819879,2.922,-9.211,-1.383,-0.008,0.047,0.453,-221923
8.022556083,43824100,2.922,-9.211,-1.383,-0.088,0.059,0.260,-222729
8.026827375,43828321,2.770,-8.832,-1.879,-0.088,0.059,0.260,-222336
8.030007083,43831542,2.770,-8.832,-1.879,0.070,0.029,-0.275,-221970
8.036287667,43837763,2.770,-8.832,-1.879,0.008,0.018,0.076,-222314
8.040776042,43841984,2.770,-8.832,-1.879,-0.031,0.043,0.268,-222747
8.044637042,43846205,2.770,-8.832,-1.879,-0.031,0.082,0.164,-221881
8.048859667,43850426,2.770,-8.832,-1.879,-0.012,0.107,0.000,-221460
8.055059792,43856647,2.770,-8.832,-1.879,0.045,-0.096,-0.225,-222495
8.059353875,43860868,3.574,-9.285,-1.383,0.045,-0.096,-0.225,-222765
8.061521583,43863089,3.574,-9.285,-1.383,-0.025,-0.033,-0.047,-222058
8.065837083,43867310,3.574,-9.285,-1.383,-0.025,0.051,0.256,-221630
8.069925542,43871531,3.574,-9.285,-1.383,-0.057,0.043,0.098,-221494
8.075504,43876752,3.574,-9.285,-1.383,0.021,-0.062,-0.283,-222426
8.079378542,43880973,3.574,-9.285,-1.383,-0.004,-0.068,-0.184,-221969
8.083684875,43885194,3.574,-9.285,-1.383,0.010,-0.010,0.107,-220876
8.087866333,43889415,3.227,-8.980,-1.535,0.010,-0.010,0.107,-222043
8.09006225,43891636,3.227,-8.980,-1.535,-0.021,0.018,0.209,-222228
8.095419417,43896857,3.227,-8.980,-1.535,0.008,-0.018,-0.045,-221852
8.099851708,43901078,3.227,-8.980,-1.535,0.002,-0.027,-0.109,-221360
8.103711167,43905299,3.227,-8.980,-1.535,0.004,0.010,-0.061,-221694
8.109106333,43910520,3.227,-8.980,-1.535,-0.006,0.006,0.041,-222830
8.113144667,43914741,3.227,-8.980,-1.535,0.008,0.021,0.031,-221881
8.118372083,43919962,3.422,-8.941,-1.422,0.008,0.021,0.031,-221729
8.120614125,43922183,3.422,-8.941,-1.422,-0.012,-0.027,-0.047,-221664
8.124838833,43926404,3.422,-8.941,-1.422,0.012,0.020,-0.059,-222426
8.129081542,43930626,3.422,-8.941,-1.422,0.000,0.012,-0.016,-221845
8.134347083,43935847,3.422,-8.941,-1.422,0.000,0.018,0.018,-221915
8.138614583,43940068,3.422,-8.941,-1.422,-0.002,-0.008,0.021,-221678
8.14312775,43944289,3.422,-8.941,-1.422,0.020,-0.012,-0.006,-222437
8.147940458,43949510,3.383,-9.016,-1.461,0.020,-0.012,-0.006,-222008
8.150126833,43951731,3.383,-9.016,-1.461,0.008,0.010,-0.008,-221522
8.155377458,43956952,3.383,-9.016,-1.461,-0.008,0.020,0.010,-222326
8.159652792,43961173,3.383,-9.016,-1.461,0.002,-0.008,0.000,-221846
8.164863833,43966394,3.383,-9.016,-1.461,0.002,-0.006,-0.010,-221871
8.16905525,43970615,3.383,-9.016,-1.461,0.008,-0.006,0.039,-222867
8.17426725,43975836,3.383,-9.016,-1.461,-0.006,0.010,0.023,-222321
8.178448292,43980057,3.266,-9.020,-1.535,-0.006,0.010,0.023,-221255
8.18166875,43983278,3.266,-9.020,-1.535,0.004,0.000,0.002,-222164
8.186888167,43988499,3.266,-9.020,-1.535,0.004,-0.021,-0.008,-222121
8.19109525,43992720,3.266,-9.020,-1.535,0.002,-0.010,-0.010,-222473
8.1966515,43997941,3.266,-9.020,-1.535,0.008,0.006,0.029,-222009
8.200591292,44002162,3.266,-9.020,-1.535,0.006,0.000,-0.002,-221670
8.204815042,44006383,3.422,-9.020,-1.496,0.006,0.000,-0.002,-222268
8.206983333,44008604,3.422,-9.020,-1.496,0.002,0.004,-0.008,-221554
8.211204,44012825,3.422,-9.020,-1.496,0.004,0.002,-0.004,-222212
8.215476167,44017046,3.422,-9.020,-1.496,-0.002,0.012,-0.004,-221540
8.219669958,44021267,3.422,-9.020,-1.496,-0.004,-0.004,0.010,-222353
8.223903625,44025488,3.422,-9.020,-1.496,-0.008,0.002,-0.016,-222245
8.228106375,44029709,3.422,-9.020,-1.496,0.002,0.006,-0.004,-221779
8.233348667,44034930,3.383,-8.980,-1.535,0.002,0.006,-0.004,-222652
8.236528292,44038151,3.383,-8.980,-1.535,-0.002,0.014,-0.012,-222132
8.242963,44044374,3.383,-8.980,-1.535,0.008,0.008,0.008,-222225
8.246987,44048595,3.383,-8.980,-1.535,0.010,0.002,0.002,-222507
8.2502185,44051816,3.383,-8.980,-1.535,0.006,-0.008,-0.012,-222052
8.25548575,44057038,3.383,-8.980,-1.535,0.004,0.000,-0.016,-222018
8.259685917,44061259,3.383,-8.980,-1.535,-0.002,0.010,0.004,-222066
8.264930292,44066480,3.344,-9.016,-1.496,-0.002,0.010,0.004,-221552
8.268116792,44069701,3.344,-9.016,-1.496,0.000,-0.002,0.002,-221937
8.274827958,44075922,3.344,-9.016,-1.496,0.004,-0.002,-0.008,-221984
8.27863,44080143,3.344,-9.016,-1.496,-0.002,0.006,-0.002,-221612
8.28284675,44084364,3.344,-9.016,-1.496,-0.002,-0.010,-0.004,-221668
8.288157167,44089585,3.344,-9.016,-1.496,0.012,0.004,-0.006,-222410
8.292340625,44093806,3.344,-9.016,-1.496,-0.012,-0.008,-0.010,-222081
8.2964345,44098027,3.305,-8.977,-1.535,-0.012,-0.008,-0.010,-221479
8.29976875,44101248,3.305,-8.977,-1.535,0.016,0.002,-0.002,-221965
8.304950125,44106470,3.305,-8.977,-1.535,0.000,-0.004,0.004,-221234
8.309429083,44110691,3.383,-9.016,-1.496,0.000,-0.004,0.004,-222896
8.311323208,44112912,3.383,-9.016,-1.496,0.016,-0.002,-0.012,-221744
8.315579792,44117133,3.383,-9.016,-1.496,0.008,-0.004,0.010,-221622
8.319849875,44121354,3.383,-9.016,-1.496,0.004,0.004,0.016,-222191
8.323123125,44124575,3.383,-9.016,-1.496,0.004,-0.004,0.002,-222149
8.327374458,44128796,3.383,-9.016,-1.496,-0.010,-0.014,-0.012,-221866
8.331711667,44133017,3.383,-9.016,-1.496,0.000,0.008,0.014,-221677
8.336008292,44137238,3.383,-9.016,-1.535,0.000,0.008,0.014,-222227
8.338157167,44139459,3.383,-9.016,-1.535,0.006,0.004,0.006,-222302
8.343432375,44144682,3.383,-9.016,-1.535,0.004,0.004,-0.010,-222274
8.347355333,44148903,3.383,-9.016,-1.535,-0.002,-0.008,0.002,-221417
8.350598083,44152124,3.383,-9.016,-1.535,0.002,0.006,0.018,-222688
8.355802667,44157345,3.383,-9.016,-1.535,-0.010,-0.002,0.004,-222148
8.360035167,44161566,3.383,-9.016,-1.535,0.000,-0.002,-0.014,-221727
8.363190458,44164787,3.383,-8.980,-1.535,0.000,-0.002,-0.014,-221522
8.368444625,44170008,3.383,-8.980,-1.535,-0.002,0.004,0.000,-221535
8.372687625,44174229,3.383,-8.980,-1.535,0.000,0.004,-0.006,-221838
8.37806575,44179450,3.383,-8.980,-1.535,-0.010,-0.004,0.002,-222030
8.382134667,44183671,3.383,-8.980,-1.535,0.004,0.002,-0.008,-221850
8.386353792,44187892,3.305,-9.016,-1.422,0.004,0.002,-0.008,-222158
8.38960875,44191113,3.305,-9.016,-1.422,-0.002,0.004,-0.010,-221893
8.395805625,44197334,3.305,-9.016,-1.422,0.000,-0.002,0.000,-222045
8.400010292,44201540,3.305,-9.016,-1.422,0.004,0.004,-0.006,-222045
8.4042545,44205760,3.305,-9.016,-1.422,0.002,0.004,0.002,-222042
8.408460542,44209981,3.305,-9.016,-1.422,-0.004,-0.004,0.004,-222513
8.412737958,44214202,3.305,-9.016,-1.422,0.004,-0.014,-0.014,-222329
8.417263167,44218423,3.422,-8.980,-1.574,0.004,-0.014,-0.014,-221538
8.419101417,44220646,3.422,-8.980,-1.574,-0.004,0.006,0.002,-222330
8.424451042,44225867,3.422,-8.980,-1.574,0.002,0.008,-0.006,-222525
8.428678083,44230088,3.422,-8.980,-1.574,0.004,0.012,0.006,-222300
8.433783,44235309,3.422,-8.980,-1.574,0.004,-0.002,-0.016,-222299
8.4380125,44239530,3.422,-8.980,-1.574,-0.008,-0.008,-0.004,-221584
8.443208167,44244751,3.422,-8.980,-1.574,-0.010,0.004,0.008,-222686
8.447413625,44248972,3.344,-9.016,-1.496,-0.010,0.004,0.008,-221913
8.450640875,44252193,3.344,-9.016,-1.496,0.004,0.004,0.010,-222957
8.456914,44258414,3.344,-9.016,-1.496,0.000,0.000,-0.002,-221858
8.461066208,44262635,3.344,-9.016,-1.496,0.004,-0.012,0.002,-221859
8.465463292,44266856,3.344,-9.016,-1.496,-0.004,0.002,0.014,-221601
8.470721333,44272077,3.344,-9.016,-1.496,-0.010,-0.002,0.006,-221520
8.476247083,44276298,3.344,-9.016,-1.496,0.002,0.002,0.006,-222649
8.478965417,44280520,3.305,-9.055,-1.574,0.002,0.002,0.006,-222748
8.482205958,44283740,3.305,-9.055,-1.574,-0.016,-0.004,-0.010,-221824
8.488477833,44289961,3.305,-9.055,-1.574,0.008,0.010,-0.018,-221766
8.492695792,44294182,3.305,-9.055,-1.574,0.025,-0.010,0.014,-222283
8.498411042,44299403,3.305,-9.055,-1.574,0.027,0.098,0.021,-221968
8.503333417,44304624,3.305,-9.055,-1.574,-0.127,0.080,0.049,-221778
8.509794833,44309845,4.531,-8.633,-1.496,-0.127,0.080,0.049,-222324
8.511837042,44313066,4.531,-8.633,-1.496,0.012,0.090,-0.014,-222433
8.517748167,44319287,4.531,-8.633,-1.496,-0.074,0.221,0.447,-221536
8.522022875,44323508,4.531,-8.633,-1.496,0.023,0.162,0.516,-222593
8.526492583,44327729,4.531,-8.633,-1.496,-0.082,0.162,0.219,-222765
8.530655792,44331950,4.531,-8.633,-1.496,0.021,0.082,-0.176,-221688
8.535946542,44337171,4.531,-8.633,-1.496,-0.014,-0.182,-0.424,-221733
8.54010925,44341392,3.648,-8.902,-0.961,-0.014,-0.182,-0.424,-222918
8.543402458,44344598,3.648,-8.902,-0.961,-0.006,-0.004,0.021,-222918
8.548305208,44349818,3.648,-8.902,-0.961,-0.062,0.115,0.359,-222436
8.5535,44355039,3.648,-8.902,-0.961,0.039,-0.039,-0.363,-221803
8.55773225,44359260,3.648,-8.902,-0.961,0.014,-0.062,-0.379,-222211
8.562972458,44364483,3.648,-8.902,-0.961,0.031,0.068,0.025,-221209
8.568174042,44369703,3.648,-8.902,-0.961,-0.031,-0.100,0.131,-222289
8.572390333,44373924,3.152,-8.938,-1.230,-0.031,-0.100,0.131,-222200
8.575702917,44377145,3.152,-8.938,-1.230,-0.002,0.064,0.137,-222348
8.580855375,44382366,3.152,-8.938,-1.230,0.014,0.016,-0.283,-221601
8.58503375,44386587,3.152,-8.938,-1.230,-0.002,-0.008,-0.305,-221756
8.589282792,44390809,3.152,-8.938,-1.230,0.014,-0.016,-0.014,-221775
8.594478583,44396029,3.152,-8.938,-1.230,0.016,-0.066,0.139,-222333
8.598706125,44400250,3.152,-8.938,-1.230,-0.039,0.023,0.121,-220941
8.602901833,44404471,3.191,-8.938,-1.613,-0.039,0.023,0.121,-221187
8.60611975,44407692,3.191,-8.938,-1.613,-0.008,0.041,0.104,-222035
8.611326958,44412913,3.191,-8.938,-1.613,-0.010,0.023,-0.068,-221377
8.616589292,44418134,3.191,-8.938,-1.613,0.002,-0.035,0.049,-222428
8.620795708,44422355,3.191,-8.938,-1.613,0.010,-0.029,-0.002,-221907
8.625007833,44426576,3.191,-8.938,-1.613,0.004,-0.012,-0.055,-221952
8.628297875,44429797,3.191,-8.938,-1.613,-0.004,-0.006,-0.068,-222137
8.632489792,44434018,3.383,-9.016,-1.383,-0.004,-0.006,-0.068,-221986
8.635694417,44437239,3.383,-9.016,-1.383,-0.027,0.010,-0.025,-221882
8.64186775,44442460,3.383,-9.016,-1.383,0.000,0.006,0.004,-222494
8.645188708,44446682,3.383,-9.016,-1.383,0.000,-0.016,0.031,-221795
8.649368042,44450903,3.383,-9.016,-1.383,0.016,-0.010,0.023,-221696
8.654689167,44456126,3.383,-9.016,-1.383,-0.004,0.002,-0.016,-222062
8.658837167,44460346,3.383,-9.016,-1.383,0.010,-0.010,-0.041,-221983
8.663045125,44464567,3.383,-9.016,-1.535,0.010,-0.010,-0.041,-221574
8.6662435,44467788,3.383,-9.016,-1.535,-0.010,0.010,-0.010,-221021
8.67146475,44473009,3.383,-9.016,-1.535,-0.004,0.014,0.041,-221463
8.676692875,44478230,3.383,-9.016,-1.535,0.010,0.000,0.020,-222005
8.68088675,44482451,3.383,-9.016,-1.535,-0.002,0.004,-0.014,-222297
8.685127458,44486672,3.383,-9.016,-1.535,0.004,0.018,-0.010,-222098
8.689432083,44490893,3.383,-9.016,-1.535,0.014,0.023,-0.021,-222132
8.693697417,44495114,3.000,-9.398,-1.383,0.014,0.023,-0.021,-221571
8.695750792,44497335,3.000,-9.398,-1.383,-0.049,0.039,0.027,-222383
8.70101125,44502557,3.000,-9.398,-1.383,0.084,-0.199,-0.113,-221421
8.705282333,44506778,3.000,-9.398,-1.383,0.025,-0.305,-0.270,-221560
8.709453833,44510999,3.000,-9.398,-1.383,-0.045,0.172,0.307,-222199
8.713664167,44515220,3.000,-9.398,-1.383,0.037,0.148,0.502,-221795
8.71882475,44520441,3.000,-9.398,-1.383,0.027,0.076,-0.158,-221305
8.723062333,44524662,3.383,-8.832,-1.652,0.027,0.076,-0.158,-222918
8.726386417,44527883,3.383,-8.832,-1.652,0.076,-0.086,-0.420,-222024
8.73269375,44534104,3.383,-8.832,-1.652,0.008,0.078,0.266,-221401
8.737739833,44539325,3.383,-8.832,-1.652,-0.041,0.088,0.289,-222154
8.742360958,44543546,3.383,-8.832,-1.652,0.000,0.092,-0.078,-222433
8.746164917,44547767,3.383,-8.832,-1.652,-0.012,0.014,-0.277,-223091
8.750484583,44551988,3.383,-8.832,-1.652,0.066,-0.145,-0.258,-221538
8.755613333,44557209,3.535,-9.320,-1.422,0.066,-0.145,-0.258,-221915
8.757999292,44559430,3.535,-9.320,-1.422,-0.023,0.141,0.299,-221960
8.762148125,44563651,3.535,-9.320,-1.422,-0.031,0.061,0.256,-222013
8.766271083,44567872,3.535,-9.320,-1.422,0.016,0.018,-0.240,-221673
8.77047675,44572093,3.535,-9.320,-1.422,0.033,-0.037,-0.377,-222603
8.77612,44577314,3.535,-9.320,-1.422,0.014,-0.072,0.027,-221303
8.779980458,44581535,3.535,-9.320,-1.422,0.012,-0.010,0.166,-221492
8.783147917,44584756,3.191,-8.938,-1.535,0.012,-0.010,0.166,-221741
8.785354125,44586977,3.191,-8.938,-1.535,-0.004,0.020,0.240,-221853
8.789692458,44591198,3.191,-8.938,-1.535,0.002,-0.014,0.049,-222495
8.79398875,44595419,3.191,-8.938,-1.535,0.008,-0.041,-0.121,-222805
8.79812575,44599642,3.191,-8.938,-1.535,0.004,-0.016,-0.129,-221327
8.802298333,44603863,3.191,-8.938,-1.535,-0.018,-0.002,-0.029,-222156
8.807564833,44609084,3.191,-8.938,-1.535,0.004,-0.008,0.064,-221529
8.812200458,44613305,3.344,-8.980,-1.496,0.004,-0.008,0.064,-221722
8.814927583,44616511,3.344,-8.980,-1.496,-0.008,-0.010,-0.035,-221722
8.821296167,44622731,3.344,-8.980,-1.496,-0.020,0.018,-0.029,-221919
8.82539925,44626952,3.344,-8.980,-1.496,-0.014,0.035,0.004,-222088
8.828623792,44630173,3.344,-8.980,-1.496,0.004,0.006,0.018,-221658
8.833000417,44634394,3.344,-8.980,-1.496,-0.012,0.000,0.025,-221193
8.838022292,44639615,3.344,-8.980,-1.496,-0.002,0.010,-0.004,-222194
8.84147225,44642836,3.266,-9.020,-1.535,-0.002,0.010,-0.004,-222311
8.846519167,44648057,3.266,-9.020,-1.535,-0.004,0.012,-0.018,-221476
8.850770417,44652278,3.266,-9.020,-1.535,0.016,0.045,0.014,-221563
8.85489425,44656499,3.266,-9.020,-1.535,-0.064,0.039,0.062,-222341
8.859253,44660720,3.266,-9.020,-1.535,0.059,-0.035,-0.043,-221468
8.863374667,44664941,3.266,-9.020,-1.535,0.014,0.066,0.010,-221945
8.867639,44669162,4.414,-8.938,-1.496,0.014,0.066,0.010,-221822
8.869771208,44671383,4.414,-8.938,-1.496,-0.020,-0.084,-0.051,-222087
8.874409708,44675604,4.414,-8.938,-1.496,0.023,0.135,0.297,-222454
8.878221417,44679825,4.414,-8.938,-1.496,-0.068,0.076,0.221,-222419
8.882502458,44684046,4.414,-8.938,-1.496,0.021,0.031,-0.064,-221364
8.886696333,44688267,4.414,-8.938,-1.496,0.037,-0.160,-0.437,-222289
8.891003208,44692488,4.414,-8.938,-1.496,-0.002,-0.104,-0.283,-222117
8.89614025,44697709,3.648,-8.938,-1.344,-0.002,-0.104,-0.283,-221145
8.899468458,44700930,3.648,-8.938,-1.344,-0.012,0.068,0.312,-221583
8.903585875,44705151,3.648,-8.938,-1.344,0.027,0.035,-0.123,-222483
8.907034583,44708372,3.648,-8.938,-1.344,0.031,-0.010,-0.211,-222216
8.91108025,44712593,3.648,-8.938,-1.344,-0.008,0.076,-0.133,-222442
8.9152785,44716814,3.648,-8.938,-1.344,0.055,0.008,0.033,-221772
8.919431667,44721020,3.648,-8.938,-1.344,-0.041,-0.092,0.018,-221772
8.923645083,44725240,3.457,-9.254,-1.270,-0.041,-0.092,0.018,-222637
8.9269885,44728462,3.457,-9.254,-1.270,0.018,0.139,0.168,-222234
8.932170208,44733683,3.457,-9.254,-1.270,0.008,0.041,-0.088,-222879
8.937322792,44738904,3.457,-9.254,-1.270,0.004,-0.010,-0.344,-221778
8.941628333,44743125,3.457,-9.254,-1.270,0.016,-0.025,-0.057,-221601
8.945784208,44747346,3.457,-9.254,-1.270,-0.012,0.062,0.146,-221631
8.951039875,44752567,3.457,-9.254,-1.270,-0.035,-0.033,0.012,-221748
8.955229333,44756788,3.113,-9.055,-1.344,-0.035,-0.033,0.012,-222060
8.957528792,44759009,3.113,-9.055,-1.344,-0.033,0.066,0.043,-222613
8.961731375,44763230,3.113,-9.055,-1.344,-0.023,-0.027,0.125,-221638
8.967014042,44768451,3.113,-9.055,-1.344,0.000,0.020,-0.051,-222028
8.970061375,44771674,3.113,-9.055,-1.344,0.012,-0.014,-0.053,-221015
8.976127083,44776895,3.113,-9.055,-1.344,0.010,-0.062,-0.031,-222005
8.978885833,44780116,3.113,-9.055,-1.344,0.002,-0.021,-0.043,-222023
8.982722,44784337,3.422,-9.020,-1.496,0.002,-0.021,-0.043,-221506
8.985991125,44787558,3.422,-9.020,-1.496,-0.006,0.002,-0.018,-220787
8.991323667,44792779,3.422,-9.020,-1.496,-0.004,-0.002,-0.055,-221887
8.996572542,44798000,3.422,-9.020,-1.496,0.002,-0.014,-0.008,-222319
9.000846417,44802221,3.422,-9.020,-1.496,0.004,0.000,0.029,-221667
9.00590825,44807442,3.422,-9.020,-1.496,0.012,0.004,0.006,-221366
9.0103765,44811663,3.422,-9.020,-1.496,-0.004,-0.004,-0.018,-222216
9.014423,44815885,3.383,-9.020,-1.574,-0.004,-0.004,-0.018,-222324
9.016558833,44818106,3.383,-9.020,-1.574,0.006,0.002,-0.023,-220853
9.020726833,44822327,3.383,-9.020,-1.574,0.002,0.002,0.021,-222088
9.026076958,44827548,3.383,-9.020,-1.574,0.010,-0.004,0.025,-222165
9.030243917,44831769,3.266,-8.977,-1.461,0.010,-0.004,0.025,-222222
9.032473208,44833990,3.266,-8.977,-1.461,-0.010,0.002,0.014,-221852
9.037666125,44839211,3.266,-8.977,-1.461,0.000,-0.012,0.000,-221128
9.042039083,44843432,3.266,-8.977,-1.461,0.012,0.016,0.018,-221385
9.045062208,44846653,3.266,-8.977,-1.461,0.008,0.016,0.041,-222449
9.049319875,44850874,3.266,-8.977,-1.461,0.002,0.008,0.020,-221695
9.053512875,44855095,3.266,-8.977,-1.461,0.008,-0.010,-0.012,-221827
9.057819833,44859316,3.344,-8.980,-1.496,0.008,-0.010,-0.012,-222121
9.059936375,44861537,3.344,-8.980,-1.496,0.010,-0.008,-0.006,-222881
9.065349833,44866758,3.344,-8.980,-1.496,0.000,-0.002,-0.004,-221639
9.069523833,44870979,3.344,-8.980,-1.496,-0.014,0.006,-0.012,-221782
9.072594917,44874200,3.344,-8.980,-1.496,0.002,0.006,-0.004,-222057
9.077855583,44879421,3.344,-8.980,-1.496,-0.010,-0.012,-0.006,-221474
9.083116333,44884642,3.344,-8.980,-1.496,-0.006,0.002,0.010,-221882
9.088342417,44889863,3.344,-8.980,-1.496,-0.006,0.002,0.010,-222583
9.091593333,44893084,3.344,-8.980,-1.496,-0.002,0.004,0.031,-222382
9.096717375,44898305,3.344,-8.980,-1.496,-0.004,0.008,-0.021,-222155
9.1010045,44902526,3.344,-8.980,-1.496,-0.010,-0.004,-0.023,-221601
9.106171458,44907747,3.344,-8.980,-1.496,0.004,-0.004,-0.002,-222142
9.11093625,44911968,3.344,-8.980,-1.496,-0.010,0.008,-0.002,-221432
9.115572208,44917189,3.344,-8.980,-1.496,0.002,0.016,0.010,-222494
9.11883275,44920410,3.305,-9.020,-1.496,0.002,0.016,0.010,-221213
9.123114625,44924631,3.305,-9.020,-1.496,0.008,0.006,-0.006,-222072
9.127448458,44928852,3.383,-9.016,-1.496,0.008,0.006,-0.006,-223058
9.129551542,44931073,3.383,-9.016,-1.496,0.008,-0.004,-0.010,-221720
9.133815208,44935294,3.383,-9.016,-1.496,-0.002,-0.010,0.006,-221393
9.137957125,44939515,3.383,-9.016,-1.496,0.000,0.004,0.012,-222548
9.141199875,44942736,3.383,-9.016,-1.496,0.002,-0.006,0.008,-222273
9.145335792,44946957,3.383,-9.016,-1.496,0.008,0.010,-0.006,-222229
9.150649,44952178,3.383,-9.016,-1.496,0.012,-0.008,-0.008,-222413
9.155911083,44957399,3.383,-8.980,-1.496,0.012,-0.008,-0.008,-221939
9.15910025,44960620,3.383,-8.980,-1.496,0.012,0.008,-0.010,-222604
9.165369542,44966841,3.383,-8.980,-1.496,-0.010,0.010,-0.008,-221854
9.169516542,44971062,3.383,-8.980,-1.496,-0.008,-0.002,-0.018,-221604
9.174771583,44976283,3.383,-8.980,-1.496,-0.008,0.004,0.004,-222271
9.179212,44980504,3.383,-8.980,-1.496,0.008,-0.006,-0.010,-222393
9.183333375,44984725,3.383,-8.980,-1.496,-0.002,0.006,0.008,-221767
9.187332875,44988946,3.344,-8.980,-1.535,-0.002,0.006,0.008,-222079
9.189564208,44991167,3.344,-8.980,-1.535,-0.010,0.004,0.002,-221834
9.194979167,44996388,3.344,-8.980,-1.535,-0.002,0.002,-0.002,-221974
9.199046333,45000609,3.344,-8.980,-1.535,-0.004,0.002,-0.004,-221540
9.203225125,45004830,3.344,-8.980,-1.535,-0.012,0.004,0.004,-221811
9.207456667,45009051,3.344,-8.980,-1.535,0.006,-0.006,-0.008,-221693
9.212666917,45014272,3.344,-8.980,-1.535,-0.008,-0.004,-0.012,-221691
9.216923708,45018493,3.383,-9.016,-1.496,-0.008,-0.004,-0.012,-221782
9.220097167,45021714,3.383,-9.016,-1.496,-0.008,-0.002,0.018,-221999
9.225222417,45026935,3.383,-9.016,-1.496,-0.002,-0.002,-0.002,-221647
9.229923625,45031156,3.383,-9.016,-1.535,-0.002,-0.002,-0.002,-221438
9.235774042,45037377,3.383,-9.016,-1.535,-0.002,0.004,0.002,-222449
9.240103625,45041598,3.383,-9.016,-1.535,-0.014,-0.002,0.010,-222569
9.244234083,45045819,3.383,-9.016,-1.535,0.004,0.004,-0.008,-221849
9.248473042,45050040,3.383,-9.016,-1.535,-0.008,0.010,0.008,-221833
9.253672208,45055261,3.383,-9.016,-1.535,-0.002,-0.006,0.016,-221593
9.25792925,45059482,3.344,-9.016,-1.496,-0.002,-0.006,0.016,-222507
9.261083708,45062703,3.344,-9.016,-1.496,0.000,0.008,-0.006,-221871
9.266361,45067924,3.344,-9.016,-1.496,0.010,0.004,0.016,-221374
9.271584833,45073145,3.344,-9.016,-1.496,0.008,-0.004,-0.002,-222297
9.27614125,45077366,3.344,-9.016,-1.496,0.004,-0.002,0.012,-222253
9.280003,45081587,3.344,-9.016,-1.496,0.020,0.002,0.008,-222584
9.2832045,45084808,3.344,-9.016,-1.496,0.002,0.012,-0.008,-222593
9.287860083,45089029,3.422,-9.020,-1.535,0.002,0.012,-0.008,-222146
9.290706667,45092250,3.422,-9.020,-1.535,0.006,0.002,-0.018,-222093
9.296968708,45098456,3.422,-9.020,-1.535,-0.002,0.008,-0.008,-222093
9.30115625,45102678,3.422,-9.020,-1.535,-0.010,0.012,-0.008,-221539
9.305349542,45106899,3.422,-9.020,-1.535,0.008,0.010,-0.008,-222229
9.309725042,45111120,3.422,-9.020,-1.535,-0.008,0.000,0.004,-221968
9.313829667,45115341,3.422,-9.020,-1.535,0.002,0.012,0.002,-222212
9.31797925,45119562,3.344,-8.980,-1.535,0.002,0.012,0.002,-221823
9.320268125,45121783,3.344,-8.980,-1.535,-0.002,-0.006,-0.016,-222218
9.324419542,45126004,3.344,-8.980,-1.535,-0.002,-0.006,-0.002,-222092
9.328676833,45130225,3.344,-8.980,-1.535,-0.004,-0.008,0.004,-222549
9.332932625,45134446,3.344,-8.980,-1.535,-0.008,-0.016,0.006,-221975
9.337186333,45138667,3.344,-8.980,-1.535,0.002,-0.008,0.004,-222285
9.342064875,45142888,3.344,-8.980,-1.535,0.008,0.002,-0.004,-223555
9.345679333,45147109,3.422,-9.176,-1.613,0.008,0.002,-0.004,-222379
9.347795833,45149330,3.422,-9.176,-1.613,0.012,-0.023,-0.043,-221840
9.351919542,45153551,3.422,-9.176,-1.613,-0.080,0.031,0.008,-221058
9.356165542,45157772,3.422,-9.176,-1.613,0.031,0.043,0.002,-221802
9.3605305,45161993,3.422,-9.176,-1.613,0.072,-0.172,-0.059,-221715
9.364665208,45166214,3.422,-9.176,-1.613,-0.051,-0.045,-0.045,-221320
9.368913333,45170435,3.422,-9.176,-1.613,-0.025,0.156,0.275,-221462
9.374137167,45175656,2.961,-9.172,-1.918,-0.025,0.156,0.275,-222380
9.377372125,45178877,2.961,-9.172,-1.918,-0.082,0.121,0.184,-222500
9.382590583,45184098,2.961,-9.172,-1.918,0.043,-0.168,-0.477,-222370
9.386767542,45188319,2.961,-9.172,-1.918,0.014,-0.113,-0.270,-221747
9.390995917,45192540,2.961,-9.172,-1.918,-0.025,0.094,0.340,-222376
9.396228792,45197761,2.961,-9.172,-1.918,-0.037,0.145,0.260,-221854
9.401473833,45202982,2.961,-9.172,-1.918,0.014,-0.031,-0.285,-221156
9.4056615,45207203,3.422,-9.059,-1.496,0.014,-0.031,-0.285,-222301
9.40978675,45210424,3.422,-9.059,-1.496,0.016,-0.057,-0.328,-222199
9.415441833,45216645,3.422,-9.059,-1.496,0.002,0.029,0.232,-222022
9.419321125,45220866,3.422,-9.059,-1.496,-0.010,0.018,0.098,-221380
9.423615667,45225087,3.422,-9.059,-1.496,-0.006,0.023,-0.035,-222080
9.428800083,45230308,3.422,-9.059,-1.496,0.014,-0.053,-0.090,-222683
9.433015833,45234529,3.422,-9.059,-1.496,-0.008,-0.043,-0.045,-221935
9.437258542,45238750,3.305,-9.059,-1.613,-0.008,-0.043,-0.045,-222204
9.440534125,45241971,3.305,-9.059,-1.613,-0.010,-0.006,0.113,-222285
9.446694917,45248192,3.305,-9.059,-1.613,0.004,0.002,-0.021,-222087
9.451058167,45252413,3.305,-9.059,-1.613,-0.002,-0.004,-0.076,-222197
9.456386542,45257635,3.305,-9.059,-1.613,-0.008,0.012,-0.053,-222554
9.460706542,45261855,3.305,-9.059,-1.613,0.002,-0.004,-0.002,-222271
9.464776042,45266076,3.305,-9.059,-1.613,-0.004,0.000,0.053,-221803
9.469011583,45270297,3.266,-8.938,-1.613,-0.004,0.000,0.053,-222534
9.471205667,45272518,3.266,-8.938,-1.613,0.020,0.018,0.047,-222156
9.47627525,45277739,3.266,-8.938,-1.613,-0.012,0.002,-0.070,-222329
9.480357458,45281960,3.266,-8.938,-1.613,0.006,0.018,-0.051,-222275
9.48368025,45285181,3.266,-8.938,-1.613,-0.014,0.004,0.023,-222194
9.487957417,45289402,3.266,-8.938,-1.613,-0.004,0.000,0.027,-221753
9.492189292,45293623,3.266,-8.938,-1.613,0.010,0.008,0.018,-221438
9.497407958,45298844,3.344,-9.016,-1.535,0.010,0.008,0.018,-221363
9.500780083,45302065,3.344,-9.016,-1.535,0.004,-0.014,-0.010,-221991
9.506005292,45307286,3.344,-9.016,-1.535,0.004,0.000,-0.006,-221556
9.510297667,45311507,3.344,-9.016,-1.535,-0.008,0.012,0.025,-223039
9.514191958,45315728,3.344,-9.016,-1.535,0.010,-0.002,0.021,-222128
9.519522958,45320949,3.344,-9.016,-1.535,-0.002,-0.004,-0.004,-222110
9.523711667,45325170,3.344,-9.016,-1.535,0.014,-0.014,-0.025,-222358
9.528982708,45330391,3.344,-9.016,-1.461,0.014,-0.014,-0.025,-222049
9.531622833,45332612,3.344,-9.016,-1.461,-0.008,0.004,-0.006,-221376
9.536571958,45337833,3.344,-9.016,-1.461,0.000,-0.004,0.008,-222261
9.540766333,45342054,3.344,-9.016,-1.461,0.016,-0.023,-0.018,-220924
9.546018333,45347275,3.344,-9.016,-1.461,-0.037,0.102,0.045,-221955
9.549971125,45351496,3.344,-9.016,-1.461,0.064,-0.039,-0.066,-222323
9.554443917,45355717,3.344,-9.016,-1.461,0.043,0.010,0.006,-221971
9.559610333,45360938,4.645,-8.867,-1.461,0.043,0.010,0.006,-222186
9.5628875,45364159,4.645,-8.867,-1.461,-0.066,-0.057,-0.057,-222481
9.56807625,45369380,4.645,-8.867,-1.461,-0.100,0.076,0.172,-221615
9.572320292,45373601,2.652,-9.098,-1.879,-0.100,0.076,0.172,-221662
9.575526458,45376822,2.652,-9.098,-1.879,0.006,0.102,-0.170,-222036
9.580477667,45382043,2.652,-9.098,-1.879,0.004,-0.137,-0.312,-222273
9.584707083,45386264,2.652,-9.098,-1.879,0.014,0.078,0.244,-222588
9.587962625,45389485,2.652,-9.098,-1.879,-0.018,0.092,0.350,-222697
9.592176083,45393706,2.652,-9.098,-1.879,-0.037,0.135,0.105,-222364
9.596410167,45397927,2.652,-9.098,-1.879,0.020,-0.020,-0.326,-221831
9.600968833,45402148,3.305,-9.059,-1.535,0.020,-0.020,-0.326,-222269
9.603797208,45405369,3.305,-9.059,-1.535,0.020,-0.039,-0.312,-222009
9.609116167,45410590,3.305,-9.059,-1.535,-0.006,0.121,0.309,-222560
9.6132845,45414811,3.305,-9.059,-1.535,0.020,0.107,0.305,-222509
9.618499875,45420032,3.305,-9.059,-1.535,-0.020,-0.010,-0.066,-221853
9.624289042,45425253,3.305,-9.059,-1.535,-0.008,-0.031,-0.197,-222354
9.627995542,45429474,3.305,-9.059,-1.535,0.008,-0.014,0.027,-221672
9.631249792,45432695,3.496,-8.898,-1.496,0.008,-0.014,0.027,-221159
9.633460042,45434916,3.496,-8.898,-1.496,-0.004,-0.004,0.211,-221930
9.638735167,45440137,3.496,-8.898,-1.496,0.002,-0.014,0.018,-223039
9.644044,45445358,3.496,-8.898,-1.496,0.002,-0.018,-0.047,-222187
9.649045667,45450579,3.457,-8.980,-1.687,0.002,-0.018,-0.047,-221222
9.6512685,45452800,3.457,-8.980,-1.687,-0.014,-0.012,-0.066,-221593
9.656514208,45458021,3.457,-8.980,-1.687,0.002,-0.016,0.043,-221777
9.660728167,45462242,3.457,-8.980,-1.687,-0.002,0.006,0.053,-222287
9.666131958,45467463,3.457,-8.980,-1.687,0.002,-0.010,-0.033,-221700
9.671626125,45471684,3.457,-8.980,-1.687,0.000,0.004,-0.037,-221430
9.676380125,45477905,3.457,-8.980,-1.687,0.004,0.018,-0.008,-222107
9.68054025,45482126,3.344,-8.977,-1.574,0.004,0.018,-0.008,-221180
9.683886417,45485347,3.344,-8.977,-1.574,-0.006,0.006,0.021,-221925
9.689054875,45490568,3.344,-8.977,-1.574,0.008,0.010,0.008,-222597
9.693205458,45494789,3.344,-8.977,-1.574,0.002,0.002,-0.002,-222358
9.697508208,45499010,3.344,-8.977,-1.574,-0.010,0.006,-0.039,-221739
9.701846458,45503231,3.344,-8.977,-1.574,0.021,0.061,0.010,-221837
9.706021208,45507453,3.344,-8.977,-1.574,-0.068,-0.010,0.006,-222366
9.709284208,45510674,3.305,-8.977,-1.496,-0.068,-0.010,0.006,-222601
9.711364,45512895,3.305,-8.977,-1.496,0.072,-0.049,-0.074,-221848
9.716595,45518116,3.305,-8.977,-1.496,0.105,-0.252,0.004,-221680
9.720824875,45522337,3.305,-8.977,-1.496,0.031,-0.320,-0.170,-221882
9.724145042,45525558,3.305,-8.977,-1.496,-0.027,0.004,0.049,-222523
9.729255375,45530779,3.305,-8.977,-1.496,0.039,0.143,0.404,-221579
9.734528375,45536000,3.305,-8.977,-1.496,0.031,-0.020,-0.264,-220978
9.73875175,45540221,3.383,-8.832,-1.687,0.031,-0.020,-0.264,-222667
9.741006375,45542442,3.383,-8.832,-1.687,0.043,-0.219,-0.520,-222448
9.746413333,45547665,3.383,-8.832,-1.687,0.023,-0.008,0.141,-221389
9.751550417,45552886,3.383,-8.832,-1.687,-0.049,0.096,0.187,-222186
9.755692667,45557107,3.383,-8.832,-1.687,0.008,0.137,-0.023,-222079
9.759893,45561328,3.383,-8.832,-1.687,0.057,-0.064,-0.305,-222444
9.764121875,45565549,3.383,-8.832,-1.687,0.023,-0.086,-0.262,-222111
9.769478333,45570770,3.227,-8.754,-1.078,0.023,-0.086,-0.262,-222607
9.772626667,45573991,3.227,-8.754,-1.078,0.057,-0.160,0.262,-221470
9.778754125,45580212,3.227,-8.754,-1.078,0.008,0.100,0.012,-222297
9.78292575,45584433,3.227,-8.754,-1.078,-0.027,0.041,0.000,-221826
9.787269208,45588654,3.227,-8.754,-1.078,0.031,0.061,-0.219,-222139
9.791384792,45592875,3.227,-8.754,-1.078,-0.008,-0.002,-0.236,-222409
9.796623833,45598096,3.227,-8.754,-1.078,0.023,0.000,0.117,-221602
9.800823042,45602317,3.383,-8.902,-1.305,0.023,0.000,0.117,-221900
9.804000375,45605538,3.383,-8.902,-1.305,-0.051,0.076,0.135,-221453
9.809334333,45610759,3.383,-8.902,-1.305,-0.037,-0.125,-0.248,-221828
9.813556083,45614980,3.383,-8.902,-1.305,-0.023,-0.080,-0.215,-222000
9.817679167,45619201,3.383,-8.902,-1.305,-0.008,0.057,0.271,-221505
9.821968042,45623422,3.383,-8.902,-1.305,-0.035,0.029,0.430,-221660
9.827134292,45628643,3.383,-8.902,-1.305,0.000,0.045,-0.084,-222494
9.831410625,45632864,3.113,-8.980,-1.652,0.000,0.045,-0.084,-221469
9.834595417,45636085,3.113,-8.980,-1.652,0.008,-0.090,-0.270,-221844
9.839758,45641306,3.113,-8.980,-1.652,-0.016,0.000,-0.021,-221328
9.844224208,45645527,3.113,-8.980,-1.652,-0.016,0.033,0.166,-223343
9.848213208,45649748,3.113,-8.980,-1.652,-0.016,0.018,0.119,-221890
9.852473875,45653969,3.113,-8.980,-1.652,-0.008,-0.023,-0.078,-221660
9.856814958,45658190,3.113,-8.980,-1.652,0.014,-0.020,-0.086,-222622
9.859980083,45661411,3.457,-9.016,-1.496,0.014,-0.020,-0.086,-222218
9.862178958,45663632,3.457,-9.016,-1.496,-0.004,-0.004,0.002,-221824
9.867551333,45668853,3.457,-9.016,-1.496,0.033,-0.014,0.051,-222407
9.871867708,45673074,3.457,-9.016,-1.496,0.021,-0.008,-0.002,-222238
9.87634,45677295,3.457,-9.016,-1.496,0.020,-0.010,-0.004,-221541
9.8799915,45681516,3.457,-9.016,-1.496,-0.008,0.000,-0.012,-222111
9.883188042,45684737,3.457,-9.016,-1.496,0.020,-0.008,-0.029,-221431
9.887458042,45688958,3.383,-8.980,-1.535,0.020,-0.008,-0.029,-221805
9.890730958,45692179,3.383,-8.980,-1.535,0.008,0.004,-0.008,-222122
9.89700025,45698400,3.383,-8.980,-1.535,0.004,0.014,0.033,-222151
9.901152125,45702621,3.383,-8.980,-1.535,0.002,0.008,0.041,-221194
9.905475958,45706842,3.383,-8.980,-1.535,0.010,0.010,0.025,-221783
9.909505458,45711063,3.383,-8.980,-1.535,-0.014,0.029,-0.020,-222112
9.9137595,45715284,3.383,-8.980,-1.535,0.002,0.016,-0.018,-222436
9.918885375,45720505,3.344,-9.016,-1.535,0.002,0.016,-0.018,-221281
9.922169083,45723726,3.344,-9.016,-1.535,-0.008,0.016,-0.004,-222570
9.9275485,45728947,3.344,-9.016,-1.535,-0.010,0.000,0.004,-221886
9.932949917,45734168,3.344,-9.016,-1.535,-0.004,0.004,-0.006,-221862
9.937101458,45738389,3.344,-9.016,-1.535,-0.014,0.002,0.012,-222207
9.941392083,45742610,3.344,-9.016,-1.535,0.000,-0.006,0.002,-221911
9.944599833,45745831,3.344,-9.016,-1.535,0.002,-0.004,0.018,-222057
9.948535708,45750052,3.305,-8.977,-1.535,0.002,-0.004,0.018,-221963
9.951759125,45753273,3.305,-8.977,-1.535,-0.008,-0.004,0.002,-222097
9.958075542,45759494,3.305,-8.977,-1.535,-0.002,-0.018,-0.023,-222327
9.962310833,45763715,3.305,-8.977,-1.535,-0.004,0.002,0.008,-222137
9.966690875,45767936,3.305,-8.977,-1.535,-0.008,0.002,0.020,-222110
9.97192225,45773158,3.305,-8.977,-1.535,0.002,-0.002,0.006,-221791
9.975865333,45777379,3.305,-8.977,-1.535,0.000,-0.006,-0.012,-222253
9.980413083,45781600,3.344,-8.941,-1.496,0.000,-0.006,-0.012,-222662
9.98320875,45784821,3.344,-8.941,-1.496,0.000,-0.002,-0.033,-221998
9.989504542,45791042,3.344,-8.941,-1.496,-0.004,0.000,0.018,-222250
9.99377775,45795263,3.344,-8.941,-1.496,-0.002,0.014,0.016,-221676
9.998987333,45800484,3.344,-8.941,-1.496,0.008,-0.006,-0.018,-222285
10.004197292,45805705,3.344,-8.941,-1.496,0.002,0.012,-0.004,-221992
10.009731,45810926,3.344,-8.977,-1.574,0.002,0.012,-0.004,-222344
10.0128635,45814147,3.344,-8.977,-1.574,-0.008,0.004,-0.008,-221719
10.019087708,45820368,3.344,-8.977,-1.574,-0.002,0.002,-0.010,-222385
10.023064875,45824589,3.344,-8.977,-1.574,-0.010,-0.006,-0.025,-221110
10.027399583,45828810,3.344,-8.977,-1.574,0.004,0.006,0.000,-222206
10.031530708,45833031,3.344,-8.977,-1.574,-0.008,-0.002,0.004,-221716
10.036717333,45838252,3.344,-8.977,-1.574,0.012,-0.010,-0.004,-221927
10.041336708,45842473,3.344,-8.980,-1.496,0.012,-0.010,-0.004,-222227
10.044178667,45845694,3.344,-8.980,-1.496,-0.002,-0.004,-0.002,-222605
10.049392417,45850915,3.344,-8.980,-1.496,0.002,-0.004,0.014,-222202
10.054577375,45856136,3.344,-8.980,-1.496,0.008,-0.018,-0.002,-221935
10.058907208,45860357,3.344,-8.980,-1.496,0.002,-0.010,-0.010,-222949
10.064006083,45865578,3.344,-8.980,-1.496,-0.004,0.000,0.008,-222043
10.06833575,45869799,3.344,-8.980,-1.496,-0.004,-0.006,0.006,-222210
10.0726,45874020,3.344,-9.016,-1.461,-0.004,-0.006,0.006,-222040
10.075780958,45877241,3.344,-9.016,-1.461,0.000,-0.006,0.008,-222239
10.081975542,45883464,3.344,-9.016,-1.461,-0.016,-0.014,0.014,-221779
10.086085125,45887684,3.344,-9.016,-1.461,-0.002,-0.006,0.006,-221471
10.089295125,45890905,3.344,-9.016,-1.461,-0.002,0.004,0.008,-221698
10.093851333,45895126,3.344,-9.016,-1.461,0.012,0.008,0.002,-222683
10.099122083,45900347,3.344,-9.016,-1.461,-0.002,-0.006,-0.016,-222444
10.102485042,45903568,3.422,-9.059,-1.535,-0.002,-0.006,-0.016,-222150
10.107502292,45908789,3.422,-9.059,-1.535,-0.010,0.016,0.010,-221860
10.111540125,45913010,3.422,-9.059,-1.535,0.002,0.021,0.012,-222638
10.115664458,45917231,3.422,-9.059,-1.535,-0.004,0.016,0.002,-221883
10.119947125,45921452,3.422,-9.059,-1.535,0.012,0.010,-0.016,-221500
10.124149708,45925673,3.422,-9.059,-1.535,-0.002,0.014,-0.014,-222012
10.129405417,45930894,3.305,-8.977,-1.496,-0.002,0.014,-0.014,-222586
10.132589292,45934115,3.305,-8.977,-1.496,0.004,0.006,-0.006,-222209
10.138835042,45940336,3.305,-8.977,-1.496,0.010,0.000,0.010,-221800
10.14306825,45944557,3.305,-8.977,-1.496,0.014,0.016,0.018,-222619
10.1472545,45948778,3.305,-8.977,-1.496,0.002,-0.006,-0.021,-221631
10.15149075,45952999,3.305,-8.977,-1.496,0.016,-0.010,-0.023,-221867
10.156670417,45958220,3.305,-8.977,-1.496,0.000,0.002,0.016,-221662
10.160875875,45962441,3.344,-8.938,-1.574,0.000,0.002,0.016,-222803
10.16419,45965663,3.344,-8.938,-1.574,-0.004,0.006,0.002,-221426
10.169295333,45970884,3.344,-8.938,-1.574,0.000,-0.002,-0.020,-221376
10.1749825,45976090,3.344,-8.938,-1.574,-0.016,-0.012,-0.006,-221376
10.178734542,45980310,3.344,-8.938,-1.574,0.006,-0.010,-0.016,-221673
10.182934042,45984531,3.344,-8.938,-1.574,-0.006,-0.012,0.023,-221631
10.187198625,45988752,3.344,-8.938,-1.574,0.000,-0.004,0.014,-222205
10.191451917,45992973,3.344,-8.980,-1.496,0.000,-0.004,0.014,-222239
10.194628167,45996194,3.344,-8.980,-1.496,-0.004,-0.004,-0.004,-222140
10.199895333,46001415,3.344,-8.980,-1.496,0.000,0.000,0.000,-221921
10.20412975,46005636,3.344,-8.980,-1.496,-0.010,0.002,-0.004,-221973
10.209025792,46009857,3.344,-8.980,-1.496,-0.002,0.008,0.010,-222765
10.212522042,46014078,3.344,-8.980,-1.496,0.000,-0.002,-0.004,-222751
10.217721,46019299,3.344,-8.980,-1.496,0.004,0.004,-0.010,-221494
10.222020833,46023520,3.344,-8.980,-1.496,0.004,0.004,-0.010,-222447
10.225185042,46026741,3.344,-8.980,-1.496,0.002,0.004,0.002,-222051
10.231392875,46032962,3.344,-8.980,-1.496,0.006,-0.008,-0.008,-221896
10.235613,46037183,3.344,-8.980,-1.496,0.010,0.014,0.002,-222334
10.239854458,46041404,3.344,-8.980,-1.496,-0.004,0.000,0.000,-222551
10.244076042,46045625,3.344,-8.980,-1.496,0.006,0.006,0.002,-221423
10.249302708,46050846,3.344,-8.980,-1.496,-0.002,0.004,-0.004,-220880
10.253503625,46055067,3.344,-9.016,-1.535,-0.002,0.004,-0.004,-222382
10.256715417,46058273,3.344,-9.016,-1.535,0.000,-0.004,-0.004,-222382
10.263150042,46064493,3.344,-9.016,-1.535,0.010,0.006,0.012,-221298
10.267194,46068714,3.344,-9.016,-1.535,-0.002,0.014,-0.006,-221357
10.271490667,46072935,3.344,-9.016,-1.535,0.008,-0.006,0.008,-222578
10.277029042,46078156,3.344,-9.016,-1.535,-0.002,-0.006,-0.006,-221917
10.280824375,46082377,3.344,-9.016,-1.535,0.004,0.002,0.004,-221941
10.285047083,46086598,3.305,-8.977,-1.496,0.004,0.002,0.004,-222186
10.288310792,46089819,3.305,-8.977,-1.496,-0.002,-0.004,0.000,-221221
10.293630417,46095040,3.305,-8.977,-1.496,-0.008,-0.010,0.002,-222072
10.297894542,46099261,3.305,-8.977,-1.496,0.000,-0.008,0.002,-221823
10.301968583,46103482,3.305,-8.977,-1.496,-0.008,0.004,0.004,-221491
10.306222708,46107703,3.305,-8.977,-1.496,-0.010,-0.010,0.020,-221590
10.310444708,46111924,3.305,-8.977,-1.496,-0.010,0.012,0.000,-221888
10.315594583,46117145,3.344,-8.980,-1.535,-0.010,0.012,0.000,-221524
10.31779425,46119366,3.344,-8.980,-1.535,-0.004,0.002,0.002,-221893
10.322065,46123587,3.344,-8.980,-1.535,-0.008,0.018,-0.002,-222064
10.326264792,46127808,3.344,-8.980,-1.535,-0.008,-0.002,0.010,-221796
10.330500083,46132029,3.344,-8.980,-1.535,-0.002,0.014,0.010,-222321
10.334732708,46136250,3.344,-8.980,-1.535,-0.004,0.002,-0.012,-221324
10.340013083,46141471,3.344,-8.980,-1.535,-0.008,0.002,-0.010,-221324
10.3442835,46145692,3.383,-9.016,-1.461,-0.008,0.002,-0.010,-221367
10.347385833,46148913,3.383,-9.016,-1.461,0.000,-0.004,0.002,-221980
10.353724792,46155134,3.383,-9.016,-1.461,-0.002,0.012,0.012,-222680
10.358968417,46160355,3.383,-9.016,-1.461,-0.004,-0.006,0.002,-222026
10.363056167,46164576,3.383,-9.016,-1.461,-0.010,-0.006,0.000,-222709
10.367421167,46168797,3.383,-9.016,-1.461,-0.002,-0.002,0.016,-222031
10.37165,46173018,3.383,-9.016,-1.461,0.012,0.008,0.020,-221581
10.377257417,46178239,3.305,-8.977,-1.535,0.012,0.008,0.020,-221924
10.379101208,46180462,3.305,-8.977,-1.535,-0.004,-0.008,-0.006,-222392
10.383112167,46184682,3.305,-8.977,-1.535,-0.008,-0.002,-0.006,-221664
10.387380375,46188905,3.305,-8.977,-1.535,-0.002,-0.002,-0.002,-222002
10.391588208,46193126,3.305,-8.977,-1.535,0.000,0.006,0.010,-222584
10.396842208,46198347,3.305,-8.977,-1.535,0.000,0.006,0.006,-222815
10.401048,46202568,3.305,-8.977,-1.535,-0.012,0.002,-0.006,-221908
10.404287125,46205789,3.344,-8.977,-1.574,-0.012,0.002,-0.006,-221678
10.406484,46208010,3.344,-8.977,-1.574,0.000,-0.002,0.002,-221775
10.41092575,46212231,3.344,-8.977,-1.574,0.000,-0.006,-0.008,-221842
10.414922458,46216452,3.344,-8.977,-1.574,0.006,0.002,-0.002,-221986
10.419174333,46220673,3.344,-8.977,-1.574,-0.004,-0.008,0.006,-222117
10.423384708,46224894,3.344,-8.977,-1.574,-0.014,0.000,0.002,-221897
10.428619208,46230115,3.344,-8.977,-1.574,-0.002,-0.010,0.004,-222112
10.431822292,46233336,3.383,-9.016,-1.461,-0.002,-0.010,0.004,-221713
10.435057958,46236558,3.383,-9.016,-1.461,-0.006,0.010,-0.004,-221526
10.4403725,46241779,3.383,-9.016,-1.461,0.000,0.006,0.006,-222003
10.44448325,46246000,3.383,-9.016,-1.461,0.008,0.002,-0.004,-221660
10.449712667,46251221,3.383,-9.016,-1.461,0.000,0.002,-0.004,-221856
10.453968833,46255442,3.383,-9.016,-1.461,0.002,0.010,0.010,-221915
10.45927125,46260664,3.383,-9.016,-1.461,0.008,0.010,-0.004,-221407
10.462490583,46263885,3.305,-9.020,-1.535,0.008,0.010,-0.004,-222279
10.466844833,46268106,3.305,-9.020,-1.535,0.020,0.000,0.000,-221674
10.471107083,46272327,3.344,-9.055,-1.496,0.020,0.000,0.000,-222058
10.476622958,46277548,3.344,-9.055,-1.496,0.006,-0.004,-0.016,-221469
10.480170917,46281769,3.344,-9.055,-1.496,0.002,0.006,0.008,-221874
10.484463,46285990,3.344,-9.055,-1.496,0.006,-0.010,0.010,-221901
10.488778292,46290211,3.344,-9.055,-1.496,-0.004,-0.004,0.010,-221703
10.494013958,46295432,3.344,-9.055,-1.496,0.002,-0.006,0.000,-222348
10.499387583,46300653,3.344,-8.980,-1.535,0.002,-0.006,0.000,-221894
10.502696833,46303874,3.344,-8.980,-1.535,0.006,-0.004,-0.006,-221868
10.50784875,46309095,3.344,-8.980,-1.535,0.004,-0.004,-0.008,-222354
10.512828542,46314316,3.344,-8.980,-1.535,-0.010,0.010,0.006,-221887
10.517018875,46318537,3.344,-8.980,-1.535,-0.012,-0.002,-0.002,-221239
10.521220583,46322758,3.344,-8.980,-1.535,0.008,0.004,-0.008,-222087
10.52545075,46326979,3.344,-8.980,-1.535,-0.002,0.004,0.002,-222532
10.529952458,46331200,3.305,-8.977,-1.535,-0.002,0.004,0.002,-221830
10.531877542,46333421,3.305,-8.977,-1.535,-0.004,-0.002,0.004,-222194
10.538109167,46339642,3.305,-8.977,-1.535,0.004,0.010,0.008,-222630
10.542371458,46343863,3.305,-8.977,-1.535,-0.002,0.000,-0.008,-221530
10.54658325,46348084,3.305,-8.977,-1.535,0.000,0.004,0.006,-221355
10.551807458,46353305,3.305,-8.977,-1.535,-0.010,0.008,-0.010,-222375
10.557047208,46358526,3.305,-8.977,-1.535,-0.008,0.006,-0.008,-222369
10.561258083,46362747,3.383,-9.016,-1.496,-0.008,0.006,-0.008,-221802
10.563505667,46364968,3.383,-9.016,-1.496,-0.004,0.016,0.023,-222956
10.567716583,46369189,3.383,-9.016,-1.496,0.004,-0.002,0.020,-221274
10.572015375,46373410,3.383,-9.016,-1.496,0.000,0.000,-0.018,-221927
10.5767345,46377631,3.383,-9.016,-1.496,0.002,-0.002,-0.004,-222681
10.580272208,46381852,3.383,-9.016,-1.496,0.010,-0.004,0.018,-222328
10.584623958,46386073,3.383,-9.016,-1.496,-0.010,0.006,0.002,-221898
10.588777042,46390294,3.344,-9.016,-1.535,-0.010,0.006,0.002,-222026
10.590992375,46392515,3.344,-9.016,-1.535,0.004,0.008,0.014,-221788
10.5953155,46396736,3.344,-9.016,-1.535,0.004,-0.008,0.014,-221617
10.599797292,46400957,3.344,-9.016,-1.535,-0.010,0.008,-0.006,-222115
10.60363375,46405178,3.344,-9.016,-1.535,0.000,0.008,0.002,-221813
10.607868375,46409399,3.344,-9.016,-1.535,-0.002,-0.006,0.006,-221384
10.612052,46413621,3.344,-9.016,-1.535,0.004,0.002,0.006,-221432
10.617337792,46418842,3.344,-8.980,-1.496,0.004,0.002,0.006,-221664
10.620535167,46422063,3.344,-8.980,-1.496,0.000,-0.002,-0.004,-221719
10.626786333,46428284,3.344,-8.980,-1.496,0.002,0.002,-0.006,-221611
10.63107825,46432505,3.344,-8.980,-1.496,0.000,0.002,-0.008,-221967
10.635284167,46436726,3.344,-8.980,-1.496,-0.006,0.010,0.008,-222390
10.639430917,46440947,3.344,-8.980,-1.496,0.008,-0.002,0.002,-222234
10.644608083,46446168,3.344,-8.980,-1.496,0.000,0.002,-0.002,-222209
10.648848667,46450389,3.344,-8.980,-1.496,0.000,0.002,-0.002,-222049
10.652065125,46453610,3.344,-8.980,-1.496,-0.010,0.002,-0.004,-221781
10.658281792,46459831,3.344,-8.980,-1.496,0.012,0.006,0.006,-222238
10.66254525,46464052,3.344,-8.980,-1.496,0.010,0.006,0.000,-222419
10.666802583,46468273,3.344,-8.980,-1.496,0.014,0.006,-0.002,-221977
10.672071708,46473494,3.344,-8.980,-1.496,-0.018,0.002,0.004,-222229
10.677469208,46478715,3.344,-8.980,-1.496,0.002,0.002,-0.010,-222371
10.6814115,46482936,3.344,-9.016,-1.535,0.002,0.002,-0.010,-221394
10.683640333,46485157,3.344,-9.016,-1.535,-0.002,-0.002,-0.004,-222123
10.687975792,46489378,3.344,-9.016,-1.535,-0.002,-0.010,-0.002,-220687
10.692332917,46493599,3.344,-9.016,-1.535,0.000,0.014,0.008,-222157
10.6973975,46498820,3.344,-9.016,-1.535,0.004,0.008,-0.006,-221921
10.701767208,46503041,3.344,-9.016,-1.535,0.004,-0.004,0.006,-221502
10.706021667,46507262,3.344,-9.016,-1.535,0.004,0.000,0.010,-221493
10.710285375,46511483,3.344,-9.016,-1.496,0.004,0.000,0.010,-221858
10.713193958,46514704,3.344,-9.016,-1.496,0.002,0.004,0.010,-222732
10.719384167,46520925,3.344,-9.016,-1.496,0.004,-0.002,0.006,-221445
10.723584042,46525146,3.344,-9.016,-1.496,-0.012,0.004,0.004,-222147
10.727286208,46528367,3.344,-9.016,-1.496,0.000,0.000,0.006,-222006
10.731108333,46532588,3.344,-9.016,-1.496,0.004,-0.002,-0.004,-221216
10.736303542,46537809,3.344,-9.016,-1.496,0.002,-0.008,-0.002,-221739
10.7414605,46543030,3.344,-9.016,-1.535,0.002,-0.008,-0.002,-222558
10.744919167,46546251,3.344,-9.016,-1.535,-0.006,0.002,-0.010,-222714
10.74998175,46551472,3.344,-9.016,-1.535,0.000,0.008,-0.004,-221690
10.754191167,46555693,3.344,-9.016,-1.535,0.004,-0.002,0.006,-221593
10.758461542,46559914,3.344,-9.016,-1.535,-0.006,0.010,-0.012,-221550
10.76266675,46564135,3.344,-9.016,-1.535,0.008,0.004,-0.002,-221922
10.767000375,46568356,3.344,-9.016,-1.535,-0.002,0.002,-0.004,-221812
10.7712635,46572577,3.344,-8.980,-1.496,-0.002,0.002,-0.004,-221439
10.773596125,46574798,3.344,-8.980,-1.496,-0.004,-0.008,0.004,-221838
10.778504042,46580019,3.344,-8.980,-1.496,-0.002,-0.008,-0.004,-221875
10.782702167,46584240,3.344,-8.980,-1.496,-0.010,0.010,0.047,-221482
10.787025833,46588461,3.344,-8.980,-1.496,-0.014,-0.049,-0.041,-221761
10.792216,46593682,3.344,-8.980,-1.496,0.027,0.072,0.023,-222073
10.797479083,46598903,3.344,-8.980,-1.496,0.121,-0.139,-0.062,-222169
10.80170875,46603124,4.762,-9.254,-1.113,0.121,-0.139,-0.062,-222374
10.803843833,46605345,4.762,-9.254,-1.113,-0.014,0.068,-0.018,-221734
10.809036167,46610566,4.762,-9.254,-1.113,-0.094,0.004,0.467,-222005
10.813369542,46614787,2.500,-9.176,-2.148,-0.094,0.004,0.467,-221489
10.8165135,46618008,2.500,-9.176,-2.148,-0.076,0.135,0.150,-221959
10.821664,46623229,2.500,-9.176,-2.148,0.006,-0.195,-0.361,-221326
10.827932125,46628450,2.500,-9.176,-2.148,0.020,-0.096,-0.102,-222921
10.831124458,46632671,2.500,-9.176,-2.148,-0.037,0.086,0.334,-221556
10.837322542,46638892,2.500,-9.176,-2.148,-0.010,0.059,-0.029,-222155
10.841675667,46643113,2.500,-9.176,-2.148,0.023,0.008,-0.234,-222147
10.845781375,46647334,3.535,-9.137,-1.535,0.023,0.008,-0.234,-221511
10.848016875,46649555,3.535,-9.137,-1.535,0.045,-0.029,-0.271,-221566
10.852169917,46653776,3.535,-9.137,-1.535,0.008,0.070,0.184,-221952
10.857446,46658997,3.535,-9.137,-1.535,-0.002,-0.090,0.064,-221989
10.861751208,46663218,3.535,-9.137,-1.535,-0.037,-0.100,-0.111,-221442
10.866047333,46667440,3.535,-9.137,-1.535,0.012,0.152,-0.016,-221469
10.870387333,46671661,3.535,-9.137,-1.535,0.002,0.082,0.045,-220941
10.876416125,46676882,2.922,-8.867,-1.687,0.002,0.082,0.045,-222613
10.878592167,46680103,2.922,-8.867,-1.687,0.039,0.070,-0.076,-221811
10.883812625,46685324,2.922,-8.867,-1.687,0.008,0.035,-0.002,-222040
10.889047625,46690545,2.922,-8.867,-1.687,-0.008,0.064,0.055,-222396
10.893563042,46694766,3.227,-8.941,-1.652,-0.008,0.064,0.055,-222209
10.896474292,46697987,3.227,-8.941,-1.652,-0.045,0.127,0.133,-221645
10.902946375,46704208,3.227,-8.941,-1.652,-0.014,-0.002,-0.039,-221200
10.907220875,46708429,3.227,-8.941,-1.652,-0.012,0.004,0.090,-221948
10.910298583,46711652,3.227,-8.941,-1.652,-0.021,-0.016,0.160,-221719
10.914349333,46715873,3.227,-8.941,-1.652,-0.008,0.023,0.029,-221308
10.919499917,46721094,3.227,-8.941,-1.652,0.008,-0.053,-0.131,-221525
10.923728,46725315,3.574,-8.977,-1.535,0.008,-0.053,-0.131,-222527
10.927201625,46728536,3.574,-8.977,-1.535,0.018,-0.074,-0.100,-221064
10.932538333,46733757,3.574,-8.977,-1.535,-0.008,-0.014,0.104,-221484
10.937712125,46738978,3.574,-8.977,-1.535,-0.006,-0.035,0.004,-221765
10.943011375,46743199,3.574,-8.977,-1.535,-0.021,-0.018,-0.043,-222420
10.946899125,46748420,3.574,-8.977,-1.535,0.000,-0.016,-0.041,-221399
10.952168375,46753641,3.574,-8.977,-1.535,-0.008,-0.033,0.016,-221907
10.957403708,46758862,3.457,-9.020,-1.422,-0.008,-0.033,0.016,-221765
10.960784625,46762083,3.457,-9.020,-1.422,0.004,-0.027,0.010,-222065
10.965726208,46767304,3.457,-9.020,-1.422,0.006,0.012,-0.002,-222063
10.968918708,46770525,3.457,-9.020,-1.422,0.008,0.049,0.031,-221365
10.97316775,46774746,3.457,-9.020,-1.422,-0.002,-0.014,-0.051,-222018
10.978432375,46779967,3.457,-9.020,-1.422,-0.066,0.113,0.020,-222486
10.982773208,46784188,3.457,-9.020,-1.422,0.057,0.008,0.006,-222074
10.986884958,46788409,3.344,-8.750,-1.422,0.057,0.008,0.006,-221815
10.990103708,46791630,3.344,-8.750,-1.422,0.016,-0.291,-0.246,-221456
10.996364958,46797851,3.344,-8.750,-1.422,0.029,0.152,0.490,-222775
11.000565,46802072,3.344,-8.750,-1.422,-0.090,0.105,0.227,-221360
11.004849875,46806293,3.344,-8.750,-1.422,0.078,-0.043,-0.391,-222221
11.009029708,46810514,3.344,-8.750,-1.422,0.061,-0.160,-0.453,-222171
11.01324425,46814735,3.344,-8.750,-1.422,0.008,-0.090,-0.088,-221769
11.01843975,46819956,3.535,-8.902,-1.191,0.008,-0.090,-0.088,-222409
11.021641333,46823177,3.535,-8.902,-1.191,-0.004,0.066,0.348,-221346
11.026984875,46828398,3.535,-8.902,-1.191,0.002,0.061,0.004,-222107
11.031153125,46832619,3.535,-8.902,-1.191,0.041,-0.035,-0.215,-221101
11.036336667,46837840,3.535,-8.902,-1.191,0.072,-0.012,-0.135,-221928
11.040822417,46842061,3.535,-8.902,-1.191,0.002,-0.137,0.219,-222508
11.0446945,46846282,3.535,-8.902,-1.191,-0.076,-0.014,0.146,-222256
11.049965458,46851503,3.074,-8.980,-1.422,-0.076,-0.014,0.146,-222102
11.053125625,46854724,3.074,-8.980,-1.422,-0.018,0.000,0.021,-222054
11.059562625,46860945,3.074,-8.980,-1.422,-0.004,0.023,-0.141,-222172
11.063903458,46865166,3.074,-8.980,-1.422,-0.010,-0.006,-0.051,-221691
11.067968333,46869387,3.074,-8.980,-1.422,0.045,-0.023,0.049,-221664
11.072297917,46873608,3.074,-8.980,-1.422,0.006,0.000,0.021,-221481
11.077912375,46878829,3.074,-8.980,-1.422,-0.004,0.014,0.045,-222277
11.08146925,46883050,3.574,-9.016,-1.805,-0.004,0.014,0.045,-221979
11.08481525,46886271,3.574,-9.016,-1.805,-0.051,-0.070,0.010,-221766
11.090126417,46891492,3.574,-9.016,-1.805,-0.027,0.064,0.049,-222022
11.095200292,46896713,3.574,-9.016,-1.805,-0.014,-0.012,-0.012,-222931
11.099475083,46900934,3.574,-9.016,-1.805,-0.014,0.006,-0.115,-221755
11.104616792,46906155,3.574,-9.016,-1.805,0.002,-0.004,-0.018,-221786
11.108999208,46910376,3.574,-9.016,-1.805,0.002,-0.002,0.014,-222859
11.113021083,46914597,3.227,-9.055,-1.652,0.002,-0.002,0.014,-222191
11.116281292,46917818,3.227,-9.055,-1.652,-0.002,0.016,0.014,-221915
11.122536375,46924039,3.227,-9.055,-1.652,0.006,-0.023,-0.018,-222408
11.127508417,46928260,3.227,-9.055,-1.652,0.006,-0.016,-0.021,-222200
11.131085708,46932481,3.227,-9.055,-1.652,-0.006,0.012,0.043,-221233
11.136357375,46937702,3.227,-9.055,-1.652,0.008,0.029,-0.006,-221098
11.140411667,46941923,3.227,-9.055,-1.652,0.006,-0.041,-0.078,-222257
11.144771667,46946144,3.305,-8.938,-1.344,0.006,-0.041,-0.078,-222533
11.14782525,46949365,3.305,-8.938,-1.344,0.049,-0.070,-0.082,-221547
11.154079542,46955586,3.305,-8.938,-1.344,0.008,-0.070,0.037,-222326
11.159547,46960807,3.305,-8.938,-1.344,0.016,0.066,0.209,-222695
11.163542042,46965028,3.305,-8.938,-1.344,-0.018,0.088,0.191,-222123
11.167864542,46969249,3.305,-8.938,-1.344,0.033,-0.113,-0.203,-221657
11.172193042,46973455,3.305,-8.938,-1.344,0.012,-0.082,-0.268,-221657
11.177692333,46978675,3.344,-8.941,-1.461,0.012,-0.082,-0.268,-222488
11.179560708,46980896,3.344,-8.941,-1.461,-0.016,-0.033,0.160,-222383
11.183512208,46985117,3.344,-8.941,-1.461,-0.041,0.076,0.102,-221643
11.187801333,46989338,3.344,-8.941,-1.461,-0.027,0.088,-0.006,-221930
11.192039458,46993559,3.344,-8.941,-1.461,-0.014,0.031,-0.055,-222079
11.197328417,46998780,3.344,-8.941,-1.461,0.072,-0.057,-0.201,-221875
11.2015675,47003001,3.344,-8.941,-1.461,0.094,-0.100,-0.150,-222056
11.205736083,47007222,3.535,-8.977,-1.230,0.094,-0.100,-0.150,-222198
11.208887167,47010443,3.535,-8.977,-1.230,0.033,-0.004,0.205,-222730
11.21511575,47016664,3.535,-8.977,-1.230,-0.043,0.094,-0.182,-221982
11.220313708,47021885,3.535,-8.977,-1.230,0.037,0.084,-0.125,-221796
11.224645708,47026106,3.535,-8.977,-1.230,-0.033,0.055,0.107,-222130
11.228861417,47030327,3.535,-8.977,-1.230,0.002,-0.018,-0.004,-222738
11.233160667,47034548,3.535,-8.977,-1.230,0.041,-0.049,-0.045,-222101
11.238354417,47039769,3.574,-8.754,-1.422,0.041,-0.049,-0.045,-222525
11.241476875,47042990,3.574,-8.754,-1.422,0.000,0.016,-0.033,-222922
11.246739417,47048211,3.574,-8.754,-1.422,-0.025,-0.049,-0.053,-222281
11.250912375,47052432,3.574,-8.754,-1.422,-0.035,-0.006,-0.010,-222016
11.254136708,47055639,3.574,-8.754,-1.422,-0.018,0.033,0.064,-222016
11.259447167,47060859,3.574,-8.754,-1.422,-0.035,-0.012,0.150,-222203
11.262598333,47064080,3.574,-8.754,-1.422,-0.055,0.006,0.076,-222021
11.2668315,47068301,3.113,-8.980,-1.652,-0.055,0.006,0.076,-221478
11.270047833,47071522,3.113,-8.980,-1.652,-0.004,0.055,-0.070,-221664
11.276301,47077743,3.113,-8.980,-1.652,-0.004,-0.016,-0.086,-221441
11.280408167,47081964,3.113,-8.980,-1.652,-0.018,0.043,0.078,-222149
11.284664542,47086185,3.113,-8.980,-1.652,-0.016,0.023,0.109,-221521
11.289962458,47091406,3.113,-8.980,-1.652,-0.016,-0.006,-0.092,-222122
11.29415625,47095627,3.113,-8.980,-1.652,0.000,-0.002,-0.080,-221564
11.298404042,47099848,3.305,-9.094,-1.535,0.000,-0.002,-0.080,-221693
11.30163975,47103069,3.305,-9.094,-1.535,-0.008,0.002,0.004,-221881
11.308087625,47108290,3.305,-9.094,-1.535,0.014,-0.008,0.010,-222240
11.310969333,47112511,3.305,-8.977,-1.496,0.014,-0.008,0.010,-222052
11.314225875,47115732,3.305,-8.977,-1.496,0.021,-0.020,-0.018,-221639
11.319571625,47120953,3.305,-8.977,-1.496,0.021,-0.021,-0.020,-220681
11.32359925,47125174,3.305,-8.977,-1.496,0.027,-0.002,0.002,-222556
11.326933042,47128395,3.305,-8.977,-1.496,0.010,-0.002,0.014,-222636
11.331269083,47132616,3.305,-8.977,-1.496,0.025,-0.025,0.039,-222201
11.336441375,47137822,3.305,-8.977,-1.496,0.004,-0.008,0.018,-222201
11.340683792,47142042,3.383,-8.941,-1.535,0.004,-0.008,0.018,-222446
11.342850958,47144263,3.383,-8.941,-1.535,0.006,-0.008,0.016,-222583
11.346968542,47148484,3.383,-8.941,-1.535,-0.008,0.004,0.014,-222434
11.351109833,47152705,3.383,-8.941,-1.535,0.004,-0.004,-0.002,-221100
11.355326417,47156926,3.383,-8.941,-1.535,0.004,0.012,0.004,-222435
11.359556667,47161147,3.383,-8.941,-1.535,-0.004,-0.008,0.002,-221787
11.364120167,47165368,3.383,-8.941,-1.535,0.002,0.012,0.006,-221960
11.369080875,47170589,3.305,-8.938,-1.613,0.002,0.012,0.006,-221915
11.372302458,47173810,3.305,-8.938,-1.613,-0.021,0.006,0.008,-221955
11.378480458,47180031,3.305,-8.938,-1.613,-0.010,0.008,-0.012,-221656
11.382729042,47184252,3.305,-8.938,-1.613,-0.021,-0.004,-0.002,-221395
11.38697225,47188473,3.305,-8.938,-1.613,-0.016,0.000,-0.006,-222212
11.391187458,47192694,3.305,-8.938,-1.613,-0.010,0.010,0.010,-221694
11.396448083,47197915,3.305,-8.938,-1.613,-0.004,0.002,-0.016,-222664
11.399776083,47201136,3.191,-8.980,-1.574,-0.004,0.002,-0.016,-221766
11.401829167,47203357,3.191,-8.980,-1.574,0.008,0.016,-0.008,-221782
11.407105375,47208578,3.191,-8.980,-1.574,-0.002,-0.008,-0.010,-221440
11.411506,47212799,3.305,-9.059,-1.535,-0.002,-0.008,-0.010,-221711
11.413531875,47215020,3.305,-9.059,-1.535,0.006,0.006,0.020,-221697
11.417707375,47219241,3.305,-9.059,-1.535,0.002,0.000,0.016,-221394
11.421985833,47223462,3.305,-9.059,-1.535,0.002,0.008,-0.004,-222048
11.426197167,47227683,3.305,-9.059,-1.535,0.010,-0.020,-0.031,-221706
11.430396667,47231904,3.305,-9.059,-1.535,-0.006,-0.014,-0.037,-222331
11.435681417,47237125,3.305,-9.059,-1.535,-0.006,-0.002,0.008,-222324
11.438900667,47240346,3.344,-8.980,-1.535,-0.006,-0.002,0.008,-222413
11.441849833,47242567,3.344,-8.980,-1.535,0.004,0.000,0.014,-222331
11.445265375,47246788,3.344,-8.980,-1.535,0.006,-0.006,0.000,-221934
11.449483208,47251009,3.344,-8.980,-1.535,0.006,0.004,0.006,-221430
11.453738375,47255230,3.344,-8.980,-1.535,-0.002,-0.004,0.010,-222399
11.459009542,47260451,3.344,-8.980,-1.535,-0.004,-0.004,0.008,-222475
11.463276875,47264672,3.344,-8.980,-1.535,0.006,-0.002,-0.002,-221721
11.467644792,47268893,3.383,-8.980,-1.535,0.006,-0.002,-0.002,-221796
11.470827,47272114,3.383,-8.980,-1.535,0.014,-0.002,-0.008,-222288
11.477233958,47278335,3.383,-8.980,-1.535,-0.010,0.002,0.004,-222419
11.480997833,47282556,3.383,-8.980,-1.535,-0.002,0.006,-0.008,-222144
11.484285833,47285777,3.383,-8.980,-1.535,-0.006,-0.002,0.002,-222159
11.488537458,47289998,3.383,-8.980,-1.535,0.002,0.006,0.002,-222286
11.49281375,47294219,3.383,-8.980,-1.535,-0.008,-0.012,0.004,-222465
11.498180333,47299440,3.344,-9.020,-1.574,-0.008,-0.012,0.004,-221124
11.500351625,47301661,3.344,-9.020,-1.574,-0.004,0.008,0.006,-222060
11.504595583,47305882,3.344,-9.020,-1.574,0.004,0.004,0.004,-221501
11.509711417,47311103,3.344,-9.020,-1.574,-0.010,0.000,0.004,-221709
11.513790333,47315324,3.344,-9.020,-1.574,0.002,-0.008,-0.002,-222339
11.51903525,47320545,3.344,-9.020,-1.574,-0.008,-0.004,0.010,-221566
11.5233115,47324766,3.344,-9.020,-1.574,-0.006,-0.002,0.006,-222576
11.528590458,47329987,3.305,-9.059,-1.496,-0.006,-0.002,0.006,-222180
11.53181575,47333208,3.305,-9.059,-1.496,0.006,-0.010,-0.004,-221485
11.538167083,47339429,3.305,-9.059,-1.496,0.002,-0.002,0.010,-221850
11.542992875,47343651,3.305,-9.059,-1.496,0.006,-0.016,0.002,-221898
11.546279083,47347872,3.305,-9.059,-1.496,0.006,0.006,0.006,-221586
11.550610708,47352093,3.305,-9.059,-1.496,0.010,0.000,-0.004,-222341
11.556825417,47358314,3.305,-9.059,-1.496,0.002,-0.006,-0.008,-222893
11.561032458,47362535,3.383,-8.977,-1.574,0.002,-0.006,-0.008,-222462
11.563336125,47364756,3.383,-8.977,-1.574,-0.002,-0.008,-0.004,-221513
11.567589792,47368977,3.383,-8.977,-1.574,-0.002,-0.008,0.006,-221675
11.571944625,47373198,3.383,-8.977,-1.574,0.004,-0.006,0.008,-222370
11.577450292,47378419,3.383,-8.977,-1.574,-0.006,-0.004,-0.008,-221355
11.58109625,47382640,3.383,-8.977,-1.574,0.004,-0.006,-0.018,-221555
11.585376125,47386861,3.383,-8.977,-1.574,0.010,-0.004,-0.010,-220805
11.589648458,47391082,3.344,-8.977,-1.574,0.010,-0.004,-0.010,-221452
11.59180925,47393303,3.344,-8.977,-1.574,-0.004,0.014,-0.002,-221779
11.598356333,47399524,3.344,-8.977,-1.574,-0.006,0.008,0.002,-222245
11.60223475,47403745,3.344,-8.977,-1.574,-0.008,0.010,-0.006,-221796
11.606438458,47407968,3.344,-8.977,-1.574,0.004,0.006,0.027,-222070
11.610677125,47412189,3.344,-8.977,-1.574,-0.004,0.000,-0.006,-222848
11.614906917,47416410,3.344,-9.055,-1.496,-0.004,0.000,-0.006,-221836
11.617106708,47418631,3.344,-9.055,-1.496,-0.008,0.008,0.002,-221303
11.622318875,47423852,3.344,-9.055,-1.496,-0.002,0.006,-0.016,-221304
11.6265735,47428073,3.344,-9.055,-1.496,0.004,0.006,-0.002,-221866
11.63105925,47432294,3.344,-9.055,-1.496,0.004,-0.008,-0.010,-221944
11.635224042,47436515,3.344,-9.055,-1.496,-0.008,-0.016,0.006,-222097
11.640233583,47441736,3.344,-9.055,-1.496,0.008,-0.004,0.020,-221742
11.644525708,47445957,3.344,-9.020,-1.574,0.008,-0.004,0.020,-222406
11.647690958,47449178,3.344,-9.020,-1.574,-0.008,0.012,0.018,-221700
11.652893625,47454399,3.344,-9.020,-1.574,0.008,0.006,-0.020,-222149
11.65807025,47459620,3.344,-9.020,-1.574,0.006,-0.006,0.004,-222665
11.66234575,47463841,3.344,-9.020,-1.574,0.004,-0.004,0.021,-222071
11.666595917,47468062,3.344,-9.020,-1.574,0.010,0.000,0.025,-220916
11.671869083,47473283,3.344,-9.020,-1.574,-0.006,-0.008,-0.006,-221889
11.677208917,47478504,3.344,-8.980,-1.535,-0.006,-0.008,-0.006,-222230
11.679287792,47480725,3.344,-8.980,-1.535,0.004,0.000,-0.002,-221984
11.68342125,47484946,3.344,-8.980,-1.535,0.008,0.002,0.004,-222008
11.68777975,47489167,3.344,-8.980,-1.535,0.008,0.010,0.006,-221696
11.693005875,47494388,3.344,-8.980,-1.535,-0.002,-0.004,-0.008,-221831
11.697346375,47498609,3.344,-8.980,-1.535,0.006,0.006,-0.006,-220967
11.7015815,47502830,3.344,-8.980,-1.535,0.004,-0.004,-0.008,-221722
11.705801875,47507051,3.344,-9.016,-1.496,0.004,-0.004,-0.008,-222065
11.71008875,47510272,3.344,-9.016,-1.496,0.004,0.006,0.018,-221695
11.71292,47514493,3.344,-9.016,-1.496,-0.004,0.004,0.006,-221725
11.718200792,47519714,3.344,-9.016,-1.496,0.002,-0.002,0.014,-221898
11.722513208,47523935,3.344,-9.016,-1.496,-0.006,0.000,-0.002,-221495
11.726587458,47528156,3.344,-9.016,-1.496,-0.008,-0.014,0.002,-221470
11.730838583,47532377,3.344,-9.016,-1.496,0.000,-0.010,-0.006,-221676
11.735094167,47536598,3.305,-9.020,-1.496,0.000,-0.010,-0.006,-222522
11.73757675,47538819,3.305,-9.020,-1.496,0.002,0.010,0.018,-222526
11.7426255,47544040,3.305,-9.020,-1.496,0.006,-0.004,-0.012,-222151
11.746791792,47548261,3.305,-9.020,-1.496,0.010,0.016,0.002,-222382
11.750963208,47552482,3.305,-9.020,-1.496,-0.002,0.016,-0.010,-221701
11.75735475,47558703,3.305,-9.020,-1.496,-0.002,0.016,-0.006,-222901
11.762466833,47563924,3.305,-9.020,-1.496,-0.021,0.031,0.057,-222224
11.76766075,47569145,3.613,-9.016,-1.496,-0.021,0.031,0.057,-221871
11.7699255,47571366,3.613,-9.016,-1.496,-0.027,-0.027,-0.086,-221864
11.77512325,47576587,3.613,-9.016,-1.496,0.018,0.043,0.104,-222556
11.780299042,47581808,3.613,-9.016,-1.496,-0.014,0.010,0.092,-221623
11.784494875,47586029,3.613,-9.016,-1.496,-0.002,-0.053,-0.129,-222096
11.78875825,47590250,3.457,-9.016,-1.496,-0.002,-0.053,-0.129,-222504
11.792952292,47594471,3.457,-9.016,-1.496,0.002,-0.006,0.043,-221929
11.798247042,47599692,3.457,-9.016,-1.496,-0.012,0.064,0.131,-222303
11.802462042,47603913,3.457,-9.016,-1.496,-0.002,0.010,-0.012,-221863
11.807853542,47609134,3.344,-8.980,-1.461,-0.002,0.010,-0.012,-222101
11.809847,47611355,3.344,-8.980,-1.461,-0.006,-0.012,-0.105,-221959
11.815058167,47616576,3.344,-8.980,-1.461,0.004,0.010,0.074,-221700
11.819244375,47620797,3.344,-8.980,-1.461,-0.006,0.014,0.123,-221809
11.822464625,47624018,3.344,-8.980,-1.461,0.002,0.021,0.039,-222270
11.827722833,47629239,3.344,-8.980,-1.461,-0.002,0.012,-0.027,-221739
11.833020875,47634460,3.383,-9.020,-1.574,-0.002,0.012,-0.027,-222123
11.836202125,47637681,3.383,-9.020,-1.574,0.002,0.002,-0.068,-221403
11.84250425,47643902,3.383,-9.020,-1.574,0.000,0.014,0.053,-222390
11.846638542,47648123,3.383,-9.020,-1.574,0.006,0.004,0.035,-222090
11.850830792,47652344,3.383,-9.020,-1.574,-0.008,-0.012,-0.033,-221106
11.855169625,47656565,3.383,-9.020,-1.574,0.002,-0.004,-0.055,-221982
11.860342875,47661786,3.383,-9.020,-1.574,0.000,0.010,0.021,-222494
11.864489583,47666007,3.344,-9.016,-1.535,0.000,0.010,0.021,-221442
11.867706417,47669228,3.344,-9.016,-1.535,0.002,0.002,0.008,-221159
11.873000458,47674449,3.344,-9.016,-1.535,0.016,-0.008,0.004,-222483
11.8781455,47679670,3.344,-9.016,-1.535,-0.002,0.000,-0.006,-221153
11.88139,47682891,3.344,-9.016,-1.535,-0.004,0.006,-0.016,-221659
11.885623083,47687112,3.344,-9.016,-1.535,-0.004,0.012,-0.006,-222109
11.88987625,47691333,3.344,-9.016,-1.535,-0.004,-0.006,-0.002,-221794
11.894086833,47695554,3.344,-9.016,-1.535,-0.004,-0.006,-0.002,-221969
11.897279375,47698775,3.344,-9.016,-1.535,0.008,-0.012,0.000,-221723
11.903454542,47704996,3.344,-9.016,-1.535,0.016,0.012,0.002,-221044
11.908472167,47709217,3.344,-9.016,-1.535,0.006,0.000,0.004,-222340
11.911939625,47713438,3.344,-9.016,-1.535,0.002,0.000,0.004,-221654
11.917149,47718659,3.344,-9.016,-1.535,0.014,-0.004,-0.002,-222004
11.922461833,47723880,3.344,-9.016,-1.535,-0.010,-0.020,-0.021,-221994
11.925723375,47727101,2.844,-8.902,-1.805,-0.010,-0.020,-0.021,-221343
11.927960875,47729322,2.844,-8.902,-1.805,0.006,0.023,-0.016,-221230
11.933298208,47734543,2.844,-8.902,-1.805,0.031,-0.119,-0.182,-221710
11.938564542,47739764,2.844,-8.902,-1.805,-0.008,0.023,-0.010,-222183
11.942522917,47743985,2.844,-8.902,-1.805,0.018,-0.068,0.193,-222320
11.947651625,47749206,2.844,-8.902,-1.805,-0.045,-0.010,0.150,-221522
11.951939958,47753428,2.922,-9.020,-1.687,-0.045,-0.010,0.150,-221301
11.954148542,47755648,2.922,-9.020,-1.687,0.012,-0.029,0.027,-221416
11.958378208,47759869,2.922,-9.020,-1.687,0.016,-0.018,-0.080,-222461
11.962707833,47764090,2.922,-9.020,-1.687,-0.002,-0.021,-0.045,-221551
11.966808042,47768311,2.922,-9.020,-1.687,-0.004,-0.039,0.045,-221036
11.970945917,47772532,2.922,-9.020,-1.687,0.004,-0.039,0.053,-221814
11.975219458,47776753,2.922,-9.020,-1.687,-0.006,-0.016,0.004,-222015
11.980408958,47781974,3.113,-9.137,-1.535,-0.006,-0.016,0.004,-222106
11.983707708,47785195,3.113,-9.137,-1.535,-0.006,0.104,0.078,-222042
11.988934625,47790416,3.113,-9.137,-1.535,0.020,0.105,-0.170,-221769
11.993156083,47794639,3.113,-9.137,-1.535,0.072,-0.160,-0.225,-222039
11.998378833,47799860,3.113,-9.137,-1.535,-0.004,0.162,0.219,-221541
12.007708583,47809081,3.113,-9.137,-1.535,0.053,-0.006,-0.242,-221915
12.01188675,47813302,3.113,-9.137,-1.535,0.061,0.008,-0.373,-221875
12.016090667,47817523,3.613,-9.055,-1.496,0.061,0.008,-0.373,-221874
12.019153792,47820744,3.613,-9.055,-1.496,0.020,-0.080,-0.143,-221690
12.025541833,47826965,3.613,-9.055,-1.496,-0.010,-0.057,0.074,-222993
12.029699792,47831186,3.613,-9.055,-1.496,0.000,-0.043,-0.006,-222659
12.033914958,47835407,3.613,-9.055,-1.496,-0.031,-0.008,-0.023,-221757
12.0393115,47840628,3.613,-9.055,-1.496,-0.035,0.035,0.076,-221678
12.043347583,47844849,3.613,-9.055,-1.496,0.012,0.027,0.041,-222356
12.047582125,47849070,3.191,-8.898,-1.574,0.012,0.027,0.041,-221742
12.051019667,47852291,3.191,-8.898,-1.574,0.021,-0.039,-0.031,-221162
12.057178542,47858512,3.191,-8.898,-1.574,0.002,-0.016,-0.006,-221418
12.061610208,47862733,3.191,-8.898,-1.574,-0.025,0.059,0.078,-222653
12.064534875,47865954,3.191,-8.898,-1.574,0.006,0.055,0.051,-221562
12.068581708,47870175,3.191,-8.898,-1.574,-0.008,-0.016,-0.043,-222273
12.0728335,47874396,3.191,-8.898,-1.574,-0.008,-0.035,-0.057,-222122
12.077432083,47878617,3.383,-9.020,-1.574,-0.008,-0.035,-0.057,-222186
12.079362458,47880838,3.383,-9.020,-1.574,-0.004,-0.020,-0.010,-221214
12.084586917,47886059,3.383,-9.020,-1.574,-0.010,0.016,0.039,-221600
12.089917875,47891280,3.383,-9.020,-1.574,-0.002,0.006,-0.027,-222675
12.093974083,47895501,3.383,-9.020,-1.574,0.014,-0.014,-0.055,-221998
12.098237375,47899722,3.383,-9.020,-1.574,0.027,-0.025,-0.016,-221680
12.1013995,47902943,3.383,-9.020,-1.574,0.012,-0.004,0.025,-221922
12.105596458,47907164,3.305,-8.898,-1.574,0.012,-0.004,0.025,-221408
12.107811375,47909385,3.305,-8.898,-1.574,0.008,0.031,0.113,-221588
12.112019542,47913606,3.305,-8.898,-1.574,-0.004,0.029,-0.004,-221926
12.116213417,47917827,3.305,-8.898,-1.574,-0.008,0.000,-0.062,-222669
12.120385542,47922048,3.305,-8.898,-1.574,-0.010,-0.004,-0.018,-222110
12.124633083,47926269,3.305,-8.898,-1.574,-0.004,-0.006,-0.006,-222009
12.127824,47929490,3.305,-8.898,-1.574,-0.002,0.004,0.033,-222811
12.134007583,47933711,3.152,-9.059,-1.422,-0.002,0.004,0.033,-221788
12.135231833,47936932,3.152,-9.059,-1.422,0.002,0.006,0.014,-221959
12.14149175,47943153,3.152,-9.059,-1.422,-0.047,0.109,0.035,-221793
12.145698083,47947374,3.152,-9.059,-1.422,0.043,-0.094,-0.045,-221934
12.149991917,47951595,3.152,-9.059,-1.422,0.035,-0.174,-0.139,-221877
12.154179875,47955816,3.152,-9.059,-1.422,0.010,0.002,0.006,-222037
12.159357458,47961037,3.152,-9.059,-1.422,0.014,0.016,0.342,-222417
12.167370583,47965258,3.383,-9.020,-1.766,0.014,0.016,0.342,-222738
12.167471167,47968479,3.383,-9.020,-1.766,-0.049,0.059,0.059,-221251
12.17311225,47974700,3.383,-9.020,-1.766,0.012,-0.086,-0.145,-222669
12.178445875,47979923,3.383,-9.020,-1.766,0.004,-0.045,-0.037,-222145
12.182542667,47984143,3.383,-9.020,-1.766,-0.010,0.033,0.164,-222291
12.186770208,47988364,3.383,-9.020,-1.766,-0.010,0.070,0.115,-221625
12.191008542,47992585,3.383,-9.020,-1.766,0.002,0.000,-0.129,-221850
12.1951485,47996806,3.305,-8.980,-1.766,0.002,0.000,-0.129,-222290
12.197438542,47999027,3.305,-8.980,-1.766,0.012,0.012,-0.158,-222223
12.202573708,48004248,3.305,-8.980,-1.766,-0.014,0.039,0.041,-221878
12.20682475,48008469,3.305,-8.980,-1.766,0.021,-0.008,0.045,-222662
12.211010542,48012690,3.305,-8.980,-1.766,-0.041,0.039,-0.006,-221427
12.216323167,48017911,3.305,-8.980,-1.766,0.004,0.059,0.027,-221432
12.22054725,48022132,3.305,-8.980,-1.766,-0.029,-0.004,-0.080,-222361
12.224941208,48026353,3.191,-9.020,-1.496,-0.029,-0.004,-0.080,-222214
12.227932625,48029574,3.191,-9.020,-1.496,0.010,0.006,-0.102,-222185
12.233180917,48034795,3.191,-9.020,-1.496,0.006,-0.002,0.098,-221479
12.238350417,48040016,3.191,-9.020,-1.496,0.006,0.000,0.041,-222582
12.242658208,48044237,3.191,-9.020,-1.496,0.014,-0.014,0.010,-223319
12.246790833,48048458,3.191,-9.020,-1.496,0.002,-0.014,-0.004,-221710
12.252051333,48053679,3.191,-9.020,-1.496,-0.010,-0.016,0.006,-222412
12.257342458,48058900,3.266,-8.938,-1.652,-0.010,-0.016,0.006,-222264
12.259729708,48061121,3.266,-8.938,-1.652,0.002,-0.012,0.031,-221316
12.2638685,48065342,3.266,-8.938,-1.652,0.008,-0.012,-0.041,-221684
12.2679785,48069563,3.266,-8.938,-1.652,-0.006,0.000,-0.037,-221409
12.273196833,48074784,3.266,-8.938,-1.652,0.010,0.016,0.008,-221848
12.277376708,48079005,3.266,-8.938,-1.652,-0.008,0.012,-0.006,-222525
12.281657583,48083226,3.266,-8.938,-1.652,-0.002,-0.004,-0.004,-221804
12.285879792,48087447,3.383,-8.941,-1.535,-0.002,-0.004,-0.004,-222500
12.289078042,48090668,3.383,-8.941,-1.535,0.004,-0.004,-0.014,-221748
12.293342,48094889,3.383,-8.941,-1.535,-0.006,0.006,0.008,-222010
12.298542042,48100110,3.383,-8.941,-1.535,0.004,0.016,0.010,-221625
12.302712833,48104331,3.383,-8.941,-1.535,0.004,-0.004,-0.021,-221109
12.307004167,48108552,3.383,-8.941,-1.535,-0.002,-0.010,-0.012,-221796
12.311167625,48112773,3.383,-8.941,-1.535,0.006,0.008,0.002,-221664
12.315413667,48116994,3.344,-9.020,-1.574,0.006,0.008,0.002,-221275
12.317786292,48119215,3.344,-9.020,-1.574,0.018,0.010,0.020,-222057
12.322883042,48124438,3.344,-9.020,-1.574,-0.004,0.006,0.006,-221991
12.327156667,48128658,3.344,-9.020,-1.574,-0.002,-0.004,-0.006,-221844
12.33032175,48131879,3.344,-9.020,-1.574,-0.014,0.018,0.031,-221845
12.334614917,48136100,3.344,-9.020,-1.574,0.004,-0.041,-0.006,-221378
12.338801,48140321,3.344,-9.020,-1.574,-0.033,0.123,0.061,-222339
12.342002458,48143542,2.652,-9.059,-1.422,-0.033,0.123,0.061,-223459
12.344205333,48145763,2.652,-9.059,-1.422,-0.057,0.096,0.039,-222559
12.348459125,48149984,2.652,-9.059,-1.422,0.061,-0.260,-0.277,-221543
12.352840667,48154205,2.652,-9.059,-1.422,0.008,-0.213,-0.229,-221316
12.357905458,48159427,2.652,-9.059,-1.422,0.027,0.084,0.570,-222375
12.362142167,48163648,2.652,-9.059,-1.422,-0.055,0.041,0.375,-221604
12.366358333,48167869,2.652,-9.059,-1.422,0.037,0.057,-0.236,-221541
12.370557292,48172090,3.805,-8.871,-1.766,0.037,0.057,-0.236,-222136
12.372894125,48174311,3.805,-8.871,-1.766,0.105,-0.145,-0.449,-222404
12.377983792,48179532,3.805,-8.871,-1.766,0.018,0.094,0.252,-222112
12.382232583,48183753,3.805,-8.871,-1.766,-0.014,0.105,0.332,-222377
12.386472042,48187974,3.805,-8.871,-1.766,-0.021,0.096,-0.004,-221055
12.391692708,48193195,3.805,-8.871,-1.766,0.035,-0.031,-0.258,-221861
12.395889875,48197416,3.805,-8.871,-1.766,-0.012,-0.086,-0.193,-221559
12.401267833,48202638,3.266,-9.133,-1.496,-0.012,-0.086,-0.193,-222399
12.403297,48204859,3.266,-9.133,-1.496,0.018,0.105,0.273,-222169
12.407646792,48209080,3.266,-9.133,-1.496,-0.029,0.057,0.213,-221819
12.411773542,48213301,3.266,-9.133,-1.496,0.029,-0.004,-0.252,-221798
12.414929542,48216522,3.266,-9.133,-1.496,0.008,0.000,-0.318,-221711
12.420264417,48221743,3.266,-9.133,-1.496,0.027,-0.080,-0.104,-222587
12.4243985,48225964,3.266,-9.133,-1.496,-0.014,-0.061,0.010,-221593
12.42862425,48230185,3.305,-8.977,-1.383,-0.014,-0.061,0.010,-221445
12.430824125,48232406,3.305,-8.977,-1.383,0.004,0.008,0.217,-221298
12.436371333,48237627,3.305,-8.977,-1.383,-0.016,-0.014,0.084,-222435
12.441644292,48242848,3.305,-8.977,-1.383,0.010,0.002,-0.107,-221826
12.445635042,48247069,3.305,-8.977,-1.383,0.020,-0.016,-0.055,-222128
12.450849292,48252290,3.305,-8.977,-1.383,-0.014,-0.020,0.047,-222800
12.455078667,48256511,3.305,-8.977,-1.383,-0.018,-0.006,0.025,-221730
12.459356708,48260732,3.383,-8.938,-1.574,-0.018,-0.006,0.025,-223249
12.462706,48263953,3.383,-8.938,-1.574,-0.004,-0.012,-0.021,-222002
12.467926042,48269174,3.383,-8.938,-1.574,-0.012,-0.004,-0.057,-221745
12.472127417,48273395,3.383,-8.938,-1.574,-0.008,0.000,0.000,-221686
12.477166583,48278616,3.383,-8.938,-1.574,-0.004,0.006,0.027,-221909
12.481274667,48282837,3.344,-9.016,-1.461,-0.004,0.006,0.027,-222254
12.484570458,48286058,3.344,-9.016,-1.461,0.006,0.012,0.025,-221689
12.489851417,48291279,3.344,-9.016,-1.461,0.002,-0.006,-0.053,-222130
12.494099208,48295500,3.344,-9.016,-1.461,0.004,0.010,-0.008,-222191
12.498470792,48299721,3.344,-9.016,-1.461,-0.004,-0.010,0.035,-222240
12.502678958,48303942,3.344,-9.016,-1.461,0.004,0.021,0.066,-221862
12.50593025,48307163,3.344,-9.016,-1.461,0.014,0.006,0.057,-221510
12.510145958,48311384,3.305,-9.016,-1.574,0.014,0.006,0.057,-221543
12.513115375,48314605,3.305,-9.016,-1.574,-0.004,0.000,-0.002,-222169
12.519399208,48320826,3.305,-9.016,-1.574,-0.006,-0.006,-0.002,-222105
12.523584542,48325047,3.305,-9.016,-1.574,0.014,0.010,0.027,-222558
12.527771042,48329268,3.305,-9.016,-1.574,0.004,-0.010,0.021,-222142
12.532195583,48333489,3.305,-9.016,-1.574,0.006,-0.020,0.006,-222468
12.536458208,48337710,3.305,-9.016,-1.574,-0.006,-0.008,-0.031,-222697
12.541669,48342931,3.344,-9.020,-1.574,-0.006,-0.008,-0.031,-221833
12.545058708,48346152,3.344,-9.020,-1.574,0.000,-0.002,-0.004,-222039
12.550902458,48352373,3.344,-9.020,-1.574,0.004,-0.014,-0.010,-221325
12.555102208,48356594,3.344,-9.020,-1.574,0.000,0.006,-0.008,-221661
12.559345042,48360815,3.344,-9.020,-1.574,0.004,-0.008,-0.021,-222669
12.563656292,48365036,3.344,-9.020,-1.574,-0.008,-0.012,-0.004,-221747
12.569036167,48370257,3.344,-9.020,-1.574,-0.008,0.008,-0.002,-221078
12.573445333,48374478,3.383,-9.016,-1.535,-0.008,0.008,-0.002,-222360
12.576426875,48377701,3.383,-9.016,-1.535,0.000,-0.004,0.000,-222792
12.582437542,48383922,3.383,-9.016,-1.535,-0.006,0.002,-0.002,-222131
12.586667958,48388143,3.383,-9.016,-1.535,-0.008,0.023,0.033,-221617
12.58992125,48391364,3.383,-9.016,-1.535,-0.006,0.016,0.023,-222166
12.594095208,48395585,3.383,-9.016,-1.535,0.000,0.000,-0.006,-222335
12.598334292,48399806,3.383,-9.016,-1.535,-0.010,-0.006,-0.020,-222046
12.60253425,48404027,3.383,-9.020,-1.574,-0.010,-0.006,-0.020,-221924
12.6057385,48407248,3.383,-9.020,-1.574,0.002,0.006,-0.012,-221670
12.610942458,48412469,3.383,-9.020,-1.574,0.004,0.008,0.000,-222846
12.615196667,48416690,3.383,-9.020,-1.574,-0.014,-0.010,-0.006,-221954
12.619704458,48420911,3.383,-9.020,-1.574,0.010,0.002,0.002,-221810
12.623620083,48425132,3.383,-9.020,-1.574,0.008,0.018,-0.006,-221891
12.627927417,48429353,3.383,-9.020,-1.574,-0.004,-0.002,0.012,-222388
12.632077875,48433574,3.305,-8.977,-1.535,-0.004,-0.002,0.012,-221611
12.635319708,48436795,3.305,-8.977,-1.535,0.002,-0.016,0.002,-221774
12.641595958,48443016,3.305,-8.977,-1.535,0.002,-0.014,-0.010,-221730
12.645749,48447237,3.305,-8.977,-1.535,-0.008,-0.004,-0.008,-222035
12.651023042,48452458,3.305,-8.977,-1.535,0.010,0.000,0.000,-222150
12.655231042,48456679,3.305,-8.977,-1.535,0.000,-0.002,0.020,-221532
12.66060175,48461900,3.305,-8.977,-1.535,0.014,-0.002,-0.020,-222188
12.663713208,48465121,3.305,-8.941,-1.574,0.014,-0.002,-0.020,-221942
12.669067667,48470342,3.305,-8.941,-1.574,-0.004,-0.006,0.006,-221692
12.673298292,48474563,3.305,-8.941,-1.574,-0.010,0.000,0.002,-221678
12.677604583,48478784,3.305,-8.941,-1.574,0.004,0.004,0.004,-222780
12.681503833,48483005,3.305,-8.941,-1.574,-0.014,0.000,0.004,-222296
12.686773,48488226,3.305,-8.941,-1.574,-0.002,-0.002,-0.006,-221607
12.691085833,48492447,3.344,-9.020,-1.574,-0.002,-0.002,-0.006,-221923
12.69424575,48495668,3.344,-9.020,-1.574,0.006,0.006,0.006,-222434
12.700974542,48501889,3.344,-9.020,-1.574,-0.010,0.000,0.016,-221736
12.704902958,48506110,3.344,-9.020,-1.574,0.004,-0.002,-0.021,-221624
12.709068375,48510331,3.344,-9.020,-1.574,0.008,-0.006,0.006,-222344
12.713265625,48514552,3.344,-9.020,-1.574,0.008,0.000,0.004,-222438
12.718270542,48519773,3.344,-9.020,-1.574,0.004,0.008,0.006,-221184
12.722556958,48523994,3.344,-8.977,-1.574,0.004,0.008,0.006,-221699
12.725769792,48527215,3.344,-8.977,-1.574,-0.010,-0.002,0.006,-221411
12.731056167,48532436,3.344,-8.977,-1.574,-0.008,0.004,0.002,-222477
12.735408417,48536657,3.344,-8.977,-1.574,0.010,0.004,0.000,-221199
12.740622125,48541878,3.344,-8.977,-1.574,0.014,0.002,0.008,-221819
12.744741417,48546099,3.344,-8.977,-1.574,0.006,0.000,0.006,-222589
12.748841208,48550320,3.344,-8.977,-1.574,0.010,-0.002,0.004,-221798
12.753037292,48554541,3.344,-8.941,-1.496,0.010,-0.002,0.004,-221714
12.756259917,48557762,3.344,-8.941,-1.496,-0.006,0.004,0.000,-222670
12.761564625,48562983,3.344,-8.941,-1.496,-0.004,0.004,-0.012,-221392
12.765781208,48567204,3.344,-8.941,-1.496,0.000,-0.002,0.008,-221505
12.769956917,48571425,3.344,-8.941,-1.496,0.002,-0.002,-0.002,-221355
12.774099625,48575646,3.344,-8.941,-1.496,-0.006,0.006,-0.008,-221500
12.779350458,48580867,3.344,-8.941,-1.496,0.000,-0.002,0.002,-222418
12.783581667,48585088,3.383,-8.980,-1.461,0.000,-0.002,0.002,-221610
12.785760583,48587309,3.383,-8.980,-1.461,-0.014,-0.006,0.002,-221897
12.791048542,48592530,3.383,-8.980,-1.461,0.006,0.000,-0.002,-222715
12.795219875,48596751,3.383,-8.980,-1.461,0.000,0.004,0.004,-222018
12.799470583,48600972,3.383,-8.980,-1.461,0.006,0.000,-0.018,-221543
12.803773042,48605193,3.383,-8.980,-1.461,-0.012,-0.002,0.006,-221481
12.808945042,48610414,3.383,-8.980,-1.461,-0.002,-0.002,-0.014,-222089
12.8133085,48614636,3.344,-9.016,-1.613,-0.002,-0.002,-0.014,-222634
12.816394167,48617857,3.344,-9.016,-1.613,-0.002,-0.006,-0.010,-221545
12.822577,48624078,3.344,-9.016,-1.613,0.002,-0.002,0.008,-222028
12.826799042,48628284,3.344,-9.016,-1.613,-0.006,0.010,0.018,-222028
12.830000958,48631504,3.344,-9.016,-1.613,-0.002,0.000,-0.008,-221850
12.834245542,48635725,3.344,-9.016,-1.613,0.000,0.016,0.000,-221789
12.838405833,48639946,3.344,-9.016,-1.613,0.002,0.023,-0.041,-221855
12.842667542,48644167,2.922,-9.211,-1.383,0.002,0.023,-0.041,-222072
12.845866542,48647388,2.922,-9.211,-1.383,-0.031,0.129,0.055,-222268
12.851093417,48652609,2.922,-9.211,-1.383,0.051,-0.111,-0.105,-221935
12.855309,48656830,2.922,-9.211,-1.383,-0.027,-0.152,-0.059,-221527
12.859566083,48661051,2.922,-9.211,-1.383,-0.061,0.148,0.289,-221715
12.863736375,48665272,2.922,-9.211,-1.383,0.000,0.090,0.477,-221788
12.868145208,48669493,2.922,-9.211,-1.383,-0.061,0.035,0.221,-221686
12.872222042,48673714,2.578,-9.098,-1.957,-0.061,0.035,0.221,-222106
12.875844458,48675935,2.578,-9.098,-1.957,0.072,-0.016,-0.396,-221742
12.879597,48681156,2.578,-9.098,-1.957,-0.010,-0.076,-0.045,-221847
12.883850375,48685377,2.578,-9.098,-1.957,0.002,0.084,0.361,-222428
12.888181667,48689598,2.578,-9.098,-1.957,-0.051,0.072,0.312,-221317
12.892488083,48693819,2.578,-9.098,-1.957,-0.035,0.084,0.150,-221611
12.897674417,48699040,2.578,-9.098,-1.957,0.031,-0.055,-0.311,-222478
12.900804167,48702261,3.535,-9.055,-1.652,0.031,-0.055,-0.311,-221442
12.902906792,48704482,3.535,-9.055,-1.652,0.029,0.010,-0.061,-222695
12.90883175,48709703,3.535,-9.055,-1.652,0.016,0.010,0.170,-222174
12.912369792,48713924,3.535,-9.055,-1.652,0.016,0.064,0.182,-221820
12.918633,48720145,3.535,-9.055,-1.652,-0.008,0.096,-0.021,-221885
12.922942042,48724366,3.535,-9.055,-1.652,0.006,0.043,0.020,-221584
12.927298042,48728589,3.535,-9.055,-1.652,0.010,0.010,-0.074,-221827
12.930410583,48731810,3.113,-8.871,-1.687,0.010,0.010,-0.074,-221442
12.933094917,48734031,3.113,-8.871,-1.687,-0.006,-0.039,-0.109,-221836
12.937988833,48739252,3.113,-8.871,-1.687,-0.010,0.051,0.098,-222137
12.943885792,48744473,3.113,-8.871,-1.687,0.021,-0.068,-0.002,-222028
12.947166167,48748694,3.727,-9.059,-1.422,0.021,-0.068,-0.002,-222174
12.949421542,48750915,3.727,-9.059,-1.422,-0.031,0.033,-0.035,-221753
12.953593458,48755136,3.727,-9.059,-1.422,-0.025,-0.055,0.119,-222261
12.958949125,48760357,3.727,-9.059,-1.422,-0.004,0.008,0.012,-222016
12.963186417,48764578,3.727,-9.059,-1.422,0.008,-0.010,-0.008,-222406
12.967531,48768799,3.305,-8.980,-1.574,0.008,-0.010,-0.008,-221846
12.971443,48773020,3.305,-8.980,-1.574,-0.014,-0.014,-0.066,-221667
12.976002375,48777241,3.305,-8.980,-1.574,0.002,-0.002,-0.033,-221681
12.979952875,48781462,3.305,-8.980,-1.574,-0.002,0.016,0.010,-221680
12.984215625,48785683,3.305,-8.980,-1.574,-0.016,-0.006,0.016,-221096
12.988424542,48789904,3.305,-8.980,-1.574,0.006,0.010,0.006,-221760
12.993641208,48795125,3.383,-9.055,-1.535,0.006,0.010,0.006,-222168
12.996851333,48798346,3.383,-9.055,-1.535,0.006,-0.008,-0.020,-222051
13.003349083,48804567,3.383,-9.055,-1.535,-0.002,0.010,0.020,-221889
13.007263042,48808788,3.383,-9.055,-1.535,0.020,0.002,0.008,-221489
13.01174875,48813009,3.383,-9.055,-1.535,0.012,-0.014,-0.012,-221775
13.016740375,48818230,3.383,-9.055,-1.535,0.006,-0.006,-0.021,-221621
13.021972083,48823451,3.383,-9.055,-1.535,-0.004,0.006,0.025,-221903
13.025260458,48826672,3.305,-8.977,-1.535,-0.004,0.006,0.025,-222071
13.028416792,48829893,3.305,-8.977,-1.535,0.000,0.012,0.025,-221653
13.033675667,48835114,3.305,-8.977,-1.535,0.000,0.014,0.006,-221715
13.039104708,48840335,3.305,-8.977,-1.535,0.010,-0.008,-0.002,-222154
13.043041875,48844556,3.305,-8.977,-1.535,0.008,0.012,0.029,-221891
13.0482665,48849777,3.305,-8.977,-1.535,0.023,0.000,-0.012,-222207
13.053422708,48854998,3.305,-8.977,-1.535,-0.068,0.084,0.043,-221041
13.058808333,48860219,2.461,-8.793,-1.613,-0.068,0.084,0.043,-222577
13.061975333,48863440,2.461,-8.793,-1.613,0.064,-0.113,-0.076,-221996
13.067329917,48868661,2.461,-8.793,-1.613,-0.084,0.119,0.223,-221674
13.071374875,48872882,2.461,-8.793,-1.613,-0.004,0.219,0.525,-222287
13.076662875,48878103,2.461,-8.793,-1.613,-0.057,0.082,-0.053,-221581
13.080857333,48882324,2.461,-8.793,-1.613,0.055,0.023,-0.398,-222098
13.086095458,48887545,2.461,-8.793,-1.613,-0.004,-0.145,-0.146,-221931
13.090357583,48891766,3.613,-8.938,-1.191,-0.004,-0.145,-0.146,-221542
13.093761625,48894987,3.613,-8.938,-1.191,0.008,0.021,0.156,-221139
13.100037125,48901208,3.613,-8.938,-1.191,-0.004,0.094,-0.004,-222086
13.104269625,48905430,3.613,-8.938,-1.191,0.012,-0.004,-0.377,-221538
13.108394958,48909650,3.613,-8.938,-1.191,0.043,0.031,-0.252,-222348
13.112406375,48913871,3.613,-8.938,-1.191,-0.006,-0.180,-0.041,-222441
13.117591917,48919092,3.613,-8.938,-1.191,0.000,0.174,0.332,-221606
13.121788542,48923313,3.000,-8.793,-1.535,0.000,0.174,0.332,-221893
13.125038833,48926534,3.000,-8.793,-1.535,-0.037,0.033,0.217,-222505
13.131201333,48932755,3.000,-8.793,-1.535,0.016,-0.031,-0.355,-221469
13.135459917,48936976,3.000,-8.793,-1.535,-0.018,0.006,-0.084,-221745
13.140736583,48942197,3.000,-8.793,-1.535,-0.012,-0.084,0.109,-221522
13.145868208,48947418,3.000,-8.793,-1.535,-0.041,0.000,0.092,-221868
13.151196167,48952639,3.266,-8.867,-1.496,-0.041,0.000,0.092,-221440
13.154468667,48955860,3.266,-8.867,-1.496,-0.041,-0.031,0.074,-221179
13.160719458,48962081,3.266,-8.867,-1.496,-0.002,-0.020,0.002,-222491
13.165309125,48966302,3.266,-8.867,-1.496,0.018,-0.027,0.057,-222600
13.169261875,48970523,3.266,-8.867,-1.496,-0.008,-0.039,-0.023,-222309
13.173498458,48974744,3.266,-8.867,-1.496,-0.016,-0.014,-0.062,-222358
13.178578792,48979965,3.266,-8.867,-1.496,-0.018,0.014,-0.031,-222227
13.182698958,48984186,3.305,-9.020,-1.496,-0.018,0.014,-0.031,-221468
13.185897667,48987407,3.305,-9.020,-1.496,-0.008,0.031,-0.021,-221710
13.1911275,48992629,3.305,-9.020,-1.496,-0.008,-0.006,0.002,-222011
13.196395333,48997850,3.305,-9.020,-1.496,0.029,0.008,0.018,-221680
13.200630042,49002071,3.305,-9.020,-1.496,-0.004,0.010,-0.002,-221696
13.204839792,49006292,3.305,-9.020,-1.496,0.006,0.004,-0.037,-221230
13.209016792,49010513,3.305,-9.020,-1.496,0.004,0.002,-0.031,-221888
13.213277125,49014734,3.305,-9.055,-1.574,0.004,0.002,-0.031,-222308
13.216447375,49017955,3.305,-9.055,-1.574,-0.002,0.008,0.027,-222109
13.221704,49023176,3.305,-9.055,-1.574,0.004,0.000,0.029,-222540
13.22502625,49026397,3.305,-9.055,-1.574,0.018,-0.008,0.006,-222458
13.22918975,49030618,3.305,-9.055,-1.574,0.021,-0.014,-0.014,-221854
13.233333333,49034839,3.305,-9.055,-1.574,0.010,0.004,0.008,-221463
13.238551625,49040060,3.305,-9.055,-1.574,-0.002,0.018,0.021,-221955
13.242842708,49044281,3.305,-8.977,-1.461,-0.002,0.018,0.021,-222446
13.244927458,49046502,3.305,-8.977,-1.461,0.008,-0.020,-0.004,-222431
13.24914525,49050723,3.305,-8.977,-1.461,0.012,-0.008,-0.008,-222029
13.253436708,49054944,3.305,-8.977,-1.461,0.006,0.008,0.018,-221785
13.258650833,49060165,3.305,-8.977,-1.461,-0.008,0.008,0.010,-221688
13.262934167,49064386,3.305,-8.977,-1.461,-0.016,0.006,-0.002,-222796
13.268089,49069607,3.305,-8.977,-1.461,-0.002,-0.006,-0.012,-221879
13.271364375,49072828,3.344,-8.980,-1.535,-0.002,-0.006,-0.012,-222094
13.273537458,49075049,3.344,-8.980,-1.535,-0.008,-0.008,-0.012,-221991
13.278701625,49080270,3.344,-8.980,-1.535,-0.023,0.000,0.020,-222796
13.282991417,49084491,3.344,-8.980,-1.535,-0.002,0.004,0.000,-221466
13.287208083,49088712,3.344,-8.980,-1.535,-0.006,0.000,-0.012,-221692
13.291473333,49092933,3.344,-8.980,-1.535,-0.006,0.012,-0.021,-222175
13.296671375,49098154,3.344,-8.980,-1.535,-0.004,-0.006,-0.031,-221733
13.300911958,49102375,3.344,-9.016,-1.535,-0.004,-0.006,-0.031,-221921
13.304142208,49105596,3.344,-9.016,-1.535,-0.014,-0.004,-0.002,-221693
13.310367917,49111817,3.344,-9.016,-1.535,-0.012,0.016,0.014,-222115
13.314627583,49116038,3.344,-9.016,-1.535,0.006,0.027,-0.010,-222069
13.318749208,49120259,3.344,-9.016,-1.535,0.014,0.000,-0.018,-222332
13.32403725,49125480,3.344,-9.016,-1.535,0.010,-0.006,-0.006,-221697
13.328194875,49129701,3.344,-9.016,-1.535,0.002,-0.006,-0.004,-221124
13.3325995,49133922,3.305,-9.020,-1.535,0.002,-0.006,-0.004,-221672
13.335605167,49137143,3.305,-9.020,-1.535,-0.004,0.012,0.031,-222113
13.341941542,49143364,3.305,-9.020,-1.535,0.002,0.004,-0.027,-221791
13.34609125,49147585,3.305,-9.020,-1.535,0.006,-0.004,-0.012,-222008
13.351307917,49152806,3.305,-9.020,-1.535,0.002,0.006,-0.008,-221533
13.355575958,49157027,3.305,-9.020,-1.535,0.006,0.008,-0.002,-222295
13.360733042,49162248,3.305,-9.020,-1.535,0.004,-0.012,0.002,-223003
13.364912792,49166469,3.344,-8.941,-1.535,0.004,-0.012,0.002,-222973
13.36812475,49169690,3.344,-8.941,-1.535,0.016,-0.012,-0.004,-222028
13.373344542,49174911,3.344,-8.941,-1.535,-0.004,0.006,0.008,-222219
13.378683708,49180132,3.344,-8.941,-1.535,0.012,-0.006,-0.004,-221833
13.381837833,49183353,3.344,-8.941,-1.535,-0.008,-0.002,-0.002,-221959
13.386061292,49187574,3.344,-8.941,-1.535,-0.006,-0.014,0.002,-221500
13.390273167,49191795,3.344,-8.941,-1.535,-0.004,0.004,-0.010,-222040
13.395518208,49197016,3.383,-8.980,-1.535,-0.004,0.004,-0.010,-222131
13.398736292,49200237,3.383,-8.980,-1.535,0.002,0.010,0.010,-221029
13.404945083,49206459,3.383,-8.980,-1.535,0.002,-0.004,0.002,-222294
13.409285875,49210680,3.383,-8.980,-1.535,-0.006,0.002,0.016,-222028
13.413415625,49214901,3.383,-8.980,-1.535,0.002,-0.010,-0.006,-220801
13.418622,49220122,3.383,-8.980,-1.535,-0.004,-0.012,-0.016,-221487
13.422972542,49224343,3.383,-8.980,-1.535,0.006,0.010,-0.008,-221818
13.426081583,49227564,3.305,-9.059,-1.496,0.006,0.010,-0.008,-222192
13.429315,49230785,3.305,-9.059,-1.496,0.002,-0.006,-0.004,-221735
13.434541208,49236006,3.305,-9.059,-1.496,-0.002,0.000,0.023,-221928
13.4396895,49241227,3.305,-9.059,-1.496,0.002,-0.014,0.010,-221840
13.44425925,49245448,3.305,-9.059,-1.496,0.016,-0.002,-0.010,-222592
13.448173667,49249669,3.305,-9.059,-1.496,0.006,0.006,-0.002,-221634
13.452445125,49253890,3.305,-9.059,-1.496,-0.012,-0.002,0.002,-221502
13.457744417,49259111,3.383,-9.059,-1.574,-0.012,-0.002,0.002,-221718
13.460047875,49261332,3.383,-9.059,-1.574,0.014,0.010,0.008,-222064
13.464313958,49265555,3.383,-9.059,-1.574,-0.002,0.004,0.004,-222307
13.468531625,49269775,3.383,-9.059,-1.574,0.006,0.000,-0.014,-221577
13.471737,49272996,3.383,-9.059,-1.574,0.002,0.006,-0.006,-221932
13.474978833,49276217,3.383,-9.059,-1.574,0.004,0.004,-0.006,-222594
13.479285125,49280438,3.266,-8.977,-1.535,0.004,0.004,-0.006,-221926
13.481104833,49282659,3.266,-8.977,-1.535,0.004,0.012,-0.002,-222422
13.485394,49286880,3.266,-8.977,-1.535,0.002,-0.002,-0.008,-222151
13.489665542,49291101,3.266,-8.977,-1.535,-0.006,0.004,0.016,-222295
13.492929625,49294322,3.266,-8.977,-1.535,-0.002,-0.002,-0.006,-222439
13.498371458,49299543,3.266,-8.977,-1.535,-0.010,0.012,0.014,-222106
13.5014825,49302764,3.344,-8.941,-1.496,-0.010,0.012,0.014,-221879
13.503733417,49304985,3.344,-8.941,-1.496,0.002,0.004,-0.010,-221492
13.508971875,49310206,3.344,-8.941,-1.496,-0.004,-0.002,-0.008,-222846
13.512915792,49314427,3.344,-8.941,-1.496,0.004,-0.002,0.004,-222153
13.518161167,49319648,3.344,-8.941,-1.496,0.000,0.000,0.023,-221892
13.523434125,49324869,3.344,-8.941,-1.496,0.006,-0.002,0.006,-222662
13.52771075,49329090,3.383,-9.016,-1.496,0.006,-0.002,0.006,-223035
13.529960917,49331311,3.383,-9.016,-1.496,0.004,-0.004,-0.023,-222474
13.534321625,49335532,3.383,-9.016,-1.496,0.008,-0.008,-0.006,-221456
13.538464625,49339753,3.383,-9.016,-1.496,0.012,0.010,0.004,-221881
13.541725958,49342974,3.383,-9.016,-1.496,-0.002,-0.006,0.016,-222453
13.546045542,49347195,3.383,-9.016,-1.496,0.002,-0.002,0.004,-222286
13.550929083,49352418,3.383,-9.016,-1.496,0.000,-0.006,-0.016,-221617
13.555199875,49356638,3.266,-9.098,-1.574,0.000,-0.006,-0.016,-222085
13.558422708,49359859,3.266,-9.098,-1.574,0.004,-0.020,-0.023,-222176
13.564889458,49366080,3.266,-9.098,-1.574,-0.045,0.125,0.043,-221943
13.569041458,49370301,3.266,-9.098,-1.574,-0.064,0.070,0.035,-221270
13.573261625,49374522,3.266,-9.098,-1.574,0.064,-0.279,-0.207,-222029
13.578241542,49379743,3.266,-9.098,-1.574,0.010,-0.270,-0.293,-222090
13.5824605,49383964,3.688,-9.438,-1.191,0.010,-0.270,-0.293,-222169
13.585682292,49387185,3.688,-9.438,-1.191,-0.027,0.199,0.406,-221219
13.591906083,49393408,3.688,-9.438,-1.191,0.041,0.078,-0.219,-221665
13.5961275,49397628,3.688,-9.438,-1.191,0.076,-0.115,-0.475,-221720
13.601337125,49402849,3.688,-9.438,-1.191,0.002,-0.025,0.025,-221907
13.605590417,49407070,3.688,-9.438,-1.191,0.006,0.055,0.297,-222353
13.60990675,49411291,3.688,-9.438,-1.191,-0.039,0.111,0.320,-221861
13.613006042,49414512,2.809,-8.867,-1.766,-0.039,0.111,0.320,-221844
13.615233,49416733,2.809,-8.867,-1.766,-0.027,0.139,0.092,-221699
13.620452458,49421954,2.809,-8.867,-1.766,0.025,-0.012,-0.273,-221646
13.625710292,49427175,2.809,-8.867,-1.766,0.023,0.039,-0.031,-222400
13.628987333,49430396,3.996,-9.098,-1.383,0.023,0.039,-0.031,-221564
13.631128292,49432617,3.996,-9.098,-1.383,-0.006,-0.078,0.113,-222376
13.636353542,49437838,3.996,-9.098,-1.383,-0.006,0.078,0.154,-221633
13.6405705,49442059,3.996,-9.098,-1.383,-0.010,-0.012,0.031,-221987
13.644734875,49446280,3.996,-9.098,-1.383,0.021,-0.016,-0.295,-221559
13.648985375,49450501,3.996,-9.098,-1.383,0.018,-0.059,-0.076,-221945
13.653230917,49454722,3.996,-9.098,-1.383,0.006,-0.062,0.137,-222124
13.658514792,49459943,3.383,-8.898,-1.535,0.006,-0.062,0.137,-221616
13.660676792,49462164,3.383,-8.898,-1.535,-0.016,0.023,0.117,-221789
13.665012958,49466385,3.383,-8.898,-1.535,-0.010,-0.014,-0.035,-221145
13.669343542,49470606,3.383,-8.898,-1.535,-0.021,0.000,-0.072,-221197
13.673570667,49474827,3.383,-8.898,-1.535,-0.014,-0.008,-0.027,-222083
13.67881075,49480048,3.383,-8.898,-1.535,-0.012,0.008,0.055,-222124
13.68279675,49484269,3.383,-8.898,-1.535,-0.008,-0.016,0.078,-221987
13.686016208,49487490,3.344,-8.941,-1.496,-0.008,-0.016,0.078,-222667
13.688268875,49489696,3.344,-8.941,-1.496,-0.008,0.016,-0.039,-222667
13.692552833,49493916,3.344,-8.941,-1.496,-0.006,-0.002,-0.088,-221913
13.697011292,49498137,3.344,-8.941,-1.496,-0.010,0.012,-0.057,-222272
13.702122792,49503358,3.344,-8.941,-1.496,-0.008,0.010,0.043,-221545
13.706373292,49507579,3.344,-8.941,-1.496,-0.008,-0.002,0.047,-221964
13.710506042,49511800,3.344,-8.941,-1.496,-0.002,-0.004,0.004,-222454
13.713478458,49515021,3.344,-9.016,-1.496,-0.002,-0.004,0.004,-222119
13.715733625,49517242,3.344,-9.016,-1.496,-0.010,0.002,-0.041,-221618
13.721237333,49522463,3.344,-9.016,-1.496,0.000,0.004,-0.006,-221788
13.725292,49526684,3.344,-9.016,-1.496,0.004,0.010,0.004,-222951
13.729648792,49530905,3.344,-9.016,-1.496,0.006,-0.008,0.023,-221578
13.734127667,49535126,3.344,-9.016,-1.496,0.025,-0.002,0.006,-221648
13.73921575,49540347,3.266,-8.938,-1.613,0.025,-0.002,0.006,-221450
13.741338625,49542568,3.266,-8.938,-1.613,0.002,-0.006,0.006,-221960
13.745924125,49546789,3.266,-8.938,-1.613,0.004,0.008,-0.006,-222596
13.749456208,49551010,3.266,-8.938,-1.613,0.008,0.002,-0.010,-222139
13.753700042,49555231,3.266,-8.938,-1.613,0.004,-0.006,0.014,-222229
13.758912958,49560452,3.266,-8.938,-1.613,-0.002,-0.018,0.000,-222191
13.763261875,49564673,3.266,-8.938,-1.613,-0.002,-0.018,-0.010,-222421
13.766398917,49567894,3.344,-8.980,-1.461,-0.002,-0.018,-0.010,-221639
13.768617875,49570115,3.344,-8.980,-1.461,0.008,-0.012,-0.008,-221959
13.772846042,49574336,3.344,-8.980,-1.461,0.004,-0.012,-0.010,-221347
13.777035375,49578557,3.344,-8.980,-1.461,0.004,0.000,0.016,-222246
13.781243042,49582778,3.344,-8.980,-1.461,0.006,-0.016,0.010,-221800
13.785463167,49586999,3.344,-8.980,-1.461,0.006,-0.010,0.000,-221623
13.790644375,49592220,3.344,-8.980,-1.461,0.002,0.000,0.010,-222655
13.793919667,49595441,3.422,-9.020,-1.496,0.002,0.000,0.010,-222786
13.797160042,49598662,3.422,-9.020,-1.496,-0.004,0.012,-0.012,-222688
13.803372958,49604883,3.422,-9.020,-1.496,-0.014,0.000,-0.010,-222117
13.808633875,49610104,3.422,-9.020,-1.496,-0.010,0.008,-0.006,-221828
13.812806167,49614325,3.344,-9.055,-1.496,-0.010,0.008,-0.006,-221898
13.816036042,49617546,3.344,-9.055,-1.496,-0.002,0.020,-0.006,-221765
13.822269667,49623769,3.344,-9.055,-1.496,0.006,0.006,-0.006,-222495
13.826482417,49627990,3.344,-9.055,-1.496,0.008,0.016,-0.002,-222221
13.830695042,49632211,3.344,-9.055,-1.496,-0.002,0.010,0.002,-221765
13.834978917,49636432,3.305,-9.016,-1.574,-0.002,0.010,0.002,-221458
13.841952167,49642653,3.305,-9.016,-1.574,0.000,-0.002,0.006,-222161
13.84536025,49646874,3.305,-9.016,-1.574,-0.008,-0.008,-0.004,-221961
13.84957775,49651095,3.305,-9.016,-1.574,0.008,0.006,0.018,-221335
13.853817458,49655316,3.305,-9.016,-1.574,-0.004,-0.006,-0.002,-220895
13.859153292,49660537,3.422,-8.977,-1.496,-0.004,-0.006,-0.002,-221706
13.861294792,49662758,3.422,-8.977,-1.496,0.010,-0.008,-0.002,-222656
13.86654725,49667979,3.422,-8.977,-1.496,0.004,-0.012,-0.008,-221843
13.87066025,49672200,3.422,-8.977,-1.496,0.012,-0.010,0.002,-221655
13.874918625,49676421,3.422,-8.977,-1.496,0.014,-0.008,0.014,-222264
13.880155333,49681642,3.422,-8.977,-1.496,0.004,0.000,0.006,-221985
13.884406125,49685863,3.422,-8.977,-1.496,0.004,-0.002,0.002,-221142
13.888628,49690084,3.344,-8.980,-1.613,0.004,-0.002,0.002,-221657
13.890760208,49692305,3.344,-8.980,-1.613,-0.004,0.002,0.002,-222721
13.895030458,49696526,3.344,-8.980,-1.613,-0.004,0.002,0.004,-222480
13.899272125,49700747,3.344,-8.980,-1.613,-0.002,-0.006,-0.004,-221873
13.903523,49704968,3.344,-8.980,-1.613,-0.002,-0.006,0.010,-222128
13.9080565,49709189,3.383,-9.016,-1.461,-0.002,-0.006,0.010,-221718
13.911885083,49713410,3.383,-9.016,-1.461,-0.002,-0.002,-0.006,-221445
13.917141667,49718631,3.383,-9.016,-1.461,-0.006,0.006,0.006,-222358
13.922307875,49723852,3.383,-9.016,-1.461,-0.012,0.014,0.002,-221455
13.926786292,49728073,3.383,-9.016,-1.461,-0.006,0.002,0.018,-222393
13.930853125,49732294,3.383,-9.016,-1.461,-0.010,-0.006,-0.008,-222349
13.934078333,49735515,3.305,-8.980,-1.574,-0.010,-0.006,-0.008,-221733
13.937354417,49738736,3.305,-8.980,-1.574,-0.002,0.008,-0.012,-221827
13.9436155,49744957,3.305,-8.980,-1.574,0.004,0.020,0.002,-222904
13.947685083,49749178,3.305,-8.980,-1.574,-0.010,0.000,0.004,-221473
13.951905042,49753399,3.305,-8.980,-1.574,-0.002,-0.002,-0.012,-221884
13.957191042,49758621,3.305,-8.980,-1.574,-0.008,0.008,-0.002,-221618
13.962283625,49763842,3.305,-8.980,-1.574,0.002,-0.006,-0.002,-222695
13.966912208,49768063,3.344,-8.977,-1.574,0.002,-0.006,-0.002,-221699
13.968756917,49770284,3.344,-8.977,-1.574,0.006,-0.006,-0.008,-221654
13.973964333,49775505,3.344,-8.977,-1.574,0.008,0.000,0.000,-221692
13.979270833,49780726,3.344,-8.977,-1.574,-0.002,0.012,0.012,-221191
13.983470625,49784947,3.344,-8.977,-1.574,0.002,-0.004,-0.010,-222247
13.98766625,49789168,3.344,-8.977,-1.574,0.004,0.008,0.010,-221096
13.990959417,49792389,3.344,-8.977,-1.574,0.006,-0.008,-0.002,-221680
13.995110625,49796610,3.344,-9.016,-1.535,0.006,-0.008,-0.002,-221750
13.998357417,49799831,3.344,-9.016,-1.535,-0.010,0.004,0.002,-222048
14.004592125,49806052,3.344,-9.016,-1.535,0.014,0.016,-0.018,-221937
14.008824042,49810273,3.344,-9.016,-1.535,0.002,0.010,-0.010,-223224
14.012213833,49813494,3.344,-9.016,-1.535,0.002,0.000,0.002,-222103
14.017236167,49818715,3.344,-9.016,-1.535,-0.010,-0.004,0.000,-222326
14.022447083,49823936,3.344,-9.016,-1.535,-0.037,0.082,0.021,-221576
14.026658417,49828157,2.809,-9.211,-1.422,-0.037,0.082,0.021,-221600
14.029903,49831378,2.809,-9.211,-1.422,0.051,-0.029,-0.039,-222077
14.03510575,49836599,2.809,-9.211,-1.422,-0.010,-0.012,-0.074,-222215
14.040399083,49841820,2.809,-9.211,-1.422,0.010,0.057,0.309,-222307
14.044563208,49846041,2.809,-9.211,-1.422,-0.041,0.051,0.111,-222184
14.048758458,49850264,2.809,-9.211,-1.422,0.006,0.031,-0.127,-221376
14.051900833,49853485,2.809,-9.211,-1.422,0.029,-0.043,-0.244,-221930
14.056175375,49857706,3.727,-9.020,-1.422,0.029,-0.043,-0.244,-222673
14.059503125,49860927,3.727,-9.020,-1.422,0.010,-0.090,-0.139,-222896
14.065666625,49867133,3.727,-9.020,-1.422,-0.020,0.084,0.191,-222896
14.069958042,49871353,3.727,-9.020,-1.422,0.004,0.043,-0.064,-221351
14.073147208,49874574,3.727,-9.020,-1.422,0.000,-0.016,-0.164,-221955
14.077714958,49878795,3.727,-9.020,-1.422,0.010,-0.049,-0.207,-222247
14.08260025,49884016,3.727,-9.020,-1.422,0.002,0.010,0.098,-221476
14.086770625,49888237,3.305,-8.977,-1.535,0.002,0.010,0.098,-220360
14.08888625,49890458,3.305,-8.977,-1.535,-0.004,0.020,0.172,-221572
14.094320083,49895679,3.305,-8.977,-1.535,-0.010,0.027,-0.010,-221862
14.099699167,49900900,3.305,-8.977,-1.535,0.002,-0.012,-0.115,-221208
14.103556208,49905121,3.305,-8.977,-1.535,0.004,-0.004,-0.062,-221841
14.108119667,49909342,3.305,-8.977,-1.535,-0.004,0.002,0.068,-222191
14.111232333,49912563,3.305,-8.977,-1.535,-0.006,0.004,0.090,-221754
14.11521075,49916784,3.344,-8.980,-1.535,-0.006,0.004,0.090,-221803
14.118521042,49920005,3.344,-8.980,-1.535,-0.020,-0.004,0.027,-221463
14.1248415,49926226,3.344,-8.980,-1.535,-0.002,-0.006,-0.031,-221883
14.129198833,49930447,3.344,-8.980,-1.535,0.002,0.002,0.021,-222227
14.133183125,49934668,3.344,-8.980,-1.535,-0.004,-0.016,0.035,-222144
14.138397625,49939889,3.344,-8.980,-1.535,-0.004,-0.027,0.018,-221657
14.142725208,49944110,3.344,-8.980,-1.535,0.006,0.004,-0.002,-222276
14.146787708,49948331,3.344,-9.016,-1.496,0.006,0.004,-0.002,-222202
14.150070417,49951552,3.344,-9.016,-1.496,-0.006,-0.002,-0.016,-221318
14.15538675,49956773,3.344,-9.016,-1.496,-0.002,-0.006,-0.014,-221871
14.1606855,49961994,3.344,-9.016,-1.496,-0.006,-0.016,0.018,-221720
14.165009792,49966215,3.344,-9.016,-1.496,-0.010,-0.004,0.008,-222132
14.169200708,49970436,3.344,-9.016,-1.496,0.008,0.002,0.008,-221219
14.173474042,49974657,3.344,-9.016,-1.496,0.000,0.008,-0.004,-221742
14.178551292,49979878,3.305,-8.977,-1.613,0.000,0.008,-0.004,-222134
14.18057,49982099,3.305,-8.977,-1.613,0.000,-0.008,-0.021,-221643
14.184822583,49986320,3.305,-8.977,-1.613,-0.002,0.004,0.006,-221775
14.190041417,49991541,3.305,-8.977,-1.613,-0.004,0.012,0.010,-221572
14.194339167,49995762,3.305,-8.977,-1.613,0.008,0.016,0.014,-222545
14.199471042,50000983,3.305,-8.977,-1.613,0.008,0.008,-0.012,-221683
14.20370575,50005204,3.305,-8.977,-1.613,-0.002,0.008,-0.035,-221262
14.208002458,50009425,3.383,-8.941,-1.496,-0.002,0.008,-0.035,-221656
14.21171225,50012646,3.383,-8.941,-1.496,-0.002,0.014,0.021,-223012
14.217398375,50018867,3.383,-8.941,-1.496,-0.039,0.068,0.049,-221064
14.222012542,50023088,3.383,-8.941,-1.496,0.021,-0.004,-0.018,-222361
14.2258725,50027309,3.383,-8.941,-1.496,0.010,-0.127,-0.146,-222222
14.230158208,50031530,3.383,-8.941,-1.496,-0.002,0.041,0.029,-222830
14.234320792,50035751,3.383,-8.941,-1.496,-0.020,0.088,0.244,-222238
14.239485125,50040972,3.227,-8.980,-1.687,-0.020,0.088,0.244,-221883
14.242080167,50043193,3.227,-8.980,-1.687,-0.031,0.053,0.010,-222522
14.246927042,50048416,3.227,-8.980,-1.687,0.029,-0.100,-0.213,-222026
14.251187833,50052636,3.227,-8.980,-1.687,-0.002,-0.062,-0.098,-221925
14.254404292,50055857,3.227,-8.980,-1.687,-0.004,0.029,0.172,-222106
14.258548875,50060078,3.227,-8.980,-1.687,-0.023,0.074,0.148,-221569
14.261785,50063299,3.152,-8.980,-1.496,-0.023,0.074,0.148,-221876
14.263972042,50065520,3.152,-8.980,-1.496,0.002,0.049,0.004,-221947
14.268574792,50069741,3.152,-8.980,-1.496,0.020,-0.043,-0.215,-221822
14.272495875,50073962,3.152,-8.980,-1.496,0.021,-0.027,-0.104,-221671
14.276722875,50078183,3.152,-8.980,-1.496,0.010,-0.004,0.018,-222890
14.281950708,50083405,3.152,-8.980,-1.496,-0.010,0.020,0.137,-221590
14.286140333,50087625,3.152,-8.980,-1.496,-0.014,0.021,0.027,-222681
14.29040325,50091846,3.344,-8.980,-1.535,-0.014,0.021,0.027,-222123
14.292612,50094067,3.344,-8.980,-1.535,-0.010,-0.008,-0.113,-222520
14.296808667,50098288,3.344,-8.980,-1.535,-0.004,-0.012,-0.070,-222443
14.302103917,50103509,3.344,-8.980,-1.535,-0.006,-0.012,0.074,-222198
14.306300417,50107730,3.344,-8.980,-1.535,-0.004,-0.004,0.082,-221960
14.310595167,50111951,3.344,-8.980,-1.535,0.008,-0.012,0.025,-222977
14.31365375,50115172,3.344,-8.980,-1.535,0.012,0.004,-0.021,-221529
14.318890125,50120393,3.422,-9.016,-1.574,0.012,0.004,-0.021,-221513
14.321227167,50122615,3.422,-9.016,-1.574,0.002,-0.008,-0.043,-222239
14.325322083,50126836,3.422,-9.016,-1.574,0.002,-0.012,0.021,-222273
14.329519333,50131057,3.422,-9.016,-1.574,0.004,-0.006,0.051,-221631
14.333744958,50135278,3.422,-9.016,-1.574,0.004,-0.010,0.012,-221315
14.338986167,50140499,3.422,-9.016,-1.574,-0.002,0.012,-0.041,-221992
14.34319025,50144720,3.422,-9.016,-1.574,-0.004,0.000,-0.045,-221934
14.347516917,50148941,3.344,-8.980,-1.496,-0.004,0.000,-0.045,-221864
14.350685708,50152162,3.344,-8.980,-1.496,-0.006,-0.006,0.000,-221353
14.356894125,50158383,3.344,-8.980,-1.496,0.002,0.000,0.006,-221465
14.362148917,50163604,3.344,-8.980,-1.496,0.002,0.000,-0.002,-222407
14.366352125,50167825,3.344,-8.980,-1.496,0.006,0.004,-0.023,-221383
14.3716835,50173046,3.344,-8.980,-1.496,0.000,0.010,-0.008,-221893
14.377635542,50178267,3.344,-8.977,-1.574,0.000,0.010,-0.008,-222236
14.378978208,50180488,3.344,-8.977,-1.574,-0.014,0.002,0.021,-222211
14.384486542,50185709,3.344,-8.977,-1.574,0.004,0.004,0.012,-221614
14.388448958,50189930,3.344,-8.977,-1.574,-0.002,0.000,0.000,-221855
14.391704667,50193151,3.344,-8.977,-1.574,0.008,-0.012,-0.029,-222463
14.396190667,50197372,3.344,-9.016,-1.496,0.008,-0.012,-0.029,-221967
14.399056625,50200593,3.344,-9.016,-1.496,-0.010,0.004,-0.004,-222465
14.40435275,50205815,3.344,-9.016,-1.496,0.000,-0.006,0.008,-221463
14.4085355,50210038,3.344,-9.016,-1.496,0.004,-0.004,0.010,-222083
14.411761792,50213259,3.344,-9.016,-1.496,-0.004,-0.008,-0.016,-222442
14.415976208,50217480,3.344,-9.016,-1.496,0.006,-0.010,-0.004,-221933
14.420210208,50221701,3.344,-9.016,-1.496,-0.012,-0.012,0.000,-222025
14.423465875,50224922,3.344,-8.980,-1.535,-0.012,-0.012,0.000,-221784
14.425663958,50227143,3.344,-8.980,-1.535,-0.006,0.000,0.008,-222472
14.429934,50231364,3.344,-8.980,-1.535,0.002,-0.002,-0.006,-221928
14.434154417,50235585,3.344,-8.980,-1.535,-0.004,0.002,-0.002,-221767
14.439447,50240806,3.344,-8.980,-1.535,0.006,-0.004,-0.008,-221826
14.44448475,50245027,3.344,-8.980,-1.535,-0.004,0.010,0.006,-221962
14.447716125,50249248,3.344,-8.980,-1.535,0.006,0.000,0.000,-222456
14.450990583,50252469,3.344,-8.980,-1.496,0.006,0.000,0.000,-222323
14.453198167,50254690,3.344,-8.980,-1.496,-0.002,0.000,-0.012,-221081
14.459470917,50260911,3.344,-8.980,-1.496,-0.002,0.008,-0.002,-222311
14.463668292,50265132,3.344,-8.980,-1.496,-0.006,-0.008,-0.010,-222177
14.4668605,50268353,3.344,-8.980,-1.496,-0.006,-0.006,0.010,-221268
14.471055083,50272576,3.344,-8.980,-1.496,-0.006,0.012,0.008,-221589
14.476066042,50276796,3.344,-8.980,-1.496,0.006,0.002,-0.002,-222326
14.480451458,50282017,3.344,-9.016,-1.496,0.006,0.002,-0.002,-222055
14.482732167,50284238,3.344,-9.016,-1.496,0.002,-0.012,-0.010,-222071
14.48695775,50288459,3.344,-9.016,-1.496,-0.004,0.010,0.004,-221620
14.49120375,50292680,3.344,-9.016,-1.496,-0.006,0.004,0.012,-221980
14.494420917,50295901,3.344,-9.016,-1.496,0.000,-0.002,0.006,-222632
14.499756167,50301122,3.344,-9.016,-1.496,0.004,-0.004,0.004,-221465
14.504134833,50305343,3.344,-8.980,-1.535,0.004,-0.004,0.004,-221907
14.506289917,50307564,3.344,-8.980,-1.535,0.010,-0.004,-0.010,-221841
14.512076792,50312785,3.344,-8.980,-1.535,-0.006,-0.008,-0.008,-222561
14.5155085,50317006,3.344,-8.980,-1.535,0.002,0.006,0.016,-222264
14.519741125,50321227,3.344,-8.980,-1.535,-0.002,0.000,-0.004,-221971
14.5240085,50325448,3.344,-8.980,-1.535,0.008,0.004,-0.012,-221358
14.528284333,50329669,3.344,-8.980,-1.535,-0.002,0.008,0.002,-222203
14.532631917,50333890,3.344,-9.016,-1.535,-0.002,0.008,0.002,-221273
14.535846125,50337111,3.344,-9.016,-1.535,0.002,-0.008,0.004,-222010
14.542060375,50343332,3.344,-9.016,-1.535,0.006,0.010,-0.010,-221716
14.546056958,50347553,3.344,-9.016,-1.535,0.004,-0.010,-0.006,-222172
14.549262542,50350774,3.344,-9.016,-1.535,-0.008,0.000,-0.002,-221374
14.553539917,50354995,3.344,-9.016,-1.535,-0.004,-0.004,-0.008,-222252
14.558817042,50360216,3.344,-9.016,-1.496,-0.004,-0.004,-0.008,-222569
14.561036417,50362437,3.344,-9.016,-1.496,0.014,0.002,-0.012,-222631
14.565268583,50366658,3.344,-9.016,-1.496,-0.012,0.000,0.004,-221927
14.569620375,50370879,3.344,-9.016,-1.496,0.006,0.004,-0.006,-221819
14.57388675,50375100,3.344,-9.016,-1.496,-0.002,-0.004,-0.002,-222135
14.578936667,50380321,3.344,-9.016,-1.496,0.008,0.008,-0.004,-222612
14.5830775,50384542,3.344,-9.020,-1.574,0.008,0.008,-0.004,-222146
14.586248208,50387763,3.344,-9.020,-1.574,0.004,-0.008,0.006,-221401
14.591504625,50392984,3.344,-9.020,-1.574,0.014,-0.004,-0.010,-221967
14.595755583,50397205,3.344,-9.020,-1.574,-0.004,-0.008,-0.006,-222389
14.599949083,50401426,3.344,-9.020,-1.574,0.004,-0.008,0.006,-222242
14.605345125,50406647,3.344,-9.020,-1.574,0.012,0.004,0.000,-222401
14.609360667,50410868,3.344,-9.020,-1.574,-0.002,0.004,-0.002,-222492
14.613580417,50415089,3.383,-8.980,-1.496,-0.002,0.004,-0.002,-222004
14.615800583,50417310,3.383,-8.980,-1.496,0.002,0.008,-0.012,-221710
14.619998583,50421531,3.383,-8.980,-1.496,-0.002,0.012,0.000,-221579
14.624258292,50425752,3.383,-8.980,-1.496,0.004,0.010,0.010,-221900
14.628565208,50429973,3.383,-8.980,-1.496,-0.002,-0.014,0.006,-221974
14.63270775,50434194,3.383,-8.980,-1.496,-0.004,0.006,-0.004,-221555
14.636943292,50438415,3.383,-8.980,-1.496,0.004,0.000,-0.006,-221622
14.642035167,50442636,3.344,-8.938,-1.574,0.004,0.000,-0.006,-222326
14.643464792,50444857,3.344,-8.938,-1.574,-0.002,0.006,-0.014,-222667
14.648597917,50450078,3.344,-8.938,-1.574,0.002,0.002,0.008,-221679
14.652774292,50454299,3.344,-8.938,-1.574,0.004,-0.002,-0.004,-221832
14.657054875,50458520,3.344,-8.938,-1.574,0.012,0.000,-0.016,-221824
14.662257,50463726,3.344,-8.938,-1.574,-0.008,0.006,0.000,-221824
14.66651275,50467946,3.344,-8.938,-1.574,0.010,-0.004,0.000,-221685
14.671809333,50473167,3.305,-9.020,-1.535,0.010,-0.004,0.000,-222297
14.673995958,50475388,3.305,-9.020,-1.535,0.014,-0.012,0.006,-221969
14.679249583,50480610,3.305,-9.020,-1.535,-0.006,0.000,0.004,-222370
14.683345333,50484831,3.305,-9.020,-1.535,-0.002,-0.016,-0.006,-221669
14.687586292,50489052,3.305,-9.020,-1.535,0.004,0.000,0.010,-221927
14.691841,50493273,3.305,-9.020,-1.535,0.000,0.000,0.004,-221740
14.696118792,50497494,3.344,-8.980,-1.535,0.000,0.000,0.004,-221995
14.6994485,50500715,3.344,-8.980,-1.535,0.002,0.004,0.002,-222419
14.70570175,50506936,3.344,-8.980,-1.535,-0.002,0.002,0.006,-221461
14.710738167,50512157,3.344,-8.980,-1.535,0.004,0.004,0.014,-222528
14.714822875,50516378,3.344,-8.980,-1.535,0.000,0.008,0.000,-221815
14.719106458,50520599,3.344,-8.980,-1.535,-0.002,0.000,0.006,-221496
14.723386917,50524820,3.344,-8.980,-1.535,0.012,0.010,-0.012,-221924
14.727684167,50529041,3.344,-9.016,-1.535,0.012,0.010,-0.012,-223096
14.731125,50532262,3.344,-9.016,-1.535,-0.004,0.014,0.018,-221722
14.736234417,50537483,3.344,-9.016,-1.535,-0.002,0.010,0.010,-221917
14.741459792,50542704,3.344,-9.016,-1.535,0.002,0.006,-0.008,-221518
14.745699292,50546925,3.344,-9.016,-1.535,-0.014,0.008,0.002,-222121
14.750677417,50552146,3.344,-9.016,-1.535,0.004,0.014,-0.002,-221763
14.754904792,50556367,3.344,-9.016,-1.535,-0.008,-0.004,-0.012,-221396
14.760059083,50561588,3.305,-9.020,-1.535,-0.008,-0.004,-0.012,-221974
14.762284292,50563809,3.305,-9.020,-1.535,0.004,0.006,-0.002,-222022
14.76657675,50568030,3.305,-9.020,-1.535,0.002,0.004,0.004,-222022
14.770786208,50572251,3.305,-9.020,-1.535,-0.004,0.000,0.012,-221610
14.773970167,50575472,3.305,-9.020,-1.535,0.008,-0.016,-0.006,-221825
14.78026975,50581693,3.305,-9.020,-1.535,0.008,-0.004,-0.002,-222339
14.78438,50585914,3.305,-9.020,-1.535,0.004,-0.004,0.004,-222075
14.789679083,50591135,3.305,-8.980,-1.574,0.004,-0.004,0.004,-222468
14.791868583,50593356,3.305,-8.980,-1.574,-0.002,-0.014,0.016,-221753
14.797119708,50598577,3.305,-8.980,-1.574,-0.002,-0.004,-0.014,-222649
14.802766458,50603798,3.305,-8.980,-1.574,0.002,-0.008,-0.002,-221439
14.807568917,50609019,3.305,-8.980,-1.574,0.014,-0.002,-0.002,-221886
14.811726583,50613240,3.305,-8.980,-1.574,-0.008,0.002,0.020,-222165
14.815979125,50617461,3.305,-8.980,-1.574,0.000,-0.004,-0.010,-221617
14.821170958,50622682,3.344,-8.980,-1.496,0.000,-0.004,-0.010,-221886
14.823363667,50624903,3.344,-8.980,-1.496,0.008,0.004,-0.006,-222317
14.827610083,50629109,3.344,-8.980,-1.496,-0.008,0.008,0.006,-222317
14.831908042,50633329,3.344,-8.980,-1.496,-0.006,0.010,0.006,-221880
14.836052667,50637550,3.344,-8.980,-1.496,-0.008,0.008,0.006,-221429
14.8413885,50642771,3.344,-8.980,-1.496,0.004,-0.016,-0.006,-222220
14.8454965,50646992,3.344,-8.980,-1.496,-0.006,0.004,-0.018,-222071
14.849729583,50651213,3.305,-8.977,-1.535,-0.006,0.004,-0.018,-221766
14.851892917,50653434,3.305,-8.977,-1.535,0.000,0.006,-0.002,-221990
14.858252375,50659655,3.305,-8.977,-1.535,0.006,0.008,0.014,-221855
14.862369458,50663876,3.305,-8.977,-1.535,-0.004,-0.004,0.002,-222200
14.866628292,50668097,3.305,-8.977,-1.535,0.008,0.004,-0.006,-221797
14.872037583,50673318,3.305,-8.977,-1.535,0.010,0.002,-0.004,-220753
14.87723275,50678539,3.305,-8.977,-1.535,-0.014,0.002,-0.004,-222153
14.881303042,50682760,3.305,-8.941,-1.574,-0.014,0.002,-0.004,-221922
14.883659042,50684981,3.305,-8.941,-1.574,0.002,0.008,0.010,-221707
14.887845375,50689202,3.305,-8.941,-1.574,0.008,-0.008,-0.020,-221147
14.891966208,50693423,3.305,-8.941,-1.574,0.002,0.008,-0.002,-222482
14.896134542,50697644,3.305,-8.941,-1.574,0.008,-0.002,0.004,-221879
14.9012935,50702865,3.305,-8.941,-1.574,0.008,0.010,0.008,-221217
14.905595625,50707086,3.305,-8.941,-1.574,0.002,0.008,-0.006,-221682
14.909972583,50711292,3.383,-8.980,-1.496,0.002,0.008,-0.006,-221682
14.912977625,50714512,3.383,-8.980,-1.496,-0.010,-0.014,-0.021,-221245
14.919320958,50720733,3.383,-8.980,-1.496,0.000,0.008,0.016,-221615
14.923559333,50724954,3.383,-8.980,-1.496,-0.008,0.004,0.025,-222816
14.927942375,50729175,3.383,-8.980,-1.496,-0.002,-0.008,-0.020,-221353
14.932167583,50733397,3.383,-8.980,-1.496,0.004,-0.006,-0.025,-222243
14.937369542,50738618,3.422,-8.977,-1.535,0.004,-0.006,-0.025,-222326
14.940592792,50741839,3.422,-8.977,-1.535,-0.002,0.004,0.010,-221569
14.945642542,50747060,3.422,-8.977,-1.535,-0.006,0.002,0.000,-222638
14.949807792,50751281,3.422,-8.977,-1.535,-0.006,-0.002,-0.010,-222698
14.955090458,50756502,3.422,-8.977,-1.535,0.008,-0.008,-0.004,-221382
14.960458792,50761723,3.422,-8.977,-1.535,0.006,0.006,-0.010,-222359
14.965700917,50766944,3.422,-8.977,-1.535,0.008,0.000,0.002,-221937
14.969672958,50771165,3.344,-9.016,-1.613,0.008,0.000,0.002,-221682
14.971824125,50773386,3.344,-9.016,-1.613,-0.006,-0.004,0.010,-221813
14.9776625,50778609,3.344,-9.016,-1.613,0.002,0.000,-0.008,-221915
14.982374875,50783830,3.344,-9.016,-1.613,0.008,0.000,0.004,-222546
14.986576917,50788051,3.344,-9.016,-1.613,-0.020,0.004,0.008,-221569
14.99180575,50793272,3.344,-9.016,-1.613,-0.004,0.008,0.002,-222879
14.997041917,50798493,3.344,-9.016,-1.613,0.000,-0.004,-0.010,-222132
15.002224417,50803714,3.383,-8.980,-1.535,0.000,-0.004,-0.010,-221538
15.004589083,50805935,3.383,-8.980,-1.535,-0.010,-0.002,-0.002,-222127
15.00966575,50811156,3.383,-8.980,-1.535,0.002,-0.008,0.006,-221664
15.014087833,50815377,3.383,-8.980,-1.535,-0.014,-0.006,0.002,-222096
15.0191045,50820598,3.383,-8.980,-1.535,0.000,0.012,-0.008,-221667
15.024331625,50825819,3.191,-9.098,-1.574,0.000,0.012,-0.008,-222034
15.027688583,50829040,3.191,-9.098,-1.574,-0.020,0.041,0.006,-222067
15.032826958,50834261,3.191,-9.098,-1.574,0.014,-0.020,-0.043,-221428
15.038053583,50839482,3.191,-9.098,-1.574,0.025,-0.102,-0.059,-221551
15.042265875,50843703,3.191,-9.098,-1.574,0.008,0.023,0.074,-222559
15.047397292,50848924,3.191,-9.098,-1.574,0.006,0.018,0.113,-221977
15.051668083,50853145,3.191,-9.098,-1.574,-0.004,0.027,0.002,-221724
15.055989417,50857366,3.191,-8.938,-1.727,-0.004,0.027,0.002,-222001
15.05924325,50860587,3.191,-8.938,-1.727,0.014,-0.014,-0.168,-222386
15.065654542,50866808,3.191,-8.938,-1.727,-0.010,-0.031,0.035,-221929
15.069958875,50871029,3.191,-8.938,-1.727,-0.021,0.039,0.117,-222358
15.075878042,50876250,3.191,-8.938,-1.727,-0.012,0.100,0.076,-221708
15.080000958,50881471,3.191,-8.938,-1.727,-0.029,0.045,-0.080,-222356
15.085110333,50886692,3.191,-8.938,-1.727,0.039,-0.023,-0.187,-221484
15.08938475,50890913,3.383,-8.941,-1.383,0.039,-0.023,-0.187,-222304
15.0931795,50894134,3.383,-8.941,-1.383,0.027,-0.045,-0.057,-221807
15.099264958,50900355,3.383,-8.941,-1.383,-0.002,0.100,0.146,-221869
15.103486583,50904576,3.383,-8.941,-1.383,-0.010,0.039,0.023,-221596
15.107620417,50908797,3.383,-8.941,-1.383,-0.006,0.002,-0.074,-221444
15.112609208,50914018,3.383,-8.941,-1.383,0.006,-0.076,-0.080,-221553
15.116669708,50918239,3.383,-8.941,-1.383,-0.004,-0.029,0.059,-221426
15.12201975,50923460,3.422,-8.902,-1.496,-0.004,-0.029,0.059,-221510
15.124166375,50925681,3.422,-8.902,-1.496,-0.004,0.004,0.113,-221541
15.129409708,50930902,3.422,-8.902,-1.496,-0.002,-0.004,-0.082,-221626
15.133698,50935123,3.344,-9.016,-1.687,-0.002,-0.004,-0.082,-222204
15.135772917,50937344,3.344,-9.016,-1.687,0.002,-0.010,-0.072,-221544
15.140009667,50941565,3.344,-9.016,-1.687,-0.004,-0.021,0.016,-222358
15.144284917,50945786,3.344,-9.016,-1.687,0.006,-0.002,0.086,-221411
15.149539708,50951007,3.344,-9.016,-1.687,-0.014,0.018,-0.031,-221635
15.153803042,50955228,3.344,-9.016,-1.687,-0.008,0.033,-0.057,-222280
15.158020833,50959449,3.344,-9.016,-1.496,-0.008,0.033,-0.057,-222403
15.160469333,50961670,3.344,-9.016,-1.496,0.006,0.016,-0.053,-222564
15.16566675,50966891,3.344,-9.016,-1.496,0.008,-0.012,-0.012,-222310
15.169870958,50971112,3.344,-9.016,-1.496,0.006,0.006,0.047,-221777
15.174201417,50975333,3.344,-9.016,-1.496,-0.008,0.010,0.066,-222345
15.179084583,50980554,3.344,-9.016,-1.496,-0.010,0.029,0.010,-221732
15.183295917,50984775,3.344,-9.016,-1.496,-0.014,0.014,-0.031,-222260
15.187539458,50988996,3.266,-9.055,-1.574,-0.014,0.014,-0.031,-222363
15.190780208,50992217,3.266,-9.055,-1.574,0.010,-0.012,-0.037,-222543
15.195964792,50997438,3.266,-9.055,-1.574,0.020,-0.010,0.045,-222499
15.201156375,51002659,3.266,-9.055,-1.574,0.000,0.012,0.027,-221230
15.205421375,51006880,3.266,-9.055,-1.574,-0.006,-0.002,-0.020,-221690
15.209652667,51011101,3.266,-9.055,-1.574,-0.002,-0.004,-0.039,-221642
15.21384475,51015322,3.266,-9.055,-1.574,0.008,0.000,-0.033,-222250
15.2190315,51020543,3.305,-8.938,-1.496,0.008,0.000,-0.033,-221797
15.222333542,51023764,3.305,-8.938,-1.496,-0.002,-0.004,0.037,-221858
15.227601292,51028985,3.305,-8.938,-1.496,0.006,-0.006,0.004,-221595
15.232708042,51034206,3.305,-8.938,-1.496,0.010,-0.012,-0.023,-221968
15.23699725,51038427,3.305,-8.938,-1.496,-0.006,-0.004,-0.020,-222529
15.242234042,51043648,3.305,-8.938,-1.496,0.012,0.000,0.016,-222240
15.246328042,51047869,3.305,-8.938,-1.496,-0.002,-0.014,0.018,-222079
15.2505555,51052090,3.383,-9.016,-1.496,-0.002,-0.014,0.018,-221612
15.253934417,51055311,3.383,-9.016,-1.496,0.004,-0.020,-0.002,-220725
15.260301042,51061532,3.383,-9.016,-1.496,0.010,0.000,-0.010,-222669
15.264220167,51065753,3.383,-9.016,-1.496,0.000,-0.002,-0.002,-222000
15.268411083,51069974,3.383,-9.016,-1.496,0.008,0.008,0.004,-221965
15.272654958,51074195,3.383,-9.016,-1.496,-0.006,-0.006,0.010,-222751
15.278434958,51079416,3.383,-9.016,-1.496,0.000,0.012,-0.004,-222535
15.282171042,51083637,3.305,-9.059,-1.535,0.000,0.012,-0.004,-222322
15.285326917,51086858,3.305,-9.059,-1.535,0.002,0.008,-0.012,-221847
15.291833542,51093080,3.305,-9.059,-1.535,-0.006,0.000,0.000,-221982
15.295840208,51097301,3.305,-9.059,-1.535,0.006,-0.008,0.016,-222158
15.300088875,51101522,3.305,-9.059,-1.535,0.010,0.008,0.000,-221299
15.305289792,51106743,3.305,-9.059,-1.535,0.010,-0.004,-0.004,-222508
15.309450042,51110964,3.305,-9.059,-1.535,0.004,0.008,0.008,-222351
15.3137175,51115185,3.305,-9.016,-1.574,0.004,0.008,0.008,-222129
15.316931958,51118406,3.305,-9.016,-1.574,-0.002,-0.002,0.016,-221447
15.323108042,51124627,3.305,-9.016,-1.574,0.010,-0.020,0.006,-221866
15.327550417,51128848,3.305,-9.016,-1.574,0.008,-0.010,-0.004,-222641
15.332655458,51134069,3.305,-9.016,-1.574,-0.002,-0.002,-0.006,-222187
15.336857208,51138290,3.305,-9.016,-1.574,0.004,-0.006,-0.027,-221860
15.342034042,51143511,3.305,-9.016,-1.574,0.006,0.002,0.006,-222924
15.345257833,51146732,3.422,-9.020,-1.496,0.006,0.002,0.006,-221690
15.350450208,51151953,3.422,-9.020,-1.496,-0.002,0.004,-0.006,-221918
15.354753667,51156174,3.422,-9.020,-1.496,0.004,0.000,-0.021,-221941
15.359935875,51161397,3.422,-9.020,-1.496,0.004,0.006,-0.010,-221959
15.364177792,51165617,3.422,-9.020,-1.496,-0.002,0.004,0.010,-222537
15.368411833,51169838,3.422,-9.020,-1.496,0.002,0.016,0.016,-222183
15.372739875,51174059,3.266,-8.977,-1.496,0.002,0.016,0.016,-221779
15.376881625,51177280,3.266,-8.977,-1.496,0.002,0.002,0.002,-222388
15.382046375,51183501,3.266,-8.977,-1.496,-0.008,0.004,-0.008,-222141
15.3862475,51187722,3.266,-8.977,-1.496,-0.006,0.004,-0.002,-221324
15.390470208,51191943,3.266,-8.977,-1.496,-0.004,-0.006,0.002,-222558
15.395695167,51197164,3.266,-8.977,-1.496,-0.004,0.000,-0.018,-222154
15.399890167,51201386,3.266,-8.977,-1.496,0.002,-0.012,0.004,-221647
15.404139958,51205607,3.305,-8.977,-1.535,0.002,-0.012,0.004,-221454
15.407281208,51208828,3.305,-8.977,-1.535,0.004,0.012,0.004,-221902
15.413669292,51215049,3.305,-8.977,-1.535,0.010,-0.006,-0.002,-221727
15.417895,51219270,3.305,-8.977,-1.535,-0.006,-0.006,0.008,-221614
15.42199625,51223491,3.305,-8.977,-1.535,0.008,-0.010,-0.020,-222323
15.426218375,51227712,3.305,-8.977,-1.535,0.004,-0.002,0.010,-222189
15.430497083,51231933,3.305,-8.977,-1.535,0.000,-0.004,-0.004,-222022
15.434693542,51236154,3.383,-8.980,-1.535,0.000,-0.004,-0.004,-222079
15.437931083,51239375,3.383,-8.980,-1.535,-0.002,-0.008,0.012,-221904
15.443269208,51244596,3.383,-8.980,-1.535,-0.002,0.000,-0.004,-221797
15.447312375,51248817,3.383,-8.980,-1.535,0.004,-0.002,0.002,-221696
15.452535083,51254038,3.383,-8.980,-1.535,0.004,0.008,0.000,-221962
15.456801542,51258259,3.383,-8.980,-1.535,0.002,0.004,-0.008,-223039
15.462068042,51263480,3.383,-8.980,-1.535,0.002,0.008,0.004,-222437
15.466311292,51267701,3.344,-9.016,-1.535,0.002,0.008,0.004,-222379
15.469745125,51270922,3.344,-9.016,-1.535,0.006,0.000,0.004,-222569
15.474952958,51276143,3.344,-9.016,-1.535,-0.006,0.000,-0.008,-222264
15.479885417,51281364,3.344,-9.016,-1.535,-0.006,0.018,-0.002,-222442
15.485139167,51286585,3.344,-9.016,-1.535,-0.008,0.010,-0.002,-220293
15.490413375,51291806,3.074,-8.789,-1.461,-0.008,0.010,-0.002,-221181
15.493870833,51295027,3.074,-8.789,-1.461,-0.090,0.072,0.033,-222400
15.500038292,51301248,3.074,-8.789,-1.461,0.051,-0.039,0.033,-222068
15.504312125,51305469,3.074,-8.789,-1.461,0.086,-0.402,-0.131,-222027
15.508456333,51309690,3.074,-8.789,-1.461,-0.055,0.129,0.262,-222185
15.512667167,51313911,3.074,-8.789,-1.461,-0.021,0.236,0.461,-222167
15.517666833,51319132,3.074,-8.789,-1.461,-0.049,0.061,-0.059,-221986
15.522253583,51323353,3.113,-8.832,-1.918,-0.049,0.061,-0.059,-222273
15.525145708,51326574,3.113,-8.832,-1.918,0.074,-0.074,-0.457,-221734
15.530599625,51331795,3.113,-8.832,-1.918,-0.012,-0.066,-0.055,-222351
15.535785708,51337016,3.113,-8.832,-1.918,-0.051,0.090,0.324,-221708
15.540006125,51341237,3.113,-8.832,-1.918,-0.055,0.109,0.096,-222653
15.545533458,51346443,3.113,-8.832,-1.918,0.066,-0.002,-0.285,-222653
15.550185083,51351663,3.113,-8.832,-1.918,0.027,-0.080,-0.240,-221634
15.554418208,51355884,3.457,-8.832,-1.652,0.027,-0.080,-0.240,-221779
15.556890708,51358105,3.457,-8.832,-1.652,0.018,-0.139,0.207,-222112
15.561961375,51363326,3.457,-8.832,-1.652,-0.006,0.139,0.189,-222063
15.565176125,51366547,3.457,-8.832,-1.652,0.018,0.113,0.084,-222235
15.569528083,51370768,3.457,-8.832,-1.652,-0.031,0.012,-0.111,-221757
15.573788292,51374989,3.457,-8.832,-1.652,0.016,0.012,-0.287,-221979
15.577074083,51378210,3.457,-8.832,-1.652,0.008,-0.012,-0.234,-222119
15.581424958,51382431,3.535,-9.016,-1.344,0.008,-0.012,-0.234,-221654
15.583150708,51384652,3.535,-9.016,-1.344,-0.004,0.010,0.098,-222371
15.588421333,51389873,3.535,-9.016,-1.344,-0.002,0.029,0.057,-221889
15.592655875,51394094,3.535,-9.016,-1.344,-0.012,-0.133,-0.213,-222468
15.596873667,51398315,3.535,-9.016,-1.344,-0.020,-0.014,-0.131,-222384
15.601086583,51402536,3.535,-9.016,-1.344,-0.012,0.041,0.279,-222071
15.60425225,51405757,3.305,-9.055,-1.766,-0.012,0.041,0.279,-222298
15.607456292,51408978,3.305,-9.055,-1.766,-0.039,0.006,0.326,-222598
15.612720917,51414199,3.305,-9.055,-1.766,0.014,-0.082,-0.227,-221872
15.616919625,51418420,3.305,-9.055,-1.766,-0.004,-0.059,-0.209,-221401
15.621151125,51422641,3.305,-9.055,-1.766,-0.033,-0.004,-0.047,-221531
15.62537775,51426862,3.305,-9.055,-1.766,-0.020,0.047,0.088,-222020
15.629596917,51431083,3.305,-9.055,-1.766,-0.014,0.025,0.090,-222144
15.633815417,51435304,3.457,-9.098,-1.461,-0.014,0.025,0.090,-221765
15.637203208,51438525,3.457,-9.098,-1.461,-0.010,-0.014,-0.033,-222454
15.642266917,51443746,3.457,-9.098,-1.461,0.012,0.004,0.014,-222296
15.646486333,51447967,3.457,-9.098,-1.461,0.020,-0.037,0.037,-221955
15.649988167,51451188,3.457,-9.098,-1.461,0.014,-0.023,0.008,-222255
15.653919583,51455409,3.457,-9.098,-1.461,0.008,0.016,0.008,-221523
15.659131708,51460630,3.457,-9.098,-1.461,0.002,0.006,0.031,-222279
15.663392333,51464851,3.344,-8.980,-1.652,0.002,0.006,0.031,-222178
15.66566,51467072,3.344,-8.980,-1.652,0.016,-0.002,-0.045,-221366
15.6709075,51472293,3.344,-8.980,-1.652,0.006,0.002,0.004,-221301
15.67548,51476514,3.344,-8.980,-1.652,0.002,0.016,0.055,-222000
15.679308375,51480735,3.344,-8.980,-1.652,0.008,0.020,0.043,-222656
15.683481292,51484956,3.344,-8.980,-1.652,0.025,0.006,-0.023,-221633
15.687861333,51489177,3.344,-8.980,-1.652,0.033,0.027,-0.006,-221186
15.692911125,51494399,3.383,-9.098,-1.461,0.033,0.027,-0.006,-221893
15.696356667,51497620,3.383,-9.098,-1.461,0.064,-0.012,-0.021,-221705
15.702429458,51503841,3.383,-9.098,-1.461,-0.020,-0.166,-0.150,-221806
15.706695958,51508062,3.383,-9.098,-1.461,-0.072,0.107,0.135,-222221
15.710958667,51512283,3.383,-9.098,-1.461,0.016,0.068,0.381,-221920
15.715044708,51516504,3.383,-9.098,-1.461,-0.068,0.080,0.311,-221964
15.720208458,51521725,3.305,-9.016,-1.766,-0.068,0.080,0.311,-222148
15.722526375,51523946,3.305,-9.016,-1.766,0.037,-0.092,-0.529,-222313
15.727810125,51529167,3.305,-9.016,-1.766,0.021,0.004,0.150,-222304
15.732137833,51533388,3.305,-9.016,-1.766,-0.006,0.045,0.227,-222015
15.736365708,51537609,3.305,-9.016,-1.766,-0.041,0.162,0.047,-221148
15.741603292,51542830,3.305,-9.016,-1.766,0.051,-0.221,-0.201,-222580
15.745577792,51547051,3.305,-9.016,-1.766,-0.016,0.055,-0.072,-222356
15.749771042,51551272,3.191,-8.938,-1.535,-0.016,0.055,-0.072,-222435
15.7519935,51553493,3.191,-8.938,-1.535,0.002,0.059,0.340,-221688
15.756234667,51557714,3.191,-8.938,-1.535,0.002,0.004,0.068,-222022
15.76047475,51561935,3.191,-8.938,-1.535,0.051,0.004,-0.215,-222684
15.764762,51566156,3.191,-8.938,-1.535,-0.016,-0.012,-0.121,-221734
15.769023792,51570377,3.457,-8.871,-1.461,-0.016,-0.012,-0.121,-221955
15.773218833,51574599,3.457,-8.871,-1.461,-0.041,0.076,0.109,-221274
15.777851,51578820,3.457,-8.871,-1.461,0.033,-0.156,-0.074,-221471
15.781512667,51583041,3.457,-8.871,-1.461,-0.006,-0.166,-0.098,-221889
15.785723958,51587262,3.457,-8.871,-1.461,0.000,0.088,0.168,-221469
15.78999425,51591483,3.457,-8.871,-1.461,-0.020,0.090,0.309,-222404
15.793191083,51594704,3.113,-9.055,-1.844,-0.020,0.090,0.309,-221835
15.7954355,51596925,3.113,-9.055,-1.844,-0.049,0.061,0.242,-222508
15.801626708,51603146,3.113,-9.055,-1.844,0.023,-0.080,-0.264,-221986
15.805846167,51607367,3.113,-9.055,-1.844,-0.004,-0.037,-0.010,-221617
15.80994175,51611588,3.113,-9.055,-1.844,-0.029,0.064,0.111,-221707
15.815323375,51616809,3.227,-9.016,-1.461,-0.029,0.064,0.111,-222189
15.818547375,51620030,3.227,-9.016,-1.461,-0.018,0.047,0.008,-221602
15.824826,51626251,3.227,-9.016,-1.461,-0.014,-0.006,-0.074,-222014
15.828999875,51630472,3.227,-9.016,-1.461,0.010,-0.018,0.045,-222598
15.832186708,51633693,3.227,-9.016,-1.461,0.018,-0.016,0.053,-221492
15.83747625,51638914,3.227,-9.016,-1.461,0.010,-0.002,0.061,-221824
15.842658875,51644135,3.227,-9.020,-1.574,0.010,-0.002,0.061,-222400
15.845819833,51647357,3.227,-9.020,-1.574,0.002,0.008,-0.020,-222595
15.851052708,51652578,3.227,-9.020,-1.574,0.014,-0.020,-0.070,-222000
15.856285917,51657799,3.227,-9.020,-1.574,0.016,-0.014,0.033,-221333
15.860563083,51662020,3.227,-9.020,-1.574,0.014,-0.014,0.064,-221744
15.864895792,51666241,3.227,-9.020,-1.574,0.018,0.000,0.031,-221765
15.868100583,51669462,3.227,-9.020,-1.574,0.010,0.000,0.006,-221528
15.872501,51673683,3.227,-8.941,-1.535,0.010,0.000,0.006,-221274
15.875586667,51676904,3.227,-8.941,-1.535,0.016,-0.002,-0.027,-222062
15.881887875,51683125,3.227,-8.941,-1.535,-0.008,0.004,0.035,-221396
15.885826667,51687346,3.227,-8.941,-1.535,0.008,0.016,0.096,-221528
15.890115542,51691567,3.227,-8.941,-1.535,-0.010,0.016,0.076,-221673
15.895306333,51696788,3.227,-8.941,-1.535,0.002,0.008,-0.098,-221823
15.89952775,51701009,3.227,-8.941,-1.535,-0.004,-0.002,-0.082,-222183
15.9037665,51705230,3.383,-9.020,-1.422,-0.004,-0.002,-0.082,-222113
15.906910125,51708451,3.383,-9.020,-1.422,-0.010,0.002,0.025,-222079
15.913196583,51714672,3.383,-9.020,-1.422,-0.008,0.016,0.004,-222537
15.917418333,51718893,3.383,-9.020,-1.422,-0.004,0.010,-0.012,-222036
15.922683833,51724114,3.383,-9.020,-1.422,-0.002,0.000,-0.045,-222569
15.927953333,51729335,3.383,-9.020,-1.422,-0.002,0.000,-0.010,-221904
15.933229667,51734556,3.305,-8.977,-1.613,-0.002,0.000,-0.010,-221725
15.936556167,51737777,3.305,-8.977,-1.613,0.006,-0.008,0.014,-221921
15.942996333,51743998,3.305,-8.977,-1.613,0.006,-0.008,-0.008,-221370
15.946695167,51748219,3.305,-8.977,-1.613,0.008,-0.002,-0.016,-221982
15.951001125,51752440,3.305,-8.977,-1.613,0.000,-0.020,-0.008,-221365
15.955259583,51756661,3.305,-8.977,-1.613,0.006,-0.014,-0.002,-221691
15.960569,51761882,3.305,-8.977,-1.613,0.016,-0.012,0.021,-221606
15.964552875,51766103,3.422,-8.938,-1.613,0.016,-0.012,0.021,-221826
15.967758875,51769324,3.422,-8.938,-1.613,0.014,-0.008,0.012,-221788
15.973001583,51774545,3.422,-8.938,-1.613,-0.008,0.021,0.016,-221478
15.978334917,51779766,3.422,-8.938,-1.613,-0.002,-0.008,-0.031,-221791
15.982499917,51783987,3.422,-8.938,-1.613,-0.002,0.016,-0.018,-222029
15.987781667,51789208,3.422,-8.938,-1.613,-0.002,0.000,0.008,-222672
15.991944,51793429,3.422,-8.938,-1.613,0.002,-0.004,0.002,-221623
15.996227833,51797650,3.422,-8.977,-1.496,0.002,-0.004,0.002,-221708
15.999462208,51800871,3.422,-8.977,-1.496,-0.004,-0.006,-0.008,-221670
16.0056465,51807078,3.422,-8.977,-1.496,0.000,0.000,0.018,-221670
16.009944542,51811298,3.422,-8.977,-1.496,-0.006,0.004,0.010,-222291
16.014042042,51815519,3.422,-8.977,-1.496,0.004,-0.002,0.008,-221823
16.019228292,51820740,3.422,-8.977,-1.496,0.004,-0.006,-0.004,-221510
16.023453958,51824961,3.422,-8.977,-1.496,-0.021,0.008,0.008,-221302
16.027681875,51829182,3.344,-8.980,-1.496,-0.021,0.008,0.008,-222092
16.030922,51832403,3.344,-8.980,-1.496,-0.010,0.008,0.008,-221984
16.0371235,51838625,3.344,-8.980,-1.496,-0.002,-0.008,0.002,-222114
16.042771417,51843846,3.344,-8.980,-1.496,0.014,-0.002,0.004,-222195
16.046517875,51848067,3.344,-8.980,-1.496,-0.002,-0.014,0.010,-222141
16.05080125,51852288,3.344,-8.980,-1.496,-0.008,0.004,0.016,-221421
16.055063417,51856509,3.344,-8.980,-1.496,0.012,0.006,0.010,-220773
16.060385458,51861730,3.266,-8.977,-1.496,0.012,0.006,0.010,-222357
16.062498625,51863951,3.266,-8.977,-1.496,0.006,-0.002,-0.010,-221948
16.066858208,51868172,3.266,-8.977,-1.496,0.010,-0.012,-0.029,-221819
16.071269583,51872395,3.266,-8.977,-1.496,-0.098,0.055,0.029,-221295
16.075528917,51876615,3.266,-8.977,-1.496,-0.012,-0.010,-0.035,-222666
16.080412125,51881836,3.266,-8.977,-1.496,0.008,0.020,0.055,-221172
16.084526292,51886057,3.266,-8.977,-1.496,0.104,-0.312,-0.078,-221866
16.088763417,51890278,4.723,-8.980,-1.344,0.104,-0.312,-0.078,-222042
16.092070208,51893499,4.723,-8.980,-1.344,-0.039,0.047,0.125,-222674
16.098378292,51899720,4.723,-8.980,-1.344,-0.041,0.012,0.027,-222141
16.103719292,51904941,4.723,-8.980,-1.344,0.055,-0.057,-0.414,-222215
16.108031042,51909162,4.723,-8.980,-1.344,-0.020,-0.074,-0.082,-222170
16.112227083,51913384,4.723,-8.980,-1.344,-0.002,0.043,0.277,-222299
16.116105958,51917605,4.723,-8.980,-1.344,-0.023,0.119,0.287,-222137
16.12135075,51922826,3.000,-9.094,-1.422,-0.023,0.119,0.287,-221966
16.124646625,51926047,3.000,-9.094,-1.422,0.002,0.070,-0.141,-222942
16.129875542,51931268,3.000,-9.094,-1.422,0.059,-0.137,-0.225,-222858
16.134007875,51935489,3.000,-9.094,-1.422,0.025,-0.018,0.199,-221913
16.139251208,51940710,3.000,-9.094,-1.422,-0.049,0.082,0.191,-221594
16.143521042,51944931,3.000,-9.094,-1.422,0.010,0.092,0.020,-221797
16.147620583,51949152,3.000,-9.094,-1.422,0.002,0.012,-0.057,-222630
16.151803958,51953373,3.266,-8.902,-1.652,0.002,0.012,-0.057,-221547
16.15403325,51955595,3.266,-8.902,-1.652,0.020,-0.025,-0.182,-221981
16.15841925,51959816,3.266,-8.902,-1.652,-0.004,-0.014,0.047,-222625
16.162611792,51964037,3.266,-8.902,-1.652,-0.018,0.070,0.105,-221853
16.167963,51969258,3.266,-8.902,-1.652,-0.037,0.086,0.061,-222259
16.173289625,51974479,2.691,-8.867,-1.535,-0.037,0.086,0.061,-221451
16.176300417,51977700,2.691,-8.867,-1.535,0.020,-0.148,-0.209,-222003
16.182533667,51983921,2.691,-8.867,-1.535,0.012,0.059,0.350,-222349
16.186677833,51988142,2.691,-8.867,-1.535,-0.016,0.016,0.303,-222030
16.190954417,51992363,2.691,-8.867,-1.535,0.000,0.023,-0.133,-222135
16.195054292,51996584,2.691,-8.867,-1.535,0.014,-0.002,-0.242,-222227
16.200325375,52001805,3.535,-9.098,-1.652,0.014,-0.002,-0.242,-222113
16.202525,52004026,3.535,-9.098,-1.652,-0.008,-0.037,-0.012,-221903
16.207781625,52009247,3.535,-9.098,-1.652,-0.010,0.029,0.137,-222083
16.211989458,52013468,3.535,-9.098,-1.652,-0.010,0.018,0.092,-222601
16.216220917,52017689,3.535,-9.098,-1.652,0.000,-0.020,-0.104,-221627
16.22041575,52021910,3.422,-9.098,-1.422,0.000,-0.020,-0.104,-221737
16.222701167,52024132,3.422,-9.098,-1.422,-0.002,-0.010,-0.100,-221648
16.22788375,52029353,3.422,-9.098,-1.422,-0.004,-0.006,0.076,-222134
16.23215725,52033574,3.422,-9.098,-1.422,0.006,-0.006,0.078,-221377
16.235248042,52036795,3.422,-9.098,-1.422,0.014,0.002,0.031,-221587
16.238521708,52040016,3.305,-8.980,-1.574,0.014,0.002,0.031,-222151
16.243861375,52045237,3.305,-8.980,-1.574,0.016,-0.002,-0.053,-222203
16.2479125,52049458,3.305,-8.980,-1.574,0.006,0.004,-0.031,-221881
16.252187417,52053679,3.305,-8.980,-1.574,0.002,0.008,0.020,-221210
16.256492417,52057900,3.305,-8.980,-1.574,-0.010,0.008,0.055,-221469
16.261636667,52063121,3.305,-8.980,-1.574,0.008,0.002,0.002,-222096
16.265925958,52067342,3.422,-8.938,-1.461,0.008,0.002,0.002,-222380
16.269192417,52070563,3.422,-8.938,-1.461,-0.010,0.002,-0.033,-222401
16.275903875,52076784,3.422,-8.938,-1.461,-0.010,-0.006,0.021,-222104
16.279469333,52081005,3.422,-8.938,-1.461,-0.014,0.021,0.047,-221590
16.283708667,52085226,3.422,-8.938,-1.461,-0.008,0.004,0.074,-222210
16.287987792,52089447,3.422,-8.938,-1.461,-0.008,-0.004,0.020,-221514
16.293242,52094668,3.422,-8.938,-1.461,0.004,-0.008,-0.043,-222753
16.297381958,52098889,3.344,-8.977,-1.574,0.004,-0.008,-0.043,-222645
16.300675292,52102110,3.344,-8.977,-1.574,-0.002,0.004,-0.041,-222588
16.305850833,52107331,3.344,-8.977,-1.574,-0.014,0.006,0.018,-222181
16.310101542,52111554,3.344,-8.977,-1.574,0.002,-0.006,0.006,-222131
16.315288042,52116775,3.344,-8.977,-1.574,-0.006,-0.002,-0.010,-222081
16.320497625,52121996,3.422,-9.020,-1.496,-0.006,-0.002,-0.010,-221258
16.322790667,52124217,3.422,-9.020,-1.496,0.000,0.006,0.002,-221434
16.327971208,52129438,3.422,-9.020,-1.496,0.006,-0.002,-0.014,-221478
16.332203875,52133659,3.422,-9.020,-1.496,0.010,-0.018,-0.016,-222445
16.33651525,52137880,3.422,-9.020,-1.496,-0.008,-0.006,0.004,-221837
16.340675333,52142101,3.422,-9.020,-1.461,-0.008,-0.006,0.004,-222303
16.342834625,52144322,3.422,-9.020,-1.461,-0.006,0.010,0.033,-221898
16.34808125,52149543,3.422,-9.020,-1.461,0.012,-0.004,-0.012,-222755
16.352279333,52153764,3.422,-9.020,-1.461,0.012,-0.010,-0.023,-221472
16.355485083,52156985,3.422,-9.020,-1.461,0.004,-0.008,-0.002,-221531
16.360712833,52162191,3.422,-9.020,-1.461,-0.010,0.025,0.025,-221531
16.364874708,52166411,3.422,-9.020,-1.461,0.004,0.012,0.010,-222620
16.368148458,52169632,3.266,-9.020,-1.535,0.004,0.012,0.010,-222055
16.373665417,52174853,3.266,-9.020,-1.535,0.004,-0.006,-0.021,-221906
16.377791417,52179074,3.266,-9.020,-1.535,0.006,-0.010,-0.027,-222002
16.381759292,52183295,3.266,-9.020,-1.535,0.002,0.004,0.016,-221881
16.385995,52187516,3.266,-9.020,-1.535,-0.002,0.000,0.002,-221952
16.391347583,52192737,3.266,-9.020,-1.535,0.008,0.004,-0.006,-222381
16.395447917,52196958,3.305,-8.980,-1.574,0.008,0.004,-0.006,-222330
16.398699917,52200179,3.305,-8.980,-1.574,0.000,0.000,0.002,-221899
16.403895125,52205400,3.305,-8.980,-1.574,-0.004,0.000,-0.008,-221346
16.408136917,52209621,3.305,-8.980,-1.574,-0.004,-0.002,0.002,-222243
16.41236825,52213842,3.305,-8.980,-1.574,-0.008,0.000,0.010,-222166
16.416563792,52218063,3.305,-8.980,-1.574,-0.002,-0.008,-0.012,-222056
16.420757417,52222284,3.305,-8.977,-1.496,-0.002,-0.008,-0.012,-222241
16.423029875,52224505,3.305,-8.977,-1.496,-0.006,-0.012,0.002,-221984
16.428248542,52229726,3.305,-8.977,-1.496,-0.008,0.008,0.014,-222803
16.432473417,52233947,3.305,-8.977,-1.496,-0.004,-0.002,0.008,-222193
16.437782792,52239169,3.305,-8.977,-1.496,0.002,-0.016,-0.002,-221765
16.442969792,52244375,3.305,-8.977,-1.496,-0.006,-0.008,0.002,-221765
16.448132292,52249596,3.305,-8.977,-1.496,0.010,0.008,0.002,-222013
16.452329625,52253817,3.383,-8.980,-1.613,0.010,0.008,0.002,-221492
16.455566083,52257038,3.383,-8.980,-1.613,0.002,0.000,-0.008,-221467
16.461820792,52263259,3.383,-8.980,-1.613,0.006,-0.008,0.008,-222014
16.466026667,52267480,3.383,-8.980,-1.613,0.002,0.004,-0.004,-221817
16.47018425,52271701,3.383,-8.980,-1.613,0.006,0.006,0.006,-220954
16.4757835,52276922,3.383,-8.980,-1.613,-0.002,-0.006,-0.004,-222337
16.48171025,52283143,3.383,-8.980,-1.613,-0.002,0.006,0.016,-222127
16.4858555,52287364,3.305,-8.977,-1.535,-0.002,0.006,0.016,-221813
16.489194458,52290586,3.305,-8.977,-1.535,0.006,0.002,0.018,-222256
16.495478667,52296807,3.305,-8.977,-1.535,0.010,-0.002,-0.020,-221358
16.499857042,52301028,3.305,-8.977,-1.535,-0.006,0.000,0.006,-221996
16.504024875,52305249,3.305,-8.977,-1.535,-0.004,-0.006,0.006,-222018
16.508236542,52309470,3.305,-8.977,-1.535,0.006,-0.004,-0.002,-222139
16.513480792,52314691,3.305,-8.977,-1.535,-0.006,-0.006,-0.002,-222935
16.517460333,52318912,3.344,-9.016,-1.461,-0.006,-0.006,-0.002,-221737
16.520683083,52322133,3.344,-9.016,-1.461,-0.002,0.000,0.008,-221079
16.525863583,52327354,3.344,-9.016,-1.461,0.008,-0.008,0.012,-221933
16.531153417,52332575,3.344,-9.016,-1.461,-0.002,-0.004,0.002,-222601
16.535456625,52336796,3.344,-9.016,-1.461,0.002,-0.010,0.020,-221233
16.540676542,52342017,3.344,-9.016,-1.461,0.004,0.012,-0.006,-222690
16.545052542,52346238,3.344,-8.941,-1.535,0.004,0.012,-0.006,-222119
16.54711125,52348459,3.344,-8.941,-1.535,-0.010,-0.002,0.004,-222492
16.551203208,52352680,3.344,-8.941,-1.535,0.020,0.012,0.004,-222197
16.555661792,52356901,3.344,-8.941,-1.535,-0.014,-0.014,0.010,-221811
16.560697542,52362122,3.344,-8.941,-1.535,0.002,0.008,-0.010,-222384
16.564872708,52366343,3.344,-8.941,-1.535,0.006,0.002,-0.008,-222007
16.569109333,52370564,3.344,-8.941,-1.535,-0.006,0.006,0.014,-222180
16.573288167,52374785,3.344,-8.980,-1.461,-0.006,0.006,0.014,-221426
16.575528333,52377006,3.344,-8.980,-1.461,0.016,0.014,0.004,-221862
16.581723583,52383227,3.344,-8.980,-1.461,0.000,0.008,0.020,-222392
16.585950417,52387448,3.344,-8.980,-1.461,-0.008,0.004,0.004,-220838
16.590473,52391669,3.344,-8.980,-1.461,0.002,0.004,-0.010,-221842
16.595478542,52396890,3.344,-8.980,-1.461,0.006,-0.006,-0.006,-222040
16.600731917,52402111,3.344,-8.980,-1.461,-0.002,0.008,-0.008,-221848
16.604798542,52406332,3.305,-9.020,-1.535,-0.002,0.008,-0.008,-221734
16.608026625,52409553,3.305,-9.020,-1.535,0.002,0.000,0.010,-222201
16.613563125,52414774,3.305,-9.020,-1.535,0.000,-0.008,0.004,-222013
16.617486292,52418995,3.305,-9.020,-1.535,0.006,0.006,-0.002,-222149
16.62168525,52423216,3.305,-9.020,-1.535,0.016,-0.004,0.008,-221567
16.625907042,52427437,3.305,-9.020,-1.535,-0.002,-0.012,0.002,-222167
16.630169,52431658,3.305,-9.020,-1.535,0.000,0.004,0.002,-222071
16.633398625,52434879,3.344,-9.016,-1.535,0.000,0.004,0.002,-221664
16.636902875,52438100,3.344,-9.016,-1.535,0.000,0.010,0.000,-221736
16.642920625,52444321,3.344,-9.016,-1.535,0.004,-0.004,0.010,-222507
16.64713425,52448542,3.344,-9.016,-1.535,-0.006,0.008,0.004,-222989
16.6512985,52452763,3.344,-9.016,-1.535,-0.002,-0.002,-0.004,-221259
16.655492958,52456984,3.344,-9.016,-1.535,-0.008,0.000,0.014,-221513
16.660748833,52462205,3.383,-9.016,-1.496,-0.008,0.000,0.014,-221935
16.662966792,52464426,3.383,-9.016,-1.496,-0.006,0.002,-0.004,-222429
16.667208167,52468647,3.383,-9.016,-1.496,0.006,0.008,0.006,-221503
16.671732667,52472868,3.383,-9.016,-1.496,-0.008,-0.008,0.008,-221854
16.676548,52477089,3.383,-9.016,-1.496,0.000,0.002,0.000,-221867
16.680864542,52482310,3.383,-9.016,-1.496,0.006,-0.002,-0.010,-222528
16.685049833,52486531,3.383,-9.016,-1.496,-0.014,0.010,0.002,-221450
16.688255208,52489752,3.305,-9.020,-1.535,-0.014,0.010,0.002,-221880
16.690514667,52491973,3.305,-9.020,-1.535,-0.008,-0.008,-0.002,-221950
16.695739667,52497194,3.305,-9.020,-1.535,-0.006,0.004,-0.008,-222864
16.700950625,52502415,3.305,-9.020,-1.535,0.014,0.004,0.004,-221815
16.705240833,52506636,3.305,-9.020,-1.535,-0.006,-0.008,-0.004,-221387
16.71054575,52510857,3.305,-9.020,-1.535,0.002,0.004,0.008,-221723
16.7136905,52515078,3.305,-9.020,-1.535,0.002,-0.002,0.002,-221543
16.716792083,52518299,3.344,-8.980,-1.613,0.002,-0.002,0.002,-222483
16.720066542,52521520,3.344,-8.980,-1.613,0.004,0.002,-0.004,-221834
16.726324333,52527741,3.344,-8.980,-1.613,-0.006,-0.008,-0.004,-222233
16.730652542,52531962,3.344,-8.980,-1.613,-0.004,-0.008,0.004,-222769
16.734011292,52535183,3.344,-8.980,-1.613,0.002,0.006,0.010,-221230
16.7382365,52539404,3.344,-8.980,-1.613,-0.008,-0.012,0.010,-222144
16.743415583,52544625,3.344,-8.980,-1.613,-0.004,-0.006,0.018,-222217
16.746674542,52547846,3.383,-8.980,-1.496,-0.004,-0.006,0.018,-221498
16.750586542,52552067,3.383,-8.980,-1.496,0.006,0.000,0.008,-221455
16.754853208,52556288,3.344,-8.980,-1.535,0.006,0.000,0.008,-221406
16.757041542,52558509,3.344,-8.980,-1.535,0.004,-0.008,-0.002,-221834
16.761267292,52562730,3.344,-8.980,-1.535,0.004,0.004,0.004,-222282
16.765477,52566951,3.344,-8.980,-1.535,0.006,0.006,0.014,-221943
16.770848667,52572172,3.344,-8.980,-1.535,0.008,0.004,0.006,-221509
16.775164292,52576393,3.344,-8.980,-1.535,-0.004,0.006,-0.004,-222565
16.779250625,52580614,3.191,-8.902,-1.844,-0.004,0.006,-0.004,-222165
16.781404375,52582835,3.191,-8.902,-1.844,0.016,0.002,-0.010,-222106
16.786567708,52588056,3.191,-8.902,-1.844,-0.010,0.094,0.012,-222666
16.790957083,52592277,3.191,-8.902,-1.844,-0.016,-0.008,-0.051,-222443
16.794990833,52596498,3.191,-8.902,-1.844,0.104,-0.086,-0.141,-221615
16.800226125,52601719,3.191,-8.902,-1.844,0.051,-0.066,-0.016,-222624
16.8054525,52606940,3.191,-8.902,-1.844,-0.006,-0.197,-0.080,-221862
16.808913167,52610161,2.691,-9.016,-1.766,-0.006,-0.197,-0.080,-222161
16.811749625,52613382,2.691,-9.016,-1.766,-0.035,0.125,0.318,-222694
16.818121917,52619603,2.691,-9.016,-1.766,0.076,-0.080,-0.490,-222163
16.822625083,52623824,2.691,-9.016,-1.766,0.080,-0.184,-0.631,-221696
16.825582875,52627045,2.691,-9.016,-1.766,0.037,-0.191,-0.109,-222294
16.830956333,52632266,2.691,-9.016,-1.766,-0.002,0.086,0.361,-222191
16.8360535,52637487,3.266,-8.938,-1.383,-0.002,0.086,0.361,-221823
16.839219375,52640708,3.266,-8.938,-1.383,-0.053,0.137,0.090,-221725
16.844465458,52645929,3.266,-8.938,-1.383,0.111,-0.154,-0.461,-221740
16.848690292,52650150,3.266,-8.938,-1.383,0.074,-0.238,-0.260,-222167
16.85391275,52655371,3.266,-8.938,-1.383,0.018,0.055,0.365,-221605
16.858227208,52659592,3.266,-8.938,-1.383,-0.039,0.176,0.312,-221790
16.863475792,52664813,3.266,-8.938,-1.383,-0.031,-0.035,-0.437,-222520
16.86762625,52669034,3.422,-9.020,-1.383,-0.031,-0.035,-0.437,-221092
16.870880042,52672255,3.422,-9.020,-1.383,-0.006,0.062,-0.377,-221754
16.876062708,52677476,3.422,-9.020,-1.383,-0.010,-0.014,0.328,-222867
16.881191167,52682697,3.422,-9.020,-1.383,0.037,-0.012,-0.074,-221626
16.885446208,52686918,3.422,-9.020,-1.383,0.008,-0.012,-0.168,-222022
16.890788125,52692139,3.422,-9.020,-1.383,-0.072,0.119,-0.160,-221702
16.895993417,52697360,3.422,-9.020,-1.383,-0.006,0.012,-0.078,-222032
16.901246958,52702582,3.613,-9.172,-1.270,-0.006,0.012,-0.078,-221598
16.904594875,52705803,3.613,-9.172,-1.270,-0.031,0.016,0.121,-222169
16.91041975,52711024,3.613,-9.172,-1.270,-0.078,0.035,0.264,-222713
16.913704542,52715245,3.613,-9.172,-1.270,-0.037,0.086,0.104,-222015
16.918918958,52720466,3.613,-9.172,-1.270,0.012,0.004,-0.244,-221831
16.923156,52724687,3.613,-9.172,-1.270,0.010,-0.039,-0.182,-221453
16.92855975,52729908,3.613,-9.172,-1.270,-0.018,0.004,0.104,-221307
16.93292175,52734129,3.227,-8.938,-1.422,-0.018,0.004,0.104,-221888
16.936123667,52737350,3.227,-8.938,-1.422,-0.008,0.027,0.145,-222246
16.942457458,52743571,3.227,-8.938,-1.422,-0.014,0.006,-0.121,-222209
16.946389375,52747792,3.227,-8.938,-1.422,-0.002,-0.010,-0.006,-222652
16.950578208,52752013,3.227,-8.938,-1.422,0.027,-0.029,0.047,-222144
16.95486375,52756234,3.227,-8.938,-1.422,0.029,-0.035,0.049,-220934
16.959975417,52761455,3.227,-8.938,-1.422,0.033,-0.012,0.039,-221986
16.964133625,52765676,3.344,-8.941,-1.535,0.033,-0.012,0.039,-223179
16.967596042,52768897,3.344,-8.941,-1.535,0.031,-0.008,-0.008,-221996
16.97364525,52775118,3.344,-8.941,-1.535,-0.045,-0.004,-0.012,-221623
16.978267167,52779339,3.344,-8.941,-1.535,0.010,-0.035,0.014,-221735
16.982033083,52783560,3.344,-8.941,-1.535,0.025,-0.006,0.064,-222308
16.986271708,52787781,3.344,-8.941,-1.535,-0.016,0.070,0.094,-221965
16.991574167,52793002,3.344,-8.941,-1.535,0.006,-0.137,-0.105,-221488
16.995849708,52797223,2.809,-8.977,-1.574,0.006,-0.137,-0.105,-222252
16.998984042,52800444,2.809,-8.977,-1.574,-0.027,0.119,0.045,-221293
17.005189042,52806665,2.809,-8.977,-1.574,-0.002,-0.004,-0.010,-221742
17.009443333,52810886,2.809,-8.977,-1.574,0.021,-0.100,-0.350,-221606
17.01264975,52814107,2.809,-8.977,-1.574,-0.008,0.008,0.061,-222075
17.016826083,52818328,2.809,-8.977,-1.574,0.002,0.066,0.201,-221867
17.021196167,52822549,3.074,-8.898,-1.422,0.002,0.066,0.201,-222240
17.024293167,52825771,3.074,-8.898,-1.422,-0.025,0.094,0.051,-222696
17.029521042,52830992,3.074,-8.898,-1.422,0.074,-0.117,-0.182,-222397
17.033700292,52835213,3.074,-8.898,-1.422,0.043,-0.127,-0.090,-221994
17.037892667,52839434,3.074,-8.898,-1.422,-0.027,0.010,0.127,-222619
17.043589042,52844655,3.074,-8.898,-1.422,-0.068,0.059,0.037,-222579
17.047374708,52848876,3.074,-8.898,-1.422,0.016,0.084,0.004,-222989
17.050662542,52852097,3.496,-8.980,-1.535,0.016,0.084,0.004,-221133
17.053901875,52855318,3.496,-8.980,-1.535,0.027,-0.010,-0.004,-221893
17.060321917,52861539,3.496,-8.980,-1.535,0.021,-0.055,-0.043,-222463
17.064238042,52865760,3.496,-8.980,-1.535,0.016,0.006,0.025,-222176
17.068425,52869981,3.496,-8.980,-1.535,-0.047,0.096,-0.029,-222769
17.072674208,52874202,3.496,-8.980,-1.535,-0.076,0.137,0.010,-221964
17.07710075,52878423,3.496,-8.980,-1.535,-0.016,-0.141,-0.195,-221655
17.082191708,52883644,3.496,-9.320,-1.230,-0.016,-0.141,-0.195,-221754
17.0854235,52886865,3.496,-9.320,-1.230,-0.018,0.047,0.020,-221589
17.090798458,52892086,3.496,-9.320,-1.230,-0.025,0.061,0.061,-221771
17.094089042,52895307,3.113,-9.016,-1.844,-0.025,0.061,0.061,-222798
17.0980435,52899528,3.113,-9.016,-1.844,-0.004,0.025,-0.178,-221837
17.102306042,52903749,3.113,-9.016,-1.844,0.020,-0.043,-0.143,-221226
17.10546775,52906970,3.113,-9.016,-1.844,-0.027,-0.029,-0.074,-221130
17.11066375,52912191,3.113,-9.016,-1.844,-0.020,0.047,0.100,-221749
17.116305708,52917412,3.113,-9.016,-1.844,-0.025,0.029,0.098,-222199
17.121093875,52922633,3.305,-9.059,-1.496,-0.025,0.029,0.098,-222083
17.123275167,52924854,3.305,-9.059,-1.496,-0.008,-0.002,-0.131,-221010
17.12864325,52930075,3.305,-9.059,-1.496,0.014,-0.021,0.029,-222022
17.133835042,52934296,3.305,-9.059,-1.496,0.027,-0.031,0.066,-221684
17.136929458,52938519,3.305,-9.059,-1.496,0.027,-0.010,0.053,-221381
17.141131875,52942740,3.305,-9.059,-1.496,0.021,-0.008,0.023,-222221
17.145323458,52946961,3.305,-9.059,-1.496,0.018,-0.018,-0.018,-222034
17.148575625,52950182,3.344,-8.980,-1.613,0.018,-0.018,-0.018,-221639
17.150797,52952403,3.344,-8.980,-1.613,0.008,-0.025,-0.059,-221822
17.156003333,52957624,3.344,-8.980,-1.613,0.021,-0.014,0.039,-221465
17.167209292,52961845,3.344,-8.980,-1.613,0.014,-0.014,0.061,-222664
17.167287333,52967066,3.344,-8.980,-1.613,-0.006,-0.008,0.018,-222384
17.169641125,52971287,3.344,-8.980,-1.613,0.006,-0.014,-0.008,-221747
17.173918708,52975508,3.344,-8.980,-1.613,0.008,-0.043,-0.027,-221657
17.178098958,52979729,3.574,-8.938,-1.496,0.008,-0.043,-0.027,-222825
17.181388208,52982950,3.574,-8.938,-1.496,-0.004,0.006,0.014,-221560
17.1866005,52988171,3.574,-8.938,-1.496,-0.010,0.016,0.098,-221017
17.190860583,52992392,3.574,-8.938,-1.496,-0.014,0.023,0.039,-222277
17.19396625,52995613,3.574,-8.938,-1.496,-0.008,0.018,-0.029,-222325
17.19828025,52999834,3.574,-8.938,-1.496,-0.006,-0.008,-0.055,-222341
17.203446833,53005055,3.574,-8.938,-1.496,-0.025,0.023,0.023,-221553
17.207742917,53009276,3.227,-9.016,-1.461,-0.025,0.023,0.023,-221716
17.210853292,53012497,3.227,-9.016,-1.461,-0.027,0.020,0.031,-222118
17.216165208,53017718,3.227,-9.016,-1.461,-0.002,0.006,-0.037,-221890
17.221370875,53022939,3.227,-9.016,-1.461,0.006,0.008,-0.023,-222019
17.225616708,53027160,3.227,-9.016,-1.461,0.008,0.004,-0.002,-222852
17.230856208,53032381,3.227,-9.016,-1.461,0.006,-0.002,-0.006,-222402
17.235981708,53037602,3.227,-9.016,-1.461,0.012,-0.012,-0.006,-222323
17.241308458,53042823,3.305,-9.020,-1.613,0.012,-0.012,-0.006,-222796
17.244429917,53046044,3.305,-9.020,-1.613,0.014,-0.002,0.039,-222343
17.249732,53051266,3.305,-9.020,-1.613,0.008,-0.012,0.004,-221866
17.253945625,53055487,3.305,-9.020,-1.613,0.006,-0.006,-0.010,-222275
17.259135042,53060708,3.305,-9.020,-1.613,0.016,-0.010,-0.004,-221876
17.263630792,53064931,3.305,-9.020,-1.613,0.006,0.010,0.008,-221831
17.267619208,53069151,3.305,-9.020,-1.613,-0.004,0.010,0.025,-221760
17.270761125,53072372,3.383,-8.941,-1.535,-0.004,0.010,0.025,-221270
17.274087917,53075593,3.383,-8.941,-1.535,0.008,0.016,0.018,-221342
17.280299458,53081814,3.383,-8.941,-1.535,0.021,0.010,-0.029,-221748
17.284463542,53086035,3.383,-8.941,-1.535,0.002,0.012,-0.021,-221976
17.2887095,53090256,3.383,-8.941,-1.535,0.000,0.008,-0.002,-221780
17.292924125,53094477,3.383,-8.941,-1.535,-0.006,0.008,-0.010,-221869
17.296171958,53097698,3.383,-8.941,-1.535,-0.018,0.012,0.010,-222220
17.300403583,53101919,3.305,-8.938,-1.535,-0.018,0.012,0.010,-221934
17.303584417,53105140,3.305,-8.938,-1.535,-0.004,0.016,0.018,-222366
17.308859708,53110361,3.305,-8.938,-1.535,-0.006,0.014,0.002,-222675
17.314037333,53115583,3.305,-8.938,-1.535,-0.008,-0.006,-0.006,-221885
17.318261125,53119804,3.305,-8.938,-1.535,0.004,-0.006,-0.018,-222115
17.323537833,53125025,3.305,-8.938,-1.535,-0.027,-0.006,0.010,-221866
17.327766333,53129246,3.344,-9.055,-1.496,-0.027,-0.006,0.010,-222008
17.330906333,53132467,3.344,-9.055,-1.496,0.002,0.002,0.020,-221549
17.33618375,53137688,3.344,-9.055,-1.496,-0.008,-0.014,0.006,-221828
17.341579125,53142909,3.344,-9.055,-1.496,-0.014,-0.006,0.000,-222003
17.345632833,53147130,3.344,-9.055,-1.496,0.006,-0.004,-0.004,-222040
17.350846708,53152351,3.344,-9.055,-1.496,0.006,-0.006,0.004,-221457
17.356052708,53157572,3.344,-9.055,-1.496,0.010,-0.014,0.010,-221767
17.361295542,53162793,3.383,-9.020,-1.574,0.010,-0.014,0.010,-222199
17.363527292,53165014,3.383,-9.020,-1.574,0.010,0.002,-0.002,-222369
17.3687205,53170235,3.383,-9.020,-1.574,0.008,0.004,0.018,-221707
17.372991,53174456,3.383,-9.020,-1.574,0.002,-0.006,-0.008,-221840
17.377237875,53178677,3.383,-9.020,-1.574,0.010,-0.002,-0.016,-221225
17.382421458,53183898,3.383,-9.020,-1.574,0.010,-0.004,-0.004,-221564
17.386631458,53188119,3.383,-9.020,-1.574,-0.002,-0.006,-0.016,-221557
17.390977,53192340,3.383,-8.980,-1.535,-0.002,-0.006,-0.016,-222508
17.394055208,53195561,3.383,-8.980,-1.535,0.004,0.004,0.010,-222606
17.399304083,53200782,3.383,-8.980,-1.535,0.008,0.002,-0.002,-222028
17.40347525,53205003,3.383,-8.980,-1.535,-0.004,0.008,-0.006,-221577
17.4066925,53208224,3.383,-8.980,-1.535,-0.002,0.012,-0.006,-221800
17.410939375,53212445,3.383,-8.980,-1.535,-0.004,0.000,-0.002,-221872
17.415186458,53216666,3.383,-8.980,-1.535,-0.004,0.016,-0.004,-221962
17.420386583,53221887,3.344,-8.980,-1.496,-0.004,0.016,-0.004,-221126
17.423638458,53225108,3.344,-8.980,-1.496,0.004,0.002,-0.002,-221938
17.428881958,53230329,3.344,-8.980,-1.496,0.008,0.018,0.002,-222429
17.434132375,53235550,3.344,-8.980,-1.496,-0.002,0.008,0.014,-222056
17.43833225,53239771,3.344,-8.980,-1.496,-0.004,-0.004,0.008,-221346
17.443578708,53244992,3.344,-8.980,-1.496,-0.006,0.004,0.010,-222461
17.44773475,53249213,3.344,-8.941,-1.613,-0.006,0.004,0.010,-222222
17.4509825,53252435,3.344,-8.941,-1.613,-0.002,-0.014,-0.006,-221569
17.45630475,53257657,3.344,-8.941,-1.613,-0.004,-0.012,-0.020,-221928
17.46143425,53262878,3.344,-8.941,-1.613,-0.018,-0.002,-0.020,-222011
17.465625167,53267099,3.344,-8.941,-1.613,0.004,0.000,-0.004,-222278
17.470918375,53272320,3.344,-8.941,-1.613,0.004,-0.002,0.002,-220950
17.476388333,53277541,3.344,-8.941,-1.613,0.004,-0.004,0.008,-222218
17.481271042,53282762,3.344,-8.980,-1.535,0.004,-0.004,0.008,-222048
17.483586042,53284983,3.344,-8.980,-1.535,-0.002,-0.008,-0.002,-222179
17.488887958,53290204,3.344,-8.980,-1.535,0.006,0.008,0.004,-221672
17.493058042,53294425,3.344,-8.980,-1.535,0.008,-0.004,0.006,-221790
17.497434,53298646,3.344,-8.980,-1.535,-0.004,-0.006,0.004,-221824
17.502631333,53303867,3.344,-8.980,-1.535,-0.010,0.008,0.000,-221809
17.506877958,53308088,3.344,-8.977,-1.574,-0.010,0.008,0.000,-221520
17.509090042,53310309,3.344,-8.977,-1.574,-0.006,0.004,-0.008,-222344
17.513100292,53314530,3.344,-8.977,-1.574,-0.008,0.006,-0.004,-221800
17.517307292,53318751,3.344,-8.977,-1.574,0.002,0.010,0.000,-221450
17.521556417,53322972,3.344,-8.977,-1.574,-0.006,0.014,0.010,-221775
17.527095458,53328193,3.344,-8.977,-1.574,0.002,0.000,0.002,-221829
17.531190917,53332414,3.344,-8.977,-1.574,0.004,-0.002,-0.002,-222088
17.535419375,53336635,3.383,-9.016,-1.461,0.004,-0.002,-0.002,-221676
17.537611542,53338856,3.383,-9.016,-1.461,0.016,0.000,0.008,-221225
17.542896208,53344077,3.383,-9.016,-1.461,0.002,0.004,0.020,-222502
17.5471445,53348283,3.383,-9.016,-1.461,0.014,0.004,0.008,-222502
17.551070375,53352503,3.383,-9.016,-1.461,0.002,-0.002,-0.004,-222113
17.55527,53356724,3.344,-9.020,-1.574,0.002,-0.002,-0.004,-221669
17.560452375,53361945,3.344,-9.020,-1.574,-0.002,-0.016,0.004,-222026
17.564762125,53366166,3.344,-9.020,-1.574,0.010,-0.004,-0.008,-221206
17.569066333,53370387,3.344,-9.020,-1.574,-0.008,0.004,-0.006,-222605
17.574415583,53375608,3.344,-9.020,-1.574,0.008,-0.006,-0.008,-221677
17.578678125,53379829,3.344,-9.020,-1.574,-0.004,0.002,-0.004,-222108
17.583542542,53385051,3.344,-8.980,-1.535,-0.004,0.002,-0.004,-222046
17.585870042,53387272,3.344,-8.980,-1.535,0.002,-0.004,0.004,-221410
17.59101675,53392493,3.344,-8.980,-1.535,0.006,0.004,0.000,-221528
17.595265458,53396714,3.344,-8.980,-1.535,-0.004,0.010,0.006,-222363
17.600641375,53401935,3.344,-8.980,-1.535,-0.004,0.004,0.004,-222308
17.603692167,53405156,3.344,-9.020,-1.574,-0.004,0.004,0.004,-221995
17.605891833,53407377,3.344,-9.020,-1.574,0.010,0.000,-0.008,-221757
17.61113025,53412598,3.344,-9.020,-1.574,0.010,0.006,-0.006,-222733
17.615317333,53416819,3.344,-9.020,-1.574,-0.008,-0.008,0.004,-222295
17.6205705,53422040,3.344,-9.020,-1.574,-0.004,0.002,-0.004,-221818
17.625825208,53427261,3.344,-9.020,-1.574,-0.008,0.008,0.014,-221541
17.630046542,53431482,3.344,-9.020,-1.574,0.004,0.000,-0.010,-222768
17.63335475,53434703,3.266,-8.977,-1.496,0.004,0.000,-0.010,-221621
17.63544425,53436924,3.266,-8.977,-1.496,0.000,0.006,-0.008,-221753
17.640686667,53442145,3.266,-8.977,-1.496,0.004,0.006,0.008,-222121
17.644861833,53446366,3.266,-8.977,-1.496,-0.006,0.004,0.014,-221882
17.649135708,53450587,3.266,-8.977,-1.496,0.004,0.000,-0.006,-222234
17.653330208,53454808,3.266,-8.977,-1.496,-0.002,0.000,0.004,-221395
17.656536042,53458029,3.266,-8.977,-1.496,0.002,0.008,-0.004,-221443
17.661786667,53463250,3.305,-9.059,-1.496,0.002,0.008,-0.004,-222475
17.663982375,53465473,3.305,-9.059,-1.496,-0.006,-0.012,-0.004,-222508
17.668274917,53469693,3.305,-9.059,-1.496,-0.010,-0.002,-0.006,-221853
17.67262425,53473914,3.305,-9.059,-1.496,-0.002,-0.002,0.006,-221849
17.677152375,53478135,3.305,-9.059,-1.496,0.004,-0.008,-0.006,-221455
17.681871375,53483356,3.305,-9.059,-1.496,0.006,-0.021,-0.016,-222329
17.685197625,53486578,3.305,-9.059,-1.496,0.008,0.008,-0.008,-222064
17.689463708,53490799,3.383,-8.980,-1.496,0.008,0.008,-0.008,-222332
17.69168075,53493020,3.383,-8.980,-1.496,0.014,0.008,0.012,-222384
17.697047292,53498241,3.383,-8.980,-1.496,-0.004,-0.004,-0.008,-222492
17.702228625,53503462,3.383,-8.980,-1.496,-0.010,0.008,-0.006,-222181
17.706469333,53507683,3.383,-8.980,-1.496,-0.008,0.004,0.010,-221686
17.711706833,53512904,3.383,-8.980,-1.496,-0.004,0.008,-0.021,-222135
17.715587958,53517125,3.383,-8.980,-1.496,-0.006,0.004,-0.004,-221661
17.720882708,53522346,3.383,-9.016,-1.496,-0.006,0.004,-0.004,-221800
17.724111917,53525567,3.383,-9.016,-1.496,0.004,0.010,0.000,-221943
17.729455917,53530788,3.383,-9.016,-1.496,-0.008,0.006,0.006,-222726
17.733669625,53535009,3.383,-9.016,-1.496,0.004,0.018,0.002,-222004
17.738043167,53539230,3.383,-9.016,-1.496,0.014,0.004,-0.002,-222255
17.744321208,53544451,3.383,-9.016,-1.496,-0.004,0.006,-0.008,-222285
17.747183417,53548672,3.383,-9.016,-1.496,-0.004,-0.002,-0.010,-222201
17.750441208,53551893,3.305,-8.977,-1.535,-0.004,-0.002,-0.010,-221405
17.752656292,53554114,3.305,-8.977,-1.535,0.000,0.000,-0.004,-221813
17.756932292,53558335,3.305,-8.977,-1.535,-0.010,0.000,0.004,-220937
17.762198375,53563558,3.305,-8.977,-1.535,0.006,0.000,0.006,-222328
17.766460583,53567779,3.305,-8.977,-1.535,-0.008,-0.008,0.000,-221533
17.771771667,53573000,3.305,-8.977,-1.535,0.004,-0.002,0.008,-222309
17.776008833,53577221,3.344,-9.020,-1.574,0.004,-0.002,0.008,-221822
17.778814167,53579442,3.344,-9.020,-1.574,-0.004,-0.014,0.006,-221945
17.783215375,53584663,3.344,-9.020,-1.574,0.000,-0.002,0.000,-222024
17.788436333,53589884,3.344,-9.020,-1.574,0.004,-0.002,0.020,-221496
17.793637167,53595105,3.344,-9.020,-1.574,0.000,-0.004,0.004,-222136
17.798908958,53600326,3.344,-9.020,-1.574,0.000,-0.002,-0.018,-222215
17.803084792,53604547,3.344,-9.016,-1.535,0.000,-0.002,-0.018,-221965
17.805375792,53606768,3.344,-9.016,-1.535,0.006,0.006,-0.006,-222141
17.81155025,53612989,3.344,-9.016,-1.535,-0.010,-0.004,0.004,-222504
17.815745292,53617210,3.344,-9.016,-1.535,0.004,0.004,0.008,-221707
17.821004,53622431,3.344,-9.016,-1.535,0.004,-0.004,0.014,-221994
17.825153042,53626652,3.383,-8.980,-1.535,0.004,-0.004,0.014,-222351
17.827408375,53628873,3.383,-8.980,-1.535,-0.006,-0.006,-0.010,-222061
17.833629958,53635094,3.383,-8.980,-1.535,-0.002,0.004,-0.004,-221907
17.839841583,53641315,3.383,-8.980,-1.535,-0.004,0.002,0.008,-222104
17.844294292,53645536,3.383,-8.980,-1.535,-0.002,0.006,0.002,-222028
17.849284042,53650757,3.383,-8.980,-1.535,-0.004,0.004,0.014,-221725
17.853484458,53654978,3.383,-8.980,-1.535,-0.006,0.008,0.004,-221694
17.857760167,53659199,3.305,-8.977,-1.535,-0.006,0.008,0.004,-223073
17.860964292,53662420,3.305,-8.977,-1.535,0.000,-0.002,0.002,-222268
17.868282333,53669641,3.305,-8.977,-1.535,-0.004,0.008,-0.002,-222576
17.873632375,53674862,3.305,-8.977,-1.535,0.004,0.004,0.002,-221780
17.877594875,53679083,3.305,-8.977,-1.535,0.008,0.004,0.006,-221785
17.881850458,53683304,3.305,-8.977,-1.535,0.012,-0.004,0.006,-222161
17.887033667,53688525,3.305,-8.977,-1.535,0.002,-0.006,0.010,-221739
17.891318292,53692746,3.344,-9.016,-1.535,0.002,-0.006,0.010,-221265
17.893528,53694967,3.344,-9.016,-1.535,-0.008,0.010,0.010,-222189
17.899867583,53701188,3.344,-9.016,-1.535,-0.004,-0.002,-0.002,-222365
17.905128458,53706409,3.344,-9.016,-1.535,0.002,-0.002,0.002,-222048
17.90818375,53709630,3.344,-9.016,-1.535,0.000,0.008,0.010,-222455
17.912359708,53713851,3.344,-9.016,-1.535,-0.012,0.000,0.014,-222596
17.916646667,53718072,3.344,-9.016,-1.535,0.006,-0.006,0.002,-222518
17.921966292,53723293,3.344,-9.016,-1.535,0.006,-0.006,0.002,-221895
17.924293,53725514,3.344,-9.016,-1.535,0.002,-0.002,0.008,-221833
17.92853325,53729735,3.344,-9.016,-1.535,0.006,-0.004,0.006,-222163
17.932774167,53733956,3.344,-9.016,-1.535,-0.004,-0.008,0.010,-222232
17.937261583,53738177,3.344,-9.016,-1.535,-0.008,-0.002,0.010,-223209
17.942247417,53743398,3.344,-9.016,-1.535,0.004,0.000,-0.006,-222839
17.946116208,53747619,3.344,-9.016,-1.535,-0.010,0.006,0.012,-222439
17.950394542,53751840,3.344,-9.016,-1.496,-0.010,0.006,0.012,-221350
17.952520417,53754061,3.344,-9.016,-1.496,-0.004,0.004,-0.008,-221125
17.956757958,53758282,3.344,-9.016,-1.496,-0.002,-0.004,-0.006,-221855
17.962175875,53763503,3.344,-9.016,-1.496,0.010,-0.004,0.002,-222343
17.966521667,53767724,3.344,-9.016,-1.496,-0.002,0.004,-0.004,-221663
17.970739458,53771945,3.344,-9.016,-1.496,0.002,0.006,-0.006,-221255
17.97618425,53777166,3.344,-9.016,-1.496,0.004,0.002,-0.008,-222171
17.979969875,53781387,3.344,-9.020,-1.574,0.004,0.002,-0.008,-221782
17.983363708,53784608,3.344,-9.020,-1.574,0.002,-0.006,0.002,-221592
17.988422667,53789829,3.344,-9.020,-1.574,-0.006,-0.006,0.004,-221574
17.992689667,53794050,3.344,-9.020,-1.574,-0.006,0.016,-0.012,-221695
17.996855708,53798271,3.344,-9.020,-1.574,0.004,0.000,-0.008,-222417
18.002128583,53803492,3.344,-9.020,-1.574,-0.006,0.004,-0.002,-221706
18.006636458,53807713,3.344,-9.016,-1.535,-0.006,0.004,-0.002,-222234
18.008515208,53809934,3.344,-9.016,-1.535,0.004,0.012,-0.002,-221880
18.0138765,53815155,3.344,-9.016,-1.535,0.002,0.002,-0.006,-221315
18.0181755,53819376,3.344,-9.016,-1.535,0.006,-0.004,-0.006,-221797
18.023150125,53824597,3.344,-9.016,-1.535,0.004,0.006,0.004,-221857
18.028334958,53829818,3.344,-9.016,-1.535,0.000,-0.006,-0.018,-222420
18.033505333,53835039,3.344,-9.016,-1.535,0.004,0.000,0.006,-221397
18.03773125,53839260,3.383,-9.016,-1.496,0.004,0.000,0.006,-221607
18.041670125,53842481,3.383,-9.016,-1.496,0.008,-0.010,0.004,-221576
18.046185542,53847702,3.383,-9.016,-1.496,0.002,-0.006,-0.006,-222047
18.051480792,53852923,3.383,-9.016,-1.496,0.002,0.006,-0.008,-222097
18.0557405,53857144,3.383,-9.016,-1.496,-0.004,0.000,0.008,-221606
18.061048208,53862365,3.383,-9.016,-1.496,-0.002,-0.008,-0.006,-221542
18.065377833,53866586,3.383,-9.016,-1.496,0.002,-0.002,0.010,-221709
18.069583458,53870807,3.344,-9.016,-1.535,0.002,-0.002,0.010,-221492
18.07178425,53873028,3.344,-9.016,-1.535,0.014,0.004,-0.008,-221836
18.077251958,53878249,3.344,-9.016,-1.535,0.004,0.002,0.002,-221968
18.08206425,53883470,3.344,-9.016,-1.535,0.008,0.010,-0.002,-222125
18.086142542,53887691,3.344,-9.016,-1.535,-0.004,0.008,0.004,-221506
18.089395,53890912,3.305,-9.020,-1.535,-0.004,0.008,0.004,-221713
18.093923208,53895133,3.305,-9.020,-1.535,-0.006,0.002,0.008,-222382
18.098024542,53899355,3.305,-9.020,-1.535,-0.002,0.012,0.008,-222113
18.102358208,53903575,3.305,-9.020,-1.535,0.002,0.006,-0.004,-221278
18.10763125,53908796,3.305,-9.020,-1.535,0.002,0.008,0.000,-221722
18.11158125,53913017,3.305,-9.020,-1.535,0.008,0.008,0.004,-222270
18.116700333,53918238,3.227,-9.215,-1.652,0.008,0.008,0.004,-221963
18.120019458,53921461,3.227,-9.215,-1.652,0.016,-0.002,-0.023,-221880
18.126284167,53927682,3.227,-9.215,-1.652,0.068,-0.051,-0.076,-222196
18.130463125,53931903,3.227,-9.215,-1.652,-0.016,0.012,-0.021,-222414
18.134891,53936124,3.227,-9.215,-1.652,0.062,-0.248,-0.066,-221753
18.138886708,53940345,3.227,-9.215,-1.652,0.004,-0.148,-0.041,-221314
18.144050375,53945567,2.844,-8.941,-1.613,0.004,-0.148,-0.041,-222878
18.146302708,53947788,2.844,-8.941,-1.613,0.012,0.066,0.334,-221964
18.151570958,53953009,2.844,-8.941,-1.613,0.053,-0.047,-0.293,-222023
18.155724542,53957230,3.574,-9.176,-1.461,0.053,-0.047,-0.293,-222334
18.158013042,53959451,3.574,-9.176,-1.461,0.031,-0.113,-0.395,-221677
18.163297625,53964672,3.574,-9.176,-1.461,0.021,0.020,0.189,-222938
18.168537875,53969893,3.574,-9.176,-1.461,-0.027,0.070,0.145,-222337
18.172826167,53974114,3.574,-9.176,-1.461,0.018,0.055,-0.070,-221441
18.17692125,53978335,3.574,-9.176,-1.461,0.033,-0.014,-0.170,-222290
18.182104125,53983556,3.574,-9.176,-1.461,0.023,0.006,-0.031,-222310
18.186302667,53987777,3.305,-8.902,-1.535,0.023,0.006,-0.031,-222101
18.189567083,53990998,3.305,-8.902,-1.535,0.018,0.016,0.074,-221898
18.19578275,53997219,3.305,-8.902,-1.535,0.012,-0.018,-0.064,-222363
18.199970542,54001440,3.305,-8.902,-1.535,-0.016,0.021,-0.047,-221720
18.20420375,54005661,3.305,-8.902,-1.535,-0.004,0.035,0.020,-221627
18.209776792,54010882,3.305,-8.902,-1.535,-0.018,-0.012,0.020,-221409
18.2136165,54015103,3.305,-8.902,-1.535,0.025,-0.043,-0.027,-222189
18.216869583,54018324,3.422,-9.020,-1.496,0.025,-0.043,-0.027,-221955
18.219038833,54020545,3.422,-9.020,-1.496,-0.027,-0.014,-0.027,-221482
18.224283208,54025766,3.422,-9.020,-1.496,0.000,-0.010,-0.012,-221696
18.228523542,54029987,3.422,-9.020,-1.496,-0.025,-0.039,-0.047,-222162
18.232807792,54034209,3.422,-9.020,-1.496,0.023,-0.018,-0.010,-221558
18.237096208,54038430,3.422,-9.020,-1.496,-0.002,-0.012,0.113,-221160
18.24233975,54043651,3.422,-9.020,-1.496,-0.021,0.000,0.078,-221759
18.246403708,54047872,3.191,-8.938,-1.613,-0.021,0.000,0.078,-222499
18.248599417,54050093,3.191,-8.938,-1.613,-0.010,-0.004,-0.043,-222253
18.253907875,54055314,3.191,-8.938,-1.613,0.006,-0.016,-0.078,-221683
18.258307167,54059520,3.383,-8.980,-1.496,0.006,-0.016,-0.078,-221683
18.261210292,54062740,3.383,-8.980,-1.496,0.014,-0.010,-0.031,-221975
18.266752833,54067961,3.383,-8.980,-1.496,0.008,0.006,0.016,-221434
18.270701458,54072182,3.383,-8.980,-1.496,0.010,0.014,-0.029,-221879
18.275229333,54076403,3.383,-8.980,-1.496,0.018,0.002,-0.035,-221620
18.281195542,54082624,3.383,-8.980,-1.496,0.004,0.008,-0.008,-222010
18.28538075,54086845,3.383,-8.980,-1.496,0.010,0.010,0.008,-221221
18.289656792,54091066,3.305,-8.977,-1.535,0.010,0.010,0.008,-222809
18.291765667,54093287,3.305,-8.977,-1.535,0.000,0.004,0.025,-221848
18.296067458,54097508,3.305,-8.977,-1.535,0.004,0.010,-0.016,-221884
18.300329875,54101729,3.305,-8.977,-1.535,-0.004,-0.008,-0.018,-221621
18.303593667,54104950,3.305,-8.977,-1.535,-0.008,-0.010,-0.012,-222398
18.307969167,54109171,3.305,-8.977,-1.535,0.006,0.008,0.006,-221328
18.311842,54113392,3.305,-8.977,-1.535,0.014,0.008,0.020,-222058
18.316185375,54117613,3.305,-8.977,-1.535,0.014,0.008,0.020,-222347
18.319410458,54120834,3.305,-8.977,-1.535,0.000,-0.010,0.014,-222284
18.324560958,54126055,3.305,-8.977,-1.535,0.012,-0.045,-0.025,-222913
18.329101542,54130276,3.305,-8.977,-1.535,0.008,-0.018,-0.043,-222818
18.3331655,54134498,3.305,-8.977,-1.535,-0.066,0.051,0.057,-222226
18.337280583,54138719,3.305,-8.977,-1.535,0.049,-0.018,-0.002,-221975
18.342646958,54143940,3.305,-8.977,-1.535,-0.002,0.070,0.016,-222111
18.346683917,54148161,4.570,-8.980,-1.535,-0.002,0.070,0.016,-222257
18.348886875,54150382,4.570,-8.980,-1.535,-0.031,-0.143,-0.109,-222607
18.353113625,54154603,4.570,-8.980,-1.535,0.010,0.199,0.375,-222129
18.357394083,54158824,4.570,-8.980,-1.535,-0.082,0.068,0.285,-221898
18.362608875,54164030,4.570,-8.980,-1.535,0.055,-0.035,-0.383,-221898
18.367057792,54168250,4.570,-8.980,-1.535,-0.008,-0.119,-0.305,-221589
18.371132292,54172471,4.570,-8.980,-1.535,0.010,-0.043,-0.006,-221529
18.374315458,54175692,3.535,-8.871,-1.344,0.010,-0.043,-0.006,-221726
18.376445208,54177913,3.535,-8.871,-1.344,-0.012,0.080,0.301,-222015
18.381674625,54183134,3.535,-8.871,-1.344,0.033,0.059,-0.127,-222373
18.386844917,54188357,3.535,-8.871,-1.344,0.027,-0.025,-0.244,-221801
18.392102833,54193577,2.961,-8.938,-1.574,0.027,-0.025,-0.244,-221665
18.394320292,54195798,2.961,-8.938,-1.574,0.029,-0.100,-0.027,-222217
18.399534958,54201019,2.961,-8.938,-1.574,-0.025,0.059,0.230,-222045
18.404722625,54206240,2.961,-8.938,-1.574,-0.012,-0.012,0.047,-221249
18.408992375,54210461,2.961,-8.938,-1.574,0.008,0.012,-0.262,-222183
18.413361125,54214682,3.266,-8.977,-1.652,0.008,0.012,-0.262,-221960
18.417419667,54218903,3.266,-8.977,-1.652,-0.010,0.004,0.014,-222129
18.421680083,54223124,3.266,-8.977,-1.652,0.006,0.039,0.154,-221059
18.425925208,54227345,3.266,-8.977,-1.652,0.023,-0.082,0.062,-222647
18.43015175,54231567,3.266,-8.977,-1.652,-0.014,-0.088,-0.088,-222488
18.434339167,54235788,3.266,-8.977,-1.652,-0.010,0.016,-0.025,-221910
18.439626208,54241009,3.227,-9.016,-1.652,-0.010,0.016,-0.025,-221088
18.441753417,54243230,3.227,-9.016,-1.652,-0.037,0.027,0.184,-221656
18.447014833,54248451,3.227,-9.016,-1.652,0.016,-0.037,-0.141,-222182
18.451214042,54252672,3.227,-9.016,-1.652,0.010,-0.064,-0.129,-221990
18.455412375,54256893,3.227,-9.016,-1.652,-0.010,-0.012,-0.010,-221468
18.461639958,54263114,3.227,-9.016,-1.652,-0.021,0.033,0.029,-222568
18.466942667,54268335,3.227,-9.016,-1.652,-0.010,0.010,-0.043,-221748
18.471164292,54272556,3.383,-9.137,-1.496,-0.010,0.010,-0.043,-221766
18.474355833,54275777,3.383,-9.137,-1.496,-0.020,0.002,-0.045,-221611
18.47957,54280998,3.383,-9.137,-1.496,0.010,0.002,0.057,-222135
18.484763083,54286219,3.383,-9.137,-1.496,0.008,-0.002,0.006,-222237
18.489015583,54290440,3.383,-9.137,-1.496,-0.002,0.016,0.006,-222049
18.49442125,54295661,3.383,-9.137,-1.496,0.004,0.023,0.012,-221941
18.499500292,54300882,3.383,-9.137,-1.496,0.010,0.016,-0.041,-222251
18.503764583,54305103,3.344,-9.055,-1.496,0.010,0.016,-0.041,-221547
18.506054625,54307324,3.344,-9.055,-1.496,0.006,-0.010,-0.006,-222140
18.510789083,54311545,3.344,-9.055,-1.496,0.020,0.002,0.031,-222407
18.51433325,54315766,3.344,-9.055,-1.496,0.006,0.000,0.006,-222827
18.5185475,54319987,3.344,-9.055,-1.496,0.010,0.010,-0.008,-222077
18.522876667,54324208,3.344,-9.055,-1.496,0.023,-0.039,-0.023,-221981
18.526100542,54327429,3.422,-8.980,-1.574,0.023,-0.039,-0.023,-222102
18.52832125,54329650,3.422,-8.980,-1.574,0.018,-0.018,-0.012,-222294
18.532667667,54333871,3.422,-8.980,-1.574,0.008,-0.006,0.078,-221916
18.5369225,54338092,3.422,-8.980,-1.574,-0.002,-0.004,0.057,-221158
18.542086583,54343313,3.422,-8.980,-1.574,-0.008,0.004,-0.049,-221304
18.54606075,54347534,3.422,-8.980,-1.574,-0.006,-0.020,-0.041,-222555
18.55029725,54351755,3.422,-8.980,-1.574,-0.010,-0.004,0.004,-221976
18.554513417,54355976,3.305,-9.016,-1.422,-0.010,-0.004,0.004,-221832
18.556770458,54358197,3.305,-9.016,-1.422,-0.010,0.004,0.008,-221864
18.562993708,54364418,3.305,-9.016,-1.422,-0.010,-0.006,-0.008,-222839
18.567318958,54368639,3.305,-9.016,-1.422,-0.004,0.000,-0.023,-222215
18.571452375,54372860,3.305,-9.016,-1.422,-0.006,0.018,0.004,-221857
18.575739667,54377081,3.305,-9.016,-1.422,0.010,-0.002,-0.008,-221781
18.579816917,54381302,3.305,-9.016,-1.422,-0.008,-0.004,-0.018,-222115
18.584070583,54385523,3.344,-9.020,-1.574,-0.008,-0.004,-0.018,-221478
18.587300292,54388744,3.344,-9.020,-1.574,-0.012,0.004,-0.014,-221645
18.593509375,54394965,3.344,-9.020,-1.574,-0.002,0.012,0.004,-222618
18.597724667,54399186,3.344,-9.020,-1.574,-0.004,-0.002,-0.008,-221736
18.601928417,54403407,3.344,-9.020,-1.574,0.006,0.000,-0.029,-221941
18.606205042,54407628,3.344,-9.020,-1.574,0.006,-0.006,-0.020,-221324
18.6113915,54412850,3.344,-9.020,-1.574,0.006,0.008,0.016,-222261
18.615593333,54417071,3.344,-9.016,-1.535,0.006,0.008,0.016,-222638
18.618826208,54420292,3.344,-9.016,-1.535,0.010,-0.012,0.004,-222469
18.62408075,54425513,3.344,-9.016,-1.535,0.004,-0.006,-0.010,-222384
18.628307083,54429734,3.344,-9.016,-1.535,0.008,0.000,-0.010,-222861
18.63251725,54433955,3.344,-9.016,-1.535,-0.004,-0.012,-0.016,-221888
18.636776167,54438176,3.344,-9.016,-1.535,0.010,0.002,-0.016,-221300
18.642758208,54443397,3.344,-8.980,-1.461,0.010,0.002,-0.016,-221183
18.6441455,54445618,3.344,-8.980,-1.461,-0.008,-0.002,-0.006,-221905
18.6493765,54450839,3.344,-8.980,-1.461,0.002,0.006,0.016,-222114
18.653550542,54455060,3.344,-8.980,-1.461,-0.004,0.000,0.002,-221530
18.657856292,54459281,3.383,-8.980,-1.535,-0.004,0.000,0.002,-221889
18.66103575,54462502,3.383,-8.980,-1.535,-0.012,0.008,0.006,-222675
18.666281542,54467723,3.383,-8.980,-1.535,0.000,-0.014,0.004,-222074
18.670605625,54471944,3.383,-8.980,-1.535,-0.002,-0.008,0.004,-221789
18.673873708,54475165,3.383,-8.980,-1.535,-0.004,0.000,0.014,-221316
18.677882667,54479386,3.383,-8.980,-1.535,-0.008,0.000,0.008,-221631
18.6821505,54483607,3.383,-8.980,-1.535,0.006,-0.012,0.010,-221847
18.687379042,54488828,3.383,-9.211,-1.574,0.006,-0.012,0.010,-222405
18.689660792,54491049,3.383,-9.211,-1.574,0.018,-0.002,-0.020,-221797
18.69520875,54496270,3.383,-9.211,-1.574,-0.002,-0.010,-0.055,-222214
18.699398875,54500491,3.383,-9.211,-1.574,-0.021,0.043,-0.008,-222252
18.7035945,54504712,3.383,-9.211,-1.574,0.031,0.004,0.072,-222307
18.7077435,54508933,3.383,-9.211,-1.574,0.008,-0.187,-0.115,-221369
18.712162917,54513154,3.383,-9.211,-1.574,-0.029,0.070,0.166,-222762
18.714886917,54516375,2.844,-8.977,-1.574,-0.029,0.070,0.166,-222185
18.717148417,54518596,2.844,-8.977,-1.574,0.002,0.088,0.439,-222748
18.722397833,54523817,2.844,-8.977,-1.574,0.068,-0.074,-0.352,-222552
18.72661025,54528038,2.844,-8.977,-1.574,0.029,-0.201,-0.357,-222209
18.729940375,54531259,2.844,-8.977,-1.574,0.043,-0.137,-0.057,-221902
18.734249667,54535480,2.844,-8.977,-1.574,0.021,0.029,0.273,-221857
18.739479875,54540701,2.844,-8.977,-1.574,-0.072,0.217,0.285,-222187
18.744766708,54545922,2.578,-9.215,-2.188,-0.072,0.217,0.285,-221714
18.747623208,54549143,2.578,-9.215,-2.188,0.105,-0.066,-0.424,-221900
18.753180125,54554364,2.578,-9.215,-2.188,0.021,-0.084,0.115,-222025
18.757175917,54558585,2.578,-9.215,-2.188,-0.014,0.084,0.367,-222352
18.762404292,54563806,2.578,-9.215,-2.188,-0.041,0.092,-0.076,-222187
18.76673125,54568027,2.578,-9.215,-2.188,0.025,0.094,-0.174,-222092
18.771066292,54572248,2.578,-9.215,-2.188,-0.008,0.027,-0.012,-221946
18.774036083,54575469,3.344,-9.016,-1.844,-0.008,0.027,-0.012,-221834
18.777303792,54578690,3.344,-9.016,-1.844,-0.020,-0.014,0.000,-222482
18.782422875,54583911,3.344,-9.016,-1.844,0.037,-0.008,0.049,-221366
18.786654125,54588132,3.344,-9.016,-1.844,-0.008,0.014,0.045,-222457
18.789936875,54591353,3.344,-9.016,-1.844,-0.051,0.092,0.006,-221757
18.795135667,54596574,3.344,-9.016,-1.844,-0.043,0.088,-0.068,-221790
18.800359667,54601795,3.344,-9.016,-1.844,-0.047,-0.010,-0.078,-222086
18.804670375,54606016,3.344,-8.902,-1.230,-0.047,-0.010,-0.078,-220966
18.806858208,54608237,3.344,-8.902,-1.230,-0.002,0.018,0.350,-221821
18.812056375,54613458,3.344,-8.902,-1.230,-0.076,0.072,0.254,-222231
18.817253083,54618679,3.344,-8.902,-1.230,-0.006,-0.018,-0.309,-221350
18.821437667,54622900,3.344,-8.902,-1.230,0.006,-0.039,-0.264,-221533
18.82567475,54627121,3.344,-8.902,-1.230,-0.037,-0.057,-0.037,-222077
18.828863542,54630342,3.344,-8.902,-1.230,-0.033,0.006,0.096,-222407
18.833082333,54634564,3.152,-9.016,-1.535,-0.033,0.006,0.096,-221488
18.835317875,54636785,3.152,-9.016,-1.535,-0.027,0.049,0.184,-221127
18.8413665,54643006,3.152,-9.016,-1.535,-0.006,0.012,-0.133,-221638
18.845820792,54647227,3.152,-9.016,-1.535,0.008,-0.018,-0.094,-222699
18.849002542,54650448,3.152,-9.016,-1.535,0.008,-0.031,0.014,-221666
18.853152875,54654669,3.152,-9.016,-1.535,0.018,-0.023,0.072,-221829
18.856506833,54657890,3.152,-9.016,-1.535,0.020,0.002,0.074,-221571
18.861711292,54663111,3.266,-8.938,-1.496,0.020,0.002,0.074,-222108
18.863841125,54665332,3.266,-8.938,-1.496,0.027,-0.025,-0.021,-222416
18.868046625,54669553,3.266,-8.938,-1.496,0.025,-0.014,-0.104,-221166
18.872413917,54673774,3.266,-8.938,-1.496,0.021,-0.012,-0.008,-220984
18.8765175,54677995,3.266,-8.938,-1.496,0.021,-0.012,0.055,-221613
18.881777833,54683216,3.266,-8.938,-1.496,0.021,0.006,0.031,-222509
18.885992042,54687437,3.535,-8.898,-1.496,0.021,0.006,0.031,-221933
18.889295208,54690658,3.535,-8.898,-1.496,0.023,-0.010,-0.002,-221529
18.894638458,54695879,3.535,-8.898,-1.496,0.023,-0.025,-0.031,-222243
18.899703542,54701100,3.535,-8.898,-1.496,-0.008,0.033,0.049,-221949
18.903812875,54705321,3.535,-8.898,-1.496,-0.002,0.039,0.109,-221621
18.909099667,54710542,3.535,-8.898,-1.496,-0.008,0.020,0.053,-222449
18.914275583,54715763,3.535,-8.898,-1.496,-0.014,0.018,-0.068,-221383
18.918578,54719984,3.344,-8.980,-1.496,-0.014,0.018,-0.068,-221683
18.921810375,54723205,3.344,-8.980,-1.496,0.004,0.006,-0.070,-221736
18.928465792,54729426,3.344,-8.980,-1.496,-0.010,0.023,0.039,-222079
18.932426542,54733647,3.344,-8.980,-1.496,0.000,0.020,0.016,-221763
18.936697083,54737868,3.344,-8.980,-1.496,-0.016,-0.008,-0.023,-221587
18.942501125,54743089,3.344,-8.980,-1.496,0.008,0.000,-0.033,-221739
18.945841333,54747310,3.305,-9.020,-1.535,0.008,0.000,-0.033,-221981
18.949102667,54750531,3.305,-9.020,-1.535,-0.010,-0.010,-0.006,-221452
18.955355958,54756752,3.305,-9.020,-1.535,-0.008,-0.004,0.021,-221326
18.959661875,54760973,3.305,-9.020,-1.535,-0.008,-0.002,0.020,-222115
18.964864625,54766194,3.305,-9.020,-1.535,0.008,-0.020,-0.016,-222979
18.969340625,54770415,3.305,-9.020,-1.535,-0.002,-0.012,-0.025,-221939
18.9731505,54774636,3.305,-9.020,-1.535,0.008,-0.020,-0.016,-221469
18.977274625,54777857,3.344,-8.980,-1.496,0.008,-0.020,-0.016,-221723
18.978663042,54780078,3.344,-8.980,-1.496,0.012,0.004,0.004,-221980
18.983813625,54785299,3.344,-8.980,-1.496,-0.002,0.006,-0.008,-222228
18.9890555,54790520,3.344,-8.980,-1.496,0.021,0.018,0.008,-221843
18.992330083,54793741,3.383,-8.980,-1.496,0.021,0.018,0.008,-222185
18.994536,54795962,3.383,-8.980,-1.496,0.014,0.000,-0.008,-222579
18.999772083,54801183,3.383,-8.980,-1.496,0.008,0.004,-0.012,-221999
19.00394725,54805404,3.383,-8.980,-1.496,-0.006,0.018,0.014,-221440
19.008189417,54809625,3.383,-8.980,-1.496,0.006,0.004,-0.018,-221962
19.012425875,54813846,3.383,-8.980,-1.496,-0.002,0.006,-0.012,-221835
19.016898958,54818067,3.383,-8.980,-1.496,-0.002,0.000,-0.008,-221074
19.021933875,54823288,3.305,-8.980,-1.574,-0.002,0.000,-0.008,-221894
19.024122,54825509,3.305,-8.980,-1.574,0.006,0.010,0.006,-221833
19.0285,54829730,3.305,-8.980,-1.574,-0.002,0.000,-0.006,-221926
19.032623583,54833951,3.305,-8.980,-1.574,0.002,0.004,0.010,-221827
19.037641792,54839172,3.305,-8.980,-1.574,-0.008,-0.004,-0.002,-222075
19.042863208,54844393,3.305,-8.980,-1.574,0.002,0.008,-0.010,-221893
19.048123542,54849614,3.305,-8.980,-1.574,-0.006,0.010,0.010,-222342
19.052290917,54853835,3.344,-9.016,-1.535,-0.006,0.010,0.010,-222586
19.054543625,54856056,3.344,-9.016,-1.535,-0.004,0.004,0.006,-221478
19.059899375,54861277,3.344,-9.016,-1.535,0.002,-0.012,0.010,-222523
19.065196333,54866498,3.344,-9.016,-1.535,-0.004,-0.006,0.010,-222359
19.069506958,54870719,3.344,-9.016,-1.535,0.004,-0.014,0.002,-222082
19.075196708,54875940,3.344,-9.016,-1.535,0.008,-0.002,0.006,-221579
19.079658292,54881161,3.344,-9.016,-1.535,0.004,-0.002,0.004,-221670
19.083929542,54885382,3.344,-8.980,-1.535,0.004,-0.002,0.004,-223052
19.086365583,54887603,3.344,-8.980,-1.535,0.004,-0.008,0.008,-220893
19.091436125,54892824,3.344,-8.980,-1.535,0.014,0.010,-0.006,-222011
19.095596167,54897045,3.344,-8.980,-1.535,0.002,-0.002,-0.008,-222908
19.099817667,54901266,3.344,-8.980,-1.535,0.012,0.000,-0.018,-222096
19.105010583,54906487,3.344,-8.980,-1.535,0.004,-0.008,-0.002,-221909
19.110121125,54910708,3.344,-8.980,-1.535,0.020,0.004,0.006,-221795
19.112828458,54913929,3.266,-8.977,-1.535,0.020,0.004,0.006,-221951
19.115628208,54917150,3.266,-8.977,-1.535,-0.002,0.016,0.004,-221666
19.12196625,54923371,3.266,-8.977,-1.535,0.002,0.002,-0.018,-222379
19.126224,54927592,3.266,-8.977,-1.535,0.004,0.010,0.004,-221988
19.1303745,54931813,3.266,-8.977,-1.535,-0.002,0.012,0.002,-222318
19.134626542,54936034,3.266,-8.977,-1.535,-0.008,0.008,0.004,-221397
19.139854417,54941255,3.305,-8.977,-1.535,-0.008,0.008,0.004,-221382
19.143586292,54944476,3.305,-8.977,-1.535,-0.004,0.008,0.010,-221772
19.148293958,54949697,3.305,-8.977,-1.535,0.000,-0.002,-0.002,-222723
19.1525245,54953918,3.305,-8.977,-1.535,-0.002,-0.012,0.004,-221531
19.157820542,54959139,3.305,-8.977,-1.535,-0.004,0.008,0.020,-221360
19.163001458,54964360,3.305,-8.977,-1.535,0.000,0.006,0.002,-222250
19.168123625,54969581,3.305,-8.977,-1.535,0.002,-0.008,-0.018,-221748
19.172289208,54973802,3.344,-8.980,-1.535,0.002,-0.008,-0.018,-222413
19.174775292,54976023,3.344,-8.980,-1.535,-0.002,-0.008,-0.006,-221977
19.179904833,54981244,3.344,-8.980,-1.535,-0.002,-0.010,0.004,-221695
19.184016333,54985465,3.344,-8.980,-1.535,-0.008,-0.006,0.006,-221259
19.187198125,54988686,3.344,-8.980,-1.535,-0.002,0.000,-0.004,-221895
19.192517708,54993907,3.344,-8.980,-1.535,-0.004,-0.012,-0.002,-221301
19.196687792,54998128,3.344,-8.980,-1.535,0.004,-0.006,0.002,-221141
19.199884583,55001349,3.383,-8.977,-1.574,0.004,-0.006,0.002,-222229
19.20513725,55006570,3.383,-8.977,-1.574,0.008,-0.006,0.014,-222000
19.209308833,55010791,3.383,-8.977,-1.574,0.006,0.002,0.014,-222027
19.212631875,55014012,3.383,-8.977,-1.574,-0.008,0.000,-0.006,-221822
19.216796292,55018233,3.383,-8.977,-1.574,0.006,-0.002,-0.012,-222270
19.222027292,55023454,3.383,-8.977,-1.574,0.006,-0.004,-0.002,-222929
19.225257042,55026675,3.383,-9.055,-1.496,0.006,-0.004,-0.002,-221933
19.230472,55031896,3.383,-9.055,-1.496,-0.002,0.004,0.008,-222480
19.23472525,55036117,3.383,-9.055,-1.496,-0.006,0.012,0.000,-221478
19.238865583,55040338,3.383,-9.055,-1.496,0.008,0.008,-0.008,-221979
19.243174375,55044560,3.383,-9.055,-1.496,0.002,0.000,0.004,-222252
19.247249,55048782,3.344,-9.016,-1.535,0.002,0.000,0.004,-222188
19.24948725,55051002,3.344,-9.016,-1.535,-0.006,0.004,0.004,-222445
19.255004792,55056223,3.344,-9.016,-1.535,-0.006,0.002,0.012,-222086
19.260122167,55061444,3.344,-9.016,-1.535,-0.006,-0.012,-0.018,-222941
19.264324083,55065665,3.344,-9.016,-1.535,-0.006,-0.004,0.004,-222256
19.268339875,55069886,3.344,-9.016,-1.535,0.002,-0.002,0.010,-221465
19.272614125,55074107,3.344,-9.016,-1.535,-0.006,-0.004,0.008,-221920
19.278160292,55079328,3.344,-8.980,-1.496,-0.006,-0.004,0.008,-221348
19.281044583,55082549,3.344,-8.980,-1.496,-0.002,0.000,0.008,-222615
19.287409167,55088770,3.344,-8.980,-1.496,-0.008,-0.008,-0.014,-222484
19.291724625,55092991,3.344,-8.980,-1.496,0.002,-0.012,-0.020,-222327
19.295448667,55096212,3.344,-8.980,-1.496,-0.008,-0.014,0.006,-222165
19.2992725,55100433,3.344,-8.980,-1.496,0.006,0.004,-0.002,-222008
19.303432833,55104654,3.383,-9.016,-1.496,0.006,0.004,-0.002,-221811
19.305671958,55106875,3.383,-9.016,-1.496,0.010,-0.010,-0.008,-221625
19.311262833,55112096,3.383,-9.016,-1.496,0.004,-0.010,0.014,-222647
19.314815042,55116317,3.383,-9.016,-1.496,-0.004,-0.004,0.000,-221364
19.318997042,55120538,3.383,-9.016,-1.496,0.018,-0.004,-0.016,-222220
19.3242585,55125759,3.383,-9.016,-1.496,0.010,0.020,0.020,-221909
19.329565542,55130980,3.383,-9.016,-1.496,-0.016,-0.002,-0.012,-222155
19.33371825,55135201,3.344,-9.020,-1.574,-0.016,-0.002,-0.012,-221740
19.335934667,55137422,3.344,-9.020,-1.574,-0.002,0.004,-0.004,-221898
19.342215792,55143643,3.344,-9.020,-1.574,-0.002,0.008,0.004,-222254
19.34639325,55147864,3.344,-9.020,-1.574,-0.006,0.010,0.004,-222634
19.350599458,55152085,3.344,-9.020,-1.574,0.002,-0.004,-0.006,-221918
19.354826,55156306,3.344,-9.020,-1.574,-0.008,0.006,-0.002,-221113
19.360077042,55161527,3.305,-8.977,-1.496,-0.008,0.006,-0.002,-221822
19.363282917,55164748,3.305,-8.977,-1.496,-0.004,0.016,0.018,-221948
19.369519792,55170969,3.305,-8.977,-1.496,-0.006,-0.004,0.010,-221798
19.374760292,55176190,3.305,-8.977,-1.496,0.002,-0.004,-0.010,-221699
19.379968792,55181411,3.344,-9.020,-1.574,0.002,-0.004,-0.010,-222387
19.382113,55183632,3.344,-9.020,-1.574,0.006,0.000,0.012,-222062
19.387380458,55188853,3.344,-9.020,-1.574,0.012,-0.014,-0.012,-222188
19.391603458,55193074,3.344,-9.020,-1.574,-0.006,-0.004,0.004,-222162
19.395845542,55197295,3.344,-9.020,-1.574,-0.006,0.000,-0.004,-222313
19.400232958,55201518,3.344,-9.020,-1.574,0.006,-0.004,0.006,-221884
19.404291208,55205738,3.344,-8.980,-1.535,0.006,-0.004,0.006,-221726
19.407514542,55208959,3.344,-8.980,-1.535,0.012,-0.006,0.006,-221659
19.412769292,55214180,3.344,-8.980,-1.535,-0.002,-0.006,-0.016,-221924
19.416941292,55218401,3.344,-8.980,-1.535,0.004,0.004,0.010,-221661
19.422128208,55223622,3.344,-8.980,-1.535,0.004,0.004,0.000,-222582
19.426364792,55227843,3.344,-8.980,-1.535,-0.006,0.004,-0.004,-222264
19.431676333,55233064,3.344,-8.980,-1.535,-0.010,-0.002,0.012,-221810
19.435866542,55237285,3.344,-9.016,-1.535,-0.010,-0.002,0.012,-220819
19.439253292,55240506,3.344,-9.016,-1.535,0.010,-0.002,-0.008,-221850
19.444353833,55245727,3.344,-9.016,-1.535,-0.006,0.000,-0.012,-221549
19.449520542,55250948,3.344,-9.016,-1.535,0.006,0.006,0.000,-221438
19.453712167,55255169,3.344,-9.016,-1.461,0.006,0.006,0.000,-221424
19.457008583,55258390,3.344,-9.016,-1.461,0.008,0.006,-0.002,-220981
19.46313175,55264611,3.344,-9.016,-1.461,-0.002,-0.004,0.016,-222519
19.467438917,55268832,3.344,-9.016,-1.461,-0.002,0.000,-0.012,-221832
19.470726917,55272053,3.344,-9.016,-1.461,0.016,0.000,0.010,-221102
19.474966583,55276274,3.344,-9.016,-1.461,-0.006,-0.016,0.008,-221677
19.480009458,55281495,3.344,-9.016,-1.461,0.002,-0.002,-0.004,-222526
19.484280833,55285716,3.344,-9.020,-1.574,0.002,-0.002,-0.004,-221752
19.487548833,55288937,3.344,-9.020,-1.574,-0.006,-0.002,0.006,-221630
19.49296,55294158,3.344,-9.020,-1.574,-0.006,0.021,0.016,-222187
19.497048125,55298364,3.344,-9.020,-1.574,0.008,-0.021,-0.020,-222187
19.502362458,55303584,3.344,-9.020,-1.574,-0.078,0.061,0.029,-221490
19.507639292,55308805,3.344,-9.020,-1.574,0.102,-0.070,-0.115,-222588
19.512754042,55314026,3.344,-9.020,-1.574,0.016,-0.029,0.020,-222775
19.517803333,55319247,4.379,-9.133,-1.422,0.016,-0.029,0.020,-221503
19.521028042,55322468,4.379,-9.133,-1.422,-0.041,0.102,0.207,-221193
19.52758975,55328689,4.379,-9.133,-1.422,-0.033,0.010,-0.047,-221578
19.531735292,55332910,4.379,-9.133,-1.422,0.062,-0.076,-0.402,-221705
19.535942583,55337131,4.379,-9.133,-1.422,0.016,-0.189,-0.350,-221163
19.540154375,55341354,4.379,-9.133,-1.422,0.012,-0.131,-0.047,-222406
19.545291958,55346574,3.840,-8.871,-1.078,0.012,-0.131,-0.047,-222139
19.547301292,55348795,3.840,-8.871,-1.078,-0.059,0.160,0.326,-222351
19.552654708,55354016,3.840,-8.871,-1.078,0.008,-0.016,-0.303,-221184
19.556871833,55358237,3.840,-8.871,-1.078,0.049,-0.076,-0.437,-221774
19.562623792,55363458,3.840,-8.871,-1.078,0.045,-0.113,0.139,-221827
19.565466292,55366679,3.766,-8.938,-1.270,0.045,-0.113,0.139,-222292
19.569658083,55370900,3.766,-8.938,-1.270,0.002,0.090,0.434,-222828
19.574234042,55375121,3.766,-8.938,-1.270,-0.078,0.045,-0.102,-220924
19.577170667,55378343,3.766,-8.938,-1.270,-0.070,0.031,-0.311,-221840
19.582126208,55383563,3.766,-8.938,-1.270,0.027,-0.023,0.006,-221465
19.585630667,55386784,3.496,-9.059,-1.305,0.027,-0.023,0.006,-221925
19.589562333,55391005,3.496,-9.059,-1.305,0.021,-0.049,0.139,-221781
19.592773083,55394226,3.535,-8.980,-1.727,0.021,-0.049,0.139,-221823
19.597469167,55398447,3.535,-8.980,-1.727,0.053,0.014,-0.051,-221687
19.602201042,55403668,3.535,-8.980,-1.727,-0.066,0.084,-0.135,-222558
19.605402208,55406889,3.535,-8.980,-1.727,-0.062,0.137,-0.064,-221527
19.609668458,55411110,3.535,-8.980,-1.727,0.004,-0.012,-0.039,-222509
19.614870917,55416331,3.535,-8.980,-1.727,-0.035,-0.143,-0.088,-221999
19.620069167,55421553,3.227,-8.793,-1.152,-0.035,-0.143,-0.088,-221500
19.6223495,55423774,3.227,-8.793,-1.152,-0.031,0.010,0.301,-221992
19.627513417,55428996,3.227,-8.793,-1.152,-0.002,0.082,-0.148,-221591
19.631864458,55433216,3.227,-8.793,-1.152,0.014,-0.012,-0.244,-221815
19.635990958,55437437,3.227,-8.793,-1.152,0.002,-0.051,-0.111,-221168
19.640218583,55441658,3.227,-8.793,-1.152,-0.006,-0.053,-0.018,-221660
19.645448417,55446879,3.383,-9.055,-1.496,-0.006,-0.053,-0.018,-222238
19.647647542,55449100,3.383,-9.055,-1.496,-0.021,0.045,0.115,-222067
19.652856125,55454321,3.383,-9.055,-1.496,-0.018,0.008,-0.043,-221955
19.658145667,55459542,3.383,-9.055,-1.496,-0.016,0.014,-0.076,-222395
19.663358458,55464763,3.383,-9.055,-1.496,0.016,-0.016,0.068,-221539
19.667565542,55468984,3.383,-9.055,-1.496,-0.037,-0.006,0.078,-222201
19.671833625,55473205,3.383,-9.055,-1.496,-0.033,-0.016,-0.004,-221187
19.676029708,55477426,3.383,-8.754,-1.461,-0.033,-0.016,-0.004,-221632
19.679443333,55480647,3.383,-8.754,-1.461,0.053,-0.016,-0.027,-221993
19.684443542,55485868,3.383,-8.754,-1.461,0.105,-0.109,0.006,-221704
19.6886975,55490089,3.383,-8.754,-1.461,0.039,-0.146,-0.045,-222011
19.693012625,55494312,3.383,-8.754,-1.461,0.020,0.055,0.145,-221544
19.69719775,55498532,3.383,-8.754,-1.461,0.029,0.023,0.219,-222415
19.702609625,55503753,3.422,-8.980,-1.805,0.029,0.023,0.219,-221333
19.704810042,55505974,3.422,-8.980,-1.805,-0.020,-0.006,-0.090,-221038
19.709007083,55510195,3.422,-8.980,-1.805,0.049,-0.111,-0.137,-221730
19.713299042,55514416,3.422,-8.980,-1.805,0.020,0.000,0.105,-222625
19.717198125,55518637,3.422,-8.980,-1.805,-0.021,0.176,0.187,-221364
19.722492833,55523858,3.422,-8.980,-1.805,0.068,-0.047,-0.291,-221475
19.726833292,55528079,3.422,-8.980,-1.805,0.113,-0.146,-0.359,-221611
19.731102583,55532300,3.496,-9.016,-1.152,0.113,-0.146,-0.359,-221807
19.734334792,55535521,3.496,-9.016,-1.152,0.020,-0.123,-0.014,-221501
19.739580042,55540743,3.496,-9.016,-1.152,-0.062,0.016,-0.053,-222418
19.744859292,55544964,3.496,-9.016,-1.152,-0.025,0.090,-0.217,-221952
19.747710833,55549185,3.496,-9.016,-1.152,0.041,0.027,-0.100,-221789
19.7519915,55553406,3.496,-9.016,-1.152,-0.033,-0.023,0.037,-221219
19.756289333,55557627,3.496,-9.016,-1.152,-0.014,0.008,0.104,-222440
19.760557125,55561848,3.422,-8.793,-1.805,-0.014,0.008,0.104,-222073
19.762740167,55564069,3.422,-8.793,-1.805,0.025,0.002,0.053,-222520
19.76813175,55569290,3.422,-8.793,-1.805,-0.047,0.055,-0.045,-222272
19.772302958,55573513,3.422,-8.793,-1.805,-0.082,0.102,-0.070,-221345
19.775582625,55576734,3.422,-8.793,-1.805,0.000,-0.125,-0.107,-221867
19.779654958,55580955,3.422,-8.793,-1.805,-0.039,-0.160,-0.189,-222468
19.7836625,55585176,3.422,-8.793,-1.805,-0.031,0.135,0.111,-221943
19.787080083,55588397,3.383,-8.980,-1.344,-0.031,0.135,0.111,-221515
19.789125042,55590618,3.383,-8.980,-1.344,-0.021,0.076,0.287,-221478
19.7933695,55594839,3.383,-8.980,-1.344,-0.033,0.115,-0.018,-221596
19.79764525,55599060,3.383,-8.980,-1.344,0.012,0.068,-0.186,-221761
19.803054708,55604281,3.383,-8.980,-1.344,0.010,-0.059,-0.152,-222113
19.807074833,55608502,3.383,-8.980,-1.344,-0.014,-0.037,-0.066,-221958
19.812581167,55612723,3.383,-8.980,-1.344,-0.031,0.070,0.172,-221351
19.81548625,55616944,3.035,-9.016,-1.687,-0.031,0.070,0.172,-221881
19.817960125,55619165,3.035,-9.016,-1.687,-0.025,0.021,0.100,-221474
19.82291675,55624386,3.035,-9.016,-1.687,0.008,-0.025,-0.150,-220998
19.827361833,55628607,3.035,-9.016,-1.687,0.010,-0.041,-0.078,-221878
19.830481375,55631828,3.035,-9.016,-1.687,0.021,-0.043,0.082,-222050
19.834605042,55636049,3.035,-9.016,-1.687,0.023,-0.023,0.119,-222068
19.838867542,55640270,3.035,-9.016,-1.687,0.018,-0.006,0.076,-221861
19.843624375,55644491,3.305,-8.977,-1.535,0.018,-0.006,0.076,-221627
19.845246167,55646712,3.305,-8.977,-1.535,0.047,-0.025,-0.051,-222842
19.850507708,55651933,3.305,-8.977,-1.535,0.039,-0.031,-0.074,-222004
19.854701042,55656154,3.305,-8.977,-1.535,0.033,-0.031,0.000,-221775
19.857999875,55659375,3.305,-8.977,-1.535,0.025,-0.016,0.078,-221552
19.863191708,55664596,3.305,-8.977,-1.535,0.018,0.000,0.045,-222518
19.867390125,55668817,3.305,-8.977,-1.535,0.010,-0.016,-0.035,-221108
19.87058625,55672038,3.496,-8.867,-1.574,0.010,-0.016,-0.035,-222060
19.876705208,55677259,3.496,-8.867,-1.574,-0.012,0.045,0.018,-222058
19.880091875,55681480,3.496,-8.867,-1.574,-0.004,0.012,0.043,-222253
19.885207667,55686701,3.496,-8.867,-1.574,-0.018,0.039,0.031,-222021
19.889469708,55690922,3.496,-8.867,-1.574,-0.016,0.049,0.059,-221797
19.893740458,55695143,3.496,-8.867,-1.574,-0.051,0.021,0.041,-221770
19.897907292,55699364,3.266,-9.020,-1.613,-0.051,0.021,0.041,-221997
19.901079792,55702585,3.266,-9.020,-1.613,-0.025,0.037,-0.055,-221196
19.907304667,55708806,3.266,-9.020,-1.613,-0.021,0.006,0.002,-221420
19.9125845,55714027,3.266,-9.020,-1.613,-0.006,0.018,0.020,-222703
19.916789042,55718248,3.266,-9.020,-1.613,-0.002,0.025,-0.021,-221213
19.922375833,55723469,3.266,-9.020,-1.613,-0.006,0.004,-0.037,-221264
19.9263545,55727690,3.266,-9.020,-1.613,-0.010,-0.012,-0.049,-221420
19.930838458,55731911,3.305,-9.059,-1.496,-0.010,-0.012,-0.049,-221887
19.932856958,55734132,3.305,-9.059,-1.496,-0.008,-0.010,0.014,-221512
19.937224667,55738353,3.305,-9.059,-1.496,0.016,-0.006,0.033,-221459
19.941469333,55742574,3.305,-9.059,-1.496,0.018,-0.031,-0.010,-222238
19.945881083,55746795,3.305,-9.059,-1.496,0.020,-0.021,-0.010,-221019
19.950610458,55752016,3.305,-9.059,-1.496,0.004,-0.027,-0.006,-221526
19.954858542,55756237,3.305,-9.059,-1.496,0.031,-0.016,0.012,-221714
19.9591315,55760458,3.422,-8.977,-1.535,0.031,-0.016,0.012,-221782
19.962289417,55763679,3.422,-8.977,-1.535,0.014,-0.020,0.018,-221801
19.968660333,55769900,3.422,-8.977,-1.535,0.010,-0.006,-0.010,-221688
19.972781958,55774121,3.422,-8.977,-1.535,0.010,-0.002,-0.021,-221233
19.977039333,55778342,3.422,-8.977,-1.535,0.002,0.023,0.014,-221033
19.982112208,55783563,3.422,-8.977,-1.535,0.002,0.004,-0.023,-222092
19.986269667,55787784,3.422,-8.977,-1.535,0.008,0.010,-0.045,-221645
19.990607458,55792005,3.422,-8.938,-1.496,0.008,0.010,-0.045,-221207
19.993788708,55795226,3.422,-8.938,-1.496,-0.004,0.006,0.006,-221489
19.999079333,55800447,3.422,-8.938,-1.496,-0.006,0.021,-0.002,-222011
20.004240667,55805668,3.422,-8.938,-1.496,-0.012,0.021,0.006,-222561
20.007413333,55808889,3.422,-8.938,-1.496,0.000,0.012,-0.004,-221752
20.011693583,55813110,3.422,-8.938,-1.496,-0.010,0.000,-0.006,-222598
20.015841083,55817332,3.422,-8.938,-1.496,-0.008,-0.010,-0.010,-221866
20.020044833,55821553,3.266,-9.016,-1.574,-0.008,-0.010,-0.010,-221852
20.023443042,55824774,3.266,-9.016,-1.574,-0.002,0.010,-0.004,-222214
20.029672333,55830997,3.266,-9.016,-1.574,-0.018,0.006,-0.004,-222914
20.033998458,55835217,3.266,-9.016,-1.574,-0.004,-0.008,-0.006,-221871
20.038855583,55839438,3.266,-9.016,-1.574,0.006,-0.002,0.014,-221071
20.044548042,55844659,3.266,-9.016,-1.574,0.002,-0.012,0.016,-221774
20.04740975,55848880,3.266,-9.016,-1.574,0.002,-0.006,0.029,-221815
20.051649583,55853101,3.305,-9.055,-1.574,0.002,-0.006,0.029,-221772
20.053790583,55855322,3.305,-9.055,-1.574,0.002,-0.016,0.014,-221385
20.058187125,55859544,3.305,-9.055,-1.574,0.012,-0.012,-0.010,-221328
20.063559917,55864765,3.305,-9.055,-1.574,0.008,-0.016,-0.006,-222408
20.06785625,55868986,3.305,-9.055,-1.574,0.016,-0.012,0.008,-221307
20.072029208,55873207,3.305,-9.055,-1.574,0.004,-0.010,0.018,-221204
20.077080708,55878428,3.305,-9.055,-1.574,0.012,0.004,-0.002,-221715
20.082195167,55883649,3.422,-8.977,-1.496,0.012,0.004,-0.002,-221969
20.084564,55885870,3.422,-8.977,-1.496,-0.006,-0.004,-0.004,-221854
20.088664625,55890091,3.422,-8.977,-1.496,0.004,0.018,0.014,-222248
20.092829583,55894312,3.422,-8.977,-1.496,0.004,0.008,0.008,-221955
20.097113708,55898533,3.422,-8.977,-1.496,0.006,0.010,-0.010,-222330
20.100343042,55901754,3.305,-8.980,-1.574,0.006,0.010,-0.010,-221592
20.104683208,55905975,3.305,-8.980,-1.574,-0.008,0.008,0.000,-222176
20.109531708,55910181,3.305,-8.980,-1.574,-0.008,0.012,-0.010,-222176
20.112885042,55914401,3.305,-8.980,-1.574,0.004,0.020,0.002,-222360
20.117165667,55918622,3.305,-8.980,-1.574,-0.004,0.016,0.002,-222099
20.1224005,55923843,3.305,-8.980,-1.574,-0.004,0.018,0.000,-222374
20.125632417,55927064,3.266,-9.020,-1.496,-0.004,0.018,0.000,-221823
20.127821458,55929285,3.266,-9.020,-1.496,0.002,-0.014,-0.010,-222715
20.132987875,55934506,3.266,-9.020,-1.496,0.004,-0.008,0.008,-221992
20.137260667,55938727,3.266,-9.020,-1.496,-0.008,-0.018,0.004,-221277
20.142834208,55943949,3.266,-9.020,-1.496,-0.004,-0.014,0.027,-221868
20.146680542,55948170,3.305,-9.055,-1.574,-0.004,-0.014,0.027,-222389
20.150946083,55952391,3.305,-9.055,-1.574,-0.008,-0.008,-0.008,-221757
20.155245833,55956612,3.305,-9.055,-1.574,0.008,0.000,-0.020,-221797
20.159533542,55960833,3.305,-9.055,-1.574,0.010,-0.012,-0.008,-221979
20.16474775,55966054,3.305,-9.055,-1.574,-0.010,-0.014,-0.002,-222180
20.168975667,55970275,3.305,-9.055,-1.574,0.008,-0.006,-0.006,-222458
20.173304375,55974496,3.383,-9.016,-1.461,0.008,-0.006,-0.006,-221487
20.17649575,55977717,3.383,-9.016,-1.461,0.004,-0.008,0.004,-222094
20.182572667,55983938,3.383,-9.016,-1.461,-0.002,-0.004,0.014,-222087
20.186687792,55988159,3.383,-9.016,-1.461,0.002,-0.004,-0.004,-221612
20.190970583,55992365,3.383,-9.016,-1.461,-0.014,0.002,0.014,-221612
20.195149125,55996585,3.383,-9.016,-1.461,0.006,0.012,0.006,-222259
20.1993785,56000806,3.383,-9.016,-1.461,-0.004,0.000,-0.004,-222532
20.204560792,56006027,3.344,-8.941,-1.461,-0.004,0.000,-0.004,-221980
20.207813583,56009248,3.344,-8.941,-1.461,-0.002,0.000,-0.018,-221902
20.213022583,56014469,3.344,-8.941,-1.461,-0.006,0.014,0.010,-222062
20.218226458,56019690,3.344,-8.941,-1.461,0.006,0.010,0.020,-222467
20.222489625,56023911,3.344,-8.941,-1.461,0.008,0.016,0.004,-221573
20.226724292,56028132,3.344,-8.941,-1.461,0.000,0.008,-0.006,-222845
20.229955792,56031353,3.344,-8.941,-1.461,-0.002,0.002,0.010,-221687
20.234279375,56035574,3.344,-9.020,-1.574,-0.002,0.002,0.010,-222066
20.237447375,56038795,3.344,-9.020,-1.574,0.002,0.006,0.002,-221875
20.24357225,56045016,3.344,-9.020,-1.574,0.002,-0.010,-0.010,-222120
20.247826542,56049237,3.344,-9.020,-1.574,0.000,-0.002,0.002,-221998
20.251988583,56053458,3.344,-9.020,-1.574,-0.006,-0.023,-0.008,-222705
20.256222583,56057679,3.344,-9.020,-1.574,0.002,0.000,0.016,-221625
20.26047875,56061900,3.344,-9.020,-1.574,0.006,-0.004,0.008,-223002
20.264685667,56066121,3.305,-9.020,-1.496,0.006,-0.004,0.008,-221706
20.266956083,56068343,3.305,-9.020,-1.496,0.004,-0.006,0.006,-221541
20.27311275,56074548,3.305,-9.020,-1.496,-0.002,-0.012,0.006,-221541
20.277368042,56078768,3.305,-9.020,-1.496,-0.004,-0.012,-0.012,-222610
20.282543042,56083989,3.305,-9.020,-1.496,0.004,-0.004,-0.010,-221481
20.286753542,56088210,3.305,-9.020,-1.496,0.008,-0.004,-0.018,-221814
20.290928625,56092431,3.344,-8.980,-1.461,0.008,-0.004,-0.018,-221570
20.294292625,56095652,3.344,-8.980,-1.461,0.008,-0.004,-0.002,-221912
20.298591708,56099873,3.344,-8.980,-1.461,-0.010,-0.004,0.006,-221434
20.303898375,56105094,3.344,-8.980,-1.461,0.008,0.000,0.016,-221409
20.308155167,56109315,3.344,-8.980,-1.461,0.002,0.008,0.012,-221473
20.313132125,56114536,3.344,-9.016,-1.613,0.002,0.008,0.012,-222110
20.3163015,56117757,3.344,-9.016,-1.613,-0.008,0.010,0.000,-221421
20.322597333,56123978,3.344,-9.016,-1.613,-0.008,0.000,-0.002,-222753
20.327121417,56128199,3.344,-9.016,-1.613,-0.002,0.004,-0.021,-222106
20.331122583,56132420,3.344,-9.016,-1.613,-0.004,0.010,0.004,-222568
20.336141,56137641,3.344,-9.016,-1.613,-0.008,0.008,-0.010,-222038
20.340357708,56141862,3.344,-9.016,-1.613,1.437,-1.449,-1.441,-222034
20.345138917,56146083,3.305,-8.977,-1.535,1.437,-1.449,-1.441,-222086
20.346999333,56148304,3.305,-8.977,-1.535,4.459,-4.445,-4.449,-222502
20.35112025,56152525,3.305,-8.977,-1.535,-0.145,0.154,0.137,-222365
20.356534917,56157746,3.305,-8.977,-1.535,-0.006,-0.004,0.010,-222029
20.359605917,56160967,3.305,-8.977,-1.535,-0.006,-0.002,0.018,-221918
20.363784625,56165188,3.305,-8.977,-1.535,0.000,-0.016,0.004,-221911
20.367991583,56169409,3.305,-8.977,-1.535,-0.002,0.000,-0.008,-222154
20.372202833,56173630,3.344,-9.016,-1.496,-0.002,0.000,-0.008,-221195
20.375412167,56176851,3.344,-9.016,-1.496,-0.002,0.000,0.002,-221733
20.381621792,56183072,3.344,-9.016,-1.496,-0.006,-0.018,-0.016,-222708
20.385765125,56187293,3.344,-9.016,-1.496,0.004,0.006,0.000,-221757
20.390061292,56191514,3.344,-9.016,-1.496,0.000,-0.006,0.008,-221605
20.395282792,56196735,3.344,-9.016,-1.496,-0.004,0.008,0.010,-222411
20.399525875,56200956,3.344,-9.016,-1.496,-0.006,-0.014,0.000,-221686
20.403716042,56205177,3.383,-9.016,-1.535,-0.006,-0.014,0.000,-221258
20.405960792,56207398,3.383,-9.016,-1.535,0.002,0.004,0.004,-221610
20.410148,56211619,3.383,-9.016,-1.535,0.002,0.008,-0.006,-221596
20.414420167,56215840,3.383,-9.016,-1.535,0.002,0.006,-0.008,-222254
20.418615333,56220061,3.383,-9.016,-1.535,-0.002,0.000,-0.006,-222306
20.423858833,56225282,3.383,-9.016,-1.535,0.006,0.004,-0.020,-221661
20.42807225,56229503,3.383,-9.016,-1.535,-0.002,-0.004,0.012,-222126
20.433640417,56234724,3.344,-9.016,-1.496,-0.002,-0.004,0.012,-221643
20.4365455,56237945,3.344,-9.016,-1.496,0.006,0.006,0.002,-221702
20.442748,56244166,3.344,-9.016,-1.496,0.002,-0.004,0.000,-222197
20.446938167,56248387,3.344,-9.016,-1.496,0.000,0.004,-0.004,-222055
20.45016975,56251608,3.344,-9.016,-1.496,-0.004,0.008,0.000,-221937
20.454367458,56255829,3.344,-9.016,-1.496,0.006,-0.002,-0.004,-222107
20.458664208,56260050,3.344,-9.016,-1.496,-0.002,-0.004,0.018,-221537
20.462832417,56264271,3.344,-8.977,-1.574,-0.002,-0.004,0.018,-221482
20.465047958,56266492,3.344,-8.977,-1.574,0.010,0.002,0.004,-221932
20.470291667,56271713,3.344,-8.977,-1.574,0.002,-0.004,-0.004,-222706
20.474590875,56275934,3.344,-8.977,-1.574,0.002,-0.008,-0.014,-221129
20.477719917,56279155,3.344,-8.977,-1.574,-0.002,0.002,-0.004,-222155
20.482883667,56284376,3.344,-8.977,-1.574,-0.002,-0.002,-0.002,-221929
20.487138833,56288597,3.344,-8.977,-1.574,0.002,-0.006,-0.004,-222193
20.490413375,56291818,3.344,-9.016,-1.496,0.002,-0.006,-0.004,-222017
20.4956755,56297039,3.344,-9.016,-1.496,-0.008,-0.004,0.021,-221455
20.499940875,56301260,3.344,-9.016,-1.496,0.000,-0.002,-0.010,-221850
20.50545825,56306481,3.344,-9.016,-1.496,0.002,-0.004,0.004,-221570
20.510993125,56311702,3.344,-9.016,-1.496,-0.006,0.000,-0.010,-221778
20.515504208,56316923,3.344,-9.016,-1.496,-0.006,0.000,-0.010,-221940
20.517707,56319144,3.344,-9.016,-1.496,0.006,-0.006,0.002,-221752
20.522887083,56324365,3.344,-9.016,-1.496,-0.004,-0.010,-0.004,-221483
20.527105667,56328586,3.344,-9.016,-1.496,0.000,-0.002,-0.002,-221980
20.531425625,56332807,3.344,-9.016,-1.496,-0.004,0.016,0.014,-222954
20.535643875,56337028,3.344,-9.016,-1.496,0.002,-0.004,-0.004,-221760
20.539895583,56341249,3.344,-9.016,-1.496,-0.002,0.010,-0.002,-222221
20.54433125,56344470,3.305,-9.020,-1.535,-0.002,0.010,-0.002,-221738
20.545235292,56346691,3.305,-9.020,-1.535,0.002,0.000,-0.012,-221735
20.55048725,56351912,3.305,-9.020,-1.535,-0.008,0.006,0.010,-221719
20.554740333,56356133,3.305,-9.020,-1.535,0.000,-0.004,-0.006,-222043
20.559040833,56360354,3.305,-9.020,-1.535,0.006,0.010,0.000,-222143
20.563375,56364575,3.305,-9.020,-1.535,0.000,-0.012,0.000,-222279
20.56760025,56368781,3.344,-9.016,-1.461,0.000,-0.012,0.000,-222279
20.5709135,56372001,3.344,-9.016,-1.461,-0.002,-0.004,-0.008,-221654
20.577079958,56378222,3.344,-9.016,-1.461,0.006,-0.004,-0.006,-221591
20.58246775,56383443,3.344,-9.016,-1.461,0.006,0.000,0.016,-221758
20.587255583,56388664,3.344,-9.016,-1.461,0.010,-0.004,0.006,-221518
20.591403708,56392885,3.344,-9.016,-1.461,0.000,0.004,0.008,-221125
20.5958425,56397106,3.344,-9.016,-1.461,0.000,-0.006,0.010,-222009
20.599809792,56401327,3.344,-8.980,-1.496,0.000,-0.006,0.010,-221819
20.602069625,56403549,3.344,-8.980,-1.496,0.006,0.004,-0.006,-222461
20.607583833,56408770,3.344,-8.980,-1.496,0.008,0.000,-0.006,-222146
20.611523875,56412991,3.344,-8.980,-1.496,0.004,0.010,0.014,-221961
20.615749458,56417212,3.344,-8.980,-1.496,0.010,-0.004,0.008,-222237
20.619966417,56421433,3.344,-8.980,-1.496,-0.002,-0.004,0.006,-222131
20.625241458,56426654,3.383,-9.016,-1.613,-0.002,-0.004,0.006,-221544
20.627429917,56428875,3.383,-9.016,-1.613,-0.002,-0.002,-0.006,-222203
20.632666042,56434096,3.383,-9.016,-1.613,-0.006,0.006,-0.004,-221492
20.636887417,56438317,3.344,-9.016,-1.496,-0.006,0.006,-0.004,-221277
20.639102292,56440539,3.344,-9.016,-1.496,0.004,-0.002,0.000,-221864
20.64430475,56445760,3.344,-9.016,-1.496,0.010,0.000,0.002,-222147
20.648566542,56449981,3.344,-9.016,-1.496,-0.012,0.010,0.016,-221985
20.652758958,56454202,3.344,-9.016,-1.496,0.002,0.000,-0.008,-220781
20.657029375,56458423,3.344,-9.016,-1.496,0.014,0.006,0.006,-221585
20.662260917,56463644,3.344,-9.016,-1.496,0.004,-0.002,0.014,-222621
20.665530917,56466865,3.305,-8.977,-1.613,0.004,-0.002,0.014,-222365
20.67070925,56472086,3.305,-8.977,-1.613,-0.006,-0.004,0.016,-222074
20.674996833,56476307,3.305,-8.977,-1.613,0.010,0.004,-0.012,-221564
20.679174292,56480528,3.305,-8.977,-1.613,-0.010,0.004,-0.002,-222322
20.683304208,56484749,3.305,-8.977,-1.613,-0.004,0.000,0.000,-221943
20.687568208,56488970,3.344,-8.977,-1.422,-0.004,0.000,0.000,-221840
20.689800958,56491191,3.344,-8.977,-1.422,-0.006,-0.004,0.004,-222456
20.695096208,56496412,3.344,-8.977,-1.422,0.000,0.006,-0.006,-221395
20.699434125,56500633,3.344,-8.977,-1.422,0.010,-0.004,-0.004,-222308
20.7036445,56504854,3.344,-8.977,-1.422,0.008,0.004,0.012,-221231
20.707594583,56509075,3.344,-8.977,-1.422,0.008,-0.006,0.002,-221639
20.712018375,56513296,3.344,-8.977,-1.574,0.008,-0.006,0.002,-221524
20.714078042,56515517,3.344,-8.977,-1.574,-0.002,0.006,-0.018,-222330
20.718293125,56519738,3.344,-8.977,-1.574,-0.006,0.000,0.008,-221342
20.723564417,56524959,3.344,-8.977,-1.574,-0.006,-0.004,-0.008,-221949
20.727724833,56529180,3.344,-8.977,-1.574,0.002,0.002,0.004,-221306
20.731951625,56533401,3.344,-8.977,-1.574,-0.008,-0.004,-0.008,-221952
20.736263125,56537622,3.344,-8.977,-1.574,-0.016,-0.002,0.014,-221347
20.740521125,56541843,3.305,-8.977,-1.535,-0.016,-0.002,0.014,-221673
20.743147125,56544064,3.305,-8.977,-1.535,0.010,-0.006,-0.002,-222318
20.747806,56549285,3.305,-8.977,-1.535,0.000,0.000,-0.008,-222643
20.752133208,56553506,3.305,-8.977,-1.535,0.002,0.010,0.002,-221612
20.755436333,56556727,3.305,-8.977,-1.535,-0.006,-0.002,0.006,-221442
20.759628583,56560948,3.305,-8.977,-1.535,0.004,0.008,0.014,-222715
20.763972125,56565169,3.305,-8.977,-1.535,-0.006,0.012,-0.004,-222886
20.767185125,56568390,3.344,-8.977,-1.574,-0.006,0.012,-0.004,-222537
20.769407708,56570611,3.344,-8.977,-1.574,0.010,-0.004,-0.016,-221819
20.773638083,56574832,3.344,-8.977,-1.574,0.000,-0.008,-0.002,-221703
20.777927333,56579053,3.344,-8.977,-1.574,-0.002,-0.004,-0.004,-222204
20.782801042,56584274,3.344,-8.977,-1.574,0.006,0.008,0.000,-221537
20.787060917,56588495,3.344,-8.977,-1.574,0.004,-0.004,-0.006,-221811
20.791407125,56592716,3.344,-8.977,-1.574,-0.002,0.002,-0.006,-220994
20.795510083,56596937,3.383,-8.977,-1.574,-0.002,0.002,-0.006,-222837
20.79772925,56599158,3.383,-8.977,-1.574,0.004,-0.004,0.002,-221286
20.803942458,56605379,3.383,-8.977,-1.574,-0.006,0.006,0.010,-221393
20.808189208,56609600,3.383,-8.977,-1.574,0.000,0.008,-0.008,-221623
20.812854333,56613821,3.383,-8.977,-1.574,0.004,-0.014,-0.012,-221993
20.81662725,56618042,3.383,-8.977,-1.574,0.002,0.006,-0.004,-221860
20.820833917,56622263,3.383,-8.977,-1.574,0.014,0.006,0.014,-220959
20.824069792,56625484,3.344,-8.980,-1.461,0.014,0.006,0.014,-221758
20.827227917,56628705,3.344,-8.980,-1.461,-0.004,0.000,0.006,-222186
20.832508417,56633926,3.344,-8.980,-1.461,0.004,-0.004,-0.006,-221308
20.836771833,56638147,3.344,-8.980,-1.461,0.002,-0.004,0.004,-221414
20.839930208,56641368,3.344,-8.980,-1.461,0.004,0.000,0.000,-222323
20.845550958,56646589,3.344,-8.980,-1.461,-0.004,-0.004,0.008,-222544
20.849389375,56650812,3.344,-8.980,-1.461,0.002,-0.004,-0.002,-221756
20.854896208,56656033,3.344,-9.016,-1.496,0.002,-0.004,-0.002,-221802
20.857804,56659254,3.344,-9.016,-1.496,-0.012,-0.004,-0.012,-221947
20.864048042,56665475,3.344,-9.016,-1.496,0.004,-0.006,-0.012,-221585
20.868260375,56669696,3.344,-9.016,-1.496,0.002,0.004,0.002,-221581
20.873450042,56674917,3.344,-9.016,-1.496,0.000,0.000,-0.004,-221332
20.878003708,56679138,3.344,-9.016,-1.496,-0.002,0.006,0.010,-221917
20.882923833,56684359,3.344,-9.016,-1.496,-0.002,0.004,-0.014,-222285
20.88737925,56688580,3.305,-8.980,-1.574,-0.002,0.004,-0.014,-221046
20.889408292,56690801,3.305,-8.980,-1.574,-0.008,0.000,0.006,-221466
20.89382025,56695022,3.305,-8.980,-1.574,-0.016,0.004,0.016,-221764
20.898066083,56699243,3.305,-8.980,-1.574,0.008,-0.006,-0.020,-220735
20.903119583,56704464,3.305,-8.980,-1.574,-0.012,0.000,0.000,-221735
20.907416625,56708685,3.305,-8.980,-1.574,0.002,-0.002,-0.006,-221962
20.911577542,56712906,3.305,-8.980,-1.574,-0.006,0.000,0.002,-221422
20.914655125,56716127,3.344,-9.016,-1.496,-0.006,0.000,0.002,-221739
20.916901083,56718348,3.344,-9.016,-1.496,0.000,0.000,0.006,-222247
20.921148208,56722569,3.344,-9.016,-1.496,-0.002,0.006,0.004,-222091
20.925484333,56726790,3.344,-9.016,-1.496,0.010,-0.008,0.002,-222072
20.928761708,56730011,3.344,-9.016,-1.496,0.004,0.000,0.002,-221513
20.932951417,56734232,3.344,-9.016,-1.496,0.006,-0.008,0.008,-222241
20.937359417,56738453,3.344,-9.016,-1.496,0.004,-0.004,0.014,-222395
20.942795917,56743674,3.344,-9.020,-1.574,0.004,-0.004,0.014,-221951
20.944850208,56745895,3.344,-9.020,-1.574,0.008,-0.004,-0.002,-222411
20.94865175,56750116,3.344,-9.020,-1.574,0.006,0.012,0.004,-222052
20.952943125,56754337,3.344,-9.020,-1.574,0.010,-0.002,-0.010,-221548
20.957232083,56758558,3.344,-9.020,-1.574,-0.010,0.010,0.004,-221597
20.960496,56761779,3.344,-8.980,-1.496,-0.010,0.010,0.004,-221709
20.96560125,56767000,3.344,-8.980,-1.496,-0.002,-0.004,0.000,-222274
20.9697145,56771221,3.344,-8.980,-1.496,0.010,0.000,0.004,-221520
20.9739545,56775442,3.344,-8.980,-1.496,-0.002,-0.006,-0.002,-222136
20.979258417,56780663,3.344,-8.980,-1.496,0.008,0.004,-0.008,-222469
20.984377708,56785884,3.344,-8.980,-1.496,0.004,-0.018,0.014,-222140
20.987647625,56789105,3.344,-8.977,-1.574,0.004,-0.018,0.014,-221525
20.990951958,56792326,3.344,-8.977,-1.574,0.002,0.012,0.006,-221702
20.99614075,56797547,3.344,-8.977,-1.574,0.000,-0.008,-0.010,-222252
21.000323042,56801768,3.344,-8.977,-1.574,-0.012,0.002,0.006,-222615
21.005537167,56806989,3.344,-8.977,-1.574,-0.002,0.006,0.002,-221420
21.009840042,56811210,3.344,-8.977,-1.574,0.002,0.004,0.008,-222604
21.013996125,56815431,3.344,-8.977,-1.574,0.008,0.012,-0.008,-222154
21.018188292,56819652,3.344,-9.020,-1.574,0.008,0.012,-0.008,-221969
21.021412875,56822873,3.344,-9.020,-1.574,-0.014,-0.008,0.006,-222320
21.026667125,56828094,3.344,-9.020,-1.574,0.002,0.006,0.014,-222743
21.030906625,56832315,3.344,-9.020,-1.574,0.002,0.014,0.008,-222878
21.035094042,56836522,3.344,-9.020,-1.574,-0.004,-0.006,-0.004,-222878
21.040351708,56841742,3.344,-9.020,-1.574,-0.008,0.004,-0.004,-221642
21.045495,56846963,3.344,-9.020,-1.574,0.004,-0.004,-0.002,-223037
21.049754667,56851184,3.383,-9.016,-1.535,0.004,-0.004,-0.002,-222322
21.052923875,56854405,3.383,-9.016,-1.535,0.002,0.000,0.002,-221907
21.05823675,56859626,3.383,-9.016,-1.535,-0.004,0.008,0.008,-221708
21.063396333,56864847,3.383,-9.016,-1.535,0.002,-0.008,-0.014,-221858
21.067674375,56869068,3.383,-9.016,-1.535,0.010,0.006,0.002,-221832
21.072876,56874289,3.383,-9.016,-1.535,-0.002,0.002,-0.002,-222070
21.078126625,56879510,3.383,-8.980,-1.535,-0.002,0.002,-0.002,-221600
21.081302208,56882731,3.383,-8.980,-1.535,0.002,0.014,-0.008,-222311
21.086474625,56887952,3.383,-8.980,-1.535,0.010,0.000,0.002,-221753
21.090896667,56892173,3.383,-8.980,-1.535,0.004,0.006,-0.006,-221865
21.095330708,56896394,3.383,-8.980,-1.535,0.004,0.014,0.002,-222324
21.100252042,56901615,3.344,-8.977,-1.574,0.004,0.014,0.002,-221628
21.103464042,56904836,3.344,-8.977,-1.574,0.006,-0.002,0.008,-222057
21.109581792,56911057,3.344,-8.977,-1.574,-0.008,0.008,-0.002,-222224
21.11378425,56915278,3.344,-8.977,-1.574,0.004,-0.004,-0.002,-221323
21.117051333,56918499,3.344,-8.977,-1.574,0.006,0.010,0.008,-221282
21.122270208,56923720,3.344,-8.977,-1.574,-0.010,-0.002,0.004,-221374
21.126518667,56927941,3.344,-8.977,-1.574,-0.002,-0.006,-0.012,-221327
21.130733583,56932162,3.305,-9.020,-1.535,-0.002,-0.006,-0.012,-221725
21.132950417,56934383,3.305,-9.020,-1.535,0.000,-0.010,-0.010,-222160
21.13717725,56938604,3.305,-9.020,-1.535,0.004,-0.014,0.002,-221240
21.142418333,56943825,3.305,-9.020,-1.535,0.010,-0.008,-0.008,-222115
21.1476405,56949046,3.305,-9.020,-1.535,-0.002,-0.004,-0.008,-222061
21.151786583,56953267,3.305,-9.020,-1.535,0.004,-0.008,0.006,-222054
21.156115708,56957488,3.305,-9.020,-1.535,0.000,0.000,0.016,-221665
21.16130325,56962709,3.305,-8.977,-1.613,0.000,0.000,0.016,-221690
21.164816125,56965930,3.305,-8.977,-1.613,-0.002,0.008,0.002,-222521
21.169661125,56971151,3.305,-8.977,-1.613,0.004,-0.027,-0.016,-221652
21.175143375,56976372,3.305,-8.977,-1.613,-0.072,0.088,0.018,-221975
21.179168667,56980593,3.305,-8.977,-1.613,0.066,-0.014,-0.080,-221727
21.18431275,56985814,3.305,-8.977,-1.613,0.041,-0.256,-0.143,-221766
21.188615417,56990035,3.305,-8.977,-1.613,-0.043,0.053,0.088,-221711
21.19282225,56994256,2.883,-8.715,-1.535,-0.043,0.053,0.088,-222215
21.195056458,56996477,2.883,-8.715,-1.535,-0.002,0.186,0.357,-222112
21.200243875,57001698,2.883,-8.715,-1.535,-0.059,0.084,0.062,-222349
21.205491875,57006919,2.883,-8.715,-1.535,0.006,-0.174,-0.350,-221677
21.212415875,57012140,2.883,-8.715,-1.535,-0.029,-0.072,-0.127,-222558
21.216016708,57017361,3.496,-8.867,-1.422,-0.029,-0.072,-0.127,-222011
21.21909775,57020582,3.496,-8.867,-1.422,-0.023,0.068,0.264,-221934
21.225411167,57026803,3.496,-8.867,-1.422,-0.004,-0.041,-0.266,-221675
21.229609125,57031024,3.496,-8.867,-1.422,0.029,-0.023,-0.234,-222443
21.234433375,57035245,3.496,-8.867,-1.422,0.002,0.021,0.031,-222021
21.238670208,57039466,3.496,-8.867,-1.422,-0.004,0.055,0.131,-221139
21.243392,57044687,3.496,-8.867,-1.422,-0.020,-0.047,-0.076,-222131
21.247501792,57048908,3.227,-9.098,-1.496,-0.020,-0.047,-0.076,-221686
21.250697458,57052129,3.227,-9.098,-1.496,-0.020,0.059,-0.037,-222046
21.256028125,57057350,3.227,-9.098,-1.496,-0.037,0.016,0.055,-221889
21.261287458,57062571,3.227,-9.098,-1.496,0.010,-0.053,-0.133,-221648
21.265379042,57066792,3.227,-9.098,-1.496,0.014,-0.039,0.004,-221881
21.270792292,57072013,3.227,-9.098,-1.496,-0.021,0.006,0.076,-222124
21.275869125,57076234,3.227,-9.098,-1.496,-0.037,0.047,0.053,-222203
21.279041292,57080455,3.074,-8.938,-1.535,-0.037,0.047,0.053,-222686
21.282313167,57083676,3.074,-8.938,-1.535,0.006,0.039,0.076,-221999
21.288508125,57089897,3.074,-8.938,-1.535,0.014,-0.012,-0.055,-221771
21.292895167,57094118,3.074,-8.938,-1.535,-0.002,-0.018,0.029,-221063
21.297097708,57098339,3.074,-8.938,-1.535,-0.014,0.018,0.053,-221988
21.30252225,57103560,3.074,-8.938,-1.535,-0.010,0.035,-0.033,-221644
21.306677792,57107781,3.074,-8.938,-1.535,-0.008,-0.004,-0.076,-221468
21.310617125,57112002,3.344,-9.016,-1.535,-0.008,-0.004,-0.076,-222314
21.313803042,57115223,3.344,-9.016,-1.535,-0.010,0.012,-0.041,-221762
21.319088917,57120444,3.344,-9.016,-1.535,0.006,-0.002,0.039,-222197
21.324387,57125665,3.344,-9.016,-1.535,0.008,-0.002,-0.021,-222795
21.328391667,57129886,3.344,-9.016,-1.535,0.004,0.008,-0.041,-221103
21.333885292,57134107,3.344,-9.016,-1.535,-0.004,0.023,-0.010,-221718
21.33579125,57137328,3.344,-9.016,-1.535,0.002,0.020,0.010,-222594
21.340023917,57141549,3.383,-8.977,-1.574,0.002,0.020,0.010,-222830
21.343764542,57144770,3.383,-8.977,-1.574,0.016,-0.012,-0.002,-222279
21.349482542,57150991,3.383,-8.977,-1.574,-0.018,0.031,0.049,-222924
21.35369825,57155212,3.383,-8.977,-1.574,0.020,0.000,0.006,-222290
21.3580835,57159433,3.383,-8.977,-1.574,0.033,-0.002,-0.033,-221972
21.367138542,57164654,3.383,-8.977,-1.574,0.012,-0.162,-0.107,-222200
21.367266125,57168875,3.383,-8.977,-1.574,-0.023,0.004,0.041,-221481
21.371576833,57173096,3.035,-8.898,-1.461,-0.023,0.004,0.041,-221170
21.374847,57176317,3.035,-8.898,-1.461,0.016,0.055,0.256,-221387
21.38016275,57181538,3.035,-8.898,-1.461,0.031,-0.086,-0.246,-221994
21.384295792,57185759,3.035,-8.898,-1.461,0.000,-0.080,-0.213,-221317
21.388466792,57189980,3.035,-8.898,-1.461,-0.002,-0.016,0.107,-221913
21.392568,57194201,3.035,-8.898,-1.461,0.002,-0.004,0.174,-221890
21.397005583,57198422,3.035,-8.898,-1.461,-0.027,0.053,0.043,-221837
21.401151542,57202643,3.227,-9.016,-1.535,-0.027,0.053,0.043,-222398
21.403380333,57204864,3.227,-9.016,-1.535,0.018,0.021,-0.066,-221880
21.408533208,57210085,3.227,-9.016,-1.535,0.014,0.018,-0.123,-221812
21.412871292,57214306,3.227,-9.016,-1.535,0.006,0.094,-0.016,-221907
21.416105625,57217528,3.227,-9.016,-1.535,0.033,-0.182,0.051,-222108
21.420258625,57221749,3.227,-9.016,-1.535,-0.033,-0.168,-0.062,-221618
21.425595625,57226970,3.227,-9.016,-1.535,0.037,0.082,0.170,-222368
21.428853208,57230191,3.227,-9.055,-1.652,0.037,0.082,0.170,-222070
21.434041,57235412,3.227,-9.055,-1.652,0.029,0.029,-0.221,-222179
21.438172542,57239633,3.227,-9.055,-1.652,0.006,-0.053,-0.271,-221319
21.44236275,57243854,3.227,-9.055,-1.652,0.018,-0.037,-0.086,-221919
21.446713292,57248075,3.227,-9.055,-1.652,-0.004,0.078,0.150,-222109
21.450780667,57252296,3.227,-9.055,-1.652,0.004,0.057,0.166,-222262
21.455590667,57256517,3.879,-9.055,-1.270,0.004,0.057,0.166,-221597
21.457620875,57258738,3.879,-9.055,-1.270,-0.033,-0.004,-0.098,-221230
21.461530667,57262959,3.879,-9.055,-1.270,0.006,0.016,0.209,-222503
21.467117292,57268180,3.879,-9.055,-1.270,-0.055,0.033,0.172,-222639
21.471319458,57272401,3.879,-9.055,-1.270,0.037,0.012,-0.100,-221382
21.475224792,57276622,3.879,-9.055,-1.270,0.021,-0.072,-0.168,-222241
21.480446625,57281843,3.879,-9.055,-1.270,0.004,-0.029,-0.100,-222321
21.485724333,57287064,3.383,-9.094,-1.422,0.004,-0.029,-0.100,-221296
21.488833583,57290285,3.383,-9.094,-1.422,-0.021,0.000,-0.002,-222078
21.494437375,57295506,3.383,-9.094,-1.422,-0.020,-0.014,-0.041,-222196
21.498687958,57299727,3.383,-9.094,-1.422,0.014,0.006,-0.057,-222504
21.502520208,57303948,3.383,-9.094,-1.422,-0.037,-0.004,0.045,-221945
21.507184417,57308169,3.383,-9.094,-1.422,-0.023,-0.020,0.008,-222321
21.511135917,57312375,3.422,-8.793,-1.574,-0.023,-0.020,0.008,-222321
21.5141675,57315595,3.422,-8.793,-1.574,0.014,0.008,0.000,-222211
21.519332208,57320816,3.422,-8.793,-1.574,0.020,0.004,0.055,-221368
21.525128167,57326037,3.422,-8.793,-1.574,0.002,-0.035,-0.027,-221955
21.529590083,57330258,3.422,-8.793,-1.574,0.010,-0.045,-0.045,-222603
21.533055208,57334479,3.422,-8.793,-1.574,0.004,0.004,0.061,-222286
21.537263583,57338702,3.422,-8.793,-1.574,0.004,-0.023,0.148,-222280
21.543175375,57343923,3.227,-9.055,-1.652,0.004,-0.023,0.148,-221859
21.545918292,57347144,3.227,-9.055,-1.652,-0.025,0.045,0.074,-222813
21.551063417,57352365,3.227,-9.055,-1.652,0.012,0.010,-0.031,-222391
21.556321792,57357586,3.227,-9.055,-1.652,0.004,0.004,-0.082,-221308
21.560398417,57361807,3.227,-9.055,-1.652,0.010,-0.006,-0.092,-221968
21.565970958,57367028,3.227,-9.055,-1.652,-0.010,0.088,0.020,-221893
21.569783625,57371249,2.883,-8.672,-1.613,-0.010,0.088,0.020,-221675
21.573421833,57374470,2.883,-8.672,-1.613,0.021,0.090,0.131,-222014
21.578632708,57379691,2.883,-8.672,-1.613,-0.029,0.035,-0.047,-221440
21.583455,57384912,2.883,-8.672,-1.613,-0.016,-0.014,0.219,-221288
21.587969792,57389133,2.883,-8.672,-1.613,0.004,0.010,0.057,-221704
21.593044542,57394354,2.883,-8.672,-1.613,0.031,0.033,-0.184,-221900
21.598277625,57399575,2.883,-8.672,-1.613,0.008,-0.047,-0.135,-221461
21.603526542,57404796,3.574,-8.938,-1.496,0.008,-0.047,-0.135,-221227
21.606599417,57408017,3.574,-8.938,-1.496,-0.033,0.068,0.064,-221960
21.612009625,57413238,3.574,-8.938,-1.496,-0.014,-0.160,-0.125,-221947
21.6160805,57417459,3.574,-8.938,-1.496,-0.047,-0.035,-0.086,-221851
21.620268375,57421680,3.574,-8.938,-1.496,-0.053,0.078,0.314,-221885
21.625510875,57426901,3.574,-8.938,-1.496,-0.049,0.064,0.225,-220830
21.630849792,57432122,3.574,-8.938,-1.496,0.021,-0.051,-0.260,-222013
21.634953,57436343,3.613,-8.980,-1.461,0.021,-0.051,-0.260,-221852
21.638141667,57439564,3.613,-8.980,-1.461,0.020,-0.070,-0.223,-221578
21.644332375,57445785,3.613,-8.980,-1.461,-0.016,0.076,0.107,-221825
21.648680292,57450006,3.613,-8.980,-1.461,-0.016,0.025,0.000,-222284
21.652726292,57454227,3.613,-8.980,-1.461,0.004,-0.016,-0.096,-221896
21.6581975,57459448,3.613,-8.980,-1.461,0.000,-0.004,-0.086,-221511
21.664730417,57465669,3.613,-8.980,-1.461,-0.004,-0.010,0.090,-221831
21.668433417,57469890,3.422,-9.020,-1.461,-0.004,-0.010,0.090,-221710
21.672106208,57473113,3.422,-9.020,-1.461,-0.002,0.018,0.020,-221674
21.676994583,57478334,3.422,-9.020,-1.461,0.012,0.004,-0.047,-221748
21.681225667,57482555,3.422,-9.020,-1.461,0.010,-0.014,-0.062,-221259
21.686373125,57487776,3.422,-9.020,-1.461,0.014,-0.016,0.002,-221581
21.690729583,57491997,3.422,-9.020,-1.461,0.014,-0.008,0.053,-221763
21.69506575,57496218,3.422,-9.020,-1.461,0.010,0.010,0.043,-222627
21.698222833,57499439,3.344,-8.898,-1.461,0.010,0.010,0.043,-222275
21.70117125,57502660,3.344,-8.898,-1.461,0.002,0.000,0.016,-222302
21.708385417,57508881,3.344,-8.898,-1.461,0.014,-0.025,-0.006,-221790
21.711871542,57513102,3.344,-8.898,-1.461,-0.006,-0.020,0.014,-222977
21.715941083,57517323,3.344,-8.898,-1.461,-0.014,-0.002,0.053,-222011
21.721470042,57522544,3.344,-8.898,-1.461,-0.002,0.018,0.074,-221353
21.726335208,57527765,3.344,-8.898,-1.461,-0.010,-0.002,-0.016,-222504
21.731108958,57531986,3.344,-9.055,-1.535,-0.010,-0.002,-0.016,-222268
21.734123958,57535207,3.344,-9.055,-1.535,0.000,-0.010,-0.043,-221699
21.739399458,57540428,3.344,-9.055,-1.535,-0.021,0.010,0.035,-221446
21.744418458,57545649,3.344,-9.055,-1.535,-0.012,0.012,0.014,-222412
21.748676542,57549870,3.344,-9.055,-1.535,-0.010,0.014,-0.018,-221840
21.754172167,57555091,3.344,-9.055,-1.535,-0.010,0.016,-0.047,-221697
21.759242333,57560312,3.305,-9.020,-1.496,-0.010,0.016,-0.047,-222609
21.762371167,57563533,3.305,-9.020,-1.496,0.006,0.008,-0.002,-221982
21.768902417,57569754,3.305,-9.020,-1.496,0.006,-0.012,0.018,-222412
21.772840958,57573975,3.305,-9.020,-1.496,0.002,-0.006,0.002,-222051
21.777094042,57578196,3.305,-9.020,-1.496,-0.006,-0.020,-0.010,-222249
21.781080625,57582417,3.305,-9.020,-1.496,0.006,-0.004,0.002,-222218
21.785202458,57586638,3.305,-9.016,-1.574,0.006,-0.004,0.002,-222315
21.788496208,57589859,3.305,-9.016,-1.574,0.006,-0.018,-0.002,-221555
21.793686083,57595080,3.305,-9.016,-1.574,0.002,-0.014,0.016,-221977
21.797982708,57599301,3.305,-9.016,-1.574,0.014,0.002,0.002,-222091
21.80339425,57604523,3.305,-9.016,-1.574,0.010,0.004,-0.004,-222204
21.806400833,57607744,3.383,-8.938,-1.574,0.010,0.004,-0.004,-221707
21.811207208,57611965,3.383,-8.938,-1.574,0.010,-0.006,-0.027,-222014
21.815047917,57616186,3.383,-8.938,-1.574,0.006,0.012,0.010,-221688
21.818049375,57619407,3.383,-8.938,-1.574,0.002,0.004,0.002,-221437
21.823348333,57624628,3.383,-8.938,-1.574,0.016,-0.002,-0.033,-221818
21.826676,57627849,3.383,-8.980,-1.496,0.016,-0.002,-0.033,-221624
21.830838875,57632070,3.383,-8.980,-1.496,0.006,0.016,-0.004,-222150
21.833919292,57635291,3.344,-8.980,-1.535,0.006,0.016,-0.004,-221958
21.838228958,57639512,3.344,-8.980,-1.535,-0.008,0.016,0.018,-221695
21.843521083,57644733,3.344,-8.980,-1.535,-0.012,0.012,-0.018,-221872
21.847677125,57648954,3.344,-8.980,-1.535,-0.002,-0.002,-0.010,-222482
21.851735292,57653175,3.344,-8.980,-1.535,-0.002,-0.004,-0.010,-221900
21.856072833,57657396,3.344,-8.980,-1.535,-0.010,0.000,-0.023,-221433
21.861886833,57662617,3.305,-9.020,-1.535,-0.010,0.000,-0.023,-221335
21.863504167,57664838,3.305,-9.020,-1.535,0.006,0.002,0.012,-222421
21.868586292,57670059,3.305,-9.020,-1.535,0.012,-0.010,0.002,-222309
21.873184875,57674280,3.305,-9.020,-1.535,0.004,-0.008,-0.002,-221208
21.878072208,57678501,3.305,-9.020,-1.535,-0.002,-0.018,-0.006,-222633
21.883413875,57684722,3.305,-9.020,-1.535,-0.012,-0.006,0.004,-222686
21.887794542,57688943,3.305,-9.020,-1.535,-0.002,-0.004,0.008,-221506
21.890939083,57692164,3.344,-9.055,-1.535,-0.002,-0.004,0.008,-222447
21.894047458,57695385,3.344,-9.055,-1.535,0.002,-0.012,0.006,-222582
21.899490333,57700606,3.344,-9.055,-1.535,-0.002,-0.008,0.004,-222149
21.905019292,57705827,3.344,-9.055,-1.535,0.010,-0.002,-0.010,-222129
21.908933417,57710048,3.344,-9.055,-1.535,0.014,-0.008,-0.006,-221814
21.91396875,57715269,3.344,-9.055,-1.535,0.008,0.004,0.008,-221953
21.918192417,57719490,3.344,-9.055,-1.535,0.008,0.000,0.004,-221831
21.922505417,57723711,3.383,-8.980,-1.535,0.008,0.000,0.004,-222008
21.925722167,57726932,3.383,-8.980,-1.535,0.010,-0.006,-0.012,-221526
21.931425458,57732153,3.383,-8.980,-1.535,-0.008,-0.004,0.002,-222607
21.93506675,57736374,3.383,-8.980,-1.535,0.016,0.006,-0.006,-222115
21.93969025,57740595,3.383,-8.980,-1.535,0.002,0.000,0.004,-222490
21.944425833,57745816,3.383,-8.980,-1.535,-0.008,0.004,0.004,-222638
21.948747833,57750037,3.383,-8.980,-1.535,-0.002,0.006,0.002,-222079
21.9530115,57754258,3.344,-9.016,-1.535,-0.002,0.006,0.002,-222577
21.955360542,57756479,3.344,-9.016,-1.535,-0.002,0.016,-0.002,-221225
21.959321417,57760700,3.344,-9.016,-1.535,0.000,-0.010,-0.018,-220986
21.964908375,57765906,3.344,-9.016,-1.535,-0.002,0.004,0.002,-220986
21.968664833,57770126,3.344,-9.016,-1.535,-0.002,0.006,0.014,-222216
21.973130375,57774347,3.344,-9.016,-1.535,-0.004,-0.010,0.002,-222003
21.977963458,57778568,3.344,-9.016,-1.535,-0.006,-0.014,-0.002,-222414
21.981483333,57782789,3.305,-9.020,-1.535,-0.006,-0.014,-0.002,-221692
21.984623083,57786010,3.305,-9.020,-1.535,-0.002,-0.008,0.002,-222381
21.990913958,57792231,3.305,-9.020,-1.535,-0.004,0.008,-0.002,-221741
21.995016167,57796452,3.305,-9.020,-1.535,-0.002,-0.012,-0.002,-221562
21.999250208,57800673,3.305,-9.020,-1.535,0.004,0.004,-0.006,-222670
22.005519958,57806894,3.305,-9.020,-1.535,0.002,-0.012,0.010,-221939
22.0096885,57811115,3.305,-9.020,-1.535,-0.004,0.000,0.000,-221440
22.013949917,57815336,3.344,-9.016,-1.496,-0.004,0.000,0.000,-222076
22.016106792,57817557,3.344,-9.016,-1.496,0.006,-0.008,-0.016,-222450
22.022381417,57823778,3.344,-9.016,-1.496,0.004,0.000,0.002,-221872
22.02681875,57827999,3.344,-9.016,-1.496,0.000,0.008,0.025,-222859
22.031006833,57832220,3.344,-9.016,-1.496,0.004,0.004,0.010,-222000
22.036136458,57837441,3.344,-9.016,-1.496,-0.002,0.004,-0.012,-221327
22.041342625,57842662,3.344,-9.016,-1.496,0.004,0.010,-0.008,-221291
22.04658775,57847883,3.383,-8.980,-1.535,0.004,0.010,-0.008,-221663
22.049677583,57851104,3.383,-8.980,-1.535,-0.002,0.006,0.004,-222181
22.055035,57856325,3.383,-8.980,-1.535,-0.002,0.004,-0.006,-221515
22.059523875,57860546,3.383,-8.980,-1.535,-0.006,-0.004,0.006,-221484
22.064596333,57865767,3.383,-8.980,-1.535,0.010,0.012,0.006,-221762
22.068507833,57869988,3.383,-8.980,-1.535,0.004,0.000,0.010,-222349
22.073040167,57874210,3.383,-8.980,-1.535,0.000,-0.008,0.008,-221950
22.078457292,57879431,3.344,-9.020,-1.574,0.000,-0.008,0.008,-221847
22.081326125,57882652,3.344,-9.020,-1.574,-0.004,0.004,-0.004,-221685
22.087804542,57888875,3.344,-9.020,-1.574,0.006,0.004,0.002,-221118
22.091746208,57893096,3.344,-9.020,-1.574,-0.002,-0.008,-0.021,-221798
22.096180125,57897317,3.344,-9.020,-1.574,-0.006,0.004,0.004,-222265
22.100432083,57901538,3.344,-9.020,-1.574,0.004,-0.002,0.000,-222180
22.105365833,57906759,3.344,-9.020,-1.574,0.006,0.008,0.008,-222139
22.109587958,57910980,3.344,-8.980,-1.535,0.006,0.008,0.008,-221722
22.112765792,57914201,3.344,-8.980,-1.535,0.012,0.010,0.002,-222175
22.118939875,57920422,3.344,-8.980,-1.535,-0.006,-0.006,0.000,-221705
22.124178667,57925643,3.344,-8.980,-1.535,-0.004,0.010,0.010,-221875
22.128657875,57929864,3.344,-8.980,-1.535,-0.008,0.002,0.006,-222344
22.132601,57934085,3.344,-8.980,-1.535,-0.008,0.004,-0.002,-222061
22.136777958,57938308,3.344,-8.980,-1.535,-0.006,0.004,-0.002,-222346
22.1411445,57942528,3.344,-9.016,-1.535,-0.006,0.004,-0.002,-221737
22.144172417,57945749,3.344,-9.016,-1.535,-0.006,0.002,0.002,-223248
22.150473625,57951970,3.344,-9.016,-1.535,-0.006,0.010,-0.006,-222027
22.154755417,57956191,3.344,-9.016,-1.535,0.002,-0.004,-0.004,-221315
22.1578915,57959412,3.344,-9.016,-1.535,0.000,0.000,0.008,-221998
22.164155792,57965634,3.344,-9.016,-1.535,-0.002,0.000,-0.006,-222432
22.168318833,57969841,3.344,-9.016,-1.535,-0.004,-0.004,0.000,-222432
22.172517958,57974061,3.344,-8.980,-1.535,-0.004,-0.004,0.000,-221112
22.175745625,57977282,3.344,-8.980,-1.535,0.004,-0.004,0.010,-222144
22.181975583,57983503,3.344,-8.980,-1.535,0.002,0.006,0.008,-222214
22.186191792,57987724,3.344,-8.980,-1.535,0.004,-0.006,0.008,-221911
22.191442542,57992945,3.344,-8.980,-1.535,0.014,-0.004,-0.008,-222147
22.195658875,57997166,3.344,-8.980,-1.535,0.004,-0.012,-0.002,-222554
22.19989025,58001387,3.344,-8.980,-1.535,0.006,-0.002,0.010,-221900
22.204053125,58005608,3.344,-9.016,-1.496,0.006,-0.002,0.010,-221141
22.206289,58007829,3.344,-9.016,-1.496,-0.004,0.000,0.004,-221737
22.211477,58013050,3.344,-9.016,-1.496,0.002,-0.006,-0.006,-221956
22.215749292,58017271,3.344,-9.016,-1.496,0.006,0.000,0.010,-222241
22.21895525,58020492,3.344,-9.016,-1.496,-0.002,-0.012,0.010,-221660
22.2231505,58024713,3.344,-9.016,-1.496,0.006,0.004,-0.002,-221843
22.228393208,58029934,3.344,-9.016,-1.496,-0.002,0.000,0.004,-221832
22.231664333,58033155,3.344,-9.016,-1.535,-0.002,0.000,0.004,-222287
22.236821708,58038376,3.344,-9.016,-1.535,-0.002,0.006,-0.006,-222234
22.241108958,58042597,3.344,-9.016,-1.535,-0.008,0.004,0.006,-222086
22.246335708,58047818,3.344,-9.016,-1.535,-0.004,0.012,0.006,-222036
22.250599667,58052039,3.344,-9.016,-1.535,0.004,0.000,0.000,-222317
22.254845833,58056260,3.344,-9.016,-1.535,-0.004,0.000,0.014,-221422
22.259033708,58060481,3.344,-9.016,-1.496,-0.004,0.000,0.014,-221696
22.262216708,58063702,3.344,-9.016,-1.496,-0.004,0.008,0.008,-222100
22.268452625,58069923,3.344,-9.016,-1.496,0.000,0.004,0.004,-221795
22.273660667,58075144,3.344,-9.016,-1.496,0.000,0.004,0.004,-221650
22.277859208,58079365,3.344,-9.016,-1.496,0.000,-0.002,0.004,-222402
22.28310825,58084586,3.344,-9.016,-1.496,0.006,0.008,-0.004,-221802
22.286302792,58087807,3.344,-9.016,-1.496,0.010,0.002,-0.012,-221574
22.29091125,58092028,3.383,-9.016,-1.535,0.010,0.002,-0.012,-221719
22.293761792,58095251,3.383,-9.016,-1.535,-0.014,0.004,0.012,-221756
22.299011458,58100472,3.383,-9.016,-1.535,0.008,-0.002,-0.008,-221932
22.304183,58105693,3.383,-9.016,-1.535,0.002,-0.004,0.010,-222259
22.308451208,58109914,3.383,-9.016,-1.535,0.002,0.006,-0.016,-221458
22.312629,58114135,3.383,-9.016,-1.535,-0.008,-0.008,0.010,-221807
22.3178655,58119356,3.383,-9.016,-1.535,0.000,-0.004,0.010,-222077
22.32313675,58124577,3.113,-9.055,-1.496,0.000,-0.004,0.010,-221966
22.325746667,58126798,3.113,-9.055,-1.496,-0.074,0.023,-0.016,-222238
22.329600542,58131019,3.113,-9.055,-1.496,0.062,-0.049,-0.088,-221882
22.333745833,58135225,3.113,-9.055,-1.496,-0.037,0.055,0.016,-221882
22.3380205,58139445,3.113,-9.055,-1.496,0.039,-0.303,-0.145,-222144
22.343198583,58144666,3.113,-9.055,-1.496,-0.041,0.182,0.287,-222597
22.347477417,58148887,3.113,-9.055,-1.496,-0.041,0.049,0.410,-221787
22.351642292,58153108,2.809,-9.215,-1.996,-0.041,0.049,0.410,-221958
22.354890708,58156329,2.809,-9.215,-1.996,0.021,-0.037,-0.223,-221357
22.360335917,58161550,2.809,-9.215,-1.996,0.006,-0.125,-0.145,-222247
22.364412042,58165771,2.809,-9.215,-1.996,-0.006,0.039,0.318,-222109
22.368500375,58169992,2.809,-9.215,-1.996,-0.053,0.080,0.135,-221956
22.372765167,58174213,2.809,-9.215,-1.996,-0.014,0.119,0.000,-222076
22.377176875,58178434,2.809,-9.215,-1.996,0.037,-0.055,-0.264,-221514
22.381206667,58182655,3.535,-9.098,-1.613,0.037,-0.055,-0.264,-222468
22.383657458,58184876,3.535,-9.098,-1.613,1.469,-1.461,-1.613,-222547
22.38865225,58190097,3.535,-9.098,-1.613,-0.088,0.076,0.352,-221120
22.392865708,58194320,3.535,-9.098,-1.613,0.027,-0.002,0.189,-222773
22.396099375,58197540,3.535,-9.098,-1.613,-0.057,-0.008,-0.074,-222909
22.400284458,58201761,3.535,-9.098,-1.613,-0.059,-0.002,-0.213,-221826
22.405517833,58206982,3.535,-9.098,-1.613,0.021,0.037,0.098,-221484
22.408871042,58210203,3.266,-8.938,-1.344,0.021,0.037,0.098,-222174
22.41400825,58215424,3.266,-8.938,-1.344,0.012,-0.029,-0.035,-222077
22.418532458,58219645,3.266,-8.938,-1.344,0.016,-0.037,-0.086,-221622
22.423453917,58224866,3.266,-8.938,-1.344,-0.018,0.064,-0.059,-221376
22.427628958,58229087,3.266,-8.938,-1.344,-0.049,0.084,-0.041,-222557
22.431865417,58233309,3.266,-8.938,-1.344,-0.008,0.002,-0.047,-221769
22.436103875,58237529,3.574,-8.902,-1.461,-0.008,0.002,-0.047,-221787
22.43934225,58240750,3.574,-8.902,-1.461,-0.021,-0.146,-0.109,-222196
22.445553917,58246971,3.574,-8.902,-1.461,-0.008,0.062,0.281,-221738
22.449736583,58251192,3.574,-8.902,-1.461,-0.070,0.074,0.139,-222628
22.453941417,58255413,3.574,-8.902,-1.461,0.025,0.008,-0.211,-221889
22.458242833,58259634,3.574,-8.902,-1.461,0.018,-0.062,-0.232,-222251
22.463427667,58264855,3.574,-8.902,-1.461,-0.016,-0.023,0.043,-222352
22.46771775,58269076,3.383,-9.055,-1.461,-0.016,-0.023,0.043,-221555
22.470923208,58272299,3.383,-9.055,-1.461,-0.025,0.029,0.084,-221810
22.477059667,58277521,3.383,-9.055,-1.461,-0.010,-0.002,-0.100,-222209
22.480307958,58281742,3.383,-9.055,-1.461,-0.010,0.000,-0.115,-222254
22.485593375,58286963,3.383,-9.055,-1.461,0.020,-0.006,-0.018,-222073
22.489855958,58291184,3.383,-9.055,-1.461,0.014,-0.029,0.088,-221572
22.493982542,58295405,3.383,-9.055,-1.461,0.016,-0.012,0.068,-221186
22.498227792,58299626,3.305,-8.977,-1.535,0.016,-0.012,0.068,-221584
22.501451292,58302847,3.305,-8.977,-1.535,0.004,0.000,0.016,-221688
22.506808542,58308068,3.305,-8.977,-1.535,0.021,-0.018,-0.078,-222080
22.511937542,58312289,3.305,-8.977,-1.535,0.027,-0.020,-0.062,-222718
22.51602625,58317510,3.305,-8.977,-1.535,0.018,-0.014,0.064,-222111
22.520319,58321731,3.305,-8.977,-1.535,0.018,0.010,0.064,-221739
22.525603708,58326952,3.305,-8.977,-1.535,0.006,0.004,-0.021,-221342
22.529861708,58331173,3.227,-8.980,-1.535,0.006,0.004,-0.021,-222729
22.533203958,58334394,3.227,-8.980,-1.535,-0.004,0.004,-0.023,-222531
22.538439875,58339615,3.227,-8.980,-1.535,0.008,-0.051,0.008,-221638
22.543443458,58344836,3.227,-8.980,-1.535,0.004,0.033,0.119,-221734
22.548666125,58350057,3.227,-8.980,-1.535,-0.014,0.020,0.084,-222277
22.553868458,58355278,3.266,-9.020,-1.652,-0.014,0.020,0.084,-222667
22.557098125,58358499,3.266,-9.020,-1.652,-0.004,0.008,-0.104,-221550
22.563322833,58364720,3.266,-9.020,-1.652,-0.006,0.023,0.059,-222521
22.567572917,58368941,3.266,-9.020,-1.652,-0.018,0.010,0.061,-221787
22.571948917,58373162,3.266,-9.020,-1.652,-0.006,0.020,-0.020,-221995
22.576215167,58377383,3.266,-9.020,-1.652,-0.006,0.004,-0.053,-221862
22.581220417,58382604,3.266,-9.020,-1.652,0.002,-0.014,-0.018,-222442
22.585438125,58386825,3.305,-9.055,-1.574,0.002,-0.014,-0.018,-221530
22.588619208,58390046,3.305,-9.055,-1.574,0.000,0.002,-0.006,-221553
22.593893,58395267,3.305,-9.055,-1.574,-0.002,-0.004,0.039,-222052
22.599076083,58400488,3.305,-9.055,-1.574,0.008,-0.014,-0.021,-222144
22.603300875,58404709,3.305,-9.055,-1.574,0.004,-0.012,-0.037,-221908
22.608529625,58409930,3.305,-9.055,-1.574,0.004,-0.008,0.006,-223156
22.612697958,58414151,3.305,-9.055,-1.574,0.018,-0.016,0.012,-221703
22.616957708,58418372,3.344,-8.980,-1.496,0.018,-0.016,0.012,-221795
22.620158708,58421593,3.344,-8.980,-1.496,0.021,-0.008,0.008,-221982
22.626426583,58427814,3.344,-8.980,-1.496,0.014,0.020,0.006,-221971
22.630646417,58432035,3.344,-8.980,-1.496,0.014,0.016,0.029,-222679
22.635013542,58436256,3.344,-8.980,-1.496,0.008,-0.012,0.004,-222195
22.640023375,58441479,3.344,-8.980,-1.496,0.014,0.000,-0.033,-221610
22.645313083,58446700,3.344,-8.980,-1.496,-0.010,0.000,0.002,-222248
22.649501708,58450921,3.383,-8.980,-1.496,-0.010,0.000,0.002,-222748
22.652729667,58454142,3.383,-8.980,-1.496,-0.004,0.004,0.002,-222075
22.658015,58459363,3.383,-8.980,-1.496,-0.002,0.004,0.002,-221712
22.663284625,58464584,3.383,-8.980,-1.496,-0.006,0.016,0.041,-221897
22.668635417,58469805,3.383,-8.980,-1.496,-0.004,0.000,0.006,-221577
22.674271458,58475026,3.344,-8.980,-1.535,-0.004,0.000,0.006,-222036
22.676134167,58477247,3.344,-8.980,-1.535,-0.010,0.002,-0.012,-221497
22.681022208,58482468,3.344,-8.980,-1.535,-0.010,0.012,-0.006,-222127
22.685394375,58486689,3.344,-8.980,-1.535,-0.006,0.002,-0.004,-222061
22.689519375,58490910,3.344,-8.980,-1.535,-0.016,-0.002,-0.006,-222223
22.693688958,58495131,3.344,-8.980,-1.535,-0.008,-0.006,0.002,-222121
22.697976083,58499352,3.344,-8.980,-1.535,0.000,-0.018,-0.006,-221659
22.703295625,58504573,3.344,-9.016,-1.461,0.000,-0.018,-0.006,-221548
22.705604708,58506794,3.344,-9.016,-1.461,0.004,-0.008,0.012,-221608
22.711134417,58511015,3.344,-9.016,-1.461,0.004,-0.004,0.002,-222081
22.714192583,58515236,3.344,-9.016,-1.461,0.002,-0.002,0.025,-222662
22.719058375,58520457,3.344,-9.016,-1.461,0.008,-0.018,-0.016,-222177
22.724320042,58525678,3.344,-9.016,-1.461,0.021,-0.006,-0.006,-221978
22.729602417,58530899,3.344,-9.016,-1.461,0.002,0.004,0.006,-221751
22.733991667,58535120,3.383,-9.020,-1.574,0.002,0.004,0.006,-221421
22.736172375,58537341,3.383,-9.020,-1.574,-0.004,-0.004,-0.010,-221752
22.740387667,58541562,3.383,-9.020,-1.574,-0.004,0.002,-0.004,-221757
22.745656708,58546783,3.383,-9.020,-1.574,-0.006,-0.004,-0.004,-222538
22.749587917,58551004,3.383,-9.020,-1.574,0.004,0.002,0.016,-221901
22.7550895,58556225,3.383,-9.020,-1.574,-0.002,0.004,0.002,-222073
22.759145625,58560446,3.383,-9.020,-1.574,0.006,0.012,0.006,-221836
22.76449175,58565667,3.305,-9.020,-1.535,0.006,0.012,0.006,-222491
22.767701333,58568888,3.305,-9.020,-1.535,0.004,0.000,-0.004,-221389
22.772944542,58574109,3.305,-9.020,-1.535,0.006,-0.002,-0.002,-222144
22.777145583,58578330,3.305,-9.020,-1.535,-0.004,0.004,-0.008,-221561
22.782398958,58583551,3.305,-9.020,-1.535,-0.008,0.000,-0.012,-222277
22.78730725,58588757,3.305,-9.020,-1.535,-0.004,0.006,0.006,-222277
22.791514208,58592977,3.305,-9.020,-1.535,0.004,0.004,0.002,-221730
22.79573175,58597198,3.344,-9.016,-1.535,0.004,0.004,0.002,-222027
22.799016,58600419,3.344,-9.016,-1.535,0.000,-0.004,0.012,-221791
22.805279708,58606640,3.344,-9.016,-1.535,-0.014,0.006,-0.008,-222023
22.810423875,58611861,3.344,-9.016,-1.535,-0.014,-0.012,-0.029,-221830
22.813680292,58615082,3.344,-9.016,-1.535,-0.002,-0.004,-0.023,-222093
22.81786,58619304,3.344,-9.016,-1.535,-0.008,-0.006,0.010,-221795
22.822106042,58623524,3.344,-9.016,-1.535,-0.010,-0.010,0.006,-221664
22.826343542,58627745,3.305,-8.977,-1.535,-0.010,-0.010,0.006,-222166
22.828497917,58629966,3.305,-8.977,-1.535,0.002,0.000,0.021,-222439
22.833790125,58635187,3.305,-8.977,-1.535,0.002,-0.010,-0.018,-222236
22.839228375,58640408,3.305,-8.977,-1.535,0.002,-0.006,0.006,-221375
22.843483917,58644629,3.305,-8.977,-1.535,0.004,-0.016,-0.006,-221569
22.847394167,58648850,3.305,-8.977,-1.535,-0.006,0.000,0.010,-221808
22.850657625,58652071,3.305,-8.977,-1.535,-0.008,0.000,0.002,-222287
22.85482975,58656292,3.383,-8.977,-1.574,-0.008,0.000,0.002,-221441
22.858147583,58659514,3.383,-8.977,-1.574,0.008,0.010,-0.002,-222115
22.864403417,58665735,3.383,-8.977,-1.574,-0.008,0.010,0.004,-222389
22.8686065,58669956,3.383,-8.977,-1.574,0.002,0.000,-0.004,-221785
22.872794208,58674177,3.383,-8.977,-1.574,0.002,0.002,0.006,-221054
22.877266792,58678398,3.383,-8.977,-1.574,0.002,0.006,0.010,-222478
22.88114925,58682619,3.383,-8.977,-1.574,0.004,0.002,-0.006,-221761
22.885423792,58686840,3.305,-9.020,-1.496,0.004,0.002,-0.006,-221248
22.88759775,58689061,3.305,-9.020,-1.496,0.006,0.002,0.006,-222472
22.891821417,58693267,3.305,-9.020,-1.496,0.008,-0.004,0.008,-222472
22.896035292,58697487,3.305,-9.020,-1.496,0.002,0.012,0.000,-221688
22.90030225,58701708,3.305,-9.020,-1.496,0.010,0.000,-0.006,-221404
22.905515042,58706929,3.305,-9.020,-1.496,0.004,-0.004,-0.002,-221996
22.910876708,58712150,3.305,-8.977,-1.496,0.004,-0.004,-0.002,-222584
22.913944208,58715371,3.305,-8.977,-1.496,0.006,0.004,0.004,-222214
22.919128583,58720592,3.305,-8.977,-1.496,0.004,-0.008,0.004,-221959
22.924403792,58725813,3.305,-8.977,-1.496,0.008,-0.008,0.000,-221909
22.928707792,58730034,3.305,-8.977,-1.496,0.006,-0.006,0.000,-221996
22.933868875,58735255,3.383,-8.977,-1.574,0.006,-0.006,0.000,-222301
22.9371375,58738476,3.383,-8.977,-1.574,0.004,-0.010,-0.002,-221343
22.943803667,58744697,3.383,-8.977,-1.574,-0.006,0.012,0.008,-221906
22.947484,58748918,3.383,-8.977,-1.574,0.008,0.006,-0.008,-222320
22.951704458,58753124,3.383,-8.977,-1.574,-0.008,0.000,0.002,-222320
22.956006542,58757344,3.383,-8.977,-1.574,0.004,-0.004,-0.010,-221408
22.959180208,58760565,3.383,-8.977,-1.574,0.010,0.008,0.014,-221596
22.964540875,58765786,3.383,-9.016,-1.496,0.010,0.008,0.014,-222350
22.966652542,58768007,3.383,-9.016,-1.496,-0.004,0.002,0.002,-221381
22.97092325,58772228,3.383,-9.016,-1.496,0.008,0.006,-0.010,-221390
22.975312167,58776449,3.383,-9.016,-1.496,-0.004,0.002,-0.006,-222003
22.979314458,58780670,3.383,-9.016,-1.496,0.006,0.006,0.008,-221900
22.984402375,58785891,3.383,-9.016,-1.496,-0.006,0.004,0.010,-222651
22.988686542,58790112,3.383,-9.016,-1.496,-0.012,0.008,0.004,-221597
22.992929875,58794333,3.305,-9.016,-1.574,-0.012,0.008,0.004,-222337
22.996156083,58797554,3.305,-9.016,-1.574,-0.002,0.000,-0.002,-221958
23.002343458,58803775,3.305,-9.016,-1.574,-0.004,-0.008,0.002,-221408
23.006722875,58807996,3.305,-9.016,-1.574,0.002,-0.004,0.006,-221918
23.010972542,58812217,3.305,-9.016,-1.574,0.006,0.000,0.010,-221491
23.015028167,58816438,3.305,-9.016,-1.574,0.008,-0.004,-0.002,-222503
23.019214417,58820659,3.305,-9.016,-1.574,0.002,-0.002,0.008,-222084
23.024515625,58825880,3.383,-9.016,-1.496,0.002,-0.002,0.008,-221735
23.026719958,58828101,3.383,-9.016,-1.496,0.008,0.008,0.006,-223068
23.032009375,58833322,3.383,-9.016,-1.496,0.004,-0.012,0.008,-221895
23.0362165,58837543,3.383,-9.016,-1.496,-0.002,-0.002,0.004,-221207
23.041396208,58842764,3.383,-9.016,-1.496,-0.002,0.012,0.012,-222805
23.04660725,58847985,3.383,-9.016,-1.496,0.008,0.000,-0.002,-222950
23.051958042,58853206,3.383,-9.016,-1.496,-0.018,0.000,-0.010,-222274
23.055974375,58857427,3.344,-9.016,-1.535,-0.018,0.000,-0.010,-221590
23.059215417,58860648,3.344,-9.016,-1.535,0.000,0.008,-0.006,-221867
23.065497208,58866869,3.344,-9.016,-1.535,-0.002,-0.008,0.004,-222092
23.069906625,58871090,3.344,-9.016,-1.535,0.006,0.002,-0.002,-222624
23.074076958,58875312,3.344,-9.016,-1.535,0.006,-0.004,0.002,-222158
23.079075167,58880532,3.344,-9.016,-1.535,0.002,-0.006,0.006,-222098
23.08434925,58885753,3.344,-9.016,-1.535,-0.002,-0.002,-0.008,-222128
23.088733458,58889974,3.305,-8.977,-1.535,-0.002,-0.002,-0.008,-221870
23.090897083,58892195,3.305,-8.977,-1.535,-0.010,0.000,-0.006,-222072
23.096002125,58897416,3.305,-8.977,-1.535,-0.004,-0.006,0.002,-221242
23.100263,58901637,3.383,-9.016,-1.496,-0.004,-0.006,0.002,-222523
23.103445333,58904858,3.383,-9.016,-1.496,-0.002,-0.012,-0.010,-221579
23.108790458,58910079,3.383,-9.016,-1.496,0.004,-0.004,0.000,-222019
23.113057792,58914301,3.383,-9.016,-1.496,0.002,0.002,0.006,-221650
23.116020375,58917521,3.383,-9.016,-1.496,0.006,0.000,0.006,-221864
23.120325833,58921742,3.383,-9.016,-1.496,-0.002,-0.012,0.006,-221275
23.12455025,58925963,3.383,-9.016,-1.496,0.004,0.006,-0.012,-222219
23.128781917,58930184,3.344,-8.980,-1.613,0.004,0.006,-0.012,-222900
23.131947833,58933405,3.344,-8.980,-1.613,0.002,-0.002,0.002,-221795
23.138497542,58939626,3.344,-8.980,-1.613,-0.010,-0.004,-0.008,-221841
23.143556542,58944847,3.344,-8.980,-1.613,-0.008,-0.002,-0.016,-221909
23.148663333,58950068,3.344,-8.980,-1.613,0.008,0.006,0.002,-221614
23.153913125,58955289,3.344,-8.980,-1.613,0.008,-0.006,0.002,-222003
23.158253542,58959511,3.344,-8.980,-1.613,0.010,-0.002,0.018,-222514
23.163539958,58964732,3.383,-9.176,-1.574,0.010,-0.002,0.018,-221328
23.165652958,58966953,3.383,-9.176,-1.574,-0.016,0.008,0.010,-221810
23.171099125,58972174,3.383,-9.176,-1.574,0.049,-0.014,-0.090,-222116
23.176049,58977395,3.383,-9.176,-1.574,0.053,-0.029,-0.059,-222328
23.180578958,58981616,3.000,-9.094,-1.305,0.053,-0.029,-0.059,-221591
23.183383625,58984837,3.000,-9.094,-1.305,-0.035,0.070,0.133,-221921
23.189657083,58991058,3.000,-9.094,-1.305,-0.041,0.229,0.252,-222233
23.19387675,58995279,3.000,-9.094,-1.305,0.033,0.104,0.357,-222291
23.197092417,58998500,3.000,-9.094,-1.305,-0.057,-0.010,0.293,-222523
23.201273125,59002721,3.000,-9.094,-1.305,0.039,-0.051,-0.299,-221542
23.206574667,59007942,3.000,-9.094,-1.305,0.021,-0.119,0.010,-221876
23.21156575,59012163,3.574,-8.832,-1.230,0.021,-0.119,0.010,-222154
23.214160958,59015384,3.574,-8.832,-1.230,0.010,-0.012,0.260,-222846
23.219175042,59020605,3.574,-8.832,-1.230,0.000,0.055,-0.184,-221364
23.224435958,59025826,3.574,-8.832,-1.230,0.053,-0.076,-0.283,-221754
23.228649417,59030047,3.574,-8.832,-1.230,0.029,-0.061,-0.164,-222026
23.233846,59035268,3.574,-8.832,-1.230,0.064,-0.053,0.193,-221517
23.238056583,59039489,3.574,-8.832,-1.230,0.010,-0.088,0.227,-222495
23.243429,59043710,3.383,-9.254,-1.496,0.010,-0.088,0.227,-221738
23.244566,59045931,3.383,-9.254,-1.496,-0.049,0.090,-0.168,-221920
23.249750375,59051152,3.383,-9.254,-1.496,-0.020,0.066,0.090,-222298
23.253906917,59055373,3.383,-9.254,-1.496,-0.006,0.008,-0.051,-222176
23.258325875,59059594,3.383,-9.254,-1.496,0.018,-0.043,-0.123,-221005
23.263448,59064815,3.383,-9.254,-1.496,0.039,-0.029,0.020,-222875
23.268632167,59070036,3.383,-9.254,-1.496,-0.041,0.072,0.025,-221362
23.272875292,59074257,3.113,-8.898,-1.461,-0.041,0.072,0.025,-221779
23.275211417,59076478,3.113,-8.898,-1.461,-0.018,0.043,-0.115,-221366
23.279222125,59080699,3.113,-8.898,-1.461,0.016,-0.145,-0.096,-222496
23.283469542,59084905,3.113,-8.898,-1.461,-0.039,0.002,0.152,-222496
23.286677625,59088125,3.113,-8.898,-1.461,-0.045,0.125,0.346,-222067
23.290892208,59092346,3.113,-8.898,-1.461,-0.020,0.100,0.381,-221977
23.296201375,59097567,3.113,-8.898,-1.461,-0.033,0.033,-0.006,-221417
23.300456875,59101788,3.074,-9.098,-1.805,-0.033,0.033,-0.006,-222189
23.303768875,59105011,3.074,-9.098,-1.805,0.039,-0.025,-0.383,-221624
23.309994292,59111231,3.074,-9.098,-1.805,-0.006,-0.002,0.131,-221791
23.314032792,59115452,3.074,-9.098,-1.805,-0.025,0.047,0.139,-223381
23.318311833,59119673,3.074,-9.098,-1.805,-0.016,-0.004,-0.047,-221549
23.323843958,59124894,3.074,-9.098,-1.805,-0.010,-0.002,-0.098,-221957
23.328088167,59129115,3.227,-9.176,-1.574,-0.010,-0.002,-0.098,-222866
23.3310195,59132336,3.227,-9.176,-1.574,0.014,-0.023,-0.027,-222382
23.336070667,59137557,3.227,-9.176,-1.574,0.043,-0.004,0.066,-222516
23.340308625,59141778,3.227,-9.176,-1.574,0.041,-0.004,0.061,-221865
23.345563208,59146999,3.227,-9.176,-1.574,-0.035,-0.006,-0.057,-222197
23.349811958,59151220,3.227,-9.176,-1.574,0.066,-0.012,-0.125,-221679
23.354078667,59155441,3.574,-9.098,-1.305,0.066,-0.012,-0.125,-221456
23.356345625,59157662,3.574,-9.098,-1.305,0.006,-0.035,0.006,-221702
23.36070475,59161883,3.574,-9.098,-1.305,0.029,0.010,0.176,-222803
23.364752292,59166104,3.574,-9.098,-1.305,0.010,-0.092,-0.014,-222522
23.367904625,59169325,3.574,-9.098,-1.305,-0.006,0.004,0.008,-221822
23.372127917,59173546,3.574,-9.098,-1.305,0.018,-0.014,0.127,-221771
23.376376833,59177767,3.574,-9.098,-1.305,-0.027,-0.037,0.107,-221870
23.38054475,59181988,3.152,-9.250,-1.766,-0.027,-0.037,0.107,-222278
23.383795083,59185209,3.152,-9.250,-1.766,-0.031,0.047,-0.002,-222734
23.389063292,59190430,3.152,-9.250,-1.766,-0.004,0.033,-0.037,-221861
23.393267,59194651,3.152,-9.250,-1.766,-0.008,0.041,-0.119,-222413
23.397454833,59198872,3.152,-9.250,-1.766,-0.006,0.023,-0.189,-222455
23.4026055,59204093,3.152,-9.250,-1.766,0.061,-0.057,-0.047,-222307
23.406834125,59208314,3.152,-9.250,-1.766,0.039,-0.080,0.090,-221682
23.411052417,59212535,3.383,-8.754,-1.496,0.039,-0.080,0.090,-222091
23.414336625,59215756,3.383,-8.754,-1.496,-0.033,-0.078,-0.016,-221979
23.419513875,59220977,3.383,-8.754,-1.496,0.045,0.064,0.025,-221681
23.424799542,59226198,3.383,-8.754,-1.496,0.008,0.082,0.145,-222377
23.428996,59230419,3.383,-8.754,-1.496,0.020,-0.012,-0.152,-222504
23.4332405,59234640,3.383,-8.754,-1.496,0.027,-0.039,-0.133,-222559
23.437436167,59238861,3.383,-8.754,-1.496,0.021,-0.037,-0.016,-221692
23.441670083,59243082,3.457,-8.871,-1.270,0.021,-0.037,-0.016,-221753
23.443860167,59245303,3.457,-8.871,-1.270,-0.002,0.018,0.064,-221392
23.449093917,59250524,3.457,-8.871,-1.270,-0.010,-0.049,-0.088,-221973
23.453297875,59254745,3.457,-8.871,-1.270,0.027,-0.186,-0.180,-222242
23.456560875,59257966,3.457,-8.871,-1.270,-0.033,0.039,0.064,-221508
23.46080875,59262187,3.457,-8.871,-1.270,-0.031,0.139,0.314,-221629
23.465003083,59266408,3.457,-8.871,-1.270,-0.061,0.068,0.338,-222068
23.468170042,59269629,2.883,-9.137,-1.918,-0.061,0.068,0.338,-222094
23.470438292,59271850,2.883,-9.137,-1.918,-0.043,0.076,0.064,-221899
23.475031542,59276071,2.883,-9.137,-1.918,0.014,-0.074,-0.406,-222060
23.478906208,59280292,2.883,-9.137,-1.918,-0.031,-0.043,-0.205,-221642
23.484088917,59285513,2.883,-9.137,-1.918,-0.027,0.049,0.164,-222662
23.488317875,59289734,2.883,-9.137,-1.918,-0.037,0.066,0.145,-222122
23.492580958,59293955,2.883,-9.137,-1.918,-0.008,0.025,-0.016,-222117
23.495724917,59297176,3.191,-9.211,-1.535,-0.008,0.025,-0.016,-223251
23.498065333,59299397,3.191,-9.211,-1.535,-0.023,0.010,-0.064,-222242
23.502124667,59303618,3.191,-9.211,-1.535,0.016,-0.049,0.006,-222162
23.50645275,59307839,3.191,-9.211,-1.535,0.033,-0.029,0.070,-221682
23.511632542,59313060,3.191,-9.211,-1.535,-0.006,0.008,0.045,-221803
23.515796917,59317281,3.191,-9.211,-1.535,0.057,-0.004,-0.027,-222660
23.520087792,59321503,3.191,-9.211,-1.535,0.016,-0.047,-0.127,-221852
23.524344333,59325724,3.457,-9.059,-1.422,0.016,-0.047,-0.127,-221976
23.526512333,59327945,3.457,-9.059,-1.422,0.025,-0.037,-0.074,-221941
23.531709125,59333166,3.457,-9.059,-1.422,0.037,-0.039,0.129,-222630
23.536236125,59337387,3.457,-9.059,-1.422,0.041,-0.090,0.062,-221693
23.539426042,59340608,3.457,-9.059,-1.422,0.000,-0.012,0.021,-221336
23.54500875,59345829,3.457,-9.059,-1.422,-0.004,-0.037,0.111,-221652
23.548618,59350050,3.457,-9.059,-1.422,-0.035,0.094,0.125,-222751
23.551814875,59353271,3.152,-9.098,-1.652,-0.035,0.094,0.125,-222014
23.557084375,59358492,3.152,-9.098,-1.652,0.018,-0.012,-0.119,-221693
23.561284458,59362713,3.152,-9.098,-1.652,0.023,-0.025,-0.197,-222868
23.566563583,59367934,3.152,-9.098,-1.652,-0.018,0.029,-0.033,-222298
23.571887625,59373155,3.152,-9.098,-1.652,-0.020,0.111,0.092,-221623
23.577028708,59378376,3.457,-8.941,-1.727,-0.020,0.111,0.092,-222062
23.580125792,59381597,3.457,-8.941,-1.727,-0.014,-0.254,-0.160,-222659
23.586421208,59387818,3.457,-8.941,-1.727,-0.029,-0.012,0.229,-222163
23.590684333,59392039,3.457,-8.941,-1.727,-0.037,0.068,0.102,-222009
23.594888,59396260,3.457,-8.941,-1.727,0.016,0.096,-0.211,-222197
23.599087042,59400481,3.457,-8.941,-1.727,-0.014,-0.029,-0.234,-222332
23.604306,59405702,3.457,-8.941,-1.727,-0.006,0.004,0.096,-221611
23.608499542,59409923,3.227,-8.980,-1.496,-0.006,0.004,0.096,-222289
23.611805667,59413144,3.227,-8.980,-1.496,-0.018,0.021,0.129,-222545
23.61696475,59418365,3.227,-8.980,-1.496,0.008,0.021,-0.053,-222237
23.622219792,59423586,3.227,-8.980,-1.496,-0.049,-0.027,-0.061,-221975
23.626256667,59427807,3.227,-8.980,-1.496,-0.025,0.092,0.172,-222004
23.631839375,59433028,3.227,-8.980,-1.496,-0.051,0.072,0.232,-221661
23.63593025,59437249,3.227,-8.980,-1.496,-0.008,0.020,-0.021,-221995
23.6400405,59441470,3.191,-8.898,-1.766,-0.008,0.020,-0.021,-221904
23.643353167,59444691,3.191,-8.898,-1.766,0.043,-0.105,-0.391,-221884
23.64952575,59450912,3.191,-8.898,-1.766,0.002,0.061,0.152,-221737
23.653732083,59455133,3.191,-8.898,-1.766,-0.021,0.035,0.160,-221681
23.657929542,59459354,3.191,-8.898,-1.766,-0.025,0.025,0.016,-222122
23.663230792,59464575,3.191,-8.898,-1.766,-0.002,-0.041,-0.055,-221894
23.66740175,59468796,3.191,-8.898,-1.766,0.008,-0.021,0.008,-221929
23.671774125,59473017,3.344,-9.055,-1.613,0.008,-0.021,0.008,-222359
23.674949208,59476238,3.344,-9.055,-1.613,0.002,0.002,0.068,-222670
23.681037667,59482459,3.344,-9.055,-1.613,0.008,0.016,0.008,-221679
23.686320875,59487680,3.344,-9.055,-1.613,0.012,-0.018,-0.109,-220999
23.691620125,59492901,3.344,-9.055,-1.613,0.012,-0.018,-0.094,-221583
23.696819167,59498122,3.344,-9.055,-1.613,0.016,0.004,0.066,-222341
23.701148792,59502343,3.344,-9.055,-1.613,0.008,0.002,0.064,-221728
23.705397625,59506564,3.344,-8.938,-1.574,0.008,0.002,0.064,-222414
23.708609958,59509785,3.344,-8.938,-1.574,0.010,0.004,0.031,-221616
23.714544875,59516006,3.344,-8.938,-1.574,0.004,0.004,0.008,-222639
23.718895833,59520227,3.344,-8.938,-1.574,-0.020,-0.002,0.027,-221864
23.724102417,59525448,3.344,-8.938,-1.574,0.000,0.020,0.004,-221795
23.728385458,59529669,3.344,-8.938,-1.574,-0.002,-0.004,-0.006,-221975
23.732789125,59533890,3.344,-8.938,-1.574,-0.010,-0.027,-0.061,-221895
23.735958042,59537111,3.344,-9.059,-1.422,-0.010,-0.027,-0.061,-221637
23.738176042,59539332,3.344,-9.059,-1.422,-0.027,0.010,-0.031,-222297
23.744678708,59545538,3.344,-9.059,-1.422,-0.006,0.006,0.014,-222297
23.748358875,59549758,3.344,-9.059,-1.422,-0.008,0.016,-0.025,-221812
23.752556333,59553979,3.344,-9.059,-1.422,0.010,0.000,-0.033,-222222
23.756820042,59558200,3.344,-9.059,-1.422,-0.012,-0.010,-0.027,-221722
23.762001583,59563421,3.344,-9.059,-1.422,-0.008,0.012,-0.012,-221399
23.766233083,59567642,3.305,-9.055,-1.574,-0.008,0.012,-0.012,-222484
23.768467917,59569863,3.305,-9.055,-1.574,0.000,0.006,0.008,-222207
23.773747125,59575084,3.305,-9.055,-1.574,0.004,-0.012,-0.006,-221926
23.777956125,59579305,3.305,-9.055,-1.574,-0.002,-0.006,0.021,-221906
23.781059333,59582526,3.305,-9.055,-1.574,0.004,-0.008,0.039,-222481
23.786324375,59587747,3.305,-9.055,-1.574,-0.002,-0.006,0.029,-222821
23.789583042,59590968,3.305,-9.055,-1.574,0.014,0.008,0.006,-221708
23.79378425,59595189,3.344,-8.941,-1.613,0.014,0.008,0.006,-222317
23.797017042,59598410,3.344,-8.941,-1.613,0.008,-0.014,-0.010,-221366
23.803306958,59604631,3.344,-8.941,-1.613,0.006,0.006,0.002,-221579
23.807419292,59608852,3.344,-8.941,-1.613,-0.008,0.000,0.010,-222255
23.812158417,59613073,3.344,-8.941,-1.613,0.000,0.000,0.004,-221608
23.816876708,59618294,3.344,-8.941,-1.613,-0.002,0.010,-0.008,-221871
23.821096375,59622515,3.344,-8.941,-1.613,-0.004,0.029,0.016,-222065
23.825350917,59626736,3.266,-8.977,-1.535,-0.004,0.029,0.016,-221744
23.828554333,59629957,3.266,-8.977,-1.535,0.010,-0.012,-0.006,-222472
23.833734667,59635178,3.266,-8.977,-1.535,-0.006,0.020,0.018,-221987
23.838053792,59639399,3.344,-8.938,-1.574,-0.006,0.020,0.018,-221316
23.841243042,59642620,3.344,-8.938,-1.574,-0.002,0.000,0.021,-222068
23.846898292,59647841,3.344,-8.938,-1.574,-0.018,0.012,-0.002,-221784
23.850715042,59652062,3.344,-8.938,-1.574,0.002,-0.006,-0.006,-221678
23.853912542,59655283,3.344,-8.938,-1.574,-0.010,-0.002,0.018,-221896
23.858284792,59659505,3.344,-8.938,-1.574,-0.002,0.008,0.006,-221861
23.863584,59664726,3.344,-8.938,-1.574,0.002,0.006,0.002,-222994
23.867581125,59668947,3.305,-9.020,-1.496,0.002,0.006,0.002,-221784
23.86974775,59671170,3.305,-9.020,-1.496,0.008,0.002,-0.018,-222514
23.873990375,59675391,3.305,-9.020,-1.496,-0.004,-0.006,-0.004,-221253
23.87824975,59679612,3.305,-9.020,-1.496,-0.006,-0.014,0.004,-222138
23.882433208,59683833,3.305,-9.020,-1.496,0.002,0.000,0.008,-222238
23.886655375,59688054,3.305,-9.020,-1.496,0.000,-0.010,0.004,-221027
23.890850125,59692275,3.305,-9.020,-1.496,0.002,-0.012,-0.004,-221655
23.896079958,59697496,3.344,-8.980,-1.613,0.002,-0.012,-0.004,-221709
23.899356125,59700717,3.344,-8.980,-1.613,0.002,-0.004,-0.002,-222162
23.905593833,59706938,3.344,-8.980,-1.613,0.002,0.004,-0.008,-221886
23.910510208,59711159,3.344,-8.980,-1.613,-0.002,-0.016,-0.002,-222650
23.9140025,59715380,3.344,-8.980,-1.613,-0.004,-0.004,-0.002,-222063
23.918181708,59719601,3.344,-8.980,-1.613,0.000,0.008,0.008,-221691
23.923542917,59724822,3.344,-8.980,-1.613,-0.002,0.012,0.006,-221990
23.92667425,59728043,3.305,-9.016,-1.574,-0.002,0.012,0.006,-221912
23.928868167,59730264,3.305,-9.016,-1.574,0.004,0.004,-0.023,-222686
23.933135958,59734485,3.305,-9.016,-1.574,0.006,0.002,-0.012,-222534
23.937390042,59738706,3.305,-9.016,-1.574,0.010,0.018,0.002,-221188
23.941667917,59742927,3.305,-9.016,-1.574,-0.002,0.018,0.002,-221505
23.945768625,59747148,3.305,-9.016,-1.574,-0.004,0.006,0.012,-222174
23.951026042,59752369,3.305,-9.016,-1.574,0.002,-0.002,-0.006,-222137
23.955184125,59756575,3.344,-9.016,-1.496,0.002,-0.002,-0.006,-222137
23.958457375,59759795,3.344,-9.016,-1.496,-0.004,-0.002,0.004,-221924
23.964762292,59766016,3.344,-9.016,-1.496,0.010,-0.006,-0.002,-222228
23.968908833,59770237,3.344,-9.016,-1.496,-0.002,0.000,-0.002,-221638
23.97207575,59773458,3.344,-9.016,-1.496,0.004,0.000,0.010,-222244
23.97620075,59777679,3.344,-9.016,-1.496,0.006,0.000,0.000,-221465
23.980567917,59781900,3.344,-9.016,-1.496,-0.008,0.004,0.004,-222905
23.984693417,59786121,3.344,-9.016,-1.535,-0.008,0.004,0.004,-222350
23.986918375,59788342,3.344,-9.016,-1.535,0.010,0.006,-0.012,-221743
23.99217675,59793563,3.344,-9.016,-1.535,0.002,-0.010,-0.004,-222017
23.996369292,59797784,3.344,-9.016,-1.535,0.010,-0.002,0.004,-222325
23.999580792,59801005,3.344,-9.016,-1.535,0.014,0.002,0.010,-221940
24.004807,59806226,3.344,-9.016,-1.535,0.016,-0.006,-0.002,-222210
24.009424375,59810447,3.344,-9.016,-1.535,0.000,-0.002,-0.008,-222545
24.012470542,59813668,3.344,-8.980,-1.535,0.000,-0.002,-0.008,-222013
24.01745325,59818889,3.344,-8.980,-1.535,-0.006,-0.006,0.004,-221516
24.021666833,59823110,3.344,-8.980,-1.535,0.004,-0.006,0.008,-221761
24.026925083,59828331,3.344,-8.980,-1.535,-0.006,0.006,0.002,-221835
24.031246292,59832552,3.344,-8.980,-1.535,0.000,0.002,-0.004,-221865
24.03531275,59836773,3.344,-9.016,-1.535,0.000,0.002,-0.004,-221466
24.038548708,59839994,3.344,-9.016,-1.535,0.010,0.016,0.000,-221570
24.044847875,59846215,3.344,-9.016,-1.535,-0.006,-0.006,0.010,-222339
24.049049292,59850436,3.344,-9.016,-1.535,0.010,0.006,-0.006,-222515
24.053258417,59854657,3.344,-9.016,-1.535,-0.018,-0.004,0.006,-221827
24.057555,59858878,3.344,-9.016,-1.535,0.010,0.010,0.014,-221549
24.061761583,59863099,3.344,-9.016,-1.535,-0.004,0.006,0.004,-221813
24.067104833,59868320,3.344,-8.977,-1.574,-0.004,0.006,0.004,-222777
24.070177667,59871541,3.344,-8.977,-1.574,-0.004,0.008,0.002,-221925
24.075926417,59876762,3.344,-8.977,-1.574,-0.010,-0.008,0.010,-222289
24.08053025,59881983,3.344,-8.977,-1.574,-0.004,-0.004,-0.004,-222517
24.084727417,59886204,3.344,-8.977,-1.574,-0.002,-0.002,-0.008,-221889
24.088997958,59890425,3.344,-8.977,-1.574,-0.002,-0.006,-0.002,-221847
24.092205083,59893646,3.344,-8.977,-1.574,-0.008,0.010,-0.012,-221987
24.096611292,59897867,3.344,-9.016,-1.535,-0.008,0.010,-0.012,-222181
24.099937625,59901088,3.344,-9.016,-1.535,0.008,-0.008,0.010,-221933
24.10620075,59907309,3.344,-9.016,-1.535,0.002,-0.002,0.008,-221699
24.111217208,59911530,3.344,-9.016,-1.535,0.000,-0.002,0.004,-221706
24.11432875,59915751,3.344,-9.016,-1.535,0.014,-0.008,-0.020,-222469
24.1196005,59920972,3.344,-9.016,-1.535,-0.006,-0.002,-0.002,-221846
24.123809833,59925193,3.344,-9.016,-1.535,0.006,-0.004,0.004,-221673
24.127222167,59928414,3.344,-8.980,-1.535,0.006,-0.004,0.004,-222427
24.129243292,59930635,3.344,-8.980,-1.535,-0.002,-0.004,-0.014,-221885
24.134542125,59935856,3.344,-8.980,-1.535,0.010,-0.006,-0.006,-221374
24.139700083,59941077,3.344,-8.980,-1.535,-0.004,0.002,-0.002,-221856
24.144107917,59945299,3.344,-8.980,-1.535,0.004,-0.006,0.000,-221536
24.148276292,59949520,3.344,-8.980,-1.535,0.004,0.021,0.008,-222098
24.152266083,59953741,3.344,-8.980,-1.535,0.012,0.006,0.008,-222271
24.156512458,59957962,3.344,-8.977,-1.574,0.012,0.006,0.008,-222545
24.158956292,59960183,3.344,-8.977,-1.574,-0.006,0.006,-0.008,-221406
24.164141583,59965404,3.344,-8.977,-1.574,-0.014,0.010,0.006,-221039
24.169638167,59970625,3.344,-8.977,-1.574,-0.014,0.010,0.006,-222092
24.172683667,59973846,3.344,-8.977,-1.574,0.012,-0.002,0.000,-221491
24.1794575,59980067,3.344,-8.977,-1.574,0.002,0.010,-0.014,-221587
24.183022333,59984288,3.344,-8.977,-1.574,-0.006,-0.002,-0.012,-221688
24.187091708,59988509,3.344,-8.977,-1.574,0.010,0.000,-0.010,-222138
24.191341792,59992730,3.344,-8.977,-1.574,-0.006,-0.010,0.004,-221748
24.195559,59996951,3.344,-8.977,-1.574,0.004,0.008,0.012,-222549
24.199785792,60001172,3.305,-9.020,-1.496,0.004,0.008,0.012,-221503
24.202964792,60004393,3.305,-9.020,-1.496,-0.010,0.004,0.004,-221752
24.209266292,60010614,3.305,-9.020,-1.496,-0.008,0.000,0.004,-221629
24.214843417,60015835,3.305,-9.020,-1.496,-0.004,0.004,0.014,-222381
24.218654167,60020056,3.305,-9.020,-1.496,0.010,-0.004,-0.008,-222363
24.223887583,60025277,3.305,-9.020,-1.496,0.000,0.000,-0.006,-221649
24.228089125,60029499,3.305,-9.020,-1.496,0.008,0.010,0.004,-221794
24.232390542,60033720,3.344,-8.980,-1.496,0.008,0.010,0.004,-222130
24.235498042,60036941,3.344,-8.980,-1.496,0.008,-0.002,0.002,-221898
24.24082375,60042162,3.344,-8.980,-1.496,0.008,-0.012,-0.008,-221820
24.245978375,60047383,3.344,-8.980,-1.496,-0.002,-0.008,-0.008,-222229
24.250213792,60051604,3.344,-8.980,-1.496,-0.002,0.006,0.014,-222014
24.254374042,60055825,3.344,-8.980,-1.496,-0.008,0.004,0.010,-222218
24.258692625,60060046,3.344,-8.980,-1.496,-0.008,0.000,-0.008,-221882
24.263891875,60065267,3.344,-9.016,-1.496,-0.008,0.000,-0.008,-222383
24.266119625,60067488,3.344,-9.016,-1.496,0.010,0.004,0.000,-222185
24.271457917,60072709,3.344,-9.016,-1.496,0.000,-0.004,0.004,-222163
24.276500083,60077930,3.344,-9.016,-1.496,0.014,0.008,0.002,-221145
24.280698583,60082151,3.344,-9.016,-1.496,-0.004,0.006,0.002,-221737
24.284872083,60086372,3.344,-9.016,-1.496,0.008,0.010,0.006,-222113
24.289114042,60090593,3.344,-9.016,-1.496,0.008,0.002,-0.008,-221378
24.293430667,60094814,3.383,-9.055,-1.613,0.008,0.002,-0.008,-221812
24.296655583,60098035,3.383,-9.055,-1.613,0.006,0.004,0.006,-221491
24.302921125,60104256,3.383,-9.055,-1.613,-0.020,0.043,0.027,-222605
24.307154958,60108477,3.383,-9.055,-1.613,-0.078,0.012,-0.010,-221771
24.3123385,60113698,3.383,-9.055,-1.613,0.000,-0.025,-0.059,-221642
24.316516667,60117919,3.383,-9.055,-1.613,-0.037,0.072,0.086,-222122
24.320792417,60122140,3.383,-9.055,-1.613,0.025,-0.236,-0.082,-222367
24.325086458,60126361,3.191,-9.320,-1.613,0.025,-0.236,-0.082,-221666
24.327539875,60128582,3.191,-9.320,-1.613,-0.053,0.193,0.232,-222221
24.332684833,60133803,3.191,-9.320,-1.613,-0.039,0.000,0.057,-222700
24.336543458,60138024,3.191,-9.320,-1.613,0.043,-0.047,-0.246,-221681
24.339832583,60141245,3.191,-9.320,-1.613,-0.002,-0.062,-0.311,-221033
24.345078958,60146466,3.191,-9.320,-1.613,0.014,0.021,0.197,-221746
24.349266958,60150687,3.191,-9.320,-1.613,-0.031,0.057,0.100,-222135
24.352524333,60153908,3.383,-9.172,-1.270,-0.031,0.057,0.100,-222405
24.357923458,60159129,3.383,-9.172,-1.270,0.025,0.018,-0.150,-221680
24.362136625,60163350,3.383,-9.172,-1.270,-0.016,-0.033,-0.068,-222284
24.366480667,60167571,3.383,-9.172,-1.270,0.006,0.008,-0.010,-222210
24.370671792,60171792,3.383,-9.172,-1.270,0.006,0.053,0.123,-222350
24.375814083,60177013,3.383,-9.172,-1.270,0.018,-0.111,0.014,-221332
24.379805667,60181234,3.727,-8.980,-1.496,0.018,-0.111,0.014,-221782
24.383213083,60184455,3.727,-8.980,-1.496,-0.027,0.018,-0.086,-222786
24.389294292,60190676,3.727,-8.980,-1.496,-0.025,0.035,0.045,-221962
24.393551958,60194897,3.727,-8.980,-1.496,-0.002,0.027,-0.057,-222087
24.397738458,60199118,3.727,-8.980,-1.496,-0.008,-0.039,-0.117,-222393
24.402907583,60204339,3.727,-8.980,-1.496,0.008,-0.055,-0.064,-221719
24.408135458,60209560,3.727,-8.980,-1.496,0.000,0.014,0.002,-222353
24.412544833,60213781,3.152,-8.898,-1.461,0.000,0.014,0.002,-222324
24.414557833,60216002,3.152,-8.898,-1.461,0.023,-0.064,0.053,-222065
24.418817,60220223,3.152,-8.898,-1.461,-0.020,-0.012,0.035,-221588
24.423037083,60224444,3.152,-8.898,-1.461,0.002,0.068,0.135,-222182
24.427430958,60228665,3.152,-8.898,-1.461,-0.018,0.020,0.131,-222315
24.432487917,60233886,3.152,-8.898,-1.461,0.006,-0.020,-0.213,-222117
24.436694375,60238107,3.152,-8.898,-1.461,0.006,-0.037,-0.178,-221686
24.440923542,60242328,3.383,-9.098,-1.344,0.006,-0.037,-0.178,-221764
24.444237833,60245549,3.383,-9.098,-1.344,0.004,0.012,0.029,-222178
24.450373542,60251770,3.383,-9.098,-1.344,0.006,0.039,0.006,-222081
24.454546208,60255991,3.383,-9.098,-1.344,0.008,0.014,0.016,-221514
24.458792667,60260214,3.383,-9.098,-1.344,0.002,-0.012,0.012,-221783
24.464039542,60265435,3.383,-9.098,-1.344,0.014,-0.014,-0.008,-221778
24.469246,60270656,3.383,-9.098,-1.344,0.006,-0.002,0.043,-222147
24.472461542,60273877,3.266,-8.977,-1.652,0.006,-0.002,0.043,-221956
24.474692208,60276098,3.266,-8.977,-1.652,-0.002,0.020,0.055,-221139
24.479894875,60281319,3.266,-8.977,-1.652,0.006,-0.020,-0.059,-221873
24.485107333,60286540,3.266,-8.977,-1.652,0.008,-0.014,-0.053,-221817
24.489477917,60290761,3.266,-8.977,-1.652,0.014,-0.008,0.021,-221906
24.493698542,60294982,3.266,-8.977,-1.652,0.006,0.004,0.055,-221548
24.497739375,60299203,3.266,-8.977,-1.652,0.004,0.004,0.037,-221806
24.501957083,60303424,3.344,-8.980,-1.613,0.004,0.004,0.037,-222724
24.5043125,60305645,3.344,-8.980,-1.613,0.008,-0.004,-0.002,-222213
24.509405625,60310866,3.344,-8.980,-1.613,-0.002,0.008,0.016,-221863
24.514668833,60316087,3.344,-8.980,-1.613,-0.002,-0.029,-0.010,-221865
24.518902583,60320308,3.344,-8.980,-1.613,-0.018,0.010,0.033,-223005
24.524270667,60325529,3.344,-8.980,-1.613,-0.020,0.014,0.049,-222392
24.528524708,60329750,3.344,-8.980,-1.613,-0.016,0.002,-0.004,-221930
24.532827583,60333973,3.344,-9.055,-1.461,-0.016,0.002,-0.004,-221818
24.534779458,60336194,3.344,-9.055,-1.461,-0.020,0.004,-0.045,-221831
24.539241458,60340415,3.344,-9.055,-1.461,0.002,-0.008,0.012,-221864
24.543574,60344636,3.344,-9.055,-1.461,-0.006,0.023,0.016,-221908
24.546562792,60347857,3.344,-9.055,-1.461,0.004,0.008,0.006,-222546
24.550696167,60352078,3.344,-9.055,-1.461,0.000,0.000,-0.012,-222469
24.554915625,60356299,3.344,-9.055,-1.461,-0.008,-0.002,-0.021,-221042
24.559203583,60360520,3.344,-9.020,-1.574,-0.008,-0.002,-0.021,-222432
24.562441917,60363741,3.344,-9.020,-1.574,0.004,-0.002,-0.020,-222032
24.568818083,60369962,3.344,-9.020,-1.574,-0.004,0.012,0.010,-222397
24.573031167,60374183,3.344,-9.020,-1.574,-0.010,-0.010,-0.006,-221903
24.577171542,60378404,3.344,-9.020,-1.574,0.002,-0.012,-0.023,-221651
24.58125675,60382625,3.344,-9.020,-1.574,0.006,-0.006,-0.002,-222394
24.586497042,60387846,3.344,-9.020,-1.574,0.002,0.000,0.012,-222051
24.589638125,60391067,3.383,-9.016,-1.535,0.002,0.000,0.012,-222067
24.591899333,60393288,3.383,-9.016,-1.535,0.004,-0.018,0.002,-222305
24.597123208,60398509,3.383,-9.016,-1.535,0.004,-0.008,0.006,-221689
24.601588417,60402730,3.383,-9.016,-1.535,-0.002,-0.014,0.000,-221711
24.606559833,60407951,3.383,-9.016,-1.535,0.010,-0.004,-0.021,-221405
24.609774083,60411172,3.344,-8.980,-1.535,0.010,-0.004,-0.021,-221621
24.6139575,60415393,3.344,-8.980,-1.535,-0.010,-0.012,-0.033,-221717
24.618207167,60419614,3.344,-8.980,-1.535,-0.002,-0.008,-0.020,-222224
24.622436458,60423835,3.344,-8.980,-1.535,-0.008,0.000,0.018,-222412
24.627644833,60429056,3.344,-8.980,-1.535,0.010,0.006,0.021,-222582
24.631994083,60433278,3.344,-8.980,-1.535,-0.008,-0.008,-0.012,-222517
24.636225375,60437499,3.383,-8.980,-1.535,-0.008,-0.008,-0.012,-220491
24.639269125,60440720,3.383,-8.980,-1.535,-0.002,0.002,0.002,-222126
24.645495833,60446941,3.383,-8.980,-1.535,0.002,0.006,0.027,-223031
24.649740125,60451162,3.383,-8.980,-1.535,0.008,0.004,0.002,-222008
24.653986417,60455383,3.383,-8.980,-1.535,-0.004,-0.004,-0.012,-222367
24.659351833,60460604,3.383,-8.980,-1.535,-0.002,0.004,-0.010,-222061
24.664543667,60465825,3.383,-8.980,-1.535,0.008,0.002,0.004,-222615
24.667767958,60469046,3.305,-8.977,-1.535,0.008,0.002,0.004,-222858
24.672106333,60473267,3.305,-8.977,-1.535,-0.004,0.004,0.018,-222190
24.678657042,60478489,3.344,-9.016,-1.461,-0.004,0.004,0.018,-222473
24.680288792,60481710,3.344,-9.016,-1.461,0.014,-0.012,0.000,-222028
24.68655925,60487931,3.344,-9.016,-1.461,-0.004,0.000,0.004,-222580
24.690818417,60492152,3.344,-9.016,-1.461,-0.004,-0.002,0.016,-221668
24.6940515,60495373,3.344,-9.016,-1.461,0.010,0.010,-0.002,-221798
24.698314292,60499594,3.344,-9.016,-1.461,0.010,0.004,-0.014,-221566
24.702645833,60503815,3.344,-9.016,-1.461,0.000,0.000,0.008,-222725
24.706847042,60508036,3.344,-8.977,-1.574,0.000,0.000,0.008,-222272
24.709075625,60510257,3.344,-8.977,-1.574,0.006,-0.006,0.004,-221499
24.714099458,60515478,3.344,-8.977,-1.574,-0.014,0.006,0.000,-222209
24.718272875,60519699,3.344,-8.977,-1.574,0.000,0.004,-0.002,-222139
24.721561917,60522920,3.344,-8.977,-1.574,-0.014,0.004,-0.006,-221796
24.726823083,60528141,3.344,-8.977,-1.574,-0.008,-0.004,-0.010,-223062
24.731107125,60532362,3.344,-8.977,-1.574,0.010,0.008,-0.010,-222228
24.735396042,60536583,3.383,-9.016,-1.535,0.010,0.008,-0.010,-221882
24.73766025,60538804,3.383,-9.016,-1.535,0.014,0.002,0.000,-221145
24.742866958,60544025,3.383,-9.016,-1.535,0.016,0.004,-0.004,-221512
24.748028542,60549246,3.383,-9.016,-1.535,0.014,0.004,0.002,-222311
24.7521735,60553467,3.383,-9.016,-1.535,-0.008,-0.002,-0.014,-222811
24.756327708,60557688,3.383,-9.016,-1.535,0.006,0.000,0.006,-221942
24.761521625,60562909,3.383,-9.016,-1.535,0.008,-0.006,-0.004,-222363
24.765787792,60567130,3.305,-9.020,-1.496,0.008,-0.006,-0.004,-222941
24.768037708,60569351,3.305,-9.020,-1.496,-0.010,0.000,0.002,-221678
24.773415792,60574572,3.305,-9.020,-1.496,0.002,0.002,-0.004,-221557
24.777660667,60578793,3.305,-9.020,-1.496,0.004,-0.006,0.002,-222158
24.782645917,60584014,3.305,-9.020,-1.496,-0.008,-0.004,0.004,-222105
24.787946667,60589235,3.305,-9.020,-1.496,0.002,-0.016,-0.014,-222227
24.793113583,60594456,3.305,-9.020,-1.496,0.010,-0.008,-0.002,-221823
24.797297708,60598677,3.344,-9.016,-1.535,0.010,-0.008,-0.002,-221951
24.800559792,60601898,3.344,-9.016,-1.535,0.000,-0.004,0.006,-222425
24.806784792,60608119,3.344,-9.016,-1.535,0.010,-0.006,0.004,-222463
24.811029833,60612340,3.344,-9.016,-1.535,0.010,0.002,-0.004,-221880
24.814216292,60615561,3.344,-9.016,-1.535,-0.004,-0.008,-0.010,-221591
24.818363167,60619782,3.344,-9.016,-1.535,-0.002,0.000,0.002,-222861
24.822555125,60624003,3.344,-9.016,-1.535,-0.002,0.012,0.002,-222023
24.826841917,60628224,3.344,-8.977,-1.574,-0.002,0.012,0.002,-221674
24.829064708,60630445,3.344,-8.977,-1.574,-0.008,0.000,0.004,-221996
24.834360875,60635666,3.344,-8.977,-1.574,0.006,0.008,-0.006,-222048
24.838713,60639887,3.344,-8.977,-1.574,0.002,0.004,0.002,-221272
24.841950292,60643108,3.344,-8.977,-1.574,0.000,0.002,0.016,-221762
24.847179542,60648329,3.344,-8.977,-1.574,-0.008,0.004,-0.008,-223084
24.852205125,60653550,3.344,-8.977,-1.574,0.006,-0.002,0.006,-222543
24.857349458,60658771,3.344,-9.016,-1.535,0.006,-0.002,0.006,-221846
24.860527667,60661992,3.344,-9.016,-1.535,-0.010,0.016,0.004,-221535
24.866167667,60667213,3.344,-9.016,-1.535,0.006,0.010,0.012,-222461
24.870122792,60671434,3.344,-9.016,-1.535,0.010,-0.004,-0.010,-221902
24.875254875,60676655,3.344,-9.016,-1.535,0.020,-0.004,-0.018,-221690
24.880085292,60680876,3.344,-9.016,-1.535,0.000,0.004,-0.002,-222141
24.884796708,60686097,3.344,-9.016,-1.535,-0.008,0.010,0.000,-221484
24.887938917,60689318,3.344,-8.980,-1.496,-0.008,0.010,0.000,-222357
24.892190375,60693539,3.344,-8.980,-1.496,0.006,-0.008,-0.008,-221923
24.896350958,60697760,3.383,-9.016,-1.496,0.006,-0.008,-0.008,-222233
24.898531708,60699981,3.383,-9.016,-1.496,0.006,-0.002,-0.008,-222793
24.904204542,60705202,3.383,-9.016,-1.496,-0.010,-0.002,0.012,-221782
24.90896275,60710423,3.383,-9.016,-1.496,0.008,-0.010,0.002,-222318
24.913253042,60714644,3.383,-9.016,-1.496,-0.008,0.000,0.008,-221552
24.91751275,60718865,3.383,-9.016,-1.496,0.002,-0.008,-0.008,-221984
24.921747875,60723086,3.383,-9.016,-1.496,-0.010,0.000,-0.002,-221481
24.926962042,60728307,3.344,-8.977,-1.574,-0.010,0.000,-0.002,-222443
24.929227542,60730528,3.344,-8.977,-1.574,0.014,0.000,-0.012,-222162
24.93335025,60734749,3.344,-8.977,-1.574,0.010,0.000,0.006,-222443
24.939486667,60739971,3.344,-8.977,-1.574,-0.002,0.010,-0.006,-221902
24.942769917,60744192,3.344,-8.977,-1.574,-0.008,0.000,-0.006,-221858
24.948005875,60749413,3.344,-8.977,-1.574,-0.004,0.004,0.004,-222231
24.952171625,60753636,3.344,-8.977,-1.574,-0.002,0.002,-0.014,-222022
24.95657075,60757856,3.305,-9.020,-1.496,-0.002,0.002,-0.014,-221874
24.9586295,60760077,3.305,-9.020,-1.496,0.010,-0.002,0.018,-221886
24.963900375,60765298,3.305,-9.020,-1.496,-0.008,0.000,-0.004,-221673
24.968058292,60769519,3.305,-9.020,-1.496,0.000,0.000,-0.008,-222174
24.972258792,60773740,3.305,-9.020,-1.496,0.006,0.002,-0.002,-221589
24.97905825,60778961,3.305,-9.020,-1.496,0.010,-0.004,0.006,-221622
24.981717083,60783182,3.305,-9.020,-1.496,0.008,0.000,-0.006,-222296
24.98603975,60787403,3.344,-9.016,-1.535,0.008,0.000,-0.006,-222208
24.989267708,60790624,3.344,-9.016,-1.535,-0.006,-0.012,-0.002,-221670
24.995486167,60796845,3.344,-9.016,-1.535,0.006,-0.002,-0.006,-221991
24.999677208,60801066,3.344,-9.016,-1.535,0.008,-0.008,0.004,-221573
25.004943,60806289,3.344,-9.016,-1.535,0.012,-0.002,0.004,-221992
25.009143292,60810509,3.344,-9.016,-1.535,-0.004,0.004,0.000,-222034
25.013329375,60814730,3.344,-9.016,-1.535,-0.002,0.004,0.000,-221744
25.017576917,60818951,3.344,-9.016,-1.496,-0.002,0.004,0.000,-222908
25.020777583,60822172,3.344,-9.016,-1.496,0.010,-0.014,-0.016,-221815
25.02705725,60828393,3.344,-9.016,-1.496,-0.004,-0.004,0.006,-222393
25.031356417,60832614,3.344,-9.016,-1.496,-0.012,0.000,0.002,-221456
25.034779417,60835835,3.344,-9.016,-1.496,0.004,-0.008,-0.012,-221988
25.038992,60840056,3.344,-9.016,-1.496,0.008,0.004,0.004,-221198
25.043359958,60844278,3.344,-9.016,-1.496,0.002,0.006,0.004,-222119
25.047110708,60848498,3.344,-8.977,-1.574,0.002,0.006,0.004,-222130
25.050323417,60851719,3.344,-8.977,-1.574,-0.002,-0.004,-0.004,-221910
25.055490583,60856940,3.344,-8.977,-1.574,-0.002,0.004,0.006,-221832
25.05975675,60861161,3.344,-8.977,-1.574,-0.002,0.000,0.000,-221785
25.064015417,60865383,3.344,-8.977,-1.574,-0.002,0.004,-0.002,-222768
25.068293417,60869604,3.344,-8.977,-1.574,0.002,-0.006,0.008,-222552
25.072553333,60873825,3.344,-8.977,-1.574,0.006,-0.010,-0.016,-222135
25.077931792,60879046,3.305,-8.977,-1.496,0.006,-0.010,-0.016,-221792
25.079985375,60881267,3.305,-8.977,-1.496,-0.006,-0.006,0.004,-221245
25.085099833,60886489,3.305,-8.977,-1.496,0.004,0.008,-0.002,-221903
25.090487583,60891710,3.305,-8.977,-1.496,0.004,0.000,0.008,-222155
25.095583708,60896931,3.422,-9.020,-1.496,0.004,0.000,0.008,-221927
25.097939625,60899152,3.422,-9.020,-1.496,-0.002,0.006,-0.002,-221750
25.1019065,60903373,3.422,-9.020,-1.496,-0.008,-0.016,0.002,-222412
25.107135208,60908594,3.422,-9.020,-1.496,-0.002,-0.008,-0.002,-221402
25.112564,60912815,3.422,-9.020,-1.496,0.004,-0.002,0.004,-221634
25.115565792,60917036,3.422,-9.020,-1.496,-0.014,0.006,0.029,-222494
25.119831667,60921257,3.422,-9.020,-1.496,-0.002,-0.002,0.000,-221876
25.125136042,60926478,3.344,-9.016,-1.535,-0.002,-0.002,0.000,-221718
25.128321792,60929699,3.344,-9.016,-1.535,0.002,0.000,-0.002,-221935
25.133658042,60934920,3.344,-9.016,-1.535,0.004,0.000,0.006,-222106
25.137745042,60939142,3.344,-9.016,-1.535,-0.008,0.004,-0.002,-221993
25.141908458,60943363,3.344,-9.016,-1.535,-0.004,-0.004,-0.006,-221649
25.147127208,60948584,3.344,-9.016,-1.535,-0.002,0.016,-0.006,-221987
25.151500875,60952805,3.344,-9.016,-1.535,0.008,0.004,-0.004,-222053
25.155605833,60957026,3.305,-8.977,-1.535,0.008,0.004,-0.004,-221032
25.157767542,60959247,3.305,-8.977,-1.535,0.000,0.008,0.006,-221959
25.164135208,60965468,3.305,-8.977,-1.535,0.000,0.004,-0.004,-222605
25.168355917,60969689,3.305,-8.977,-1.535,0.000,-0.004,0.006,-221705
25.1727675,60973910,3.305,-8.977,-1.535,-0.002,0.006,-0.004,-222394
25.176702625,60978131,3.305,-8.977,-1.535,-0.010,0.002,0.004,-221449
25.180935708,60982352,3.305,-8.977,-1.535,0.010,-0.016,0.012,-222614
25.1862005,60987573,3.305,-8.938,-1.496,0.010,-0.016,0.012,-221794
25.188397042,60989794,3.305,-8.938,-1.496,0.004,-0.002,0.006,-222399
25.193662542,60995015,3.305,-8.938,-1.496,0.016,0.041,0.014,-222466
25.197854042,60999236,3.305,-8.938,-1.496,-0.037,-0.014,-0.049,-222622
25.202041792,61003457,3.305,-8.938,-1.496,0.094,-0.039,-0.070,-222066
25.206276042,61007678,3.305,-8.938,-1.496,-0.043,0.074,0.061,-222352
25.209527375,61010899,4.609,-9.016,-1.574,-0.043,0.074,0.061,-221661
25.212730917,61014120,4.609,-9.016,-1.574,0.055,-0.158,0.039,-222028
25.217924667,61019341,4.609,-9.016,-1.574,0.016,0.160,0.348,-221554
25.222120958,61023564,4.609,-9.016,-1.574,-0.043,0.045,0.344,-221584
25.226378833,61027784,4.609,-9.016,-1.574,0.035,-0.049,-0.223,-221718
25.230632875,61032005,4.609,-9.016,-1.574,0.051,-0.109,-0.479,-221398
25.235867875,61037226,4.609,-9.016,-1.574,0.016,0.010,0.199,-221641
25.240027958,61041448,3.305,-8.715,-1.422,0.016,0.010,0.199,-222031
25.24326125,61044669,3.305,-8.715,-1.422,0.033,0.062,0.297,-222307
25.249492833,61050890,3.305,-8.715,-1.422,0.016,0.041,-0.178,-222477
25.253704292,61055111,3.305,-8.715,-1.422,0.002,-0.039,-0.150,-222186
25.258101458,61059332,3.305,-8.715,-1.422,0.016,-0.010,-0.066,-222034
25.263344875,61064553,3.305,-8.715,-1.422,0.010,-0.123,0.084,-221795
25.268540625,61069774,3.305,-8.715,-1.422,-0.010,0.115,0.086,-222462
25.272843125,61073995,3.152,-8.871,-1.496,-0.010,0.115,0.086,-222265
25.275857875,61077216,3.152,-8.871,-1.496,-0.021,0.016,0.043,-222084
25.281032167,61082437,3.152,-8.871,-1.496,0.014,-0.031,-0.221,-221578
25.286202792,61087658,3.152,-8.871,-1.496,-0.002,0.004,0.029,-222352
25.290436625,61091879,3.152,-8.871,-1.496,-0.027,0.066,0.184,-221961
25.295764417,61097100,3.152,-8.871,-1.496,-0.008,0.041,0.064,-221833
25.301115917,61102321,3.152,-8.871,-1.496,0.041,-0.119,-0.211,-222499
25.306407667,61107542,4.031,-9.020,-1.383,0.041,-0.119,-0.211,-222176
25.3094145,61110763,4.031,-9.020,-1.383,-0.021,-0.055,0.006,-222090
25.314665792,61115984,4.031,-9.020,-1.383,-0.018,0.061,0.332,-221762
25.318834625,61120205,4.031,-9.020,-1.383,-0.020,-0.006,-0.141,-222243
25.323155708,61124426,4.031,-9.020,-1.383,0.014,-0.027,-0.291,-221174
25.328291375,61129647,4.031,-9.020,-1.383,-0.010,-0.016,-0.020,-223113
25.332802333,61133868,4.031,-9.020,-1.383,0.000,0.020,0.098,-222210
25.335634708,61137089,3.266,-8.977,-1.383,0.000,0.020,0.098,-221376
25.338853167,61140310,3.266,-8.977,-1.383,-0.014,0.029,0.131,-222113
25.345253375,61146531,3.266,-8.977,-1.383,-0.004,-0.008,-0.068,-221011
25.349351333,61150752,3.266,-8.977,-1.383,0.014,-0.006,-0.066,-221810
25.353567167,61154973,3.266,-8.977,-1.383,0.012,-0.012,0.053,-221905
25.357918542,61159194,3.266,-8.977,-1.383,0.006,-0.004,0.059,-221545
25.3631315,61164415,3.266,-8.977,-1.383,-0.002,0.020,0.025,-222324
25.367712542,61168636,3.266,-9.020,-1.613,-0.002,0.020,0.025,-222722
25.371278875,61171857,3.266,-9.020,-1.613,0.008,0.020,-0.006,-222241
25.375834542,61177078,3.266,-9.020,-1.613,-0.027,0.002,-0.006,-222438
25.379923042,61181299,3.266,-9.020,-1.613,-0.043,-0.004,0.010,-221972
25.3850885,61186520,3.266,-9.020,-1.613,0.041,-0.008,0.043,-222290
25.390692958,61191741,3.266,-9.020,-1.613,-0.010,0.018,0.035,-222512
25.394584875,61195962,3.266,-9.020,-1.613,0.059,-0.160,-0.078,-222162
25.398880958,61200183,3.879,-9.016,-1.613,0.059,-0.160,-0.078,-222303
25.402328458,61203404,3.879,-9.016,-1.613,-0.051,0.045,0.051,-221706
25.408213375,61209625,3.879,-9.016,-1.613,-0.010,-0.057,0.014,-221321
25.412601208,61213846,3.879,-9.016,-1.613,-0.008,-0.037,-0.164,-221998
25.416635958,61218067,3.879,-9.016,-1.613,-0.010,0.039,-0.039,-221586
25.420878917,61222288,3.879,-9.016,-1.613,-0.004,-0.025,0.053,-222019
25.426160208,61227509,3.879,-9.016,-1.613,-0.010,0.027,-0.121,-222384
25.430353875,61231730,3.227,-9.020,-1.422,-0.010,0.027,-0.121,-222035
25.433564417,61234951,3.227,-9.020,-1.422,0.018,0.016,-0.037,-222680
25.438894292,61240172,3.227,-9.020,-1.422,-0.002,0.084,0.074,-221922
25.444008792,61245393,3.227,-9.020,-1.422,-0.002,-0.172,-0.105,-221977
25.448207458,61249614,3.227,-9.020,-1.422,0.023,0.098,0.121,-222258
25.452399,61253835,3.227,-9.020,-1.422,0.041,0.068,0.193,-222198
25.455617417,61257056,3.227,-9.020,-1.422,-0.023,0.029,0.186,-221727
25.459842708,61261277,3.113,-8.832,-1.957,-0.023,0.029,0.186,-221789
25.463111083,61264498,3.113,-8.832,-1.957,0.021,0.031,-0.156,-222137
25.468292042,61269719,3.113,-8.832,-1.957,-0.016,-0.035,-0.133,-222361
25.473541875,61274940,3.113,-8.832,-1.957,-0.012,0.035,0.072,-222330
25.477786167,61279161,3.113,-8.832,-1.957,-0.002,0.029,0.061,-221821
25.482981667,61284382,3.113,-8.832,-1.957,-0.020,-0.113,-0.121,-222250
25.487210792,61288603,3.113,-8.832,-1.957,-0.021,0.043,0.064,-222765
25.491548542,61292824,3.152,-8.938,-1.574,-0.021,0.043,0.064,-222299
25.494917917,61296045,3.152,-8.938,-1.574,-0.025,0.090,0.383,-221500
25.499942542,61301268,3.152,-8.938,-1.574,0.021,-0.059,-0.291,-221934
25.50415,61305488,3.152,-8.938,-1.574,0.033,-0.094,-0.256,-222068
25.508430417,61309709,3.152,-8.938,-1.574,-0.029,-0.012,0.008,-222371
25.512643292,61313930,3.152,-8.938,-1.574,-0.004,0.053,0.086,-221730
25.516751125,61318151,3.152,-8.938,-1.574,-0.027,0.045,0.072,-222367
25.520985125,61322373,3.266,-9.055,-1.422,-0.027,0.045,0.072,-222009
25.524269583,61325594,3.266,-9.055,-1.422,-0.023,-0.008,-0.047,-221885
25.530564208,61331815,3.266,-9.055,-1.422,0.006,-0.014,0.061,-221732
25.534946875,61336036,3.266,-9.055,-1.422,0.006,-0.018,0.061,-222635
25.538083667,61339257,3.266,-9.055,-1.422,0.002,0.020,0.055,-222251
25.543358833,61344479,3.266,-9.055,-1.422,-0.074,0.031,0.033,-221797
25.548279833,61349700,3.266,-8.828,-1.687,-0.074,0.031,0.033,-222705
25.551539208,61352921,3.266,-8.828,-1.687,0.012,-0.008,-0.074,-221913
25.556829958,61358142,3.266,-8.828,-1.687,0.008,0.006,0.000,-222547
25.561041333,61362363,3.266,-8.828,-1.687,0.023,-0.002,0.078,-221364
25.566427833,61367584,3.266,-8.828,-1.687,-0.004,-0.014,0.025,-222288
25.570643625,61371805,3.266,-8.828,-1.687,0.010,0.043,0.055,-222455
25.575892542,61377026,3.266,-8.828,-1.687,-0.025,-0.023,0.041,-222020
25.581173625,61381247,3.152,-9.137,-1.652,-0.025,-0.023,0.041,-222883
25.583034458,61384468,3.152,-9.137,-1.652,-0.021,0.057,0.043,-222180
25.588355708,61389689,3.152,-9.137,-1.652,0.010,-0.037,-0.010,-221817
25.593576792,61394910,3.152,-9.137,-1.652,0.014,-0.008,-0.168,-222613
25.597738625,61399131,3.152,-9.137,-1.652,-0.004,-0.014,-0.066,-222723
25.602921708,61404352,3.152,-9.137,-1.652,-0.016,0.129,0.078,-222524
25.607156208,61408573,3.152,-9.137,-1.652,0.031,0.039,0.088,-222191
25.611404583,61412794,3.996,-9.098,-1.461,0.031,0.039,0.088,-222093
25.61458575,61416015,3.996,-9.098,-1.461,-0.023,-0.197,-0.182,-221757
25.619821792,61421236,3.996,-9.098,-1.461,-0.047,0.004,0.219,-222049
25.625108833,61426457,3.996,-9.098,-1.461,-0.037,0.051,0.039,-222635
25.630313,61431678,3.996,-9.098,-1.461,0.014,0.090,-0.170,-222499
25.635589542,61436899,3.996,-9.098,-1.461,0.025,-0.061,-0.166,-222181
25.639761458,61441120,3.383,-8.980,-1.535,0.025,-0.061,-0.166,-222418
25.641885958,61443341,3.383,-8.980,-1.535,-0.016,0.008,0.123,-221726
25.646334208,61447562,3.383,-8.980,-1.535,-0.012,0.066,0.037,-222017
25.650405333,61451783,3.383,-8.980,-1.535,0.004,-0.164,-0.244,-221842
25.654707458,61456004,3.383,-8.980,-1.535,-0.035,-0.062,-0.186,-221892
25.658891292,61460225,3.383,-8.980,-1.535,-0.027,0.154,0.299,-221637
25.663115583,61464446,3.383,-8.980,-1.535,-0.033,0.092,0.385,-222389
25.668405167,61469667,3.152,-9.055,-1.727,-0.033,0.092,0.385,-222368
25.671753875,61472888,3.152,-9.055,-1.727,0.012,-0.012,-0.193,-221256
25.676752167,61478109,3.152,-9.055,-1.727,-0.004,-0.059,-0.125,-222029
25.680925583,61482330,3.152,-9.055,-1.727,-0.020,0.021,-0.014,-221849
25.686158833,61487551,3.152,-9.055,-1.727,-0.033,0.049,0.080,-221926
25.690383542,61491772,3.152,-9.055,-1.727,-0.014,0.012,0.033,-222688
25.695690458,61496993,3.152,-9.055,-1.727,0.002,-0.041,-0.043,-221581
25.699833667,61501214,3.383,-9.055,-1.461,0.002,-0.041,-0.043,-221452
25.703158167,61504435,3.383,-9.055,-1.461,0.014,-0.037,-0.020,-221982
25.708543208,61509656,3.383,-9.055,-1.461,0.010,0.018,0.092,-221284
25.713465542,61514877,3.383,-9.055,-1.461,0.014,0.006,-0.020,-221360
25.717700833,61519098,3.383,-9.055,-1.461,0.014,-0.018,-0.053,-221773
25.723080583,61524319,3.383,-9.055,-1.461,0.033,-0.043,-0.086,-222184
25.728329417,61529540,3.383,-9.055,-1.461,0.027,-0.014,-0.002,-222426
25.732645708,61533761,3.422,-9.020,-1.496,0.027,-0.014,-0.002,-222382
25.735830833,61536982,3.422,-9.020,-1.496,0.000,0.006,0.072,-222203
25.741134875,61542203,3.422,-9.020,-1.496,0.002,0.008,-0.016,-221669
25.746395792,61547424,3.422,-9.020,-1.496,0.008,-0.014,-0.018,-222437
25.750423875,61551645,3.422,-9.020,-1.496,0.012,0.021,0.031,-222663
25.755492917,61556866,3.422,-9.020,-1.496,0.006,-0.014,0.021,-221986
25.759786375,61561087,3.457,-8.980,-1.535,0.006,-0.014,0.021,-222814
25.762302833,61563308,3.457,-8.980,-1.535,-0.004,0.027,-0.006,-221482
25.766230833,61567529,3.457,-8.980,-1.535,-0.014,0.021,0.020,-221737
25.770600042,61571750,3.457,-8.980,-1.535,-0.020,0.018,-0.023,-222181
25.774914917,61575971,3.457,-8.980,-1.535,-0.002,0.020,-0.031,-220729
25.778964375,61580192,3.457,-8.980,-1.535,-0.010,0.004,-0.008,-222202
25.782973833,61584413,3.457,-8.980,-1.535,-0.021,0.010,0.006,-222346
25.787212833,61588634,3.305,-9.020,-1.496,-0.021,0.010,0.006,-221907
25.789415542,61590855,3.305,-9.020,-1.496,-0.002,0.016,-0.018,-222099
25.793691,61595061,3.305,-9.020,-1.496,0.004,-0.006,-0.027,-222099
25.797835833,61599281,3.305,-9.020,-1.496,-0.004,-0.006,-0.008,-222327
25.80208825,61603502,3.305,-9.020,-1.496,-0.004,-0.006,0.006,-222270
25.80732275,61608723,3.305,-9.020,-1.496,-0.002,-0.012,0.029,-222484
25.812592083,61612944,3.305,-9.020,-1.496,0.000,-0.006,0.020,-222221
25.815830042,61617165,3.344,-9.016,-1.461,0.000,-0.006,0.020,-222033
25.819032125,61620386,3.344,-9.016,-1.461,-0.006,-0.008,-0.008,-222176
25.825283125,61626607,3.344,-9.016,-1.461,0.006,-0.016,0.008,-222236
25.829567833,61630828,3.344,-9.016,-1.461,0.008,-0.006,0.008,-222179
25.83397075,61635049,3.344,-9.016,-1.461,0.004,-0.008,0.016,-221751
25.83818325,61639270,3.344,-9.016,-1.461,0.002,0.000,0.000,-222010
25.842361042,61643491,3.383,-8.980,-1.496,0.002,0.000,0.000,-221764
25.845317542,61646712,3.383,-8.980,-1.496,0.002,-0.006,-0.008,-221889
25.851584167,61652933,3.383,-8.980,-1.496,0.012,0.016,-0.002,-222382
25.855850667,61657154,3.383,-8.980,-1.496,-0.004,-0.004,0.008,-221848
25.860011167,61661375,3.383,-8.980,-1.496,0.006,-0.002,-0.010,-221744
25.8653065,61666596,3.383,-8.980,-1.496,-0.004,0.006,-0.006,-222370
25.869447292,61670817,3.383,-8.980,-1.496,-0.016,0.008,0.002,-221455
25.872673542,61674038,3.305,-8.977,-1.535,-0.016,0.008,0.002,-221992
25.876593667,61677244,3.305,-8.977,-1.535,-0.002,0.012,0.008,-221992
25.881029458,61682464,3.305,-8.977,-1.535,-0.008,0.006,0.008,-221626
25.887302167,61688685,3.305,-8.977,-1.535,0.004,0.008,0.004,-222238
25.891576208,61692906,3.305,-8.977,-1.535,-0.002,0.004,0.004,-222443
25.896704,61698127,3.305,-8.977,-1.535,-0.008,0.004,-0.004,-222013
25.901004583,61702348,3.305,-8.977,-1.535,0.008,-0.002,-0.027,-222206
25.906195042,61707569,3.344,-9.016,-1.535,0.008,-0.002,-0.027,-221950
25.908356417,61709790,3.344,-9.016,-1.535,0.002,-0.004,-0.010,-220871
25.91364975,61715011,3.344,-9.016,-1.535,0.002,-0.008,0.000,-222134
25.917825625,61719232,3.344,-9.016,-1.535,0.014,-0.014,0.008,-221813
25.9210255,61722453,3.344,-9.016,-1.535,0.010,-0.008,0.010,-221864
25.926342542,61727674,3.344,-9.016,-1.535,0.008,0.002,0.004,-221410
25.93063425,61731895,3.344,-9.016,-1.535,0.006,-0.006,0.021,-222936
25.934885958,61736116,3.422,-9.020,-1.535,0.006,-0.006,0.021,-221861
25.936998792,61738337,3.422,-9.020,-1.535,-0.010,0.002,-0.010,-222061
25.941180917,61742558,3.422,-9.020,-1.535,0.012,-0.002,0.020,-221610
25.946640708,61747779,3.422,-9.020,-1.535,0.004,0.004,0.002,-222261
25.950607583,61752000,3.422,-9.020,-1.535,-0.004,-0.002,-0.018,-222176
25.955915792,61757221,3.383,-9.016,-1.496,-0.004,-0.002,-0.018,-221206
25.959332833,61760442,3.383,-9.016,-1.496,0.002,0.006,-0.010,-221854
25.965289333,61766663,3.383,-9.016,-1.496,0.002,0.018,0.008,-222535
25.969578583,61770884,3.383,-9.016,-1.496,0.010,0.014,-0.004,-223171
25.973821333,61775105,3.383,-9.016,-1.496,-0.006,0.000,-0.006,-221438
25.978486792,61779326,3.383,-9.016,-1.496,0.004,-0.002,-0.002,-221248
25.98265575,61783547,3.383,-9.016,-1.496,0.008,0.006,-0.012,-222149
25.987387542,61788768,3.305,-9.020,-1.613,0.008,0.006,-0.012,-221700
25.989534583,61790991,3.305,-9.020,-1.613,-0.016,0.016,0.020,-221027
25.993774875,61795212,3.305,-9.020,-1.613,0.000,0.006,-0.010,-222110
25.999046625,61800433,3.305,-9.020,-1.613,-0.008,0.010,0.002,-221996
26.003300208,61804654,3.305,-9.020,-1.613,-0.002,0.004,-0.006,-221078
26.00844575,61809875,3.305,-9.020,-1.613,-0.008,0.008,0.008,-221978
26.012651417,61814096,3.305,-9.020,-1.613,-0.004,0.010,-0.004,-221919
26.016935292,61818317,3.383,-8.977,-1.574,-0.004,0.010,-0.004,-222485
26.020116542,61821538,3.383,-8.977,-1.574,-0.006,0.004,0.023,-221394
26.026361875,61827759,3.383,-8.977,-1.574,0.002,0.000,0.004,-221742
26.030619333,61831980,3.383,-8.977,-1.574,0.014,-0.006,-0.010,-222186
26.0358185,61837201,3.383,-8.977,-1.574,0.002,-0.014,0.000,-221921
26.040079,61841422,3.383,-8.977,-1.574,0.006,-0.006,0.008,-221825
26.045416333,61846643,3.383,-8.977,-1.574,0.006,0.000,-0.008,-222975
26.048398,61849864,3.305,-8.977,-1.535,0.006,0.000,-0.008,-222434
26.053682167,61855085,3.305,-8.977,-1.535,0.002,-0.008,-0.002,-222184
26.057923667,61859306,3.305,-8.977,-1.535,0.002,0.010,-0.006,-222707
26.0620875,61863527,3.305,-8.977,-1.535,0.010,-0.010,0.006,-221655
26.066459458,61867748,3.305,-8.977,-1.535,0.014,0.006,-0.006,-222255
26.070524542,61871969,3.305,-9.020,-1.496,0.014,0.006,-0.006,-222336
26.072716917,61874190,3.305,-9.020,-1.496,0.002,-0.004,0.008,-220969
26.078171625,61879411,3.305,-9.020,-1.496,0.000,0.008,-0.006,-222503
26.083251417,61884632,3.305,-9.020,-1.496,-0.002,0.000,-0.004,-222231
26.087503208,61888853,3.305,-9.020,-1.496,0.012,0.008,0.008,-221643
26.091826792,61893074,3.383,-9.016,-1.461,0.012,0.008,0.008,-221525
26.095262667,61896295,3.383,-9.016,-1.461,-0.006,0.012,0.002,-222570
26.101511042,61902516,3.383,-9.016,-1.461,-0.006,0.004,0.010,-221868
26.106609708,61907737,3.383,-9.016,-1.461,-0.002,0.000,0.012,-222327
26.111786583,61911958,3.383,-9.016,-1.461,0.012,0.006,0.004,-222010
26.114749708,61916179,3.383,-9.016,-1.461,-0.002,0.004,0.010,-222001
26.1190055,61920400,3.383,-9.016,-1.461,-0.002,-0.004,0.000,-222189
26.123209042,61924621,3.344,-8.980,-1.535,-0.002,-0.004,0.000,-221585
26.125445542,61926842,3.344,-8.980,-1.535,0.004,-0.004,0.000,-221465
26.130707708,61932063,3.344,-8.980,-1.535,0.004,-0.002,-0.002,-222263
26.134944917,61936284,3.344,-8.980,-1.535,-0.006,-0.002,0.002,-222112
26.138162542,61939505,3.344,-8.980,-1.535,0.006,-0.002,0.008,-221267
26.14312,61943726,3.344,-8.980,-1.535,0.000,-0.014,-0.002,-220842
26.146551542,61947947,3.344,-8.980,-1.535,0.002,-0.014,-0.010,-221946
26.150882625,61952168,3.344,-9.020,-1.574,0.002,-0.014,-0.010,-223270
26.153948917,61955389,3.344,-9.020,-1.574,0.004,-0.004,-0.004,-221536
26.160287542,61961610,3.344,-9.020,-1.574,0.002,-0.008,0.002,-221827
26.165504417,61966831,3.344,-9.020,-1.574,-0.004,-0.004,-0.004,-222310
26.170858542,61972052,3.344,-9.020,-1.574,0.004,0.004,0.008,-221201
26.17594175,61977275,3.344,-9.020,-1.574,0.008,0.010,-0.002,-222550
26.180380458,61981495,3.344,-9.020,-1.574,0.004,0.004,0.010,-222209
26.184320625,61985716,3.383,-9.016,-1.535,0.004,0.004,0.010,-221474
26.186571208,61987937,3.383,-9.016,-1.535,-0.002,0.006,0.010,-221749
26.190945708,61992158,3.383,-9.016,-1.535,-0.004,0.012,0.006,-221898
26.196021,61997379,3.383,-9.016,-1.535,0.000,0.000,0.006,-221745
26.201279542,62002600,3.344,-8.980,-1.535,0.000,0.000,0.006,-221754
26.20446325,62005821,3.344,-8.980,-1.535,-0.002,0.002,-0.006,-221837
26.209687375,62011042,3.344,-8.980,-1.535,-0.004,-0.004,-0.004,-221366
26.214070625,62015264,3.344,-8.980,-1.535,-0.012,0.006,-0.006,-221998
26.218124375,62019484,3.344,-8.980,-1.535,0.006,-0.002,-0.006,-222154
26.222315667,62023705,3.305,-8.977,-1.535,0.006,-0.002,-0.006,-222189
26.228602125,62029926,3.305,-8.977,-1.535,0.010,-0.006,-0.006,-221215
26.232807583,62034147,3.305,-8.977,-1.535,0.002,0.004,-0.006,-221473
26.236924833,62038368,3.305,-8.977,-1.535,-0.002,0.002,0.006,-222159
26.241154792,62042589,3.305,-8.977,-1.535,0.004,-0.002,0.004,-221439
26.246698917,62047810,3.305,-8.977,-1.535,0.000,-0.006,0.002,-223397
26.250683375,62052031,3.344,-8.980,-1.496,0.000,-0.006,0.002,-222477
26.253823833,62055252,3.344,-8.980,-1.496,0.008,0.000,0.002,-221630
26.259377375,62060474,3.344,-8.980,-1.496,0.002,-0.010,-0.002,-220877
26.263426542,62064695,3.344,-8.980,-1.496,0.002,-0.006,0.010,-222702
26.268592792,62069901,3.344,-8.980,-1.496,-0.004,-0.012,-0.004,-222702
26.273144542,62074122,3.344,-8.980,-1.496,0.006,0.000,0.002,-220991
26.277990708,62078343,3.344,-8.980,-1.496,0.006,0.002,-0.006,-221738
26.280441958,62081564,3.344,-8.980,-1.496,0.006,0.002,-0.006,-223037
26.2833775,62084785,3.344,-8.980,-1.496,-0.010,-0.002,-0.004,-222319
26.288596833,62090006,3.344,-8.980,-1.496,0.002,-0.002,0.018,-221974
26.293779042,62095227,3.344,-8.980,-1.496,-0.002,0.004,0.002,-221699
26.29804475,62099448,3.344,-8.980,-1.496,-0.018,0.008,-0.002,-221917
26.303419792,62104669,3.344,-8.980,-1.496,-0.047,0.059,0.016,-222414
26.308775917,62109890,3.344,-8.980,-1.496,0.041,-0.027,-0.092,-222578
26.312727458,62114111,2.844,-9.098,-1.270,0.041,-0.027,-0.092,-222037
26.315868875,62117332,2.844,-9.098,-1.270,-0.014,0.031,0.129,-221897
26.321133125,62122553,2.844,-9.098,-1.270,-0.031,0.082,0.141,-221769
26.326371208,62127774,2.844,-9.098,-1.270,-0.039,0.242,0.361,-222234
26.330922458,62131995,2.844,-9.098,-1.270,-0.004,-0.035,-0.035,-222096
26.335751708,62137216,2.844,-9.098,-1.270,0.061,-0.111,-0.398,-222671
26.340984917,62142437,4.187,-9.215,-0.883,0.061,-0.111,-0.398,-221714
26.344460167,62145658,4.187,-9.215,-0.883,0.016,-0.045,0.088,-221572
26.350512208,62151879,4.187,-9.215,-0.883,-0.053,0.127,-0.090,-222416
26.3547615,62156100,4.187,-9.215,-0.883,0.039,0.090,-0.271,-221000
26.359123583,62160321,4.187,-9.215,-0.883,0.045,-0.121,-0.307,-220877
26.3633425,62164544,4.187,-9.215,-0.883,0.021,-0.154,-0.158,-221819
26.368648,62169765,3.191,-8.520,-1.152,0.021,-0.154,-0.158,-221486
26.371843083,62172986,3.191,-8.520,-1.152,-0.004,-0.076,0.301,-222426
26.37761575,62178207,3.191,-8.520,-1.152,-0.004,0.158,-0.115,-221272
26.381028917,62182428,3.191,-8.520,-1.152,0.014,0.043,-0.082,-222101
26.386282292,62187649,3.191,-8.520,-1.152,0.025,-0.031,-0.070,-222473
26.390514708,62191870,3.191,-8.520,-1.152,0.023,-0.072,-0.045,-222401
26.394750333,62196091,3.191,-8.520,-1.152,0.053,-0.029,0.098,-221352
26.397929708,62199312,3.383,-8.754,-1.461,0.053,-0.029,0.098,-221901
26.40107375,62202533,3.383,-8.754,-1.461,0.008,0.051,0.115,-222011
26.406300292,62207754,3.383,-8.754,-1.461,-0.033,0.064,-0.162,-222030
26.410566333,62211975,3.383,-8.754,-1.461,0.033,-0.121,-0.227,-220880
26.413783625,62215196,3.383,-8.754,-1.461,-0.006,-0.240,-0.246,-221549
26.418978667,62220417,3.383,-8.754,-1.461,-0.018,0.100,0.279,-222647
26.424386875,62225638,3.383,-8.754,-1.461,-0.061,0.047,0.195,-221464
26.428502,62229859,2.922,-9.059,-1.957,-0.061,0.047,0.195,-221420
26.430721458,62232080,2.922,-9.059,-1.957,-0.029,0.053,-0.125,-222330
26.4359235,62237301,2.922,-9.059,-1.957,-0.008,-0.072,-0.232,-221978
26.441144708,62242522,2.922,-9.059,-1.957,-0.020,0.041,0.201,-221433
26.445348958,62246743,2.922,-9.059,-1.957,-0.020,0.047,0.199,-221754
26.450589417,62251964,2.922,-9.059,-1.957,-0.010,-0.002,-0.018,-222163
26.455833417,62257185,2.922,-9.059,-1.957,-0.002,-0.006,-0.184,-221476
26.461073458,62262406,3.457,-9.137,-1.496,-0.002,-0.006,-0.184,-220789
26.464230542,62265627,3.457,-9.137,-1.496,0.006,-0.021,0.072,-222270
26.46953025,62270848,3.457,-9.137,-1.496,0.021,-0.006,0.104,-221496
26.473658333,62275069,3.457,-9.137,-1.496,0.016,-0.014,0.031,-222178
26.47940675,62280290,3.457,-9.137,-1.496,0.016,-0.014,-0.117,-221844
26.484128708,62285511,3.457,-9.137,-1.496,0.006,-0.002,-0.088,-222435
26.489374542,62290732,3.457,-9.137,-1.496,0.004,-0.004,0.070,-221721
26.493770667,62294953,3.383,-8.898,-1.535,0.004,-0.004,0.070,-222660
26.495814833,62297174,3.383,-8.898,-1.535,0.010,-0.004,0.068,-221667
26.500929542,62302395,3.383,-8.898,-1.535,0.004,-0.014,-0.039,-221499
26.506477,62307616,3.383,-8.898,-1.535,-0.008,0.023,0.008,-222329
26.51089875,62311837,3.383,-8.898,-1.535,-0.006,0.035,0.025,-221538
26.515679958,62317058,3.383,-8.898,-1.535,0.002,-0.035,0.021,-221539
26.520845917,62322279,3.383,-8.898,-1.535,-0.002,0.031,0.043,-222027
26.526061625,62327500,3.305,-8.980,-1.574,-0.002,0.031,0.043,-221602
26.529383917,62330721,3.305,-8.980,-1.574,-0.021,0.020,0.033,-221593
26.534463542,62335942,3.305,-8.980,-1.574,-0.012,0.004,-0.082,-221633
26.539033458,62340163,3.305,-8.980,-1.574,-0.020,-0.004,-0.029,-221606
26.543299,62344384,3.305,-8.980,-1.574,-0.021,0.029,0.029,-221677
26.547252208,62348605,3.305,-8.980,-1.574,-0.004,0.020,0.025,-222089
26.551667625,62352826,3.305,-8.980,-1.574,0.004,-0.008,-0.029,-222047
26.555626042,62357047,3.305,-9.059,-1.535,0.004,-0.008,-0.029,-221861
26.558941708,62360270,3.305,-9.059,-1.535,0.002,-0.012,-0.047,-221482
26.565209792,62366490,3.305,-9.059,-1.535,0.006,0.006,0.047,-222118
26.56956425,62370711,3.305,-9.059,-1.535,0.010,-0.012,0.035,-222198
26.573639208,62374932,3.305,-9.059,-1.535,0.000,-0.018,0.002,-221965
26.579029667,62380153,3.305,-9.059,-1.535,0.002,-0.021,-0.023,-222149
26.582953875,62384374,3.305,-9.059,-1.535,0.010,-0.010,-0.002,-222096
26.588219458,62389595,3.383,-9.016,-1.535,0.010,-0.010,-0.002,-221696
26.59046925,62391816,3.383,-9.016,-1.535,-0.006,-0.008,0.016,-221332
26.595675292,62397037,3.383,-9.016,-1.535,0.010,-0.004,-0.004,-221533
26.598917833,62400259,3.383,-9.016,-1.535,0.008,-0.012,0.010,-221445
26.603051208,62404480,3.383,-9.016,-1.535,-0.010,0.012,0.016,-222315
26.608270292,62409701,3.383,-9.016,-1.535,0.012,-0.002,-0.008,-221455
26.613554292,62414922,3.383,-9.016,-1.535,0.000,0.006,-0.039,-221963
26.617716458,62419143,3.422,-8.977,-1.496,0.000,0.006,-0.039,-221629
26.619954833,62421364,3.422,-8.977,-1.496,0.002,0.000,-0.025,-221869
26.626209375,62427585,3.422,-8.977,-1.496,-0.004,0.018,0.010,-221985
26.630462208,62431806,3.422,-8.977,-1.496,-0.006,0.004,-0.008,-222542
26.633665417,62435027,3.422,-8.977,-1.496,0.002,0.014,-0.008,-222437
26.637937333,62439248,3.422,-8.977,-1.496,-0.004,-0.008,0.014,-221939
26.643115292,62444470,3.422,-8.977,-1.496,-0.006,0.006,0.025,-222345
26.648316167,62449691,3.305,-9.016,-1.574,-0.006,0.006,0.025,-222815
26.651513458,62452912,3.305,-9.016,-1.574,-0.008,0.010,0.000,-222542
26.6567945,62458133,3.305,-9.016,-1.574,-0.004,0.002,-0.023,-221505
26.660923167,62462354,3.305,-9.016,-1.574,-0.006,-0.002,-0.004,-221935
26.666230542,62467575,3.305,-9.016,-1.574,-0.006,0.002,-0.008,-222604
26.671458042,62472796,3.305,-9.016,-1.574,-0.004,-0.006,0.014,-221561
26.675775708,62477017,3.305,-9.016,-1.574,-0.004,-0.016,-0.002,-221584
26.68001525,62481238,3.344,-9.020,-1.574,-0.004,-0.016,-0.002,-222486
26.68300875,62484459,3.344,-9.020,-1.574,0.004,-0.008,0.014,-222583
26.689309792,62490680,3.344,-9.020,-1.574,-0.004,-0.004,0.016,-221620
26.693584,62494901,3.344,-9.020,-1.574,0.000,0.004,0.025,-221293
26.697866333,62499122,3.344,-9.020,-1.574,-0.004,-0.004,0.006,-222154
26.702571542,62503343,3.344,-9.020,-1.574,0.006,-0.012,-0.016,-222006
26.707417583,62508564,3.344,-9.020,-1.574,-0.004,0.002,-0.016,-221701
26.712422167,62512785,3.383,-9.016,-1.461,-0.004,0.002,-0.016,-222290
26.713757125,62515006,3.383,-9.016,-1.461,0.016,0.008,-0.002,-222136
26.718841708,62520227,3.383,-9.016,-1.461,0.014,0.021,0.020,-223153
26.723072583,62524448,3.383,-9.016,-1.461,0.002,0.010,0.006,-221842
26.727249917,62528669,3.383,-9.016,-1.461,0.000,0.000,-0.010,-221918
26.731528292,62532890,3.383,-9.016,-1.461,-0.006,0.008,-0.014,-222184
26.736752667,62538111,3.383,-9.016,-1.461,-0.002,0.010,-0.004,-221680
26.740974875,62542332,3.305,-8.977,-1.496,-0.002,0.010,-0.004,-221535
26.744640917,62545553,3.305,-8.977,-1.496,0.008,0.006,0.008,-221657
26.750390583,62551774,3.305,-8.977,-1.496,0.008,0.006,-0.010,-221940
26.75469125,62555995,3.305,-8.977,-1.496,-0.006,0.000,-0.006,-221890
26.757907792,62559216,3.305,-8.977,-1.496,0.008,-0.002,-0.006,-222105
26.76210025,62563437,3.305,-8.977,-1.496,0.002,0.004,0.012,-221741
26.766371333,62567658,3.305,-8.977,-1.496,-0.004,0.000,0.000,-222131
26.7707715,62571879,3.266,-8.977,-1.613,-0.004,0.000,0.000,-221847
26.774024417,62575100,3.266,-8.977,-1.613,0.004,0.002,0.025,-222978
26.779388167,62580321,3.266,-8.977,-1.613,0.000,-0.018,-0.018,-221741
26.783115792,62584542,3.266,-8.977,-1.613,-0.008,0.002,0.008,-222680
26.788363083,62589763,3.266,-8.977,-1.613,0.002,-0.002,0.004,-223245
26.792609292,62593984,3.266,-8.977,-1.613,-0.008,-0.004,-0.004,-220969
26.796873792,62598205,3.266,-8.977,-1.613,-0.014,-0.008,-0.004,-222089
26.801073333,62602426,3.383,-9.016,-1.496,-0.014,-0.008,-0.004,-222717
26.804331708,62605647,3.383,-9.016,-1.496,-0.004,0.006,0.004,-221495
26.809650208,62610868,3.383,-9.016,-1.496,0.010,-0.012,0.008,-221530
26.813970375,62615089,3.383,-9.016,-1.496,0.004,0.000,0.002,-222544
26.818943083,62620310,3.383,-9.016,-1.496,-0.002,0.008,-0.002,-222658
26.823174125,62624531,3.383,-9.016,-1.496,0.002,-0.008,0.006,-221586
26.8284385,62629752,3.383,-9.016,-1.496,0.008,0.008,-0.002,-222368
26.831687333,62632973,3.305,-8.977,-1.496,0.008,0.008,-0.002,-222274
26.837043458,62638194,3.305,-8.977,-1.496,0.002,0.000,-0.010,-220873
26.841290167,62642415,3.305,-8.977,-1.496,0.008,0.010,-0.018,-221484
26.846285542,62647636,3.305,-8.977,-1.496,0.000,0.012,0.008,-221804
26.85048325,62651859,3.305,-8.977,-1.496,-0.004,0.004,-0.002,-222438
26.854746625,62656079,3.305,-8.977,-1.496,0.006,-0.002,-0.018,-221534
26.858989917,62660300,3.305,-9.020,-1.496,0.006,-0.002,-0.018,-221444
26.862276,62663521,3.305,-9.020,-1.496,0.002,0.004,-0.004,-221859
26.868405542,62669742,3.305,-9.020,-1.496,0.002,-0.004,0.010,-222326
26.872639208,62673963,3.305,-9.020,-1.496,-0.004,-0.010,-0.002,-221646
26.877321458,62678184,3.305,-9.020,-1.496,0.008,0.000,-0.004,-222106
26.880969375,62682405,3.305,-9.020,-1.496,-0.010,-0.006,-0.002,-222077
26.886259917,62687626,3.305,-9.020,-1.496,0.002,-0.018,0.006,-222682
26.890525458,62691847,3.383,-8.977,-1.574,0.002,-0.018,0.006,-222416
26.893685125,62695068,3.383,-8.977,-1.574,-0.006,0.004,0.002,-221948
26.898865625,62700289,3.383,-8.977,-1.574,0.002,-0.008,0.008,-222368
26.903157708,62704510,3.383,-8.977,-1.574,-0.002,0.008,0.004,-222059
26.908318042,62709731,3.383,-8.977,-1.574,0.002,-0.002,0.006,-221896
26.912599917,62713952,3.383,-8.977,-1.574,-0.002,-0.002,-0.012,-221405
26.91677175,62718173,3.383,-8.977,-1.574,0.002,-0.002,-0.002,-222503
26.921213,62722394,3.344,-8.980,-1.535,0.002,-0.002,-0.002,-221345
26.9241695,62725615,3.344,-8.980,-1.535,-0.004,0.004,0.016,-221270
26.929473042,62730836,3.344,-8.980,-1.535,-0.004,0.006,0.008,-222575
26.933704875,62735057,3.344,-8.980,-1.535,0.002,0.000,0.010,-223065
26.938846833,62740278,3.344,-8.980,-1.535,-0.002,0.016,-0.002,-222543
26.943207167,62744499,3.344,-8.980,-1.535,-0.010,-0.002,-0.010,-221066
26.948346417,62749720,3.344,-8.980,-1.535,0.008,0.010,-0.002,-222405
26.952547917,62753941,3.383,-9.016,-1.496,0.008,0.010,-0.002,-221877
26.95581025,62757162,3.383,-9.016,-1.496,-0.008,0.016,0.004,-222131
26.961067333,62762383,3.383,-9.016,-1.496,0.000,0.006,0.006,-222501
26.966456333,62767604,3.383,-9.016,-1.496,0.004,0.002,-0.006,-222137
26.971732,62772825,3.383,-9.016,-1.496,0.008,0.000,-0.002,-222627
26.977140542,62778046,3.305,-8.977,-1.613,0.008,0.000,-0.002,-222267
26.979930125,62781267,3.305,-8.977,-1.613,0.008,0.000,0.002,-221625
26.986080958,62787488,3.305,-8.977,-1.613,-0.004,-0.006,0.006,-222511
26.990379917,62791709,3.305,-8.977,-1.613,0.002,-0.012,-0.016,-221957
26.994550375,62795930,3.305,-8.977,-1.613,-0.006,-0.016,0.004,-221978
26.998895208,62800151,3.305,-8.977,-1.613,-0.002,-0.006,-0.014,-221864
27.0039645,62805372,3.305,-8.977,-1.613,0.004,-0.004,0.004,-222032
27.008212417,62809593,3.344,-9.020,-1.574,0.004,-0.004,0.004,-221821
27.012087875,62812814,3.344,-9.020,-1.574,0.010,-0.004,-0.016,-221629
27.016654167,62818035,3.344,-9.020,-1.574,-0.002,-0.002,0.012,-221946
27.022033375,62823256,3.344,-9.020,-1.574,0.006,-0.002,0.004,-222032
27.026140208,62827477,3.344,-9.020,-1.574,0.004,-0.002,-0.002,-221667
27.030394583,62831698,3.344,-9.020,-1.574,-0.006,0.000,-0.004,-221772
27.034503667,62835919,3.344,-9.020,-1.574,0.004,0.014,0.004,-222537
27.039282125,62840140,3.344,-9.016,-1.496,0.004,0.014,0.004,-222027
27.041053,62842361,3.344,-9.016,-1.496,-0.012,0.006,-0.004,-222055
27.047307333,62848582,3.344,-9.016,-1.496,0.006,-0.002,-0.018,-222289
27.051437792,62852803,3.344,-9.016,-1.496,-0.002,-0.002,0.018,-222636
27.055720542,62857024,3.344,-9.016,-1.496,0.008,0.008,0.006,-221605
27.059862917,62861245,3.344,-9.016,-1.496,0.008,-0.002,-0.004,-221954
27.064137708,62865467,3.344,-9.016,-1.496,0.000,0.002,0.004,-221742
27.069216917,62870688,3.344,-9.016,-1.535,0.000,0.002,0.004,-222205
27.0724595,62873909,3.344,-9.016,-1.535,0.002,-0.004,-0.008,-222363
27.078872333,62880130,3.344,-9.016,-1.535,0.004,0.006,0.002,-221864
27.082955,62884351,3.344,-9.016,-1.535,0.006,0.006,0.002,-221911
27.087321333,62888572,3.344,-9.016,-1.535,-0.008,-0.004,0.002,-222386
27.091628417,62892793,3.344,-9.016,-1.535,0.002,0.000,0.002,-221493
27.096814167,62898014,3.344,-9.016,-1.535,-0.006,0.000,0.010,-221422
27.10101825,62902235,3.344,-8.980,-1.496,-0.006,0.000,0.010,-221555
27.104409583,62905456,3.344,-8.980,-1.496,0.018,0.000,-0.006,-221487
27.108305542,62909677,3.344,-8.980,-1.496,0.004,-0.002,-0.004,-222220
27.112560417,62913898,3.344,-8.980,-1.496,0.000,-0.006,-0.010,-222104
27.116696042,62918119,3.344,-8.980,-1.496,-0.008,-0.006,-0.006,-222282
27.120939042,62922340,3.344,-8.980,-1.496,0.012,0.006,0.016,-221609
27.12618825,62927561,3.344,-8.980,-1.496,0.012,0.006,0.000,-222698
27.130369458,62931782,3.305,-9.020,-1.535,0.012,0.006,0.000,-221621
27.132553167,62934003,3.305,-9.020,-1.535,0.004,0.000,-0.006,-221955
27.1367305,62938224,3.305,-9.020,-1.535,-0.004,-0.002,-0.012,-222184
27.141937875,62943445,3.305,-9.020,-1.535,-0.008,-0.004,0.006,-221615
27.146149292,62947667,3.305,-9.020,-1.535,-0.002,0.002,0.008,-221210
27.151366083,62952888,3.305,-9.020,-1.535,0.006,-0.006,-0.006,-221718
27.155585333,62957109,3.305,-9.020,-1.535,-0.014,-0.008,-0.021,-222020
27.159786542,62961330,3.344,-9.016,-1.496,-0.014,-0.008,-0.021,-221769
27.167351458,62964551,3.344,-9.016,-1.496,0.000,-0.004,-0.008,-221994
27.16929725,62970772,3.344,-9.016,-1.496,0.018,0.023,0.031,-222162
27.1735635,62974993,3.344,-9.016,-1.496,-0.045,0.021,0.004,-222469
27.177696167,62979214,3.344,-9.016,-1.496,0.061,-0.012,-0.051,-221958
27.181982375,62983435,3.344,-9.016,-1.496,-0.029,0.031,0.010,-221686
27.187177125,62988656,3.344,-9.016,-1.496,0.061,-0.195,-0.045,-222514
27.191421917,62992877,3.727,-9.254,-1.535,0.061,-0.195,-0.045,-221405
27.193634167,62995098,3.727,-9.254,-1.535,-0.016,-0.053,-0.023,-221934
27.198860917,63000304,3.727,-9.254,-1.535,-0.025,-0.002,0.119,-221934
27.202989667,63004524,3.727,-9.254,-1.535,0.002,-0.053,-0.080,-221864
27.207317208,63008745,3.727,-9.254,-1.535,0.006,-0.051,-0.256,-221549
27.211438125,63012966,3.727,-9.254,-1.535,-0.006,0.020,-0.039,-222091
27.216720375,63018187,3.727,-9.254,-1.535,-0.004,0.031,0.107,-221799
27.220930375,63022408,3.227,-9.098,-1.496,-0.004,0.031,0.107,-221768
27.224177958,63025629,3.227,-9.098,-1.496,-0.002,0.053,-0.035,-221927
27.230396458,63031850,3.227,-9.098,-1.496,-0.010,-0.016,-0.055,-222452
27.234578917,63036071,3.227,-9.098,-1.496,0.004,0.023,0.016,-222173
27.238799708,63040292,3.227,-9.098,-1.496,0.008,0.020,0.039,-221426
27.244016958,63045513,3.227,-9.098,-1.496,0.016,-0.064,-0.057,-221835
27.249301125,63050734,3.227,-9.098,-1.496,-0.004,-0.014,-0.062,-222994
27.253517292,63054955,3.227,-9.016,-1.613,-0.004,-0.014,-0.062,-221227
27.2567335,63058176,3.227,-9.016,-1.613,-0.002,0.021,0.098,-221700
27.261947583,63063397,3.227,-9.016,-1.613,0.020,0.002,-0.092,-222228
27.267181708,63068618,3.227,-9.016,-1.613,0.020,-0.012,-0.072,-222260
27.271472833,63072839,3.227,-9.016,-1.613,0.016,0.004,0.006,-221861
27.275626042,63077060,3.227,-9.016,-1.613,-0.008,-0.008,-0.035,-221858
27.279831667,63081282,3.227,-9.016,-1.613,0.008,0.000,0.020,-222111
27.284089917,63085503,3.574,-8.977,-1.535,0.008,0.000,0.020,-222141
27.286273417,63087724,3.574,-8.977,-1.535,0.016,-0.068,-0.006,-222346
27.291514917,63092945,3.574,-8.977,-1.535,-0.006,0.061,0.160,-221953
27.295726458,63097166,3.574,-8.977,-1.535,-0.014,0.027,0.115,-222122
27.298981125,63100387,3.574,-8.977,-1.535,-0.006,-0.018,-0.113,-222170
27.3031475,63104608,3.574,-8.977,-1.535,0.020,-0.031,-0.189,-222549
27.307386583,63108829,3.574,-8.977,-1.535,-0.020,-0.018,-0.033,-221915
27.310595833,63112050,3.305,-8.938,-1.383,-0.020,-0.018,-0.033,-222243
27.312833583,63114271,3.305,-8.938,-1.383,0.000,0.016,0.068,-222038
27.317099708,63118492,3.305,-8.938,-1.383,-0.021,0.010,-0.016,-221819
27.321289833,63122713,3.305,-8.938,-1.383,0.006,0.027,-0.012,-221859
27.32652975,63127934,3.305,-8.938,-1.383,0.002,-0.010,0.004,-221974
27.330747417,63132155,3.305,-8.938,-1.383,0.002,-0.002,0.010,-222640
27.334917,63136376,3.305,-8.938,-1.383,0.004,0.000,0.043,-222988
27.339162083,63140597,3.305,-8.977,-1.535,0.004,0.000,0.043,-222425
27.341406333,63142818,3.305,-8.977,-1.535,0.014,0.004,0.027,-221773
27.346642292,63148039,3.305,-8.977,-1.535,0.002,-0.008,-0.035,-221995
27.350881625,63152261,3.305,-8.977,-1.535,-0.006,-0.004,-0.051,-222074
27.354075583,63155482,3.305,-8.977,-1.535,0.010,-0.012,-0.018,-222136
27.358322458,63159703,3.305,-8.977,-1.535,0.002,-0.006,-0.008,-221755
27.3625425,63163924,3.305,-8.977,-1.535,0.004,0.000,0.039,-221909
27.367771417,63169145,3.305,-8.633,-1.496,0.004,0.000,0.039,-222622
27.371220917,63172366,3.305,-8.633,-1.496,0.000,0.006,0.039,-222174
27.376169292,63177587,3.305,-8.633,-1.496,0.061,-0.004,-0.029,-221876
27.380502208,63181808,3.305,-8.633,-1.496,-0.023,0.061,0.115,-222254
27.385600292,63187029,3.305,-8.633,-1.496,-0.006,-0.182,-0.113,-222424
27.389865625,63191250,3.305,-8.633,-1.496,-0.021,0.160,0.164,-221902
27.39408575,63195471,3.305,-8.633,-1.496,0.004,0.090,0.277,-222119
27.399497625,63200692,3.152,-9.055,-1.687,0.004,0.090,0.277,-222180
27.401501083,63202913,3.152,-9.055,-1.687,0.018,-0.035,-0.205,-222570
27.406813292,63208134,3.152,-9.055,-1.687,0.006,-0.039,-0.016,-222836
27.411089167,63212355,3.152,-9.055,-1.687,0.029,0.018,0.170,-222298
27.415244292,63216576,3.152,-9.055,-1.687,-0.020,0.062,0.057,-221918
27.419397292,63220797,3.152,-9.055,-1.687,0.008,0.082,-0.088,-222288
27.423635042,63225018,3.152,-9.055,-1.687,0.006,0.039,-0.111,-221433
27.427852,63229239,2.156,-8.754,-1.613,0.006,0.039,-0.111,-222520
27.431080417,63232461,2.156,-8.754,-1.613,0.066,-0.174,-0.117,-222128
27.436260542,63237682,2.156,-8.754,-1.613,0.059,0.139,0.400,-222264
27.440530375,63241903,2.156,-8.754,-1.613,-0.033,0.066,0.395,-221562
27.444734167,63246124,3.074,-8.867,-1.996,-0.033,0.066,0.395,-221753
27.446931292,63248345,3.074,-8.867,-1.996,0.016,0.006,-0.283,-221900
27.452173583,63253566,3.074,-8.867,-1.996,-0.002,-0.061,-0.189,-222260
27.456464875,63257787,3.074,-8.867,-1.996,-0.006,0.039,0.186,-222234
27.460656167,63262008,3.074,-8.867,-1.996,-0.016,0.020,0.187,-222574
27.465875125,63267229,3.074,-8.867,-1.996,0.031,-0.035,0.049,-222651
27.471192583,63272450,3.074,-8.867,-1.996,0.010,-0.148,-0.152,-222392
27.475312708,63276671,3.805,-9.285,-1.461,0.010,-0.148,-0.152,-221619
27.478656917,63279892,3.805,-9.285,-1.461,-0.023,0.135,0.184,-220886
27.483737875,63285113,3.805,-9.285,-1.461,-0.002,0.016,-0.135,-221783
27.488997333,63290334,3.805,-9.285,-1.461,0.020,-0.029,-0.289,-221313
27.494242792,63295555,3.805,-9.285,-1.461,-0.014,-0.043,-0.080,-221623
27.498394542,63299776,3.805,-9.285,-1.461,-0.029,0.031,0.025,-222036
27.501668625,63302997,3.805,-9.285,-1.461,-0.006,0.064,0.080,-222158
27.506889458,63308218,3.266,-9.020,-1.461,-0.006,0.064,0.080,-221983
27.509114292,63310439,3.266,-9.020,-1.461,-0.025,0.023,0.045,-221721
27.514292833,63315660,3.266,-9.020,-1.461,0.018,-0.020,-0.041,-222160
27.519519542,63320881,3.266,-9.020,-1.461,0.020,-0.012,0.037,-221920
27.523761667,63325102,3.266,-9.020,-1.461,0.016,0.004,0.061,-221927
27.52898975,63330323,3.266,-9.020,-1.461,-0.014,0.033,0.025,-222645
27.533169333,63334544,3.152,-8.867,-1.574,-0.014,0.033,0.025,-222997
27.536399,63337765,3.152,-8.867,-1.574,0.008,0.012,-0.059,-221889
27.541642333,63342986,3.152,-8.867,-1.574,-0.068,-0.025,-0.107,-222124
27.546878125,63348207,3.152,-8.867,-1.574,0.016,-0.012,0.084,-222527
27.551014708,63352428,3.152,-8.867,-1.574,0.004,0.012,0.105,-221965
27.55628125,63357649,3.152,-8.867,-1.574,0.094,-0.158,-0.002,-221944
27.561818667,63362870,3.152,-8.867,-1.574,-0.037,0.016,-0.006,-222322
27.56694625,63368091,3.035,-8.871,-1.879,-0.037,0.016,-0.006,-222351
27.569171042,63370312,3.035,-8.871,-1.879,-0.020,-0.037,0.229,-222277
27.574397292,63375533,3.035,-8.871,-1.879,-0.008,0.025,-0.168,-221796
27.5786125,63379754,3.035,-8.871,-1.879,0.010,-0.006,-0.119,-222451
27.582593542,63383975,3.035,-8.871,-1.879,0.004,-0.012,0.039,-221388
27.586812917,63388196,3.422,-9.055,-1.422,0.004,-0.012,0.039,-222397
27.589082917,63390417,3.422,-9.055,-1.422,-0.012,0.061,-0.113,-222415
27.594247875,63395638,3.422,-9.055,-1.422,-0.027,0.176,0.139,-221848
27.598416458,63399859,3.422,-9.055,-1.422,0.051,-0.115,0.037,-222508
27.601618667,63403080,3.422,-9.055,-1.422,-0.016,-0.086,-0.176,-221977
27.608167292,63409301,3.422,-9.055,-1.422,0.066,0.115,0.316,-221690
27.612148083,63413522,3.344,-9.016,-1.535,0.066,0.115,0.316,-222102
27.614355667,63415743,3.344,-9.016,-1.535,-0.051,0.033,0.203,-222661
27.619807625,63420964,3.344,-9.016,-1.535,-0.006,-0.039,-0.400,-222402
27.62380225,63425185,3.344,-9.016,-1.535,0.006,-0.064,-0.234,-221777
27.629154583,63430406,3.344,-9.016,-1.535,-0.043,0.027,0.152,-221727
27.633218375,63434627,3.344,-9.016,-1.535,-0.023,0.018,0.115,-222088
27.637513417,63438848,2.652,-8.938,-1.305,-0.023,0.018,0.115,-222249
27.640724833,63442069,2.652,-8.938,-1.305,0.021,-0.031,-0.039,-222057
27.646878042,63448290,2.652,-8.938,-1.305,-0.035,0.146,0.270,-221695
27.65113025,63452511,2.652,-8.938,-1.305,0.012,0.113,0.436,-222004
27.656476875,63457732,2.652,-8.938,-1.305,-0.043,0.027,0.109,-222304
27.660562167,63461953,2.652,-8.938,-1.305,0.021,0.002,-0.176,-222571
27.666929042,63468174,2.652,-8.938,-1.305,-0.004,-0.025,-0.064,-222432
27.671280292,63472395,3.457,-8.941,-1.344,-0.004,-0.025,-0.064,-220903
27.674475625,63475616,3.457,-8.941,-1.344,-0.021,0.033,0.045,-222053
27.679744917,63480837,3.457,-8.941,-1.344,-0.020,0.053,0.096,-221718
27.684678542,63486058,3.457,-8.941,-1.344,0.014,-0.029,-0.059,-222241
27.688936792,63490279,3.457,-8.941,-1.344,0.025,-0.059,-0.078,-221986
27.694146583,63495500,3.457,-8.941,-1.344,0.021,-0.012,0.029,-222642
27.699593417,63500721,3.457,-8.941,-1.344,0.004,0.033,0.111,-221765
27.704481458,63505942,3.191,-8.941,-1.574,0.004,0.033,0.111,-221663
27.7080185,63509163,3.191,-8.941,-1.574,-0.004,0.004,-0.062,-221533
27.714052958,63515384,3.191,-8.941,-1.574,0.016,-0.020,-0.033,-222323
27.718227292,63519605,3.191,-8.941,-1.574,0.018,0.002,0.055,-223008
27.722499333,63523826,3.191,-8.941,-1.574,0.002,0.010,0.107,-222019
27.728933,63530047,3.191,-8.941,-1.574,0.008,0.012,-0.008,-221962
27.733143667,63534268,3.191,-8.941,-1.574,0.014,-0.010,-0.043,-221777
27.737385208,63538489,3.305,-9.059,-1.652,0.014,-0.010,-0.043,-222237
27.739590125,63540710,3.305,-9.059,-1.652,-0.004,0.002,-0.010,-222423
27.74542275,63545931,3.305,-9.059,-1.652,0.008,-0.041,0.023,-221765
27.749792792,63551152,3.305,-9.059,-1.652,-0.008,-0.002,0.008,-223314
27.754003208,63555373,3.305,-9.059,-1.652,-0.010,0.008,0.027,-221611
27.758282083,63559594,3.305,-9.059,-1.652,-0.021,0.000,-0.031,-222145
27.762559792,63563815,3.305,-9.059,-1.652,0.008,0.020,-0.039,-221878
27.767963417,63569036,3.383,-9.016,-1.461,0.008,0.020,-0.039,-222286
27.771301292,63572259,3.383,-9.016,-1.461,0.000,-0.008,0.018,-222572
27.777417,63578480,3.383,-9.016,-1.461,0.012,0.012,-0.004,-221332
27.781412667,63582701,3.383,-9.016,-1.461,-0.002,-0.004,-0.033,-221782
27.786544917,63587923,3.383,-9.016,-1.461,-0.004,-0.006,-0.008,-221787
27.79081375,63592143,3.383,-9.016,-1.461,-0.008,-0.002,0.010,-222045
27.7949915,63596364,3.344,-9.016,-1.496,-0.008,-0.002,0.010,-222349
27.798254792,63599585,3.344,-9.016,-1.496,-0.002,-0.012,0.051,-221936
27.803457958,63604806,3.344,-9.016,-1.496,0.000,-0.006,-0.002,-222100
27.808632625,63610027,3.344,-9.016,-1.496,0.002,-0.020,-0.020,-222340
27.812852167,63614249,3.344,-9.016,-1.496,0.004,-0.008,0.010,-222351
27.818067917,63619469,3.344,-9.016,-1.496,0.006,-0.006,0.006,-222935
27.822311333,63623690,3.344,-9.016,-1.496,0.016,-0.002,0.008,-222466
27.82652425,63627911,3.305,-8.941,-1.574,0.016,-0.002,0.008,-221695
27.829734875,63631132,3.305,-8.941,-1.574,0.008,0.000,-0.006,-221679
27.835042875,63636353,3.305,-8.941,-1.574,0.006,0.021,-0.014,-222006
27.840579208,63641574,3.305,-8.941,-1.574,0.010,0.000,-0.033,-220976
27.844687083,63645795,3.305,-8.941,-1.574,0.006,-0.002,-0.025,-221509
27.849639083,63651016,3.305,-8.941,-1.574,0.000,-0.010,-0.006,-222242
27.853866,63655238,3.305,-8.941,-1.574,-0.008,0.002,0.018,-221864
27.858154083,63659459,3.305,-8.938,-1.496,-0.008,0.002,0.018,-222327
27.861417042,63662680,3.305,-8.938,-1.496,0.006,0.010,0.018,-221454
27.867542333,63668901,3.305,-8.938,-1.496,-0.004,0.004,0.018,-222422
27.871811917,63673122,3.305,-8.938,-1.496,0.002,-0.002,0.010,-221700
27.877195542,63677343,3.305,-8.938,-1.496,-0.002,-0.004,-0.006,-221871
27.880167667,63681564,3.305,-8.938,-1.496,-0.016,0.000,-0.004,-222600
27.884410792,63685785,3.305,-8.938,-1.496,-0.002,0.000,-0.010,-221678
27.889801667,63691006,3.344,-8.980,-1.535,-0.002,0.000,-0.010,-221762
27.892865208,63694227,3.344,-8.980,-1.535,0.000,0.004,-0.018,-221805
27.898468625,63699448,3.344,-8.980,-1.535,0.008,-0.006,0.008,-222004
27.90255475,63703669,3.344,-8.980,-1.535,-0.004,-0.006,-0.002,-222077
27.907751958,63708890,3.344,-8.980,-1.535,-0.002,-0.014,0.006,-221877
27.912220292,63713111,3.344,-8.980,-1.535,0.008,0.002,0.014,-221674
27.915903833,63717332,3.344,-8.980,-1.535,-0.002,-0.002,-0.004,-221620
27.920268,63721553,3.305,-9.020,-1.535,-0.002,-0.002,-0.004,-222411
27.922389583,63723774,3.305,-9.020,-1.535,0.014,-0.014,-0.004,-221624
27.927579708,63728995,3.305,-9.020,-1.535,0.004,0.010,0.004,-221727
27.931847875,63733216,3.305,-9.020,-1.535,0.002,0.004,0.010,-222516
27.937146125,63738437,3.383,-8.980,-1.535,0.002,0.004,0.010,-222209
27.939401417,63740658,3.383,-8.980,-1.535,-0.008,0.006,0.004,-221021
27.945077292,63745879,3.383,-8.980,-1.535,0.008,-0.012,-0.002,-221492
27.948707625,63750100,3.383,-8.980,-1.535,0.008,0.000,0.002,-222279
27.951920458,63753321,3.383,-8.980,-1.535,0.016,0.000,0.014,-222230
27.956595625,63757542,3.383,-8.980,-1.535,0.014,0.004,-0.008,-221876
27.960441417,63761763,3.383,-8.980,-1.535,-0.006,0.000,0.014,-222147
27.965766708,63766984,3.344,-9.020,-1.574,-0.006,0.000,0.014,-221394
27.968849542,63770205,3.344,-9.020,-1.574,0.008,-0.010,-0.004,-222854
27.974057667,63775426,3.344,-9.020,-1.574,0.006,-0.002,0.008,-221755
27.9798625,63780647,3.344,-9.020,-1.574,-0.002,-0.002,0.000,-221767
27.983454917,63784868,3.344,-9.020,-1.574,-0.004,0.004,-0.008,-221889
27.988744875,63790089,3.344,-9.020,-1.574,-0.004,-0.004,0.010,-222501
27.992963708,63794310,3.344,-9.020,-1.574,0.002,-0.008,-0.010,-221247
27.997173208,63798531,3.305,-8.977,-1.496,0.002,-0.008,-0.010,-221502
27.999386208,63800752,3.305,-8.977,-1.496,0.006,0.004,0.016,-221203
28.003641375,63804973,3.305,-8.977,-1.496,0.006,0.004,0.006,-221741
28.007805167,63809194,3.305,-8.977,-1.496,0.000,0.004,0.006,-222108
28.011150458,63812415,3.305,-8.977,-1.496,-0.010,0.004,-0.002,-221320
28.015325792,63816636,3.305,-8.977,-1.496,0.002,-0.008,-0.016,-221921
28.019482208,63820857,3.305,-8.977,-1.496,-0.004,-0.006,0.002,-221331
28.023722958,63825078,3.383,-8.980,-1.535,-0.004,-0.006,0.002,-221348
28.0269545,63828299,3.383,-8.980,-1.535,0.002,-0.002,-0.010,-221830
28.033239125,63834520,3.383,-8.980,-1.535,0.002,0.000,0.004,-222021
28.037774708,63838741,3.383,-8.980,-1.535,-0.004,0.004,-0.012,-221799
28.04158925,63842962,3.383,-8.980,-1.535,-0.002,-0.004,0.002,-221678
28.046835208,63848183,3.383,-8.980,-1.535,0.004,0.006,-0.002,-222283
28.051019708,63852404,3.383,-8.980,-1.535,0.000,0.002,0.008,-222625
28.055294875,63856625,3.383,-9.016,-1.496,0.000,0.002,0.008,-221537
28.058520667,63859846,3.383,-9.016,-1.496,0.006,0.002,-0.014,-221955
28.063765125,63865067,3.383,-9.016,-1.496,0.004,0.000,0.000,-222419
28.068025417,63869288,3.383,-9.016,-1.496,0.002,0.008,0.008,-221926
28.07261375,63873509,3.383,-9.016,-1.496,-0.002,0.006,0.008,-222213
28.077655125,63877730,3.383,-9.016,-1.496,-0.010,0.004,-0.006,-221925
28.080525542,63881951,3.383,-9.016,-1.496,0.004,-0.008,-0.006,-221897
28.08399625,63885173,3.344,-9.016,-1.496,0.004,-0.008,-0.006,-222048
28.087249875,63888394,3.344,-9.016,-1.496,-0.002,0.004,0.008,-221936
28.093428583,63894615,3.344,-9.016,-1.496,-0.004,0.008,-0.006,-222421
28.097598708,63898836,3.344,-9.016,-1.496,0.002,0.004,0.002,-221728
28.101941958,63903057,3.344,-9.016,-1.496,0.006,-0.002,0.004,-221254
28.107589583,63908278,3.344,-9.016,-1.496,-0.010,0.000,0.006,-222287
28.111474167,63912499,3.344,-9.016,-1.496,0.002,0.004,0.004,-222513
28.116300792,63917720,3.344,-8.941,-1.535,0.002,0.004,0.004,-222242
28.1195675,63920941,3.344,-8.941,-1.535,0.010,0.006,0.000,-222952
28.127028917,63928162,3.344,-8.941,-1.535,-0.002,0.000,0.004,-222297
28.131062542,63932383,3.344,-8.941,-1.535,-0.002,0.010,-0.006,-221902
28.135243708,63936604,3.344,-8.941,-1.535,-0.004,-0.002,0.018,-221584
28.139492625,63940825,3.344,-8.941,-1.535,-0.006,-0.008,-0.018,-221926
28.144290375,63945046,3.344,-9.016,-1.496,-0.006,-0.008,-0.018,-221481
28.1469575,63948267,3.344,-9.016,-1.496,0.000,-0.002,0.006,-221864
28.153122875,63954488,3.344,-9.016,-1.496,0.010,-0.004,0.004,-222533
28.157423,63958709,3.344,-9.016,-1.496,-0.014,-0.004,0.010,-222680
28.161743875,63962930,3.344,-9.016,-1.496,0.012,-0.004,-0.010,-221294
28.167000958,63968151,3.344,-9.016,-1.496,0.002,0.012,-0.004,-222654
28.171143833,63972372,3.344,-9.016,-1.496,-0.008,-0.006,0.023,-221209
28.175500708,63976593,3.344,-9.016,-1.496,-0.008,-0.006,0.023,-221905
28.178997833,63979814,3.344,-9.016,-1.496,-0.012,-0.002,-0.004,-222249
28.183660875,63985035,3.344,-9.016,-1.496,-0.006,0.002,0.002,-221846
28.188879458,63990256,3.344,-9.016,-1.496,-0.004,0.002,0.000,-221084
28.192112542,63993477,3.344,-9.016,-1.496,-0.004,0.008,-0.004,-221631
28.196336125,63997698,3.344,-9.016,-1.496,-0.004,0.000,0.006,-221728
28.200537083,64001919,3.344,-9.016,-1.496,0.010,-0.002,-0.002,-222567
28.204743458,64006140,3.344,-9.020,-1.574,0.010,-0.002,-0.002,-221176
28.207013375,64008361,3.344,-9.020,-1.574,-0.010,-0.008,-0.006,-221629
28.21258375,64013582,3.344,-9.020,-1.574,-0.006,0.000,0.016,-222206
28.217442542,64018803,3.344,-9.020,-1.574,0.000,0.012,0.010,-222583
28.221696375,64023024,3.344,-9.020,-1.574,-0.008,-0.004,-0.002,-222219
28.225958125,64027245,3.344,-9.020,-1.574,0.018,0.000,-0.010,-222458
28.230209792,64031466,3.344,-9.020,-1.574,0.002,0.004,0.002,-222786
28.234289458,64035687,3.344,-9.055,-1.496,0.002,0.004,0.002,-222734
28.237551792,64038908,3.344,-9.055,-1.496,-0.004,-0.006,0.016,-221756
28.243826375,64045129,3.344,-9.055,-1.496,0.010,-0.002,-0.002,-221460
28.248943542,64050350,3.344,-9.055,-1.496,0.014,0.010,0.008,-222479
28.253229375,64054571,3.344,-9.055,-1.496,-0.002,-0.006,0.000,-222405
28.257579708,64058792,3.344,-9.055,-1.496,-0.004,-0.004,0.010,-221554
28.261791167,64063013,3.344,-9.055,-1.496,-0.010,-0.004,-0.002,-221405
28.267072875,64068235,3.305,-8.977,-1.535,-0.010,-0.004,-0.002,-221926
28.269235333,64070455,3.305,-8.977,-1.535,-0.004,-0.006,-0.002,-222786
28.273629375,64074676,3.305,-8.977,-1.535,-0.002,0.012,-0.002,-222495
28.277777417,64078897,3.305,-8.977,-1.535,-0.002,0.004,-0.002,-221899
28.281705083,64083118,3.305,-8.977,-1.535,-0.002,-0.002,0.004,-221894
28.287232417,64088339,3.305,-8.977,-1.535,0.008,0.010,-0.016,-222077
28.291290042,64092560,3.305,-8.977,-1.535,0.004,0.000,0.002,-222835
28.294539625,64095781,3.383,-9.059,-1.574,0.004,0.000,0.002,-222030
28.297840458,64099002,3.383,-9.059,-1.574,0.008,-0.002,0.002,-221784
28.302764,64104208,3.383,-9.059,-1.574,0.014,0.006,-0.004,-221784
28.308382083,64109428,3.383,-9.059,-1.574,0.000,-0.006,0.012,-221492
28.312310417,64113649,3.383,-9.059,-1.574,-0.006,0.000,-0.006,-223178
28.316534625,64117870,3.383,-9.059,-1.574,-0.002,0.004,0.010,-221591
28.320720333,64122091,3.383,-9.059,-1.574,0.004,0.008,-0.006,-221401
28.326015417,64127312,3.305,-8.977,-1.535,0.004,0.008,-0.006,-222146
28.329263417,64130533,3.305,-8.977,-1.535,-0.004,0.008,0.010,-221661
28.334744458,64135754,3.305,-8.977,-1.535,0.000,0.000,-0.008,-222213
28.33892675,64139975,3.305,-8.977,-1.535,0.006,-0.006,0.004,-222247
28.342063208,64143196,3.305,-8.977,-1.535,0.008,0.008,-0.010,-222075
28.347987333,64149417,3.305,-8.977,-1.535,0.008,0.012,-0.002,-222025
28.352205625,64153638,3.305,-8.977,-1.535,0.004,-0.020,0.006,-223069
28.357430958,64158859,3.383,-9.016,-1.535,0.004,-0.020,0.006,-220971
28.359762542,64161080,3.383,-9.016,-1.535,0.006,-0.014,-0.006,-221137
28.363975583,64165301,3.383,-9.016,-1.535,0.002,0.000,0.020,-222638
28.368330583,64169522,3.383,-9.016,-1.535,0.006,-0.010,0.002,-222804
28.371579958,64172743,3.383,-9.016,-1.535,0.006,0.004,0.002,-222442
28.375841542,64176964,3.383,-9.016,-1.535,0.016,0.014,0.006,-221893
28.378951625,64180185,3.383,-9.016,-1.535,-0.041,0.047,0.021,-221458
28.383121583,64184406,3.266,-9.477,-1.383,-0.041,0.047,0.021,-222887
28.386268208,64187627,3.266,-9.477,-1.383,0.047,-0.027,-0.094,-222497
28.391510167,64192848,3.266,-9.477,-1.383,0.018,-0.045,0.076,-221760
28.395736875,64197069,3.266,-9.477,-1.383,0.010,-0.102,-0.062,-222022
28.398924083,64200290,3.266,-9.477,-1.383,-0.037,0.125,0.227,-223099
28.403221375,64204511,3.266,-9.477,-1.383,-0.002,0.074,0.387,-221974
28.407319417,64208732,3.266,-9.477,-1.383,-0.086,0.072,0.266,-221902
28.412669,64213953,3.422,-8.902,-1.957,-0.086,0.072,0.266,-222006
28.414931625,64216174,3.422,-8.902,-1.957,0.043,-0.156,-0.494,-222852
28.418988958,64220395,3.422,-8.902,-1.957,-0.006,0.000,0.113,-222608
28.423246708,64224616,3.422,-8.902,-1.957,-0.021,0.043,0.271,-221653
28.428465,64229837,3.422,-8.902,-1.957,-0.033,0.115,-0.012,-221961
28.432745583,64234058,3.422,-8.902,-1.957,0.039,-0.020,-0.236,-222068
28.43689075,64238279,3.422,-8.902,-1.957,0.006,-0.047,-0.252,-221644
28.440136792,64241500,3.840,-9.016,-1.727,0.006,-0.047,-0.252,-221816
28.442695292,64243721,3.840,-9.016,-1.727,0.027,0.055,0.004,-221370
28.447548167,64248942,3.840,-9.016,-1.727,-0.025,0.006,0.139,-221192
28.451730417,64253163,3.840,-9.016,-1.727,0.016,0.096,0.109,-222398
28.455013625,64256384,3.840,-9.016,-1.727,-0.014,0.006,0.076,-222267
28.45924325,64260605,3.840,-9.016,-1.727,-0.025,0.012,-0.057,-221820
28.464478833,64265826,3.840,-9.016,-1.727,0.033,0.049,-0.242,-221922
28.469754292,64271047,3.535,-9.098,-1.535,0.033,0.049,-0.242,-222078
28.4718495,64273268,3.535,-9.098,-1.535,0.027,-0.012,0.068,-221465
28.477376333,64278489,3.535,-9.098,-1.535,-0.008,0.021,-0.012,-221684
28.4813315,64282710,3.535,-9.098,-1.535,-0.014,0.006,-0.062,-222384
28.48652775,64287931,3.535,-9.098,-1.535,0.018,-0.162,-0.178,-221795
28.490758917,64292152,3.840,-9.215,-1.383,0.018,-0.162,-0.178,-221916
28.494011417,64295373,3.840,-9.215,-1.383,-0.010,-0.123,-0.145,-222163
28.499313167,64300594,3.840,-9.215,-1.383,-0.018,0.012,0.277,-222024
28.503458167,64304815,3.840,-9.215,-1.383,0.008,0.016,-0.174,-221818
28.50765525,64309037,3.840,-9.215,-1.383,0.025,-0.078,-0.271,-222818
28.51192325,64313258,3.840,-9.215,-1.383,-0.012,-0.055,-0.154,-222129
28.515083917,64316479,3.840,-9.215,-1.383,-0.018,-0.004,-0.014,-222075
28.519343167,64320700,3.227,-8.977,-1.422,-0.018,-0.004,-0.014,-221752
28.521545417,64322921,3.227,-8.977,-1.422,-0.025,0.055,0.109,-221530
28.526918375,64328142,3.227,-8.977,-1.422,-0.018,-0.006,-0.088,-222172
28.53093175,64332363,3.227,-8.977,-1.422,0.002,-0.006,-0.062,-222378
28.535246167,64336584,3.227,-8.977,-1.422,0.008,-0.020,0.037,-221666
28.539480083,64340805,3.227,-8.977,-1.422,0.000,-0.016,0.057,-221527
28.542625917,64344026,3.227,-8.977,-1.422,0.014,0.008,0.080,-221850
28.547946167,64349247,3.266,-9.059,-1.613,0.014,0.008,0.080,-221855
28.550082208,64351468,3.266,-9.059,-1.613,0.010,0.004,0.006,-222455
28.554354708,64355689,3.266,-9.059,-1.613,0.020,-0.006,-0.074,-222216
28.558658208,64359910,3.266,-9.059,-1.613,0.014,-0.014,-0.072,-221436
28.5628905,64364131,3.266,-9.059,-1.613,0.002,0.004,0.035,-222084
28.568205958,64369352,3.266,-9.059,-1.613,0.010,0.006,0.045,-222787
28.572460583,64373573,3.266,-9.059,-1.613,0.016,-0.006,-0.010,-221405
28.576825083,64377794,3.344,-8.941,-1.461,0.016,-0.006,-0.010,-221780
28.580471125,64381015,3.344,-8.941,-1.461,0.004,-0.004,-0.031,-221639
28.585882083,64387236,3.344,-8.941,-1.461,0.012,-0.037,0.025,-221991
28.590125625,64391457,3.344,-8.941,-1.461,-0.008,0.018,0.021,-221676
28.594337708,64395678,3.344,-8.941,-1.461,0.010,0.023,0.045,-221762
28.598578417,64399899,3.344,-8.941,-1.461,-0.027,0.018,0.047,-221928
28.602720125,64404120,3.344,-8.941,-1.461,-0.027,0.004,0.002,-221687
28.60793375,64409341,3.344,-9.016,-1.496,-0.027,0.004,0.002,-222026
28.611162708,64412562,3.344,-9.016,-1.496,-0.016,-0.014,-0.051,-221905
28.61638525,64417783,3.344,-9.016,-1.496,-0.010,0.010,0.039,-221798
28.620607458,64422004,3.344,-9.016,-1.496,-0.014,0.029,0.031,-222478
28.6258015,64427225,3.344,-9.016,-1.496,-0.006,-0.004,-0.051,-222269
28.630271625,64431447,3.344,-9.016,-1.496,0.002,-0.016,-0.051,-221704
28.635302208,64436668,3.344,-9.016,-1.496,-0.010,-0.002,0.043,-221780
28.639622958,64440889,3.305,-9.016,-1.574,-0.010,-0.002,0.043,-221584
28.642708083,64444110,3.305,-9.016,-1.574,0.006,0.010,0.043,-221840
28.648981375,64450331,3.305,-9.016,-1.574,0.008,-0.014,-0.018,-222421
28.6532015,64454552,3.305,-9.016,-1.574,0.010,-0.012,-0.020,-222605
28.657455292,64458773,3.305,-9.016,-1.574,-0.002,-0.006,0.004,-222038
28.662657333,64463994,3.305,-9.016,-1.574,0.002,-0.016,0.033,-221505
28.667880583,64469215,3.305,-9.016,-1.574,0.012,-0.008,0.010,-222828
28.672136625,64473436,3.383,-8.977,-1.574,0.012,-0.008,0.010,-222439
28.674381625,64475657,3.383,-8.977,-1.574,0.000,0.010,-0.002,-221649
28.6796085,64480878,3.383,-8.977,-1.574,-0.002,-0.004,-0.027,-222139
28.68372825,64485099,3.344,-9.016,-1.496,-0.002,-0.004,-0.027,-221564
28.6869665,64488320,3.344,-9.016,-1.496,0.002,0.002,-0.023,-222204
28.692279625,64493541,3.344,-9.016,-1.496,-0.008,-0.004,0.006,-220869
28.69752225,64498762,3.344,-9.016,-1.496,0.000,0.000,0.004,-222849
28.701846208,64502983,3.344,-9.016,-1.496,-0.004,0.000,-0.010,-221662
28.708115333,64509204,3.344,-9.016,-1.496,-0.002,-0.004,-0.018,-221143
28.712936542,64513425,3.344,-9.016,-1.496,-0.008,0.006,0.008,-221992
28.716285875,64517646,3.383,-9.020,-1.574,-0.008,0.006,0.008,-222359
28.718488958,64519867,3.383,-9.020,-1.574,-0.002,0.014,0.020,-222754
28.72277625,64524088,3.383,-9.020,-1.574,-0.006,0.004,-0.004,-222102
28.727919292,64529309,3.383,-9.020,-1.574,-0.004,-0.014,-0.016,-222083
28.732218208,64533530,3.383,-9.020,-1.574,-0.004,0.008,-0.008,-221649
28.736532625,64537751,3.383,-9.020,-1.574,0.000,-0.012,0.002,-222158
28.741770333,64542972,3.383,-9.020,-1.574,0.004,-0.008,0.006,-222007
28.747340625,64548193,3.266,-9.020,-1.535,0.004,-0.008,0.006,-222062
28.749043917,64550414,3.266,-9.020,-1.535,-0.002,-0.004,-0.006,-222462
28.75335725,64554635,3.266,-9.020,-1.535,-0.002,-0.023,-0.010,-222850
28.757658625,64558856,3.266,-9.020,-1.535,0.008,0.000,0.006,-221301
28.762842667,64564077,3.266,-9.020,-1.535,-0.004,0.000,0.025,-222061
28.768133542,64569298,3.266,-9.020,-1.535,0.000,0.002,0.018,-222490
28.773426792,64574519,3.266,-9.020,-1.535,-0.012,-0.002,-0.014,-222126
28.777744167,64578740,3.422,-9.020,-1.496,-0.012,-0.002,-0.014,-222226
28.779880125,64580961,3.422,-9.020,-1.496,-0.006,-0.016,-0.018,-221250
28.784754875,64586182,3.422,-9.020,-1.496,-0.006,0.021,0.016,-221360
28.789984958,64591403,3.422,-9.020,-1.496,-0.004,0.014,0.006,-222000
28.7943135,64595624,3.422,-9.020,-1.496,0.010,0.012,-0.002,-221748
28.7996125,64600845,3.422,-9.020,-1.496,-0.006,0.000,0.006,-223094
28.804726042,64606066,3.422,-9.020,-1.496,0.002,-0.002,0.008,-221588
28.809932792,64611287,3.305,-9.020,-1.496,0.002,-0.002,0.008,-221980
28.812132833,64613508,3.305,-9.020,-1.496,-0.006,0.008,0.004,-222000
28.817333333,64618729,3.305,-9.020,-1.496,0.000,0.004,0.000,-222236
28.821665167,64622950,3.305,-9.020,-1.496,0.004,0.000,0.016,-221878
28.82732125,64628171,3.305,-9.020,-1.496,0.010,-0.004,0.006,-222292
28.830113958,64631392,3.305,-8.977,-1.496,0.010,-0.004,0.006,-221337
28.832260083,64633613,3.305,-8.977,-1.496,0.002,0.006,0.004,-222215
28.837544583,64638834,3.305,-8.977,-1.496,0.014,-0.004,-0.010,-222787
28.841812292,64643055,3.305,-8.977,-1.496,0.002,-0.008,0.027,-221444
28.846217583,64647276,3.305,-8.977,-1.496,-0.008,0.000,0.016,-221734
28.850403292,64651497,3.305,-8.977,-1.496,0.000,0.000,0.006,-222313
28.855364958,64656718,3.305,-8.977,-1.496,0.000,0.008,-0.018,-221771
28.85963575,64660939,3.344,-9.020,-1.574,0.000,0.008,-0.018,-221442
28.862908458,64664160,3.344,-9.020,-1.574,-0.002,-0.004,-0.008,-222791
28.869039958,64670366,3.344,-9.020,-1.574,0.002,0.000,-0.006,-222791
28.873377458,64674586,3.344,-9.020,-1.574,0.002,-0.016,-0.004,-222350
28.878334417,64678807,3.344,-9.020,-1.574,-0.004,-0.012,0.010,-221636
28.882617708,64684028,3.344,-9.020,-1.574,0.000,-0.004,0.000,-222289
28.886942125,64688249,3.344,-9.020,-1.574,-0.008,0.002,0.012,-221514
28.890174958,64691470,3.344,-9.016,-1.535,-0.008,0.002,0.012,-222099
28.892361708,64693691,3.344,-9.016,-1.535,0.014,0.004,0.006,-222101
28.897669417,64698912,3.344,-9.016,-1.535,0.006,0.004,0.004,-221722
28.903097458,64704133,3.344,-9.016,-1.535,0.006,0.002,-0.008,-222004
28.907242958,64708354,3.344,-9.016,-1.535,-0.006,-0.008,-0.002,-222665
28.912073333,64712575,3.344,-9.016,-1.535,0.010,0.006,-0.012,-221789
28.915400833,64716796,3.344,-9.016,-1.535,-0.004,0.004,0.014,-221949
28.919896208,64721017,3.344,-8.977,-1.574,-0.004,0.004,0.014,-221947
28.921899958,64723238,3.344,-8.977,-1.574,-0.002,0.006,-0.006,-222152
28.927097417,64728459,3.344,-8.977,-1.574,0.004,0.010,0.004,-221628
28.932355083,64733680,3.344,-8.977,-1.574,-0.004,-0.004,0.014,-222762
28.937528208,64738901,3.305,-9.020,-1.535,-0.004,-0.004,0.014,-221591
28.939765208,64741122,3.305,-9.020,-1.535,-0.004,0.006,-0.008,-221588
28.945031083,64746343,3.305,-9.020,-1.535,0.002,-0.002,0.002,-222179
28.950201833,64751564,3.305,-9.020,-1.535,0.000,-0.002,0.004,-222203
28.955216292,64755785,3.305,-9.020,-1.535,-0.004,-0.002,-0.004,-221572
28.958724792,64760006,3.305,-9.020,-1.535,0.000,-0.004,-0.004,-221860
28.96299075,64764227,3.305,-9.020,-1.535,-0.008,-0.006,0.002,-222048
28.967118042,64768448,3.305,-8.977,-1.535,-0.008,-0.006,0.002,-221817
28.969322875,64770669,3.305,-8.977,-1.535,0.016,-0.004,-0.008,-222526
28.973602125,64774892,3.305,-8.977,-1.535,0.004,-0.002,0.002,-221808
28.978351292,64779113,3.305,-8.977,-1.535,0.004,-0.008,-0.002,-222679
28.981941417,64783334,3.305,-8.977,-1.535,-0.002,0.002,0.002,-222077
28.987204583,64788555,3.305,-8.977,-1.535,0.004,0.004,0.006,-222147
28.991441167,64792776,3.305,-8.977,-1.535,0.008,0.000,-0.010,-221587
28.995673958,64796997,3.344,-9.016,-1.496,0.008,0.000,-0.010,-221679
28.998862792,64800218,3.344,-9.016,-1.496,0.002,-0.002,-0.010,-221655
29.003069375,64804440,3.344,-9.016,-1.496,0.006,-0.008,0.000,-222139
29.009396125,64810661,3.344,-9.016,-1.496,-0.020,-0.002,-0.004,-221957
29.013637625,64814882,3.344,-9.016,-1.496,-0.002,-0.002,-0.008,-221918
29.018754958,64820103,3.344,-9.016,-1.496,-0.006,-0.012,0.002,-221912
29.022982583,64824324,3.344,-9.016,-1.496,0.014,0.000,-0.004,-222202
29.028245667,64829545,3.344,-9.020,-1.574,0.014,0.000,-0.004,-222879
29.030458042,64831766,3.344,-9.020,-1.574,-0.012,-0.002,-0.006,-222127
29.034605167,64835987,3.344,-9.020,-1.574,0.004,0.006,0.000,-222143
29.03892225,64840208,3.344,-9.020,-1.574,-0.002,0.004,-0.002,-221533
29.042092583,64843429,3.344,-9.020,-1.574,-0.004,0.020,0.004,-221794
29.048254708,64849650,3.344,-9.020,-1.574,-0.008,0.002,-0.012,-221859
29.052460042,64853871,3.344,-9.020,-1.574,0.016,-0.012,-0.004,-221950
29.057680042,64859092,3.344,-9.020,-1.574,0.016,-0.012,-0.004,-221630
29.059991833,64861313,3.344,-9.020,-1.574,-0.004,-0.004,0.010,-221782
29.064211792,64865534,3.344,-9.020,-1.574,0.020,-0.002,-0.004,-221838
29.068451292,64869755,3.344,-9.020,-1.574,-0.018,-0.006,0.002,-222184
29.072875583,64873976,3.344,-9.020,-1.574,-0.002,0.002,0.000,-221401
29.079126208,64879197,3.344,-9.020,-1.574,0.002,-0.008,0.018,-222644
29.081993625,64883418,3.344,-9.020,-1.574,0.000,0.000,-0.012,-222482
29.087279583,64888639,3.344,-9.016,-1.496,0.000,0.000,-0.012,-222153
29.090579083,64891860,3.344,-9.016,-1.496,0.006,0.002,0.002,-221705
29.095734833,64897081,3.344,-9.016,-1.496,0.002,0.006,0.014,-222261
29.100085292,64901303,3.344,-9.016,-1.496,-0.002,-0.008,0.002,-222040
29.104419542,64905523,3.344,-9.016,-1.496,-0.004,-0.006,-0.010,-221581
29.109312417,64910744,3.344,-9.016,-1.496,0.006,-0.002,0.002,-221706
29.113819792,64914965,3.344,-9.016,-1.496,-0.012,0.004,0.006,-222843
29.117795042,64919186,3.383,-9.016,-1.535,-0.012,0.004,0.006,-221741
29.120061583,64921407,3.383,-9.016,-1.535,-0.006,0.006,-0.002,-222142
29.125325958,64926628,3.383,-9.016,-1.535,0.010,0.000,-0.010,-222457
29.130499125,64931849,3.383,-9.016,-1.535,-0.002,0.004,0.002,-222724
29.134667,64936070,3.383,-9.016,-1.535,-0.010,-0.006,0.006,-221747
29.139970333,64941291,3.383,-9.016,-1.535,-0.004,0.006,-0.002,-221736
29.145429875,64946512,3.383,-9.016,-1.535,0.000,-0.004,0.004,-222210
29.149304292,64950733,3.305,-9.020,-1.496,0.000,-0.004,0.004,-222643
29.151612083,64952954,3.305,-9.020,-1.496,0.008,0.004,0.010,-222118
29.156878875,64958175,3.305,-9.020,-1.496,0.000,0.002,0.023,-221987
29.161168167,64962396,3.305,-9.020,-1.496,0.002,-0.004,-0.008,-221233
29.166365125,64967617,3.305,-9.020,-1.496,-0.008,0.012,0.004,-222618
29.170785792,64971838,3.305,-9.020,-1.496,-0.002,0.004,-0.010,-221826
29.174946958,64976061,3.305,-9.020,-1.496,-0.008,0.004,-0.002,-221979
29.1784175,64979282,3.383,-9.016,-1.496,-0.008,0.004,-0.002,-221546
29.181199333,64981503,3.383,-9.016,-1.496,-0.002,-0.010,-0.002,-222199
29.185340125,64986724,3.383,-9.016,-1.496,0.004,0.006,0.004,-221774
29.189610417,64990945,3.383,-9.016,-1.496,-0.002,-0.004,0.004,-222558
29.193835917,64995166,3.383,-9.016,-1.496,0.002,-0.006,0.014,-221835
29.199108042,65000387,3.383,-9.016,-1.496,0.004,-0.006,0.004,-222064
29.203250625,65004608,3.383,-9.016,-1.496,-0.004,0.000,-0.006,-221293
29.20743625,65008829,3.383,-8.977,-1.574,-0.004,0.000,-0.006,-221704
29.210739375,65012050,3.383,-8.977,-1.574,0.002,-0.008,-0.008,-221863
29.215935625,65017271,3.383,-8.977,-1.574,-0.006,0.000,0.002,-222082
29.220132333,65021492,3.383,-8.977,-1.574,-0.004,-0.004,-0.004,-222572
29.223378375,65024713,3.383,-8.977,-1.574,-0.002,-0.016,0.004,-222440
29.229720042,65030934,3.383,-8.977,-1.574,-0.004,-0.004,-0.004,-221967
29.233769042,65035155,3.383,-8.977,-1.574,-0.004,-0.004,0.010,-222008
29.237020458,65038376,3.344,-9.055,-1.461,-0.004,-0.004,0.010,-221719
29.240160417,65041597,3.344,-9.055,-1.461,0.002,0.002,-0.012,-221823
29.245413375,65046818,3.344,-9.055,-1.461,0.004,0.010,-0.006,-222439
29.250616625,65052039,3.344,-9.055,-1.461,-0.008,-0.012,0.006,-222161
29.254840125,65056260,3.344,-9.055,-1.461,0.006,0.008,0.000,-222041
29.260166917,65061481,3.344,-9.055,-1.461,0.002,0.012,0.014,-221684
29.265405333,65066702,3.344,-9.055,-1.461,0.004,-0.004,0.008,-221372
29.270026708,65070923,3.344,-9.016,-1.535,0.004,-0.004,0.008,-221894
29.271832875,65073144,3.344,-9.016,-1.535,-0.002,0.006,-0.004,-222304
29.277126583,65077365,3.344,-9.016,-1.535,-0.002,0.004,0.006,-221406
29.280181833,65081586,3.344,-9.016,-1.535,-0.004,-0.008,0.002,-221812
29.28445225,65085807,3.344,-9.016,-1.535,-0.006,0.010,0.004,-222433
29.288735083,65090028,3.344,-9.016,-1.535,0.006,-0.006,-0.008,-221564
29.29196,65093249,3.383,-9.020,-1.574,0.006,-0.006,-0.008,-222504
29.295316042,65096470,3.383,-9.020,-1.574,0.006,-0.008,-0.002,-222345
29.300256417,65101691,3.383,-9.020,-1.574,0.016,0.006,0.020,-221085
29.305491042,65106912,3.383,-9.020,-1.574,-0.014,0.061,0.031,-221731
29.310951583,65111133,3.383,-9.020,-1.574,-0.111,0.041,0.008,-222086
29.314968125,65116354,3.383,-9.020,-1.574,0.100,-0.066,-0.111,-222157
29.320212083,65121575,3.383,-9.020,-1.574,-0.014,0.012,0.094,-222551
29.3255315,65126796,4.301,-8.977,-1.270,-0.014,0.012,0.094,-222285
29.327684167,65129017,4.301,-8.977,-1.270,-0.045,0.082,0.191,-222347
29.332951792,65134238,4.301,-8.977,-1.270,-0.092,0.045,0.307,-222014
29.337235958,65138459,4.301,-8.977,-1.270,-0.025,0.010,-0.047,-222406
29.3415705,65142680,4.301,-8.977,-1.270,0.051,-0.168,-0.514,-221288
29.346577875,65147901,4.301,-8.977,-1.270,0.057,-0.178,-0.051,-221986
29.350810667,65152122,4.301,-8.977,-1.270,-0.025,0.139,0.486,-222977
29.354936708,65156343,3.383,-8.977,-1.422,-0.025,0.139,0.486,-222425
29.358256583,65159564,3.383,-8.977,-1.422,-0.074,0.176,0.107,-221782
29.363574792,65164785,3.383,-8.977,-1.422,0.062,-0.066,-0.453,-221665
29.368896875,65170006,3.383,-8.977,-1.422,0.051,-0.160,-0.102,-222418
29.373211208,65174227,3.383,-8.977,-1.422,0.043,-0.053,0.398,-222633
29.378342458,65179448,3.383,-8.977,-1.422,-0.010,0.043,0.430,-222196
29.382385042,65183669,3.383,-8.977,-1.422,-0.031,0.100,-0.299,-221835
29.386520333,65187890,3.266,-9.059,-1.383,-0.031,0.100,-0.299,-222423
29.389762458,65191111,3.266,-9.059,-1.383,0.016,0.105,-0.248,-221704
29.395003083,65196332,3.266,-9.059,-1.383,-0.010,0.043,0.217,-220979
29.399201083,65200553,3.266,-9.059,-1.383,0.018,-0.043,0.068,-221475
29.402403167,65203774,3.266,-9.059,-1.383,0.041,-0.035,-0.012,-222037
29.40774025,65208995,3.266,-9.059,-1.383,-0.049,0.078,-0.102,-221415
29.411852583,65213216,2.961,-9.016,-1.496,-0.049,0.078,-0.102,-222000
29.41508125,65216438,2.961,-9.016,-1.496,-0.078,0.115,-0.129,-221885
29.420303792,65221659,2.961,-9.016,-1.496,0.002,-0.080,-0.064,-222327
29.425571083,65226880,2.961,-9.016,-1.496,0.004,-0.092,0.010,-222259
29.429770083,65231101,2.961,-9.016,-1.496,-0.031,0.096,0.312,-221514
29.433980375,65235322,2.961,-9.016,-1.496,-0.047,0.076,0.180,-222007
29.438166333,65239543,2.961,-9.016,-1.496,0.010,0.012,-0.244,-221983
29.44311375,65243764,3.305,-9.055,-1.805,0.010,0.012,-0.244,-222127
29.444763958,65245985,3.305,-9.055,-1.805,0.043,-0.047,-0.307,-223145
29.44985,65251206,3.305,-9.055,-1.805,-0.002,-0.021,0.092,-222486
29.454201292,65255427,3.305,-9.055,-1.805,-0.033,0.018,0.092,-222282
29.457320958,65258648,3.305,-9.055,-1.805,-0.021,0.037,0.020,-221874
29.461610667,65262869,3.305,-9.055,-1.805,-0.010,0.008,-0.080,-221774
29.466067667,65267090,3.305,-9.055,-1.805,0.004,-0.016,-0.055,-222063
29.470051,65271311,3.344,-9.094,-1.574,0.004,-0.016,-0.055,-221944
29.47316675,65274532,3.344,-9.094,-1.574,0.020,-0.029,0.008,-222084
29.478400333,65279753,3.344,-9.094,-1.574,0.023,0.000,0.076,-221903
29.482646167,65283974,3.344,-9.094,-1.574,0.018,-0.008,-0.002,-222121
29.486789375,65288195,3.344,-9.094,-1.574,0.021,0.000,-0.062,-221711
29.491139292,65292416,3.344,-9.094,-1.574,0.020,-0.020,-0.098,-222426
29.495261875,65296637,3.344,-9.094,-1.574,0.027,-0.010,-0.047,-221992
29.500844208,65301858,3.457,-8.750,-1.422,0.027,-0.010,-0.047,-222337
29.502805333,65304079,3.457,-8.750,-1.422,0.025,-0.004,0.082,-222168
29.507954708,65309300,3.457,-8.750,-1.422,0.049,-0.018,-0.031,-222214
29.51231175,65313521,3.457,-8.750,-1.422,0.025,-0.012,-0.037,-221847
29.517385708,65318742,3.457,-8.750,-1.422,0.037,-0.031,0.072,-221909
29.521615125,65322963,3.457,-8.750,-1.422,0.055,-0.201,-0.072,-222381
29.526993417,65328184,2.961,-8.898,-1.687,0.055,-0.201,-0.072,-221814
29.529056792,65330405,2.961,-8.898,-1.687,0.006,0.148,0.258,-222248
29.5332865,65334626,2.961,-8.898,-1.687,-0.016,-0.004,-0.102,-222875
29.537477375,65338847,2.961,-8.898,-1.687,-0.004,-0.020,-0.322,-222210
29.541736083,65343053,2.961,-8.898,-1.687,-0.008,0.010,-0.100,-222210
29.547327833,65348273,2.961,-8.898,-1.687,-0.010,0.010,0.148,-222372
29.551094458,65352494,2.961,-8.898,-1.687,-0.025,0.033,0.051,-221820
29.555375542,65356715,3.035,-9.059,-1.422,-0.025,0.033,0.051,-221570
29.558747167,65359936,3.035,-9.059,-1.422,0.006,0.041,-0.055,-221696
29.563872167,65365157,3.035,-9.059,-1.422,-0.012,-0.232,-0.205,-221625
29.569274875,65370378,3.035,-9.059,-1.422,-0.006,0.096,0.121,-222082
29.573617208,65374599,3.035,-9.059,-1.422,0.008,0.027,0.338,-221362
29.577743,65378820,3.035,-9.059,-1.422,-0.029,0.057,0.189,-221508
29.581928458,65383041,3.035,-9.059,-1.422,0.037,-0.035,-0.359,-222538
29.586904208,65388262,3.457,-9.098,-1.496,0.037,-0.035,-0.359,-221817
29.589178875,65390483,3.457,-9.098,-1.496,-0.006,-0.025,-0.193,-221987
29.593778208,65394704,3.457,-9.098,-1.496,-0.020,0.061,0.154,-222263
29.597682625,65398927,3.457,-9.098,-1.496,-0.014,0.043,0.115,-221787
29.600781292,65402148,3.457,-9.098,-1.496,0.029,-0.187,-0.168,-222473
29.605269333,65406369,3.457,-9.098,-1.496,-0.016,-0.111,-0.150,-221762
29.609200042,65410590,3.574,-9.137,-1.230,-0.016,-0.111,-0.150,-221507
29.612453667,65413811,3.574,-9.137,-1.230,0.020,0.096,0.232,-222267
29.618663625,65420032,3.574,-9.137,-1.230,0.029,0.004,-0.172,-221889
29.622886125,65424253,3.574,-9.137,-1.230,0.041,-0.051,-0.266,-221351
29.628384375,65429474,3.574,-9.137,-1.230,-0.012,-0.010,-0.020,-221346
29.632346083,65433695,3.574,-9.137,-1.230,-0.020,0.059,0.082,-222568
29.63656875,65437916,3.574,-9.137,-1.230,-0.029,0.074,0.078,-221556
29.640779042,65442137,3.305,-9.016,-1.422,-0.029,0.074,0.078,-222059
29.64368825,65444358,3.305,-9.016,-1.422,-0.010,0.002,-0.062,-222049
29.648144083,65449579,3.305,-9.016,-1.422,0.004,-0.008,0.010,-221318
29.652431958,65453800,3.305,-9.016,-1.422,0.021,-0.014,0.057,-222308
29.655655875,65457021,3.305,-9.016,-1.422,0.002,0.004,0.061,-222176
29.659863292,65461242,3.305,-9.016,-1.422,0.008,0.025,0.045,-221967
29.6641605,65465463,3.305,-9.016,-1.422,-0.027,0.023,0.018,-222250
29.668465375,65469684,3.305,-9.020,-1.535,-0.027,0.023,0.018,-222685
29.670832375,65471905,3.305,-9.020,-1.535,0.027,-0.014,-0.102,-222456
29.676040625,65477126,3.305,-9.020,-1.535,0.002,-0.029,-0.008,-222119
29.68045475,65481347,3.305,-9.020,-1.535,-0.002,0.018,0.084,-221990
29.683144292,65484568,3.305,-9.020,-1.535,0.049,-0.102,0.031,-222103
29.688467792,65489789,3.305,-9.020,-1.535,-0.010,0.020,0.035,-221736
29.692791083,65494010,3.305,-9.020,-1.535,0.027,-0.021,0.102,-222342
29.696003208,65497233,3.305,-8.898,-1.805,0.027,-0.021,0.102,-221383
29.701326333,65502453,3.305,-8.898,-1.805,-0.010,0.018,-0.012,-222507
29.705541708,65506674,3.305,-8.898,-1.805,0.010,0.061,0.029,-221930
29.710936125,65511895,3.305,-8.898,-1.805,-0.002,0.008,-0.039,-222363
29.714785333,65516116,3.305,-8.898,-1.805,0.002,0.008,-0.156,-222312
29.719010625,65520337,3.344,-8.977,-1.422,0.002,0.008,-0.156,-222448
29.722242958,65523558,3.344,-8.977,-1.422,-0.008,0.020,-0.121,-222409
29.728495208,65529779,3.344,-8.977,-1.422,0.008,-0.248,-0.086,-222225
29.73298325,65534000,3.344,-8.977,-1.422,-0.031,-0.111,-0.129,-221848
29.737101458,65538221,3.344,-8.977,-1.422,0.039,0.117,0.209,-222048
29.7413405,65542442,3.344,-8.977,-1.422,-0.037,0.027,0.195,-221995
29.746093875,65546663,3.344,-8.977,-1.422,-0.006,0.039,-0.088,-221648
29.748490375,65549884,3.152,-8.977,-1.805,-0.006,0.039,-0.088,-222229
29.750726375,65552105,3.152,-8.977,-1.805,0.057,0.043,-0.258,-222603
29.756044292,65557326,3.152,-8.977,-1.805,-0.010,0.014,0.068,-222670
29.760230417,65561547,3.152,-8.977,-1.805,-0.021,0.053,0.090,-222399
29.763466292,65564768,3.152,-8.977,-1.805,-0.012,0.080,0.088,-222073
29.768775208,65569989,3.152,-8.977,-1.805,0.004,-0.201,-0.207,-222070
29.773110458,65574210,3.152,-8.977,-1.805,-0.025,-0.102,-0.174,-222137
29.776333375,65577432,3.305,-9.020,-1.383,-0.025,-0.102,-0.174,-222092
29.779869375,65580653,3.305,-9.020,-1.383,-0.021,0.043,0.027,-221542
29.78546,65586874,3.305,-9.020,-1.383,0.016,-0.004,-0.230,-222219
29.789736917,65591095,3.305,-9.020,-1.383,0.037,-0.049,-0.332,-222115
29.793917875,65595316,3.305,-9.020,-1.383,0.014,-0.098,-0.162,-221843
29.798195833,65599537,3.305,-9.020,-1.383,-0.031,-0.016,-0.004,-222288
29.803433417,65604758,3.305,-9.020,-1.383,-0.012,0.047,0.121,-222622
29.80759975,65608979,3.266,-9.059,-1.535,-0.012,0.047,0.121,-221333
29.810774917,65612200,3.266,-9.059,-1.535,-0.029,0.010,0.029,-222112
29.816350292,65617421,3.266,-9.059,-1.535,0.006,-0.037,-0.021,-221632
29.821351833,65622642,3.266,-9.059,-1.535,0.006,0.002,0.072,-222191
29.825824625,65626863,3.266,-9.059,-1.535,0.008,0.008,0.092,-221197
29.830923917,65632084,3.266,-9.059,-1.535,0.002,0.016,-0.010,-221914
29.835207,65636305,3.266,-9.059,-1.535,0.000,0.000,-0.061,-222039
29.8394275,65640526,3.383,-8.980,-1.535,0.000,0.000,-0.061,-222461
29.842658417,65643747,3.383,-8.980,-1.535,0.020,-0.025,-0.127,-222165
29.848921708,65649968,3.383,-8.980,-1.535,-0.002,0.004,0.100,-222235
29.852809208,65654189,3.383,-8.980,-1.535,0.012,-0.002,0.074,-222431
29.857099958,65658410,3.383,-8.980,-1.535,0.010,-0.012,-0.018,-222732
29.861347208,65662631,3.383,-8.980,-1.535,0.014,-0.004,-0.029,-222721
29.865438333,65666852,3.383,-8.980,-1.535,0.002,0.006,-0.018,-222411
29.870815167,65672073,3.266,-9.020,-1.535,0.002,0.006,-0.018,-222295
29.873937833,65675294,3.266,-9.020,-1.535,0.006,0.006,0.053,-221992
29.87929975,65680515,3.266,-9.020,-1.535,-0.006,0.010,-0.012,-221617
29.884381708,65685736,3.266,-9.020,-1.535,-0.006,0.010,0.014,-222278
29.888613667,65689957,3.266,-9.020,-1.535,-0.006,0.016,-0.002,-222151
29.892891875,65694178,3.266,-9.020,-1.535,-0.006,0.016,-0.021,-221797
29.896111875,65697399,3.266,-9.020,-1.535,-0.004,0.010,-0.012,-221356
29.900367625,65701620,3.344,-8.977,-1.574,-0.004,0.010,-0.012,-222710
29.9037265,65704841,3.344,-8.977,-1.574,-0.008,0.006,0.014,-222034
29.909998333,65711062,3.344,-8.977,-1.574,-0.010,-0.004,-0.029,-221567
29.91433875,65715283,3.344,-8.977,-1.574,-0.016,-0.002,-0.021,-222222
29.918323708,65719504,3.344,-8.977,-1.574,0.008,0.000,-0.018,-222106
29.923720208,65724725,3.344,-8.977,-1.574,-0.004,-0.008,0.021,-222019
29.927538458,65728946,3.344,-8.977,-1.574,0.004,-0.006,0.031,-222668
29.930796542,65732167,3.383,-8.980,-1.535,0.004,-0.006,0.031,-221828
29.933030333,65734388,3.383,-8.980,-1.535,0.000,-0.012,0.004,-221782
29.938252542,65739609,3.383,-8.980,-1.535,0.004,-0.012,0.002,-222735
29.943682875,65744830,3.383,-8.980,-1.535,-0.002,-0.012,0.014,-222019
29.947720167,65749051,3.383,-8.980,-1.535,0.000,-0.006,0.018,-223072
29.951897417,65753272,3.383,-8.980,-1.535,-0.006,-0.002,0.000,-222132
29.956157,65757493,3.383,-8.980,-1.535,-0.002,0.006,0.014,-221411
29.960418125,65761714,3.422,-9.020,-1.461,-0.002,0.006,0.014,-221659
29.962582708,65763935,3.422,-9.020,-1.461,0.002,0.000,-0.002,-221567
29.967733417,65769156,3.422,-9.020,-1.461,0.010,0.004,-0.012,-223285
29.97297075,65774377,3.383,-9.055,-1.496,0.010,0.004,-0.012,-222206
29.976505875,65777599,3.383,-9.055,-1.496,-0.004,-0.004,-0.012,-221276
29.981739042,65782820,3.383,-9.055,-1.496,-0.002,-0.002,0.010,-222357
29.985689042,65787041,3.383,-9.055,-1.496,0.004,0.016,0.016,-222035
29.990960458,65792262,3.383,-9.055,-1.496,0.006,-0.004,-0.004,-222215
29.995169708,65796483,3.383,-9.055,-1.496,-0.010,0.002,-0.018,-221395
29.998358542,65799704,3.383,-9.055,-1.496,-0.002,0.000,-0.004,-222362
30.002620583,65803925,3.344,-8.980,-1.535,-0.002,0.000,-0.004,-221751
30.005817625,65807146,3.344,-8.980,-1.535,0.014,-0.004,0.002,-222164
30.012095792,65813367,3.344,-8.980,-1.535,-0.010,0.000,-0.006,-221547
30.016278625,65817588,3.344,-8.980,-1.535,0.008,-0.006,-0.014,-221768
